# character	reading	attested
㐀	qiū	qiū
㐁	tiàn	tiàn
㐄	kuà	kuà
㐅	wǔ	wǔ
㐆	yǐn	yǐn
㐌	yí	yí
㐖	xié	xié
㐜	chóu	chóu
㐡	nuò	nuò
㐤	dān	dān|qiú
㐨	xù	xù
㐩	xíng	xíng
㐫	xiōng	xiōng
㐬	liú	liú
㐭	lǐn	lǐn
㐮	xiāng	xiāng
㐯	yōng	yōng
㐰	xìn	xìn
㐱	zhěn	zhěn
㐲	dài	dài
㐳	wù	wù
㐴	pān	pān
㐵	rú	rú
㐷	mǎ	mǎ
㐸	qiàn	cì|qiàn
㐹	yì	yì
㐺	yín	yín|zhòng
㐻	nèi	nèi
㐼	chèng	chèng
㐽	fēng	fēng
㑁	zhuō	zhuō
㑂	fǎng	fǎng
㑃	ǎo	ǎo
㑄	wǔ	wǔ
㑅	zuò	zuò
㑇	zhòu	zhòu
㑈	dòng	dòng
㑉	sù	sù
㑊	yì	yì
㑋	qióng	qióng
㑌	kuāng	kuāng|wāng
㑍	lèi	lèi
㑎	nǎo	nǎo
㑏	zhù	zhù
㑐	shū	shū
㑔	xǔ	xǔ
㑗	shēn	shēn
㑘	jiè	jiè
㑙	dié	dié
㑚	nuó	nuó
㑛	sù	sù
㑜	yì	chì|yì
㑝	lòng	lòng
㑞	yìng	yìng
㑟	běng	běng
㑣	lán	lán
㑤	miáo	miáo
㑥	yì	yì
㑦	lì	lì
㑧	jì	jì
㑨	yǔ	yǔ
㑩	luó	luó
㑪	chái	chái
㑮	hún	hún
㑯	xǔ	xǔ
㑰	huì	huì
㑱	rǎo	rǎo
㑳	zhòu	zhòu|zhū
㑵	hàn	hàn
㑶	xì	xì
㑷	tài	tài
㑸	yáo	yáo
㑹	huì	huì
㑺	jùn	jùn
㑻	mà	mà
㑼	lüè	lüè
㑽	táng	táng
㑾	yáo	yáo
㑿	zhào	zhào
㒀	zhāi	zhāi|zhǎ
㒁	yǔ	yǔ
㒂	zhuó	zhuó
㒃	èr	èr
㒄	rǎn	rǎn
㒅	qǐ	qǐ
㒆	chì	chì
㒇	wǔ	wǔ
㒈	hàn	hàn
㒉	tǎng	tǎng
㒊	sè	sè
㒋	sī	sī
㒌	qióng	qióng
㒍	léi	léi
㒎	sà	sà
㒑	kuǐ	huì|kuǐ
㒒	pú	pú
㒓	tà	tà
㒔	shú	dú|shú|tù
㒕	yāng	yāng
㒖	ǒu	ǒu
㒗	tái	tái
㒙	mián	mián
㒚	yìn	wěn|yìn
㒛	diào	diào
㒜	yǔ	yǔ
㒝	miè	miè|wà
㒞	jùn	jùn
㒟	niǎo	niǎo
㒠	xiè	xiè
㒡	yóu	yóu
㒤	chè	chè
㒥	fēng	fēng
㒦	lěi	lèi|lěi
㒧	lì	lì
㒩	luǒ	luǒ
㒫	jì	jì
㒰	quán	quán
㒲	cái	cái
㒳	liǎng	liǎng
㒴	gǔ	gǔ
㒵	mào	mào
㒷	guǎ	guǎ
㒸	suì	suì
㒻	mào	mào
㒼	mán	mán
㒽	quān	quān
㒾	shì	shì
㒿	lí	lí
㓁	wǎng	wǎng
㓂	kòu	kòu
㓃	dù	dù
㓄	zhèn	zhèn
㓅	tīng	tīng
㓈	bìng	bìng
㓉	huò	huò
㓊	dòng	dòng
㓋	gòng	gòng
㓌	chēng	chēng
㓎	qīn	qìn|qīn|qǐn
㓏	jiǒng	jiǒng
㓐	lù	lù
㓑	xìng	xìng
㓓	nán	nán
㓔	xiè	xiè
㓖	bì	bì
㓗	jié	jié
㓘	sù	sù
㓚	gōng	gōng
㓜	yòu	yòu
㓝	xíng	xíng
㓞	qià	qià
㓟	pí	pí
㓠	diàn	diàn|diǎn
㓡	fǔ	fǔ|guā
㓢	luò	luò
㓣	qià	gē|qià
㓤	qià	qià
㓥	tāng	tāng
㓦	bāi	bāi
㓧	gān	gān
㓨	cí	cí
㓩	xuān	jiē|xuān
㓪	lǎng	lǎng
㓭	shé	shé
㓮	diāo	diāo
㓯	lí	lí
㓰	huà	huà
㓱	tóu	shū|tóu
㓲	piān	piān
㓳	dī	dī
㓴	ruǎn	ruǎn
㓵	è	è
㓶	qiè	qiè
㓷	yì	yì
㓸	zhuō	dōu|zhuō
㓹	ruì	cuì|jì|ruì
㓺	jiān	jiān|qián
㓼	chì	chì
㓽	chóng	chóng
㓾	xī	chí|xī
㔀	lüè	lüè
㔁	dēng	dēng
㔂	lín	lín
㔃	jué	jué|xuē
㔄	sù	sù
㔅	xiào	xiào
㔆	zàn	zàn
㔉	zhǔ	zhǔ
㔊	zhǎn	dǎn|zhǎn
㔋	jiān	jiān|lán
㔌	zòu	cǒu|zòu
㔍	chuā	chuā|zhá
㔎	xiè	xiè
㔏	lì	luǒ|lì
㔑	chì	chì
㔒	xí	xí
㔓	jiǎn	jiǎn
㔕	jí	jí
㔗	fèi	bèi|fèi|fú
㔘	chù	chù
㔙	bēng	bēng
㔚	jié	jié
㔜	bá	bá
㔝	liǎng	liáng|liǎng
㔞	kuài	kuài
㔠	xiā	hé|xiā
㔡	biē	biē
㔢	jué	jué|xuē
㔣	léi	léi
㔤	xìn	xìn
㔥	bài	bài|pí
㔦	yǎng	yǎng
㔧	lǜ	lǜ
㔨	bèi	bèi
㔩	è	è
㔪	lǔ	lǔ
㔭	chè	chè
㔮	nuó	nuó
㔯	xuán	suǎn|xuán
㔰	héng	héng
㔱	yǔ	yǔ
㔳	guǐ	guǐ
㔴	yì	yì
㔵	xuǎn	xuǎn
㔶	gòng	gòng|gǎn
㔷	lòu	lòu
㔸	tī	tī
㔹	lè	lè
㔺	shì	shì
㔼	sǔn	sǔn
㔽	yào	yào
㔾	xiān	jié|xiān
㔿	zòu	zòu
㕁	què	què
㕂	yín	qín|yín
㕃	xī	xī
㕄	zhǐ	zhǐ
㕅	jiá	jiá
㕆	hù	hù
㕇	lā	lā
㕈	yǐ	yǐ
㕉	kè	kè
㕊	fū	fū
㕋	qín	qín
㕌	ài	ài
㕎	kè	kè
㕏	chú	chú
㕐	xiě	xiè|xiě
㕑	chú	chú
㕒	wēi	wēi
㕕	huàn	huàn
㕖	sù	sù
㕗	yòu	yòu
㕙	jùn	jùn
㕚	zhǎo	zhǎo
㕛	xù	xù
㕜	shǐ	shǐ
㕞	shuā	shuā
㕟	kuì	kuài|kuì
㕠	shuāng	shuāng
㕡	hé	hé
㕢	gài	gài|hài
㕣	yǎn	yǎn
㕤	qiú	qiú
㕥	shēn	shēn
㕦	huà	huà
㕧	xī	xī
㕨	fàn	fàn
㕩	pàng	pàng
㕪	dǎn	dǎn
㕫	fǎng	fēng|fǎng
㕬	gōng	gōng|sòng
㕭	āo	ào|āo
㕮	fǔ	fǔ
㕯	nè	nè
㕰	xuè	ma|xuè
㕱	yóu	yóu
㕲	huá	huá|yíng
㕴	chén	chén
㕵	guó	guó
㕶	ň	ň|ňg
㕷	huà	huà|pā
㕸	lì	lì
㕹	fá	fá
㕺	xiāo	xiāo
㕻	pǒu	pǒu
㕽	sì	sì
㖀	lè	lè
㖁	lìn	lìn
㖂	yì	yì
㖃	hǒu	hòu|hǒu
㖅	xù	xù
㖆	qú	qú
㖇	ér	ér
㖊	xún	xún
㖏	niè	niè
㖐	wěi	wěi
㖑	xiè	xiè
㖒	tí	tí
㖓	hóng	hóng
㖔	tǔn	tǔn
㖕	niè	niè|xīn
㖖	niè	niè
㖗	yín	yín
㖘	zhēn	zhēn
㖞	wāi	wāi
㖟	shòu	shòu
㖠	nuò	nuò
㖡	yè	yè
㖢	qí	qí
㖣	tòu	tòu
㖤	hán	hán
㖥	jùn	jùn
㖦	dǒng	dǒng
㖧	hūn	hūn|wěn
㖨	lù	lù
㖩	jū	jū|sǒu
㖪	huò	guó|huò|xù
㖫	líng	líng
㖭	tiǎn	tiǎn
㖮	lún	lún
㖵	gé	gé
㖶	yān	yè|yān|yīn
㖷	shí	shí|tí
㖸	xué	niā|xué
㖹	pēn	fèn|pēn
㖺	chǔn	chǔn
㖻	niú	niú|ròu
㖼	duǒ	duǒ
㖽	zé	zé
㖾	è	è
㖿	xié	xié|yé
㗀	yōu	yōu
㗁	è	è
㗂	shěng	shěng
㗃	wěn	hūn|wěn
㗄	kū	kū
㗅	hú	hú
㗆	gé	gé
㗇	xiá	xiá|ya
㗈	màn	màn
㗉	lüè	lüè|è
㗊	jí	jí|léi
㗋	hóu	hóu
㗌	zhì	zhì
㗏	wāi	wāi
㗑	bai	bai
㗒	ài	ài
㗓	zhuī	zhuī
㗔	qiān	qiān
㗕	gòu	gòu|gōu
㗖	dàn	dàn
㗗	bēi	bēi
㗘	bó	bó
㗙	chū	chū|nà|zhōu
㗚	lì	lì
㗛	xiào	xiào
㗜	xiù	xiù
㗢	hóng	dòng|hòng|hóng
㗣	tì	tì
㗤	cù	cù
㗥	kuò	guō|kuò
㗦	láo	láo
㗧	zhì	dié|zhì
㗨	xiē	xiē|ǎi
㗩	xī	xī
㗫	qiè	qiè
㗬	zhā	zhā
㗭	xī	xī
㗰	cóng	cóng
㗱	jí	jí
㗲	huò	huò
㗳	tǎ	dā|tǎ
㗴	yán	yán
㗵	xù	xù
㗶	pō	pō
㗷	sǎi	sǎi
㗻	guō	guō
㗼	yè	yè
㗽	xiǎng	xiǎng
㗾	xuē	xuē
㗿	hé	hé|xià|xiā
㘀	zuò	zuò
㘁	yì	yì
㘂	cí	cí
㘄	lēng	lēng
㘅	xián	xián
㘆	tǎi	tǎi
㘇	róng	róng
㘈	yì	nǐ|yì
㘉	zhì	zhì
㘊	xī	xī|yì
㘋	xián	xián
㘌	jù	jù
㘍	jí	jí
㘎	hǎn	hǎn
㘐	pào	pào
㘑	lì	lì
㘓	lán	lán
㘔	sǎi	sǎi
㘕	hǎn	hǎn|lán
㘖	yán	yán
㘗	qū	qū
㘙	yán	yán
㘚	hǎn	hǎn
㘛	kān	kān
㘜	chǐ	chǐ
㘝	niè	niè
㘞	huò	huò
㘠	bì	bì
㘡	xiá	xiá
㘢	wěng	wěng
㘣	xuán	xuán|yuán
㘤	wān	wān
㘥	yóu	yóu
㘦	qín	qín
㘧	xù	xù
㘨	niè	niè
㘩	bì	bì
㘪	hào	hào
㘫	jǐng	jǐng
㘬	ào	wù|ào
㘭	ào	ào
㘰	zhēn	zhēn
㘱	tān	tān
㘲	jú	jú
㘴	zuò	zuò
㘵	bù	bù
㘶	jié	jié
㘷	ài	ài
㘸	zàng	zuò|zàng
㘹	cí	cí
㘺	fá	fá
㘿	niè	niè
㙀	liù	jiù|liù
㙁	méi	méi|mù
㙂	duì	duì|wèng
㙃	bāng	bāng
㙄	bì	bì
㙅	bǎo	bǎo
㙇	chù	chù
㙈	xià	xià
㙉	tiǎn	tiǎn
㙊	cháng	cháng|zhàng
㙍	duō	duō
㙎	wēi	wēi
㙏	fù	fù
㙐	duǒ	duǒ
㙑	yǔ	yǔ
㙒	yě	yě
㙓	kuí	kuí
㙔	wěi	hán|wěi
㙕	kuài	kuài
㙗	wēi	wēi
㙘	yāo	yāo
㙙	lǒng	lǒng
㙚	xīng	xīng
㙛	bǔ	bǔ
㙜	chí	chí
㙝	xié	xié
㙞	niè	niè
㙟	lǎng	lǎng
㙠	yī	yì|yī
㙡	zōng	zōng
㙢	mán	mán
㙣	zhàng	zhàng
㙤	xià	xià
㙥	gùn	gùn
㙦	xié	xié
㙨	jì	jì
㙩	liáo	liáo
㙪	yì	yì
㙫	jí	jí
㙬	yín	yín
㙮	dā	da|dā
㙯	yì	yì
㙰	xiè	xiè
㙱	hào	hào
㙲	yǒng	yǒng
㙳	kǎn	hǎn|kǎn
㙴	chàn	chàn
㙵	tái	tái
㙶	táng	táng
㙷	zhí	zhé|zhí
㙸	bào	bào
㙹	méng	méng
㙺	kuí	guì|kuí
㙻	chán	chán
㙼	lěi	lěi
㙾	xì	xì
㚀	xī	xī
㚁	qiào	qiào
㚂	nàng	nàng
㚃	yūn	yūn
㚅	lóng	lóng
㚆	fù	fù
㚇	zōng	zōng
㚉	gǔ	gǔ
㚊	kāi	kāi
㚋	diāo	diāo
㚌	huà	huà
㚍	kuǐ	kuì|kuǐ
㚏	gǎo	gǎo
㚐	tào	tào
㚒	shǎn	shǎn
㚓	lǎi	lǎi
㚔	niè	niè|xìng
㚕	fú	fú
㚖	gǎo	gǎo|zé
㚗	qié	qié
㚘	bàn	bàn|fú|hè
㚙	jiā	jiā
㚚	kōng	kuāng|kōng
㚛	xì	xì
㚜	yù	xù|yù
㚝	zhuī	zhuī
㚞	shěn	shěn
㚟	chuò	chuò
㚠	xiāo	xiāo
㚡	jǐ	jǐ
㚢	nú	nú|wǔ
㚣	xiáo	xiáo
㚤	yì	yì
㚥	yú	yú
㚦	yí	yí
㚧	yǎn	yǎn
㚨	shěn	shěn
㚩	rǎn	rǎn
㚪	hào	hào
㚫	sà	sà
㚬	jūn	jūn
㚭	yóu	yóu
㚯	xín	xín
㚰	pēi	bǐ|pēi
㚱	qiū	qiū
㚲	chān	chān|diàn|diǎn
㚴	bù	bù
㚵	dōng	dōng
㚶	sì	sì|yí
㚷	ěr	ěr
㚹	mǎo	liǔ|mǎo
㚺	yùn	yùn
㚻	jī	jī
㚽	qiǎo	qiǎo
㚾	xiōng	xiōng
㚿	páo	páo
㛀	chú	chú
㛁	pēng	pēng
㛂	nuǒ	nuǒ
㛃	jié	jié
㛄	yī	yī
㛅	èr	èr
㛆	duò	duò|duǒ
㛊	duǒ	duǒ
㛍	qiè	qiè|xiá|xiǎn
㛎	lǚ	lǚ
㛏	qiú	qiú
㛐	sǒu	sǒu
㛑	càn	càn
㛒	dòu	dòu
㛓	xī	xī
㛔	fēng	fēng|péng
㛕	yì	yì|è
㛖	suō	suō
㛗	qiē	qiē|suō|zuō
㛘	pò	pò
㛙	xīn	qiè|xīn
㛚	tǒng	tǒng|yǒng
㛛	xìn	xìn
㛜	yóu	yóu
㛝	bèi	bèi
㛞	lòng	lòng
㛣	yún	yún
㛤	lí	lí
㛥	tà	tà
㛦	lǎn	lǎn
㛧	mǎn	mǎn
㛨	qiǎng	qiǎng
㛩	zhóu	zhóu
㛪	yàn	yàn|yān
㛫	xī	xī
㛬	lù	lù
㛭	xī	xī
㛮	sǎo	sǎo
㛯	fàn	fàn|miǎn|zhuàn
㛱	wěi	wēi|wěi
㛲	fà	fà
㛳	yì	yì
㛴	nǎo	nǎo
㛵	chēng	chēng
㛶	tàn	tàn
㛷	jī	jī
㛸	shù	shù
㛹	pián	pián
㛺	ān	ān
㛻	kuā	kuā
㛼	chā	chā|shà
㛾	xián	xián
㛿	zhì	zhì
㜂	fēng	fēng
㜃	liàn	liàn
㜄	xún	xún
㜅	xù	xù
㜆	mì	mì
㜇	huì	huì|yè
㜈	mù	mù
㜉	yōng	yōng
㜊	zhǎn	zhǎn
㜋	yì	yì
㜌	nǒu	gòu|kòu|nǒu
㜍	táng	táng
㜎	xī	xì|xī
㜏	yún	yún
㜐	shù	shù
㜑	fú	fú
㜒	yì	yì
㜓	dá	dá
㜕	lián	lián
㜖	cáo	cáo
㜗	cān	cān|sēn
㜘	jù	chá|jù|qù
㜙	lù	lù
㜚	sù	sù
㜛	nèn	nèn
㜜	ào	ào
㜝	ǎn	yǎn|ǎn
㜞	qiàn	cán|qiàn
㜠	cuī	cuī
㜡	cōng	cōng
㜣	rán	rán|rǎn
㜤	niǎn	niǎn|tiǎn|tán
㜥	mái	mái
㜦	xín	xín
㜧	yuè	yuè
㜨	nái	nái
㜩	ào	ào
㜪	shēn	shēn
㜫	mà	mà
㜮	làn	làn|lán
㜯	xī	xī
㜰	yuè	yuè
㜱	zhì	zhì
㜲	wěng	wěng
㜳	huái	huái
㜴	mèng	mèng
㜵	niǎo	niǎo
㜶	wǎn	wǎn
㜷	mí	mí|xiǎn
㜸	niè	niè
㜹	qú	qú
㜺	zàn	zàn
㜻	liàn	liàn
㜼	zhí	zhí
㜽	zǐ	zǐ
㜾	hái	hái
㜿	xù	xù
㝀	hào	hào
㝁	xuān	qióng|xuān
㝂	zhì	zhè|zhì
㝃	miǎn	miǎn
㝄	chún	chún
㝅	gòu	gòu
㝇	chún	chún
㝈	luán	luán
㝉	zhù	zhù
㝊	shǒu	shǒu
㝋	liǎo	liǎo
㝌	jiù	jiù
㝍	xiě	xiě
㝎	dìng	dìng
㝏	jiè	jiè
㝐	róng	róng
㝑	máng	máng
㝓	kè	kè
㝔	yǎo	yǎo
㝕	níng	níng
㝖	yí	yí
㝗	láng	láng|lǎng
㝘	yóng	yóng
㝙	yín	yín
㝚	yán	yán
㝛	sù	sù
㝝	lín	lín
㝞	yā	yà|yā
㝟	máo	máo
㝠	míng	míng
㝡	zuì	zuì
㝢	yǔ	yǔ
㝣	yì	yì
㝤	gòu	gòu
㝥	mǐ	mǐ
㝦	jùn	jùn
㝧	wěn	wěn
㝩	kāng	kāng
㝪	diàn	diàn
㝫	lóng	lóng
㝭	xǐng	xǐng
㝮	cuì	cuì
㝯	qiáo	qiáo
㝰	mián	mián
㝱	mèng	mèng
㝲	qǐn	qǐn
㝴	wán	wán
㝵	dé	dé|ài
㝶	ài	ài
㝸	biàn	biàn
㝹	nóu	nóu
㝺	lián	lián
㝻	jǐn	jǐn
㝼	yū	yū
㝽	chuí	chuí
㝾	zuǒ	zuǒ
㝿	bǒ	bǒ
㞀	huī	huī
㞁	yào	yào
㞂	tuǐ	tuì|tuǐ
㞃	jì	jì
㞄	ān	ān
㞅	luò	luò
㞆	jǐ	jǐ
㞇	wěi	wěi
㞈	bō	bō
㞉	zā	zā
㞊	xù	xù
㞋	niǎn	jí|niǎn
㞌	yùn	yùn
㞎	bǎ	bǎ|pā
㞏	zhé	jié|zhé
㞐	jū	jū
㞑	wěi	wěi
㞒	xiè	xiè|xì
㞓	qì	jī|qì
㞔	yí	yí
㞕	xiè	xiè
㞖	cí	cì|cí
㞗	qiú	qiú
㞘	dū	dū
㞙	niào	niào
㞚	qì	qì|zhǎ
㞛	jǐ	jǐ
㞜	tuī	tuī
㞞	sóng	sóng
㞟	diàn	diàn|dǐng
㞠	láo	láo
㞡	zhǎn	zhǎn
㞤	yín	cén|yín
㞥	cén	cén
㞦	jǐ	jǐ
㞧	huì	huì
㞨	zǐ	zǐ
㞩	lán	lán
㞪	náo	náo
㞫	jù	jù
㞬	qìn	qìn
㞭	dài	dài
㞯	jié	jié
㞰	xǔ	xǔ
㞱	cōng	cōng
㞲	yòng	yòng
㞳	dǒu	dǒu
㞴	chí	chí|mín
㞶	mǐn	mǐn
㞷	huáng	huáng
㞸	suì	suì
㞹	kě	kě
㞺	zú	zú
㞻	hào	hào
㞼	chéng	chéng
㞽	xuè	xuè
㞾	ní	ní
㞿	chì	chì
㟀	lián	lián
㟁	àn	àn
㟂	mǔ	mǔ
㟃	sī	sī
㟄	xiáng	xiáng
㟅	yáng	yáng
㟆	huá	huá
㟇	cuò	cuò|cuó
㟈	qiú	qiú
㟉	láo	láo
㟊	fú	fú
㟋	duì	duì
㟌	máng	máng
㟍	láng	láng|lǎng
㟎	tuǒ	tuǐ|tuǒ
㟏	hán	hán
㟐	mǎng	mǎng
㟑	bó	bó
㟒	qūn	qūn
㟓	qí	qí
㟔	hán	hán
㟖	lòng	lòng|lóng
㟗	bīn	bīn
㟘	tiáo	tiáo
㟙	zé	zé
㟚	qí	qí
㟛	zàn	zàn
㟜	mí	mí
㟝	péi	péi
㟞	zhàn	zhàn
㟟	xiàng	xiàng
㟠	gǎng	gǎng
㟢	qí	qí
㟤	lù	lù
㟥	cēn	cēn
㟦	yùn	yùn
㟧	è	è
㟨	duān	duān
㟩	mín	mín
㟪	wēi	wēi|wěi
㟫	quán	quán
㟬	sǒu	sǒu
㟭	mín	mín
㟮	tū	tū
㟰	mǐng	mǐng
㟱	yǎo	yǎo
㟲	jué	jué
㟳	lì	lì
㟴	kuài	kuài
㟵	gǎng	gǎng
㟶	yuán	yuán
㟷	da	da
㟹	láo	láo
㟺	lóu	lóu
㟻	qiàn	qiàn|zhǎn
㟼	áo	áo
㟽	biǎo	biāo|biǎo
㟾	yōng	yōng
㟿	mǎng	máng|mǎng
㠀	dǎo	dǎo
㠂	áo	áo
㠄	xí	xí
㠅	fú	fù|fú
㠆	dān	dān
㠇	jiù	jiù
㠈	rùn	rùn
㠉	tóng	tóng
㠊	qū	qū
㠋	è	è
㠌	qī	qī
㠍	jí	jí
㠎	jí	jié|jí
㠏	huá	huá
㠐	jiào	jiào
㠑	zuì	zuì
㠒	biǎo	biǎo
㠓	méng	méng
㠔	bài	bài
㠕	wěi	wěi
㠖	yǐ	yǐ
㠗	ào	ào
㠘	yǔ	yǔ
㠙	háo	háo
㠚	duì	duì
㠛	wò	wò
㠜	nì	nì
㠝	cuán	cuán
㠟	lí	lí
㠠	lú	lú
㠡	niǎo	niǎo
㠢	huái	huái
㠣	lì	lì
㠥	lǜ	léi|lěi|lǜ
㠦	fēng	fēng
㠧	mǐ	mǐ
㠨	yù	yù
㠪	jù	jù
㠭	zhǎn	zhǎn
㠮	pēng	gāng|pēng
㠯	yǐ	yǐ
㠱	jì	jì|qǐ
㠲	bǐ	bǐ
㠴	rèn	rèn
㠵	huāng	huāng
㠶	fán	fán
㠷	gé	gé
㠸	kù	kù
㠹	jiè	jiè
㠺	shā	miáo|shā
㠼	sī	sī
㠽	tóng	tóng
㠾	yuān	yuān
㠿	zī	cǐ|zī
㡀	bì	bì
㡁	kuǎ	kuǎ
㡂	lì	lì
㡃	huāng	huāng
㡄	xún	xún
㡅	nuǒ	nuǒ
㡇	zhé	jiē|zhé
㡈	wèn	miǎn|mén|wèn
㡉	xián	xián
㡊	qià	qià
㡋	yé	yé|ān
㡌	mào	mào
㡎	shān	shān
㡏	shù	shù|shū|tóu|xū
㡑	qiāo	jiǎo|qiāo
㡒	zhūn	zhūn
㡓	kūn	kūn
㡔	wù	wù
㡕	yīng	yīng
㡖	chuáng	chuáng
㡗	tí	tí
㡘	lián	lián|lín
㡙	bī	bī
㡚	gōu	gōu
㡛	máng	máng
㡜	xiè	xiè|xuě
㡝	fèng	fèng
㡞	lóu	lóu|lǚ
㡟	zāo	zāo
㡠	zhèng	zhèng
㡡	chú	chú
㡢	màn	màn
㡣	lóng	lóng
㡥	yìn	yìn
㡦	pīn	pīn
㡧	zhèng	zhèng
㡨	jiān	jiān|qiān
㡩	luán	luán
㡪	nié	nié
㡫	yì	yì
㡭	jì	jì
㡮	jí	jí
㡯	zhái	duó|dù|zhái
㡰	yǔ	yǔ
㡱	jiǔ	jiǔ
㡲	huán	huán
㡳	zhǐ	zhǐ
㡴	lā	lā
㡵	líng	líng
㡶	zhǐ	zhǐ
㡷	běn	běn
㡸	zhà	chá|zhà|zhǎ
㡹	jū	jū
㡺	dàn	dàn
㡻	liào	liào
㡼	yì	yì
㡽	zhào	zhào
㡾	xiàn	xiàn
㡿	chì	chì
㢀	cì	cì
㢁	chǐ	chǐ|shǐ
㢂	yǎn	duī|tuí|yǎn
㢃	láng	láng
㢄	dòu	dòu
㢅	lòng	lòng
㢆	chán	chán
㢈	tuí	duī|tuí
㢉	chá	chá
㢊	ǎi	yǐ|ǎi
㢋	chǐ	chǐ
㢍	yǐng	yǐng
㢎	zhé	zhé
㢏	tóu	tóu|yú|yǔ
㢑	tuí	tuí
㢒	chá	chá
㢓	yǎo	yǎo
㢔	zǒng	zǒng
㢖	pān	bān|pān
㢗	qiào	qiào
㢘	lián	lián
㢙	qín	qín
㢚	lǔ	lǔ
㢛	yàn	qiān|yàn
㢜	kàng	kàng|kāng
㢝	sū	sū
㢞	yì	yì
㢟	chān	chān
㢠	jiǒng	jiǒng
㢡	jiǎng	jiǎng
㢣	jìng	jìng
㢥	dòng	dòng
㢧	juàn	juàn
㢨	hàn	hàn
㢩	dì	dì
㢬	hóng	hóng
㢮	chí	chí
㢯	diāo	diāo|mín
㢰	bì	bì
㢲	xùn	xùn
㢳	lú	lú
㢵	xié	shè|xié
㢶	bì	bì
㢸	bì	bì
㢺	xián	xián
㢻	ruì	ruì
㢼	biè	biè
㢽	ěr	ěr
㢾	juàn	juàn
㣀	zhèn	zhèn
㣁	bèi	bèi
㣂	è	è
㣃	yǔ	yǔ
㣄	qú	qú
㣅	zàn	zàn
㣆	mí	mí
㣇	yì	yì
㣈	sì	sì
㣌	shàn	shàn
㣍	tái	tái
㣎	mù	mù
㣏	jìng	jìng
㣐	biàn	biàn
㣑	róng	róng
㣒	cèng	cèng
㣓	càn	càn
㣔	dīng	dīng
㣙	dí	dí|zhòu
㣚	tǒng	dòng|tóng|tǒng
㣛	tà	huì|tà
㣜	xíng	xíng
㣝	sōng	sōng
㣞	duó	duó
㣟	xì	xì
㣠	tāo	tóng|tāo
㣢	tí	tí
㣣	shàn	shàn
㣤	jiàn	jiàn
㣥	zhì	zhì
㣦	wēi	wēi
㣧	yìn	yìn
㣪	huǎn	huǎn
㣫	zhǒng	dòng|zhǒng
㣬	qì	qì
㣭	zōng	zōng
㣯	xiè	xiè
㣰	xiè	xiè
㣱	zé	zé
㣲	wéi	wéi
㣵	tà	tà
㣶	zhān	zhān
㣷	nìng	nìng
㣺	xīn	xīn
㣻	yì	yì
㣼	rěn	rěn
㣽	shù	nù|shù
㣾	chà	chà
㣿	zhuó	diǎo|zhuó
㤁	miǎn	miǎn
㤂	jí	jí
㤃	fáng	fáng
㤄	pèi	pèi
㤅	ài	jì|xì|ài
㤆	fàn	fàn
㤇	ǎo	ǎo
㤈	qìn	qìn
㤉	qiā	qiā|yà
㤊	xiào	xiào
㤋	fēn	fēn
㤌	gān	gān
㤍	qiāo	qiāo|qiǎo
㤎	gē	gē
㤏	tóng	tóng
㤐	chān	chān
㤑	yòu	yòu
㤒	gāo	gāo
㤓	bèn	bèn
㤔	fù	fù
㤕	chù	chù|pò
㤖	zhù	zhù
㤘	zhòu	zhòu
㤚	háng	háng
㤛	nín	nín
㤜	jué	jué
㤝	chōng	chōng
㤞	chà	chà|duó|zé
㤟	kǒng	kǒng
㤠	liè	liè
㤡	lì	liè|lì
㤢	yù	yù
㤤	yú	yú
㤥	hài	hài
㤦	lì	lì
㤧	hóu	hóu
㤨	gǒng	gǒng
㤩	kè	kè
㤪	yuàn	yuàn
㤫	dé	dé
㤬	huì	huì
㤭	jiāo	jiāo
㤮	guàng	guàng
㤯	jiǒng	jiǒng
㤰	zuò	zuò
㤱	fù	dòu|fù
㤲	qiè	qiè
㤳	běi	běi
㤴	chè	chè|dié|shè
㤵	cí	cí
㤶	máng	màng|máng
㤷	hān	hān
㤸	xì	xì
㤹	qiú	jiù|qiú
㤺	huǎng	huǎng
㤽	chóu	chóu
㤾	sàn	sàn|tàn
㤿	yān	yān
㥀	zhí	dé|zhí
㥁	dé	dé
㥂	tè	tè
㥃	mèn	mèn
㥄	líng	líng
㥅	shòu	shòu
㥆	tuì	tuì
㥇	cán	cán
㥈	dié	dié
㥉	chè	chè
㥊	péng	péng|pēng
㥋	yī	yī
㥌	jú	jú
㥍	jì	jì
㥎	lái	lái
㥏	tiǎn	tiǎn
㥐	yuàn	yuàn
㥒	cǎi	cāi|cǎi
㥓	qī	qī
㥔	yù	yù
㥕	lián	lián
㥖	cōng	cōng
㥚	yú	yú|yǔ
㥛	jí	jí|kè
㥜	wèi	wèi
㥝	mǐ	mǐ
㥞	suì	suì
㥟	xié	xié
㥠	xū	xū
㥡	chì	chì
㥢	qiú	jiū|qiú
㥣	huì	huì
㥥	yú	yú
㥦	qiè	qiè
㥧	shùn	shùn
㥨	shuì	shuì|wěi
㥩	duǒ	duǒ
㥪	lóu	lóu
㥬	páng	páng
㥭	tài	tài
㥮	zhòu	chǎo|zhòu
㥯	yǐn	yǐn
㥰	sāo	sāo
㥱	fěi	fěi
㥲	chēn	chēn|shèn
㥳	yuán	yuán
㥴	yí	tí|yí
㥵	hùn	hùn
㥶	sè	qiān|sè
㥷	yè	yè
㥸	mǐn	mǐn
㥹	fěn	fěn
㥺	hé	hé
㥼	yìn	yìn|yān
㥽	cè	cè|zé
㥾	nì	nì
㥿	ào	ào
㦀	féng	féng
㦁	lián	lián|liǎn
㦂	cháng	cháng
㦃	chǎn	chǎn
㦄	má	má
㦅	diē	chài|diē|dì
㦆	hū	hū|xiā
㦇	lù	lù
㦈	ài	ài
㦉	yì	yì
㦊	huá	huá
㦋	zhā	zhā
㦌	hū	hū|xù
㦍	è	è
㦎	huò	huò
㦏	sǔn	sǔn|xuàn
㦐	nì	nì
㦑	xiàn	hān|xiàn
㦒	lí	lí
㦓	xiàn	rǎn|xiàn
㦔	yàn	yàn
㦕	lóng	lóng
㦖	mèn	mèn
㦗	jīn	jìn|jīn
㦘	jī	jī
㦚	biǎn	biǎn
㦛	yǔ	yú|yǔ
㦜	huò	huò|xuè
㦝	miǎo	miǎo
㦞	chóu	chóu
㦟	mái	mái
㦡	lè	lè
㦢	jié	jié
㦣	wèi	wèi
㦤	yì	yì
㦥	xuān	xiǎn|xuān
㦦	xì	xì
㦧	cǎn	cǎn
㦨	lán	lán
㦩	yǐn	yǐn
㦪	xiè	xiè
㦫	zā	zā
㦬	luǒ	luǒ
㦭	líng	líng
㦮	qián	qián
㦯	huò	huò
㦰	jiān	jiān
㦱	wǒ	wǒ
㦴	gé	gé
㦵	zhū	zhū
㦶	dié	dié|yǒng
㦷	yǒng	yǒng
㦸	jǐ	jǐ
㦹	yáng	yáng
㦺	rù	rù
㦻	xí	xí
㦼	shuàng	shuàng
㦽	yù	yù
㦾	yí	yí
㦿	qiǎn	hù|qiǎn
㧀	jí	jí
㧁	qù	hé|qù
㧂	tián	tián
㧃	shōu	jiū|shōu
㧄	qiǎn	qiǎn
㧅	mù	dāo|mù
㧆	jīn	jīn
㧇	mǎo	mǎo
㧈	yǐn	yǐn
㧉	gài	gài|hài|yè
㧊	pō	bá|pō
㧋	xuǎn	xuǎn
㧌	mào	mào
㧍	fǎng	bēng|fǎng
㧎	yá	qiā|yà|yá
㧏	gāng	gāng
㧐	sǒng	sǒng
㧑	huī	huī
㧒	yù	yù
㧓	guā	guā
㧔	guài	guài
㧕	liǔ	liǔ
㧖	è	è
㧗	zǐ	jǐ|zhǐ|zǐ
㧘	zì	zì
㧙	bì	bié|bì
㧚	wǎ	wǎ
㧛	lǎn	lǎn
㧜	liè	liè
㧟	kuǎi	kuǎi
㧡	hài	hài|wèi
㧢	yīn	yīn
㧣	zhū	zhū
㧤	chòng	chòng
㧥	xiǎn	xiǎn
㧦	xuàn	hōng|xuàn
㧨	qiú	qiú
㧩	pèi	pèi
㧪	guǐ	guǐ|wěi
㧫	ér	ruán|ruí|ér
㧬	gǒng	gǒng
㧭	qióng	qióng
㧮	hū	hū
㧯	lǎo	lǎo
㧰	lì	lì
㧱	chèn	chèn
㧲	sǎn	sǎn
㧳	zhuò	bāi|zhuò
㧴	wǒ	wǒ|é
㧵	póu	póu
㧶	kēng	kēng
㧷	tùn	tùn
㧸	pēng	pēng
㧹	tè	tè
㧺	tà	tà
㧻	zhuó	dū|zhuó|zú
㧼	biào	biào
㧽	gù	gù
㧾	hū	hū
㨀	bǐng	bǐng
㨁	zhì	zhì|zhí
㨂	dǒng	dǒng
㨃	duǐ	chéng|duǐ
㨄	zhōu	tiáo|zhào|zhōu
㨅	nèi	nèi|ruì
㨆	lǐn	lǐn
㨇	pó	pó
㨈	jǐ	jǐ
㨉	mín	mín|wěn
㨊	wěi	duò|tuǒ|wěi
㨋	chě	chě
㨌	gòu	gòu
㨍	bāng	bāng
㨎	rú	rú
㨏	tān	tān
㨐	bǔ	bǔ
㨑	zōng	zōng
㨒	kuī	kuī
㨓	láo	láo
㨔	hàn	hàn
㨕	yíng	yíng
㨖	zhì	zhì
㨗	jié	jié
㨘	xǐng	xǐng
㨙	xié	xié|xì
㨚	xún	sǔn|xún
㨛	shǎn	shàn|shǎn
㨜	qián	qián
㨝	xiē	xiē
㨞	sù	sù
㨟	hāi	hāi
㨠	mì	mì
㨡	hún	hún
㨢	pī	pī
㨤	huì	huì
㨥	nà	nà
㨦	sǒng	sǒng
㨧	bèn	bèn
㨨	chōu	chōu|liù
㨩	jié	jié
㨪	huàng	huàng|huǎng
㨫	lǎn	lǎn
㨭	hù	hù
㨮	dōu	dōu
㨯	huò	huò
㨰	gǔn	gǔn
㨱	yáo	yáo
㨲	cè	cè
㨳	guǐ	guǐ|jì
㨴	jiàn	jiàn
㨵	jiǎn	jiǎn
㨶	dǎo	dǎo
㨷	jìn	jìn
㨸	mà	mà
㨹	huì	huì|xuě
㨺	miǎn	miǎn|mén
㨻	cán	chàn|cán|shǎn|zàn
㨼	lüè	lüè
㨽	pì	pì
㨾	yàng	yàng
㨿	jù	jù
㩀	jù	jù
㩁	què	què
㩃	qiān	qiān
㩄	shāi	shāi
㩆	jiù	jiù|zú
㩇	huò	huá|huò|zuó
㩈	yǔn	yǔn
㩉	dá	dá|lā|xié|xī
㩊	xuān	xuān
㩋	xiāo	sù|xiāo
㩌	fèi	fèi
㩍	cè	cè
㩎	yè	yè
㩐	dèn	dèn
㩒	qín	qín
㩓	huǐ	huǐ
㩔	tún	tún
㩖	qiáng	qiáng
㩗	xí	xí
㩘	nǐ	nǐ
㩙	sāi	sāi
㩚	méng	méng
㩛	tuán	tuán
㩜	lǎn	lǎn
㩝	háo	háo
㩞	cì	cì
㩟	zhài	zhài
㩠	āo	piǎo|póu|āo
㩡	luǒ	luǒ
㩢	miè	miè|mì
㩤	fū	fū
㩦	xié	xié|xī
㩧	bó	bó
㩨	huì	huì
㩩	qǐng	qǐng
㩪	xié	xié
㩭	bó	bó
㩮	qián	qián
㩯	pó	pó
㩰	jiǎo	jiǎo
㩱	jué	jué
㩲	kǔn	kǔn
㩳	sǒng	sǒng
㩴	jú	jú|qú
㩵	è	è
㩶	niè	niè
㩷	qiān	qiān
㩸	dié	dié
㩹	dié	dié
㩻	qī	guì|guǐ|qī
㩼	zhī	zhī
㩽	qí	chì|qí|è
㩾	zhuì	qí|zhuì
㩿	kū	kū
㪀	yú	yú
㪁	qín	kān|qiàn|qián|qín
㪂	kū	kū
㪃	hé	hé
㪄	fú	fú
㪅	gèng	gèng|gēng
㪆	dǐ	dǐ
㪇	xiàn	xiàn
㪈	guì	guì
㪉	hé	hé
㪊	qún	qún
㪋	hàn	hàn|hě
㪌	tǒng	tǒng
㪍	bó	bèi|bó
㪎	shǎn	nà|shǎn
㪏	bǐ	bǐ
㪐	lù	lù
㪑	yè	yè
㪒	ní	ní
㪓	chuái	chuái
㪔	sàn	sàn
㪕	diào	chuò|diào
㪖	lù	lù
㪗	tǒu	tǒu
㪘	liǎn	liǎn
㪙	kě	kě
㪚	sàn	sàn
㪛	zhěn	zhěn
㪜	chuǎi	chuǎi|duǒ
㪝	liàn	liàn
㪞	mào	mào
㪠	qiān	jiān|qiàn|qiān
㪡	kài	kài|kě
㪢	shǎo	shǎo
㪣	xiāo	qiāo|xiāo
㪤	bì	bì
㪥	zhā	zhā
㪦	yìn	yìn
㪧	xī	xī
㪨	shàn	shàn
㪩	sù	sù
㪪	sà	sà
㪫	ruì	ruì
㪬	chuō	chuō|zhuó
㪭	lú	lú
㪮	líng	líng
㪯	chá	chá
㪱	huàn	huàn
㪴	jiá	jiá
㪵	bàn	bàn
㪶	hú	hú
㪷	dǒu	dǒu
㪹	lǒu	lǒu
㪺	jū	jū
㪻	juàn	juàn
㪼	kě	kě
㪽	suǒ	suǒ
㪾	luò	gé|luò
㪿	zhé	zhé
㫀	dǐng	dǐng
㫁	duàn	duàn
㫂	zhù	zhù
㫃	yǎn	yǎn
㫄	páng	páng
㫅	chá	chá
㫊	yǐ	yǐ|ě
㫍	yóu	yóu|yǎo
㫎	huī	gǔn|huī
㫏	yǎo	yǎo
㫐	yǎo	yǎo
㫑	zhǐ	shí|zhǐ
㫒	gǒng	gǒng
㫓	qǐ	qǐ
㫔	gèn	gèn
㫗	hòu	hòu
㫘	mì	mì
㫙	fú	fú
㫚	hū	hū
㫛	guàng	guàng
㫜	tǎn	tǎn
㫝	dī	dī
㫟	yán	yán
㫢	qù	qù
㫤	chǎng	chǎng
㫥	mǐng	mǐng
㫦	tāo	tāo
㫧	bào	bào
㫨	ān	ān
㫫	xiǎn	xiǎn
㫯	mào	mào
㫰	làng	làng|lǎng
㫱	nǎn	nàn|nǎn
㫲	bèi	bèi
㫳	chén	chén
㫵	fēi	fēi
㫶	zhǒu	zhǒu
㫷	jī	jī
㫸	jiē	jiē
㫹	shù	shù
㫻	kùn	kùn
㫼	dié	dié
㫽	lù	lù
㬂	yú	yú
㬃	tái	tái
㬄	chàn	chàn
㬅	màn	màn
㬆	mǐn	mǐn
㬇	huàn	huàn
㬈	wēn	wēn
㬉	nuǎn	nuǎn
㬊	huǎn	huàn|huǎn
㬋	hóu	hóu
㬌	jìng	jìng
㬍	bó	bó
㬎	xiǎn	xiǎn
㬏	lì	lì
㬐	jìn	jìn|zī
㬒	mǎng	mǎng
㬓	piào	piào
㬔	háo	háo
㬕	yáng	yáng
㬗	xiàn	xiàn
㬘	sù	sù
㬙	wěi	wěi
㬚	chè	chè
㬛	xī	xī
㬜	jìn	jìn
㬝	céng	céng|sōng
㬞	hè	hè
㬟	fēn	fēn
㬠	shài	shà|shài
㬡	líng	líng
㬣	duì	duì
㬤	qī	qī
㬥	pù	bó|pù
㬦	yuè	yuè
㬧	bó	bó
㬩	huì	huì
㬪	dié	dié
㬫	yàn	yàn
㬬	jù	jù
㬭	jiào	jiào
㬮	nàn	nàn
㬯	liè	liè
㬰	yú	yú
㬱	tì	tì
㬲	tiān	tiān
㬳	wǔ	wǔ
㬴	hǒng	hǒng
㬵	xiáo	xiáo
㬶	hào	hào
㬸	tiāo	tiāo
㬹	zhēng	zhēng
㬻	huāng	huāng|huǎng|hāng
㬼	fù	fù
㬿	tūn	tūn
㭁	réng	réng
㭂	jiǎo	jiǎo
㭄	xìn	xìn
㭇	yuàn	yuàn
㭈	jué	jué
㭉	huá	huá
㭋	bàng	bàng
㭌	móu	móu
㭎	gāng	gāng
㭏	wěi	wěi
㭑	mèi	mèi
㭒	sì	sì
㭓	biàn	biàn
㭔	lú	lú
㭕	qū	qū
㭘	gé	gé|hé
㭙	zhé	zhé
㭚	lǚ	lǚ
㭛	pài	bà|pài
㭜	róng	róng
㭝	qiú	qiú|òu
㭞	liè	liè
㭟	gǒng	gǒng
㭠	xiǎn	xiǎn
㭡	xì	xì|xìn
㭢	xīn	xīn
㭤	niǎo	niǎo
㭨	xié	xié
㭩	liè	liè
㭪	fū	fū
㭫	cuó	cuán|cuó
㭬	zhuó	zhuó
㭭	bā	biē|bèi|bā
㭮	zuò	zuò|zǎn
㭯	zhé	dié|zhé
㭰	zuī	zuī|zuǐ
㭱	hé	hé
㭲	jí	jí
㭴	jiān	jiān
㭸	tú	tú
㭹	xián	xián
㭺	yǎn	yàn|yǎn|ān
㭻	táng	táng
㭼	tà	tà
㭽	dǐ	dǐ
㭾	jué	jué
㭿	áng	áng
㮀	hán	hán
㮁	xiáo	xiáo
㮂	jú	jú
㮃	wēi	ruí|wēi
㮄	bǎng	bǎng
㮅	zhuī	zhuī
㮆	niè	niè
㮇	tiàn	tiàn
㮈	nài	nài
㮋	yǒu	yǒu
㮌	mián	mián
㮏	nài	nà|nài|nì
㮐	shěng	shěng|sì
㮑	chā	chā|qì
㮒	yān	yān|yīn
㮓	gèn	gèn
㮔	chòng	chòng|tóng
㮕	ruǎn	ruǎn
㮖	jiá	jiá
㮗	qín	qín
㮘	máo	máo
㮙	è	è
㮚	lì	lì
㮛	chí	chí|yí
㮜	zāng	zāng
㮝	hé	hé
㮞	jié	jié
㮟	niǎn	kā|niǎn
㮡	guàn	guàn
㮢	hóu	hóu
㮣	gài	gài
㮥	bèn	bèn|fàn
㮦	suǒ	suǒ|sè
㮧	wū	wēn|wū
㮨	jì	jì
㮩	xī	xī
㮪	qióng	qióng
㮫	hé	hé|qià|xiá
㮬	wēng	wēng
㮭	xián	xián
㮮	jié	jié
㮯	hún	huá|hún
㮰	pí	pí
㮱	shēn	shēn
㮲	chōu	chōu
㮳	zhèn	zhèn
㮵	zhān	zhān
㮶	shuò	shuò
㮷	jī	jī
㮸	sòng	sòng
㮹	zhǐ	zhǐ
㮺	běn	běn
㮾	lǎng	lǎng
㮿	bì	bì
㯀	xuàn	xuàn
㯁	péi	péi
㯂	dài	dài
㯃	qī	qī
㯄	zhī	zhī
㯅	pí	bī|pí
㯆	chǎn	chǎn|shàn
㯇	bì	bì
㯈	sù	sù
㯉	huò	huò
㯊	hén	hén
㯋	jiǒng	jiǒng|yǐng
㯌	chuán	chuán
㯍	jiǎng	jiǎng
㯎	nèn	nèn
㯏	gǔ	gǔ
㯐	fǎng	fǎng
㯓	tà	dá|tà
㯔	cuì	cuì
㯕	xī	xī
㯖	dé	dé
㯗	xián	xián
㯘	kuǎn	kuǎn
㯙	zhé	zhé
㯚	tā	tā
㯛	hú	hú
㯜	cuì	cuì
㯝	lù	lù
㯞	juàn	juàn
㯟	lù	lù
㯠	qiàn	qiàn
㯡	pào	pào|páo
㯢	zhèn	zhèn
㯤	lì	lì
㯥	cáo	cáo|zāo
㯦	qí	qí
㯩	tì	tì
㯪	líng	líng
㯫	qú	qú
㯬	liǎn	liǎn
㯭	lǔ	lǔ
㯮	shú	shú
㯯	gòng	dǎn|gòng|jù
㯰	zhé	zhé
㯱	pāo	pāo
㯲	jìn	jìn
㯳	qíng	qíng
㯶	zōng	zōng
㯷	pú	pú
㯸	jǐn	jǐn
㯹	biǎo	biǎo
㯺	jiàn	jiàn
㯻	gǔn	gǔn
㯽	bīn	bīn
㯾	zāo	zāo
㯿	liè	liè|là
㰀	lí	lí
㰁	luǒ	luǒ
㰂	shěn	shěn
㰃	mián	miàn|mián
㰄	jiàn	jiàn
㰅	dí	dí|zhé
㰆	bèi	bèi
㰈	liǎn	liǎn
㰊	xián	xián
㰋	pín	pín
㰌	què	què
㰍	lóng	lóng
㰎	zuì	zuì
㰐	jué	jué
㰑	shān	shān
㰒	xué	xué
㰔	xiè	xiè
㰖	lǎn	lǎn
㰗	qí	qí
㰘	yí	yí
㰙	nuó	nuó
㰚	lí	lí
㰛	yuè	yuè
㰝	yǐ	yǐ
㰞	chī	chī
㰟	jì	jì|qì
㰠	hāng	hāng
㰡	xiè	xiè
㰢	kēng	kēng
㰣	zī	zī
㰤	hē	hē|qiè
㰥	xì	huì|xì
㰦	qù	qù
㰧	hāi	hāi
㰨	xiā	xiā
㰩	hāi	hāi
㰪	guī	guī
㰫	chān	chān
㰬	xún	xún
㰭	xū	xū
㰮	shèn	shèn
㰯	kòu	hòu|kòu|tòu|tǒu
㰰	xiā	hē|qiè|xiā
㰱	shà	shà
㰲	yū	xù|yū
㰳	yà	yà|yā
㰴	pǒu	pǒu
㰵	zú	zú
㰶	yǒu	yǒu|ǒu
㰷	zì	zì
㰸	liǎn	liǎn
㰹	xiān	hǎn|xiàn|xiān
㰺	xià	xià|xiá
㰻	yǐ	hòu|xī|yǐ
㰼	shà	qiè|shà
㰽	yàn	yàn
㰾	jiào	jiào
㰿	xī	xī
㱀	chǐ	chǐ
㱁	shì	kuǎn|shì
㱂	kāng	kāng
㱃	yǐn	yǐn
㱄	hēi	hēi|mò
㱅	yì	yì
㱆	xī	xī
㱇	sè	sè|xì
㱈	jìn	jìn
㱉	yè	yè
㱊	yōu	yōu
㱋	què	què
㱌	yé	chè|yé
㱍	luán	luán
㱎	kūn	kūn
㱏	zhèng	zhèng
㱔	xiē	xiē
㱖	cuì	cuì
㱗	xiū	xiū
㱘	àn	àn
㱙	xiǔ	guǎ|xiǔ
㱚	cán	cán
㱛	chuǎn	bù|chuǎn
㱜	zhá	zhá
㱞	yì	lā|yì
㱟	pī	pī|pǐ
㱠	kū	gū|kū
㱡	shēng	shēng
㱢	láng	láng
㱣	tuǐ	tuǐ
㱤	xī	xī
㱥	líng	lèng|líng
㱦	qī	qī
㱧	wò	wò|yuǎn
㱨	liàn	liàn
㱩	dú	dú
㱪	mèn	mèn
㱫	làn	làn
㱬	wěi	wěi
㱭	duàn	duàn
㱮	kuài	huì|kuài
㱯	ái	ái
㱰	zǎi	zǎi
㱱	huì	huì
㱲	yì	yì
㱳	mò	mò
㱴	zì	zì
㱵	fèn	fèn
㱶	péng	bēng|péng
㱸	bì	bì
㱹	lì	lì
㱺	lú	lú
㱻	luò	luò
㱼	hāi	hāi
㱽	zhěn	qín|zhěn
㱾	gāi	gāi|kāi
㱿	què	hù|qiǎng|què
㲀	zhēn	chēn|zhēn
㲁	kōng	kōng|zhōng
㲂	chéng	chéng
㲃	jiù	jiù
㲄	jué	jué|kū
㲅	jì	jì
㲆	líng	líng
㲈	sháo	sháo|táo
㲉	què	què
㲊	ruì	ruì
㲋	chuò	chuò
㲌	nèng	nèng
㲍	zhī	zhī
㲎	lóu	lóu
㲏	pāo	pāo
㲒	bào	bào|qú
㲓	róng	róng|shù
㲔	xiān	xiān
㲕	lèi	lèi
㲖	xiāo	xiāo
㲗	fū	fū
㲘	qú	qú
㲚	shā	shā
㲛	zhǐ	zhǐ
㲜	tán	tán
㲝	rǒng	rǒng
㲞	sū	sū|zú
㲟	yǐng	yǐng
㲠	máo	máo
㲡	nài	nài
㲢	biàn	biàn
㲤	shuāi	shuāi
㲥	táng	táng
㲦	hàn	hàn
㲧	sào	sào
㲨	róng	róng
㲪	dēng	dēng
㲫	pú	pú
㲬	jiāo	jiāo
㲭	tǎn	tǎn
㲯	rán	rán
㲰	níng	níng
㲱	liè	liè
㲲	dié	dié
㲳	dié	dié|zhì
㲴	zhòng	zhòng
㲶	lǜ	lǜ
㲷	dàn	dàn
㲸	xī	xī
㲹	guǐ	guǐ
㲺	jí	jí
㲻	nì	nì
㲼	yì	chà|yì
㲽	niàn	niàn|rěn
㲾	yǔ	yǔ
㲿	wǎng	wǎng
㳀	guò	guò
㳁	zè	zè
㳂	yán	yàn|yán
㳃	cuì	cuì
㳄	xián	xián
㳅	jiǎo	jiǎo
㳆	tǒu	tǒu
㳇	fù	fù
㳈	pèi	pèi
㳊	yōu	yōu|zhōng
㳋	qiū	qiū
㳌	yā	yā
㳍	bù	bù
㳎	biàn	biàn
㳏	shì	shì
㳐	zhá	zhá
㳑	yì	yì
㳒	biàn	biàn
㳔	duì	duì
㳕	lán	lán
㳖	yī	yī
㳗	chài	chà|chài
㳘	chōng	chōng
㳙	xuàn	xuàn
㳚	xù	xù
㳛	yú	yóu|yú
㳜	xiū	xiū
㳠	tà	tà
㳡	guō	guō
㳥	lòng	lòng
㳦	xiè	xiè
㳧	chè	chè|rè
㳨	jiǎn	jiǎn
㳩	tān	tān
㳪	pì	pì
㳫	zǎn	zǎn
㳬	xuán	xuán
㳭	xián	xián
㳮	niào	niào
㳴	mì	mì
㳵	jì	jì
㳶	nǒu	nǒu|rǔ
㳷	hū	hū|mǐn|tuì|wěn
㳸	huā	huā
㳹	wǎng	wāng|wǎng
㳺	yóu	yóu
㳻	zé	zé
㳼	bì	bì|yù
㳽	mǐ	mǐ
㳾	qiāng	qiāng
㳿	xiè	xiè
㴀	fàn	fàn|fān
㴁	yì	yì
㴂	tān	tān
㴃	lèi	lèi
㴄	yǒng	yǒng
㴆	jìn	jìn
㴇	shè	máng|shè
㴈	yìn	yìn
㴉	jǐ	jǐ
㴋	sù	sù
㴎	nài	nài
㴏	wǎng	wǎng
㴐	miàn	miàn|miǎn
㴑	sù	sù
㴒	yì	yì
㴓	shāi	shāi
㴔	jí	jí|sè|xī|yì
㴕	jí	jí
㴖	luò	luò
㴗	yōu	yōu
㴘	mào	mào
㴙	zhǎ	zhá|zhǎ
㴚	suì	suì
㴛	zhì	zhì
㴜	biàn	biàn
㴝	lí	lí
㴥	qiào	qiào
㴦	guàn	guàn
㴧	xī	xī
㴨	zhèn	zhèn
㴩	yōng	yōng
㴪	niè	niè
㴫	jùn	jùn|yá
㴬	xiè	xiè
㴭	yǎo	yǎo
㴮	xiè	xiè
㴯	zhī	zhī
㴰	néng	néng
㴲	sī	sī
㴳	lǒng	lǒng
㴴	chén	chén
㴵	mì	mì
㴶	què	hú|què
㴷	dān	dān
㴸	shǎn	shǎn
㴼	sù	sù
㴽	xiè	xiè
㴾	bó	bó
㴿	dǐng	dǐng
㵀	zú	zú
㵂	shù	shù
㵃	shé	shé
㵄	hàn	hàn|yù
㵅	tān	tàn|tān
㵆	gǎo	gǎo
㵊	nà	nà
㵋	mì	mì
㵌	xún	xún
㵍	mèn	mèn
㵎	jiàn	jiàn
㵏	cuǐ	cuǐ
㵐	jué	jué
㵑	hè	hè
㵒	fèi	bì|fèi|pài
㵓	shí	shí
㵔	chě	chě
㵕	shèn	shèn
㵖	nǜ	nǜ
㵗	píng	píng
㵘	màn	màn
㵝	yì	yì
㵞	chóu	chóu
㵠	kū	kū
㵡	báo	báo
㵢	léi	léi
㵣	kě	kě
㵤	shà	shà
㵥	mì	mì
㵦	suí	suí
㵧	gé	gé|yì
㵨	pì	bó|pì
㵩	yì	yì
㵪	xián	xián|yàn|yán
㵫	nì	nì
㵬	yíng	yíng
㵭	zhǔ	zhǔ
㵮	chún	chún
㵯	féng	féng
㵰	xù	xù
㵱	piǎo	piǎo
㵲	wǔ	wǔ
㵳	liáo	liáo
㵴	cáng	cáng
㵵	zòu	jù|zòu
㵶	zuō	zuō
㵷	biàn	biàn
㵸	yào	yào
㵹	huán	huán|mò
㵺	pài	pài
㵻	xiū	xiū
㵽	lěi	lěi
㵾	qìng	jìng|qìng
㵿	xiào	xiào
㶀	jiāo	jiāo
㶁	guó	guó|huò
㶄	yán	yán
㶅	xué	xué
㶆	zhū	chú|zhū
㶇	héng	héng
㶈	yíng	yíng
㶉	xī	xī
㶌	lián	lián
㶍	xiǎn	xiǎn
㶎	huán	huán
㶏	yīn	yīn
㶑	liàn	liàn
㶒	shǎn	shěn|shǎn|tàn
㶓	cáng	cáng
㶔	bèi	bèi
㶕	jiǎn	jiǎn
㶖	shù	shù
㶗	fàn	fàn|fán
㶘	diàn	diàn
㶚	bà	bà
㶛	yú	yú
㶞	nǎng	nǎng
㶟	lěi	lěi
㶠	yì	yì
㶡	dài	dài|huǒ
㶣	chán	chán|yín
㶤	chǎo	chǎo
㶥	gān	gān
㶦	jìn	jìn
㶧	nèn	nèn
㶫	liǎo	liǎo
㶬	mò	mò
㶭	yǒu	yǒu
㶯	liù	liù
㶰	hán	hán
㶲	yòng	yòng
㶳	jìn	jìn
㶴	chǐ	chǐ
㶵	rèn	rèn
㶶	nóng	nóng
㶹	hòng	hòng
㶺	tiàn	tiàn
㶼	āi	xī|āi
㶽	guā	guā
㶾	biāo	biāo
㶿	bó	bó
㷀	qióng	qióng
㷂	shù	shù
㷃	chuǐ	chuǐ
㷄	huǐ	huǐ
㷅	chǎo	chǎo
㷆	fù	fù
㷇	huī	guài|huī
㷈	è	è
㷉	wèi	wèi
㷊	fén	fén
㷋	tán	tán
㷍	lún	lún
㷎	hè	hè
㷏	yǒng	yǒng
㷐	huǐ	huǐ
㷒	yú	yú
㷓	zǒng	zǒng
㷔	yàn	yàn
㷕	qiú	qiú
㷖	zhào	zhào
㷗	jiǒng	jiǒng
㷘	tái	tái
㷟	tuì	tuì
㷠	lín	lín
㷡	jiǒng	jiǒng
㷢	zhǎ	zhǎ
㷣	xīng	xīng
㷤	hù	hù|xuè
㷦	xù	xù
㷪	cuì	cuì
㷫	qǐng	qǐng
㷬	mò	mò
㷮	zāo	zāo
㷯	bèng	bèng
㷰	chī	chī|lí
㷳	yàn	yàn
㷴	gé	gé
㷵	mò	mò
㷶	bèi	bèi
㷷	juǎn	juǎn
㷸	dié	dié
㷹	zhào	shào|zhào
㷻	wú	wú
㷼	yàn	yàn
㷾	jué	jué
㷿	xiān	xiān
㸀	tái	tái
㸁	hǎn	hǎn
㸃	diǎn	diǎn
㸄	jì	jì
㸅	jié	jié|jí
㸆	kào	kào
㸇	zuǎn	zuǎn
㸉	xiè	xiè
㸊	lài	là|lài
㸋	fán	fán
㸌	huò	huò
㸍	xì	xì
㸎	niè	niè
㸏	mí	mí
㸐	rán	rán
㸑	cuàn	cuàn
㸒	yín	jīng|yín
㸓	mì	mì
㸕	jué	jué
㸖	qū	qū
㸗	tóng	tóng
㸘	wàn	wàn
㸙	zhē	zhē
㸚	lǐ	lì|lǐ
㸛	sháo	sháo
㸜	kòng	kòng
㸝	xiān	kǎn|xiān
㸞	zhé	zhé
㸟	zhī	zhī
㸠	tiǎo	tiǎo
㸡	shū	shū
㸢	bèi	bèi
㸣	yè	yè
㸤	piàn	piàn
㸥	chàn	chàn
㸦	hù	hù|jià
㸧	kèn	kèn
㸨	jiū	jiū
㸩	ān	ān
㸪	chún	chún
㸫	qián	qián
㸬	bèi	bèi
㸭	bā	bā
㸮	fén	fén
㸯	kē	kē
㸰	tuó	tuó
㸱	tuó	tuó
㸲	zuó	zuó
㸳	líng	líng
㸵	guǐ	guǐ
㸶	yān	yān
㸷	shì	shì
㸸	hǒu	hǒu|kǒu|ǒu
㸹	liè	liè|luō
㸺	shā	shā
㸻	sì	sì
㸽	bèi	bèi
㸾	rèn	rèn
㸿	dú	dú
㹀	bó	bó
㹁	liáng	liáng
㹂	qiǎn	qiǎn
㹃	fèi	fèi
㹄	jì	jì
㹅	zǒng	zǒng
㹆	huī	huī
㹇	hé	hé|jiān
㹈	lí	lí
㹉	yuán	wán|yuán
㹊	yuè	yuè
㹋	xiū	xiū
㹌	chǎn	chǎn|shèng
㹍	dí	dí
㹎	léi	léi
㹏	jǐn	jǐn
㹐	chóng	chóng
㹑	sì	sì
㹒	pǔ	pǔ
㹓	yǎo	yǎo
㹔	jiāng	jiāng
㹕	huān	huān
㹖	huàn	huàn
㹗	tāo	tāo
㹘	rù	rù
㹙	wěng	wěng
㹚	yíng	yíng
㹛	ráo	ráo
㹜	yín	yín
㹝	shì	shì
㹞	yín	yá|yín|yǐn
㹟	jué	jué|kuài
㹠	tún	tún
㹡	xuán	xuán
㹢	jiā	gā|jiā
㹣	zhōng	zhōng
㹤	qiè	qiè
㹥	zhù	zhù
㹦	diāo	diāo
㹨	yòu	yòu
㹫	yí	yí
㹬	shǐ	shǐ
㹭	yì	yì
㹮	mò	mò
㹱	què	què
㹲	xiāo	xiào|xiāo
㹳	wú	wú
㹴	gēng	gēng
㹵	yǐng	yǐng
㹶	tíng	tíng
㹷	shǐ	shǐ
㹸	ní	ní
㹹	gēng	gēng
㹺	tà	tà
㹻	wō	wēi|wō
㹼	jú	jú
㹽	chǎn	chǎn
㹾	piǎo	jiào|piǎo
㹿	zhuó	zhuó|zhào
㺀	hū	hū|náo
㺁	nǎo	nǎo
㺂	yán	gǎn|yán
㺃	gǒu	gǒu
㺄	yǔ	yú|yǔ
㺅	hóu	hóu
㺇	sī	sī
㺈	chī	chī
㺉	hù	hù
㺊	yàng	yàng
㺋	wēng	wēng
㺌	xiàn	xiàn
㺍	pín	pín
㺎	róng	róng
㺏	lóu	lóu
㺐	lǎo	lǎo|sāo
㺑	shān	shàn|shān|shǎn|sāo
㺒	xiāo	nǎo|qiāo|xiào|xiāo
㺓	zé	zé
㺔	hài	huī|hài
㺕	fán	biàn|fán
㺖	hǎn	hǎn
㺗	chān	chān
㺘	zhàn	zhàn
㺚	tǎ	tǎ
㺛	zhù	zhù
㺜	nóng	nóng
㺝	hàn	hàn
㺞	yú	yú
㺟	zhuó	zhuó
㺠	yòu	yòu
㺡	lì	lì
㺢	huò	huò|huō
㺣	xī	xī
㺤	xiān	xiān
㺥	chán	chán
㺦	lián	lián
㺨	sī	sī
㺩	jiù	jiù|qiú
㺪	pú	pú
㺫	qiú	qiú
㺬	gǒng	gǒng
㺭	zǐ	zǐ
㺮	yú	yú
㺱	réng	réng
㺲	niǔ	niǔ
㺳	méi	méi
㺴	bā	bā
㺵	jiú	jiú
㺷	xù	xù
㺸	píng	píng
㺹	biàn	biàn
㺺	mào	mào
㺿	yí	yí
㻀	yú	yú
㻂	píng	píng
㻃	qū	qū
㻄	bǎo	bǎo
㻅	huì	huì
㻉	bù	bù
㻊	máng	máng
㻋	là	là
㻌	tú	tú
㻍	wú	wú
㻎	lì	lì
㻏	líng	líng
㻑	jì	jì
㻒	jùn	jùn
㻓	zōu	zōu
㻔	duǒ	duǒ
㻕	jué	jué
㻖	dài	dài
㻗	bèi	bèi
㻝	là	là
㻞	bīn	bān|bīn
㻟	suí	suí
㻠	tú	tú
㻡	xuē	dié|xuē
㻧	duò	duò
㻪	suì	suì
㻫	bì	bì
㻬	tū	tū
㻭	sè	sè
㻮	càn	càn
㻯	tú	tú
㻰	miǎn	miǎn
㻱	jīn	jīn
㻲	lǚ	lǚ
㻵	zhàn	zhàn
㻶	bǐ	bǐ
㻷	jí	jí
㻸	zēn	zēn
㻹	xuān	xuān
㻺	lì	lì
㻽	suì	suì|xuán
㻾	yōng	yōng
㻿	shǔ	shǔ
㼂	é	é
㼆	yíng	yíng
㼇	qióng	qióng
㼈	luó	luó
㼉	zhèn	zhèn
㼊	tún	tún
㼋	gū	gū|rǔ
㼌	yǔ	yǔ
㼍	lěi	lěi
㼎	bó	bó
㼏	něi	něi
㼐	pián	pián
㼑	liàn	liàn
㼒	tǎng	tǎng
㼓	lián	lián
㼔	wēn	wēn
㼕	dāng	dāng
㼖	lì	lì
㼗	tíng	tíng
㼘	wǎ	wǎ
㼙	zhòu	zhòu
㼚	gāng	gāng
㼛	xíng	xíng
㼜	àng	àng
㼝	fàn	fàn
㼞	pèng	bèng|pèng
㼟	bó	bó
㼠	tuó	tuó
㼡	shū	shū
㼢	yí	yí
㼣	bó	bó
㼤	qiè	qiè
㼥	tǒu	kǎo|tǒu
㼦	gǒng	gǒng
㼧	tóng	tóng
㼨	hán	hán
㼩	chéng	chéng|shèng
㼪	jié	jié
㼫	huàn	huà|huàn
㼬	xìng	xìng
㼭	diàn	diàn
㼮	chāi	chāi|qì
㼯	dòng	dòng
㼰	pí	pí
㼱	ruǎn	jùn|ruǎn
㼲	liè	liè
㼳	shěng	shěng
㼴	ǒu	ǒu
㼵	dì	dì
㼶	yú	yú
㼷	chuán	chuán|zhuān
㼸	róng	róng
㼹	kāng	huāng|kāng
㼺	táng	táng
㼻	cóng	cóng
㼼	piáo	piáo
㼽	chuǎng	chuǎng|shuǎng
㼾	lù	lù
㼿	tóng	tóng|zhòng
㽀	zhèng	zhèng
㽁	lì	lì
㽂	sà	sà
㽃	pān	pān
㽄	sī	sī
㽆	dāng	dāng
㽇	hú	hú
㽈	yì	yì
㽉	xiàn	xiàn
㽊	xiè	xiè
㽋	luó	luó
㽌	liù	liù
㽎	tán	tán|xīn
㽏	gàn	gàn
㽑	tán	tán
㽕	yóu	yóu
㽖	nán	nán
㽘	gǎng	gǎng
㽙	jùn	jùn
㽚	chì	chì
㽛	gōu	gōu|qú
㽜	wǎn	wǎn
㽝	lì	lì
㽞	liú	liú
㽟	liè	liè
㽠	xiá	xiá
㽡	bēi	bēi
㽢	ǎn	ǎn
㽣	yù	yù
㽤	jú	jú
㽥	róu	róu
㽦	xún	xún
㽧	zī	zī
㽨	cuó	cuó
㽩	càn	càn
㽪	zěng	zěng
㽫	yōng	yōng
㽬	fù	fù|pì
㽭	ruǎn	ruǎn
㽯	xí	xí
㽰	shù	shù
㽱	jiǎo	jiū|jiǎo|niú
㽲	jiǎo	jiǎo|xiǔ
㽳	xū	xū
㽴	zhàng	zhàng
㽷	shuì	shuì
㽸	chén	chén
㽹	fǎn	fàn|fǎn
㽺	jí	jí
㽻	zhī	zhī
㽽	gù	gù
㽾	wù	wù
㾀	qiè	qiè|qǔ
㾁	shù	shù
㾂	hāi	hāi
㾃	tuó	tuó
㾄	dú	chóu|dú
㾅	zǐ	zǐ
㾆	rán	rán
㾇	mù	mù
㾈	fù	fù
㾉	líng	líng
㾊	jí	cì|jí|sè
㾋	xiū	xiù|xiū
㾌	xuǎn	xuǎn
㾍	nái	nái
㾎	yā	xiā|yā
㾏	jiè	jiè|yá
㾐	lì	lì
㾑	dá	da|dá|hè
㾒	rú	rù|rú
㾓	yuān	yuān
㾔	lǚ	lǚ
㾕	shěn	shěn
㾖	lǐ	lǐ
㾗	liàng	liàng
㾘	gěng	gěng
㾙	xìn	xì|xìn
㾚	xiē	xiē
㾛	qǐn	qǐn
㾜	qiè	qiè
㾝	chè	chè
㾞	yóu	yóu
㾟	bù	bù
㾠	kuáng	kuáng
㾡	què	què
㾢	ài	ài
㾣	qīn	qīn
㾤	qiāng	qiāng
㾥	chù	chù
㾦	pèi	pèi|pēi
㾧	kuò	kuò|luǒ
㾨	yī	qǐ|yī|ǎi
㾩	guāi	guāi
㾪	shěng	shěng
㾫	piān	piān
㾭	zhòu	zhòu
㾮	huáng	huáng
㾯	huī	huī|tuí
㾰	hú	hú
㾱	bèi	bèi
㾴	zhā	zhā
㾵	jì	jì
㾶	gǔ	gǔ
㾷	xī	xī
㾸	gǎo	gǎo
㾹	chái	chái|chí|zhài
㾺	mà	mà
㾻	zhù	chú|zhù
㾼	tuǐ	tuǐ
㾽	zhuì	tuí|zhuì
㾾	xiān	lián|xiān
㾿	láng	láng
㿃	zhì	dài|zhì
㿄	ài	ài
㿅	xiǎn	xiǎn
㿆	guō	guō
㿇	xí	xì|xí
㿉	tuǐ	tuǐ
㿊	cǎn	cǎn
㿋	sào	sào
㿌	xiān	xiān
㿍	jiè	jiè
㿎	fèn	fèn|fén
㿏	qún	qún
㿑	yào	yào
㿒	dǎo	chóu|dǎo|zhòu
㿓	jiá	jiá
㿔	lěi	lěi
㿕	yán	yán
㿖	lú	lù|lú
㿗	tuí	tuí
㿘	yíng	yíng
㿙	pì	pì
㿚	luò	luò
㿛	lì	lì
㿜	biě	biě
㿞	mào	mào
㿟	bái	bái
㿠	huàng	huàng
㿢	yào	yào
㿣	hē	hē
㿤	chǔn	chǔn
㿥	hé	hé
㿦	nìng	nìng
㿧	chóu	chóu
㿨	lì	lì
㿩	tǎng	tǎng
㿪	huán	huán
㿫	bì	bì
㿬	bā	bā
㿭	chè	chè|lè
㿮	yàng	yàng
㿯	dá	dá
㿰	áo	bì|áo
㿱	xué	xué
㿳	zī	zī
㿴	dā	dā
㿵	rǎn	rǎn
㿶	bāng	bāng
㿷	cuó	cuó|cāo
㿸	wǎn	mán|wǎn
㿹	tà	tà
㿺	báo	báo
㿻	gān	gān
㿼	yán	yán
㿽	xī	xī
㿾	zhù	zhù
㿿	yǎ	yǎ
䀀	fàn	fàn
䀁	yòu	yòu
䀂	ān	ān
䀃	tuí	tuí
䀄	méng	méng
䀅	shè	shè
䀆	jìn	jìn
䀇	gǔ	gǔ
䀈	jì	jì
䀉	qiáo	qiáo
䀊	jiǎo	jiǎo
䀋	yán	yán
䀌	xì	xì
䀍	kàn	kàn
䀎	miǎn	miǎn
䀏	xuàn	xuàn|xún
䀐	shān	shān
䀑	wò	wò
䀒	qiān	qiān
䀓	huàn	huàn
䀔	rèn	rèn
䀕	zhèn	zhèn
䀖	tiān	tiān
䀗	jué	jué|xuè
䀘	xié	jī|xié
䀙	qì	qì
䀚	áng	áng
䀛	mèi	mà|mèi|wù
䀜	gǔ	gǔ
䀞	tāo	tāo
䀟	fán	fán
䀠	jù	jù
䀡	chàn	chàn|diān|tàn
䀢	shùn	shùn
䀣	bì	bì|mà
䀤	mào	mào
䀥	shuò	shuò
䀦	gǔ	gǔ
䀧	hǒng	hǒng
䀨	huà	guā|huà
䀩	luò	luò
䀪	háng	háng
䀫	jiá	jiá|tǔn
䀬	quán	quán
䀭	gāi	gāi
䀮	huāng	huāng
䀯	bǔ	bǔ
䀰	gǔ	gǔ
䀱	fēng	fēng
䀲	mù	mù
䀳	ài	ài
䀴	yǐng	kēng|yà|yǐng
䀵	shùn	shùn
䀶	liàng	liàng|lǎng
䀷	jié	jié
䀸	chì	chì
䀹	jié	jiá|jié|shè|yà|zhǎ
䀺	chōu	chōu|tāo
䀻	pìng	pìng
䀼	chēn	chēn|rèn
䀽	yán	yán
䀾	dǔ	dǔ
䀿	dì	dì
䁁	liàng	liàng
䁂	xiàn	xiàn
䁃	biāo	biāo
䁄	xìng	xìng
䁅	měng	mèng|měng
䁆	yè	yè
䁇	mì	mì
䁈	qì	qì
䁉	qì	qì
䁊	wò	wò
䁋	xiè	xiè|zhé
䁌	yù	yù
䁍	qià	kān|qià
䁎	chéng	chéng|chēng|tíng
䁏	yǎo	yǎo
䁐	yīng	yìng|yīng
䁑	yáng	yáng
䁒	jí	jí|zí
䁓	zōng	jiè|zōng|zǒng
䁔	xuān	hàn|xuān
䁕	mín	mín
䁖	lōu	lōu
䁗	kǎi	kǎi
䁘	yǎo	yǎo
䁙	yǎn	yǎn
䁚	sǔn	qióng|sǔn
䁛	guì	guì
䁜	huàng	huàng|huǎng
䁝	yíng	yíng|yǐng
䁞	shěng	shěng
䁟	chá	chá
䁠	lián	lián
䁢	xuán	xuán
䁣	chuán	chuán
䁤	chè	chè|huǐ|zhé
䁥	nì	nì
䁦	qù	qù
䁧	miáo	miáo
䁨	huò	huò
䁩	yú	yú
䁪	zhǎn	zhǎn
䁫	hú	hú|méng
䁬	céng	céng
䁭	biāo	biāo
䁮	qián	qián
䁯	xī	xié|xī
䁰	jiǎng	jiǎng
䁱	kōu	kōu
䁲	mái	mái
䁳	mǎng	mǎng
䁴	zhǎn	shǎn|zhǎn
䁵	biǎn	biǎn|huán
䁶	jī	jiǎo|jī
䁷	jué	jué|wù
䁸	náng	náng|nǒng
䁹	bì	bì
䁺	shì	shì|yì
䁻	shuò	lì|shuò
䁼	mò	mò
䁽	liè	liè
䁾	miè	miè
䁿	mò	mò
䂀	xī	xī
䂁	chán	chán
䂂	qú	qú
䂃	jiào	jiào
䂄	huò	huò
䂅	xiān	xiān
䂆	xù	xù
䂇	niǔ	niǔ
䂈	tóng	tóng
䂉	hóu	hóu
䂊	yù	yù
䂌	chōng	chōng
䂍	bó	bó
䂎	zuǎn	cuān|zuǎn
䂏	diāo	diāo
䂐	zhuō	zhuō
䂑	jī	jī
䂒	qià	qià
䂔	xìng	xìng
䂕	huì	huì
䂖	shí	shí
䂗	kū	kū
䂙	duī	duī
䂚	yáo	yáo
䂛	yú	yú
䂜	bàng	bàng
䂝	jié	jié
䂞	zhè	zhè
䂟	jiā	jiā
䂠	shǐ	shǐ
䂡	dǐ	dǐ
䂢	dǒng	dǒng
䂣	cí	cí
䂤	fù	fù
䂥	mín	mín
䂦	zhēn	zhēn|zhěn
䂧	zhěn	zhěn
䂩	yàn	qìng|yàn
䂪	qiǎo	diào|qiǎo
䂫	hāng	hóng|hāng
䂬	gǒng	gǒng
䂭	qiāo	qiāo
䂮	lüè	lüè
䂯	guài	guài
䂰	là	là
䂱	ruì	ruì
䂲	fǎ	fǎ
䂳	cuǒ	chǎ|cuǒ
䂴	yán	yán
䂵	gōng	gōng
䂶	jié	jié
䂷	guāi	guāi
䂸	guó	guó
䂹	suǒ	suǒ
䂺	wǒ	kē|wǒ
䂻	zhèng	zhèng
䂼	niè	niè
䂽	diào	diào
䂾	lǎi	lǎi
䂿	tà	tà
䃀	cuì	cuì
䃁	yā	yā
䃂	gǔn	gǔn
䃅	dī	dī
䃇	mián	mián
䃈	jiē	jiē
䃉	mín	mín
䃊	jǔ	jǔ
䃋	yú	yú
䃌	zhēn	yīn|zhēn
䃍	zhào	zhào
䃎	zhà	zhà|zhǎ
䃏	xīng	xīng
䃑	bān	bān|pán
䃒	hé	hé
䃓	gòu	gòu|gōu
䃔	hóng	hóng|qióng
䃕	láo	luò|láo
䃖	wù	wù
䃗	bō	bō|zhuó
䃘	kēng	kēng
䃙	lù	lù
䃚	cù	cù|zú
䃛	lián	lián
䃜	yī	yī
䃝	qiào	qiào
䃞	shú	shú
䃠	xuàn	xuàn
䃡	jīn	jīn|qín
䃢	qīn	qīn
䃣	huǐ	huǐ
䃤	sù	sù
䃥	chuáng	chuáng
䃦	dūn	dūn
䃧	lóng	lóng
䃩	náo	náo
䃪	tán	tán
䃫	dǎn	dǎn
䃬	wěi	kuǐ|lěi|wěi
䃭	gǎn	gǎn
䃮	dá	dá
䃯	lì	lì
䃰	cā	cā
䃱	xiàn	xiàn
䃲	pán	pán
䃳	là	liè|là
䃴	zhū	zhū
䃵	niǎo	niǎo
䃶	huái	guài|guī|huái
䃷	yíng	yíng
䃸	xiàn	jīn|xiàn
䃹	làn	làn
䃺	mó	mó
䃻	bà	bà
䃽	guǐ	fú|guǐ|zhī
䃾	bǐ	bǐ
䃿	fū	fū
䄀	huò	huò
䄁	yì	yì
䄂	liù	liù
䄃	yāng	yāng
䄄	yīn	yīn
䄅	juàn	juàn
䄆	huó	huàn|huó
䄇	chéng	chéng
䄈	dòu	dòu|xiáng
䄉	é	é
䄋	yǎn	yàn|yǎn
䄌	zhuì	chuò|zhuì
䄍	zhà	zhà
䄎	qǐ	qǐ
䄏	yú	yú
䄐	quàn	quàn
䄑	huó	huó
䄒	niè	niè
䄓	huáng	huáng
䄔	jǔ	jǔ
䄕	shè	shè
䄘	péng	péng
䄙	míng	míng
䄚	cáo	cáo
䄛	lóu	lóu
䄜	lí	chī|lí
䄝	chuāng	chuāng
䄟	cuī	cuī
䄠	shàn	shàn
䄡	dān	dān
䄢	qí	qí
䄤	lài	lài|lǎn
䄥	líng	líng
䄦	liǎo	liǎo
䄧	réng	réng
䄨	yú	yú
䄩	yì	yì
䄪	diǎo	diǎo
䄫	qǐ	qǐ
䄬	yí	yí
䄭	nián	nián
䄮	fū	fū
䄯	jiǎn	jiǎn
䄰	yá	yá
䄱	fāng	fāng
䄲	ruì	ruì
䄳	xiān	xiān
䄶	bì	bì|bó
䄷	shí	shí
䄸	pò	pò
䄹	nián	nián
䄺	zhì	tí|zhì
䄻	táo	cháo|tiāo|táo
䄼	tiǎn	tiǎn
䄽	tiǎn	tiǎn
䄾	rù	rù|rǒng
䄿	yì	yì
䅀	liè	liè
䅁	àn	àn
䅂	hé	hé
䅃	qióng	jiòng|qióng
䅄	lì	lì
䅅	guī	guī|wā
䅆	zì	zì
䅇	sù	sù
䅈	yuàn	yuàn
䅉	yà	yà
䅊	chá	chá
䅋	wǎn	wǎn
䅌	juān	juān
䅍	tǐng	tǐng
䅎	yǒu	yǒu
䅏	huì	huì
䅐	jiǎn	jiǎn
䅑	ruí	ruí
䅒	máng	máng
䅓	jǔ	jǔ
䅔	zī	zī
䅕	jū	jū
䅖	ān	yè|yān|yǎn|ān|ǎn
䅗	suì	suì
䅘	lái	lái
䅙	hùn	hùn
䅚	quǎn	quǎn
䅛	chāng	chāng
䅜	duò	chuí|duò|tuǒ
䅝	kōng	kōng
䅞	nè	nè
䅟	cǎn	cǎn
䅠	tí	tí
䅡	xǔ	xǔ
䅢	jiù	jiù
䅣	huáng	huáng
䅤	qì	qì
䅥	jié	gé|jié
䅦	máo	máo
䅧	yān	yìn|yān
䅩	zhǐ	qí|zhǐ
䅪	tuí	tuí
䅬	ài	ài
䅭	páng	páng
䅮	càng	càng
䅯	táng	táng
䅰	ěn	ěn
䅱	hùn	hùn
䅲	qí	qí
䅳	chú	chú|zōu
䅴	suǒ	suǒ
䅵	zhuó	zhuó
䅶	nòu	nòu
䅷	tú	chú|tú
䅸	shēn	shēn|zú
䅹	lǒu	lǒu
䅺	biāo	biāo|miǎo
䅻	lí	lí
䅼	mán	màn|mán
䅽	xīn	gǔ|xīn
䅾	cén	cén|qián
䅿	huáng	huá|huáng
䆀	měi	měi
䆁	gāo	gāo
䆂	lián	lián
䆃	dào	dào
䆄	zhǎn	zhǎn
䆅	zī	zī
䆈	zhì	zhì
䆉	bà	bà
䆊	cuì	cuì|mèi
䆋	qiū	qiū
䆍	lóng	lóng
䆎	xiān	xiān
䆏	fèi	fèi|fèn
䆐	guó	guó
䆑	chéng	chéng
䆒	jiù	jiù
䆓	è	ruǎn|è
䆔	chōng	chōng
䆕	yuè	yuè
䆖	hóng	hóng
䆗	yǎo	yǎo
䆘	yā	yā|zā
䆙	yáo	yáo
䆚	tóng	dòng|tóng
䆛	zhà	zhà
䆜	yòu	yòu
䆝	xuè	xuè|zhú
䆞	yǎo	yǎo
䆟	kè	kè|āo
䆠	huàn	huàn
䆡	láng	láng
䆢	yuè	yuè
䆣	chén	chén
䆦	shèn	shèn
䆨	níng	níng
䆩	míng	míng
䆪	hōng	hōng
䆫	chuāng	chuāng
䆬	yǔn	yǔn
䆭	xuān	xuān
䆮	jìn	jìn
䆯	zhuó	zhuó
䆰	yū	yū
䆱	tān	tān
䆲	kāng	kāng
䆳	qióng	qióng
䆵	chéng	chéng
䆶	jiū	jiū
䆷	xuè	xuè
䆸	zhēng	zhēng
䆹	chōng	chōng|tǒng
䆺	pān	pān
䆻	qiào	qiào
䆽	qú	qú
䆾	lán	làn|lán
䆿	yì	yì
䇀	róng	róng
䇁	sī	sī
䇂	qiān	qiān
䇃	sì	sì
䇅	fá	fá
䇇	méng	méng
䇈	huà	huà
䇋	hài	hài
䇌	qiào	qiào
䇍	chù	chù|qì
䇎	què	què
䇏	duì	duì
䇐	lì	lì
䇑	bà	bà|pī
䇒	jiè	jiè
䇓	xū	xū
䇔	luò	luò|nuò
䇖	yǔn	yǔn
䇗	zhōng	zhōng
䇘	hù	hù
䇙	yǐn	yǐn
䇚	pū	pū
䇛	zhǐ	zhǐ
䇜	qiǎn	qiàn|qiǎn
䇞	gān	gān|gǎn
䇟	jiàn	jiàn
䇠	zhù	zhù
䇡	zhù	zhù
䇢	kǔ	gù|kǔ
䇣	niè	niè
䇤	ruì	ruì
䇥	zé	zé
䇦	ǎng	yīng|ǎng
䇧	zhì	jī|zhì
䇨	gòng	gòng|xiáng
䇩	yì	yè|yì
䇪	chī	chī
䇫	jī	jī
䇬	zhū	chuǎng|shū|zhū
䇭	lǎo	lǎo
䇮	rèn	rèn
䇯	róng	róng
䇰	zhēng	zhēng
䇱	nà	nà
䇲	cè	cè|jiā
䇵	yí	yí
䇶	jué	jué|wò
䇷	bié	bié
䇸	chéng	chéng|tīng
䇹	jùn	jùn
䇺	dòu	dòu
䇻	wěi	wěi
䇼	yì	yì
䇽	zhé	zhé|zhì
䇾	yán	yán
䈀	sān	sān
䈁	lún	lún
䈂	píng	píng
䈃	zhǎo	zhǎo
䈄	hán	hán
䈅	yù	yù
䈆	dài	dài
䈇	zhào	zhào
䈈	féi	bā|féi
䈉	shà	qiè|shà
䈊	líng	líng
䈋	tà	tà
䈌	qū	qū
䈍	máng	máng|méng
䈎	yè	yè
䈏	báo	báo|fú
䈐	guì	guì
䈑	guǎ	guǎ
䈒	nǎn	lǎn|nǎn
䈓	gé	gé|qià
䈕	shí	jī|shí|tí|yí
䈖	kē	kē
䈗	suǒ	suǒ
䈘	cí	cí
䈙	zhòu	zhòu
䈚	tái	tái
䈛	kuài	kuài
䈜	qìn	qìn
䈝	xū	xū
䈞	dǔ	dǔ
䈟	cè	cè|zhá
䈠	huǎn	huǎn|yuàn
䈡	cōng	cōng|sōng
䈢	sǎi	sǎi|xǐ
䈣	zhèng	zhèng
䈤	qián	qián
䈥	jīn	jīn
䈦	zōng	zōng
䈧	wěi	wěi
䈪	xì	xì
䈫	nà	nà
䈬	pú	pú
䈭	sōu	huái|sōu
䈮	jù	jù
䈯	zhēn	zhēn
䈰	shāo	shāo
䈱	tāo	tāo
䈲	bān	bān|pán
䈳	tà	tà
䈴	qiàn	qiàn
䈵	wēng	wēng
䈶	róng	róng
䈷	luò	luò
䈸	hú	hú
䈹	sǒu	sǒu
䈺	zhōng	zhōng
䈻	pú	pú
䈼	miè	miè|mì
䈽	jīn	jīn
䈾	shāo	shuò|shāo
䈿	mì	mì
䉀	shù	shù
䉁	líng	líng
䉂	lěi	lěi
䉃	jiǎng	jiǎng
䉄	léng	léng
䉅	zhì	zhì
䉆	diǎo	diǎo
䉈	sǎn	sǎn
䉉	gū	gū|hú
䉊	fàn	fàn
䉋	mèi	mèi
䉌	suì	suì
䉍	jiǎn	jiǎn
䉎	táng	táng
䉏	xiè	xiè
䉐	kū	kū
䉑	wú	wú
䉒	fán	fán
䉓	luò	luò
䉔	cān	cān
䉕	céng	céng
䉖	líng	líng
䉗	yī	yī
䉘	cóng	cóng
䉙	yún	yún
䉚	méng	méng
䉛	yù	yù|ǎo
䉜	zhì	zhì
䉝	yǐ	yǐ
䉞	dǎn	dǎn
䉟	huò	huò
䉠	wéi	wéi
䉡	tán	tán
䉢	sè	sè
䉣	xiè	xiè
䉤	sǒu	sǒu
䉥	sǒng	sǒng
䉦	qiān	qiān
䉧	liú	liú|liǔ
䉨	yì	yì
䉪	lèi	lèi
䉫	lí	lí
䉬	fèi	fèi
䉭	liè	liè
䉮	lìn	lìn
䉯	xiàn	xiàn
䉰	xiào	jiǎo|xiào
䉱	ōu	ōu
䉲	mí	mí
䉳	xiān	xiān|xiǎn
䉴	ráng	ráng
䉵	zhuàn	zhuàn|zuǎn
䉶	shuāng	shuāng
䉷	yán	yán
䉸	biàn	biàn
䉹	líng	líng
䉺	hóng	hóng
䉻	qí	qí
䉼	liào	liào
䉽	bǎn	bǎn
䉾	bì	bì
䉿	hú	hú
䊀	hú	hú
䊂	cè	cè|sè
䊃	pèi	pèi
䊄	qióng	qióng
䊅	míng	míng
䊆	jiù	jiù|qiǔ
䊇	bù	bù
䊈	méi	méi
䊉	sǎn	sǎn
䊊	wèi	wèi
䊍	lí	lí
䊎	quǎn	quǎn|qún
䊐	hún	hún
䊑	xiǎng	xiǎng
䊓	shì	shì
䊔	yíng	yíng
䊖	nǎn	nǎn
䊗	huáng	huáng
䊘	jiù	jiù
䊙	yān	yān
䊛	sà	sà
䊜	tuán	tuán
䊝	xiè	xiè
䊞	zhé	chè|zhé
䊟	mén	mén
䊠	xì	xì
䊡	mán	mán
䊣	huáng	huáng
䊤	tán	dàn|tán
䊥	xiào	xiào
䊦	yè	yè
䊧	bì	bì
䊨	luó	luó
䊩	fán	fán
䊪	lì	lì
䊫	cuǐ	cuǐ
䊬	chuā	chuā
䊭	dào	chóu|dào
䊮	dí	dí
䊯	kuàng	kuàng
䊰	chú	chú
䊱	xiān	xiān
䊲	chàn	chàn|chǎn
䊳	mí	mí|mó
䊴	qiàn	qiàn
䊵	qiú	qiú
䊶	zhèn	zhèn
䊺	hù	hù
䊻	gān	gān
䊼	chǐ	chǐ
䊽	guài	guài|jué
䊾	mù	mù
䊿	bó	bó
䋀	huà	huà
䋁	gěng	gěng
䋂	yáo	yáo
䋃	mào	mào
䋄	wǎng	wǎng
䋈	rú	nǎ|rú
䋉	xué	xué
䋊	zhēng	zhēng
䋋	mín	mín
䋌	jiǎng	jiǎng
䋎	zhàn	zhàn
䋏	zuó	zhà|zuó
䋐	yuè	yuè
䋑	liè	liè
䋓	zhòu	zhòu
䋔	bì	bì
䋕	rèn	rèn
䋖	yù	yù
䋘	chuò	chuò
䋙	ěr	ěr
䋚	yì	yì
䋛	mǐ	mǐ
䋜	qìng	qìng
䋞	wǎng	wǎng
䋟	jì	jì
䋠	bǔ	bǔ
䋢	biē	biē
䋣	fán	fán|pó
䋤	yuè	yuè
䋥	lí	lí
䋦	fán	fán
䋧	qú	qú
䋨	fǔ	fǔ
䋩	ér	ér
䋪	ē	ē
䋫	zhēng	zhēng
䋬	tiān	tiān
䋭	yù	yù
䋮	jìn	jìn
䋯	qǐ	qǐ
䋰	jú	jú
䋱	lái	lái
䋲	chě	chě
䋳	běi	běi
䋴	niù	niù
䋵	yì	yè|yì
䋶	xǔ	xié|xǔ
䋷	móu	móu
䋸	xún	xún
䋹	fú	fú
䋻	nín	nín
䋼	tīng	tīng|yíng
䋽	běng	běng
䋾	zhǎ	nà|zhǎ
䋿	wēi	wēi
䌀	kē	kē
䌁	yāo	yāo
䌂	òu	òu
䌃	xiāo	shuò|xiāo
䌄	gěng	gěng
䌅	táng	táng
䌆	guì	guì
䌇	huì	huì
䌈	tā	tà|tā
䌊	yáo	yáo
䌋	dā	dā
䌌	qì	qì
䌍	jǐn	jǐn
䌎	lüè	lüè
䌏	mì	mì
䌐	mì	mì
䌑	jiān	jiān
䌒	lù	lù
䌓	fán	fán
䌔	ōu	ōu
䌕	mí	mí
䌖	jié	jié
䌗	fǔ	fǔ
䌘	biè	biè|bì
䌙	huàng	huàng
䌚	sū	sū
䌛	yáo	yáo
䌜	niè	niè
䌝	jīn	jìn|jīn
䌞	liǎn	liǎn
䌟	bó	bì|bó
䌠	jiān	jiān
䌡	tǐ	tǐ
䌢	líng	líng
䌣	zuǎn	zuǎn
䌤	shī	shī|zhǐ
䌥	yǐn	yǐn
䌦	dào	dào
䌧	chóu	chóu
䌨	cā	cài|cā
䌩	miè	miè
䌪	yǎn	yǎn
䌫	lǎn	lǎn
䌬	chóng	chóng
䌭	jiāo	jiāo
䌮	shuāng	shuāng
䌯	quān	guàn|quán|quān
䌰	niè	niè
䌱	luò	luò
䌳	shī	shī
䌴	luò	luò
䌵	zhú	zhú
䌷	chōu	chóu|chōu
䌸	juàn	juàn
䌹	jiǒng	jiǒng
䌺	ěr	ěr
䌻	yì	yì
䌼	ruì	ruì
䌽	cǎi	cǎi
䌾	rén	rén
䌿	fú	fú
䍀	lán	lán
䍁	suì	suì
䍂	yú	yú
䍃	yóu	yóu
䍄	diǎn	diǎn
䍅	líng	líng
䍆	zhù	zhù
䍇	tà	tà
䍈	píng	píng
䍉	zhǎi	zhǎi
䍊	jiāo	jiāo
䍋	chuí	chuí
䍌	bù	bù
䍍	kòu	kòu
䍎	cùn	cùn|xiǎn
䍐	hǎn	hǎn
䍑	hǎn	hǎn
䍒	mǒu	mǒu
䍓	hù	hù
䍔	gōng	gōng
䍕	dī	dī|dǐ
䍖	fú	fú
䍗	xuàn	xuàn
䍘	mí	mí
䍙	méi	méi|mǒu
䍚	làng	làng
䍛	gù	gù
䍜	zhào	zhào
䍝	tà	tà
䍞	yù	yù
䍟	zòng	zòng
䍠	lí	lí
䍡	lù	lù
䍢	wú	wú
䍣	léi	léi
䍤	jǐ	jǐ
䍥	lì	lì
䍦	lí	lí
䍨	pō	fèi|pō
䍩	yǎng	yǎng
䍪	wà	wà
䍫	tuó	tuó
䍬	pēng	pēng
䍮	zhào	zhào
䍯	guǐ	guǐ
䍱	xú	xú
䍲	nái	nái
䍳	què	chuò|jué|què
䍴	wěi	wěi
䍵	zhēng	zhēng
䍶	dōng	dōng
䍷	wěi	wěi
䍸	bó	bó
䍺	huàn	huàn
䍻	xuàn	xuàn
䍼	zān	cán|zān
䍽	lì	lì
䍾	yǎn	yǎn
䍿	huáng	huáng
䎀	xuè	xuè
䎁	hú	hú
䎂	bǎo	bǎo
䎃	rǎn	rǎn
䎄	xiāo	tiáo|xiāo
䎅	pò	pò
䎆	liào	liào
䎇	zhōu	zhōu
䎈	yì	yì
䎉	xù	xù
䎊	luò	luò|pò
䎋	kào	kào
䎌	chù	chù
䎎	nà	nà
䎏	hán	hán
䎐	chǎo	chǎo
䎑	lù	lù
䎒	zhǎn	zhǎn
䎓	tà	tà
䎔	fū	fū
䎕	hōng	hōng
䎖	zēng	zēng
䎗	qiáo	qiáo
䎘	sù	sù
䎙	pīn	pīn
䎚	guàn	guàn
䎜	hūn	hūn
䎝	chú	chú
䎟	ér	ér
䎠	ér	nuò|ér
䎡	ruǎn	ruǎn
䎢	qǐ	qǐ
䎣	sì	sì
䎤	jú	jú
䎦	yǎn	yǎn
䎧	bàng	bàng|póu
䎨	yè	yè|àn
䎩	zī	zī
䎪	nè	nè
䎫	chuàng	chuàng
䎬	bà	bà
䎭	cāo	cāo
䎮	tì	tì
䎯	hàn	hàn|hǎn
䎰	zuó	zuó
䎱	bà	bà|bēi
䎲	zhé	zhé
䎳	wà	wà
䎴	gēng	gēng|shèng
䎵	bì	bì
䎶	èr	èr
䎷	zhù	zhù
䎸	wù	wù
䎹	wén	wén
䎺	zhì	zhì
䎻	zhòu	zhòu
䎼	lù	lù
䎽	wén	wén
䎾	gǔn	gǔn
䎿	qiú	qiú
䏀	là	là
䏁	zǎi	zǎi
䏂	sǒu	sǒu
䏃	mián	mián|míng
䏄	dǐ	dǐ|zhì
䏅	qì	qì
䏆	cáo	cáo
䏇	piào	piào
䏈	lián	lián|luán
䏉	shī	shī
䏊	lóng	lóng
䏋	sù	sù
䏌	qì	qì|yì
䏍	yuàn	yuàn|yuān
䏎	féng	féng
䏏	xū	xū
䏐	jué	jué
䏑	dì	dì
䏒	piàn	piàn|pàn
䏓	guǎn	guǎn
䏔	niǔ	niǔ|nǜ|ròu|zhǒu
䏕	rèn	rèn
䏖	zhèn	yǐn|zhèn
䏗	gài	gài
䏘	pì	pì
䏙	tǎn	dàn|tǎn|zhuàn
䏚	chǎo	chǎo|miǎo
䏛	chǔn	chǔn
䏜	hē	hē
䏝	zhuān	zhuān
䏞	mò	mò
䏟	bié	bié|bì
䏠	qì	lā|qì
䏡	shì	shì
䏢	bǐ	bǐ
䏣	jué	jué
䏤	sì	sì
䏦	guā	guā|tián
䏧	nà	chǐ|nà|ná
䏨	huǐ	duī|huǐ
䏩	xī	xī
䏪	èr	èr
䏫	xiū	xiū
䏬	móu	móu
䏮	xí	xí
䏯	zhì	zhì
䏰	rùn	rùn
䏱	jú	jú
䏲	tī	dié|tī
䏳	zhè	zhè
䏴	shào	shào
䏵	měng	máng|měng|mǎng
䏶	bì	bì
䏷	hàn	hàn
䏸	yú	yú
䏹	xiàn	chēn|xiàn
䏺	pāng	pāng
䏻	néng	néng
䏼	cán	cán|zhàn
䏽	bù	bù|péi
䏿	qǐ	qǐ
䐀	jì	jì
䐁	zhuó	dū|zhuó
䐂	lù	lù
䐃	jùn	jùn|zhūn
䐄	xiàn	hàn|xiàn
䐅	xī	xī
䐆	cǎi	cǎi
䐇	wěn	chún|wěn
䐈	zhí	zhí
䐉	zì	nǎo|zì
䐊	kūn	hùn|hún|kūn
䐋	cōng	cōng
䐌	tiǎn	tiǎn
䐍	chù	chù
䐎	dī	dī
䐏	chǔn	chǔn|shǔn
䐐	qiū	qiū
䐑	zhé	zhé
䐒	zhā	zhā
䐓	róu	róu
䐔	bǐn	biàn|bǐn
䐕	jí	jí
䐖	xī	xī
䐗	zhū	dǔ|zhū
䐘	jué	jué
䐙	gé	gé
䐚	jī	jī
䐛	dā	dā
䐜	chēn	chēn
䐝	suò	suò
䐞	ruò	ruò
䐟	xiǎng	gōu|xiǎng
䐠	huǎng	huǎng
䐡	qí	qí
䐢	zhù	chù|zhòu|zhù
䐣	sǔn	sǔn
䐤	chāi	chāi|cuó
䐥	wěng	wěng
䐦	kē	kē
䐧	kào	hè|kào
䐨	gǔ	gǔ|què
䐩	gāi	guī|gāi|kǎi
䐪	fàn	fàn
䐫	cōng	cōng
䐬	cáo	cáo
䐭	zhì	dì|zhì
䐮	chǎn	chǎn
䐯	léi	léi|lěi
䐰	xiū	xiū
䐱	zhài	zhài
䐲	zhé	zhé
䐳	yú	yú
䐴	guì	guì
䐵	gōng	gōng|huáng
䐶	zān	jǐn|qián|zān
䐷	dān	dān
䐸	huò	guó|huò
䐹	sōu	sào|sōu|xiào
䐺	tàn	tàn|tán
䐻	gū	gū
䐼	xì	xì
䐽	mán	mán
䐾	duó	duó
䐿	ào	ào|ǎo
䑀	pì	pì|pǐ
䑁	wù	wù
䑂	ǎi	ǎi
䑃	méng	méng
䑄	pì	pì|yì
䑅	méng	méng
䑆	yǎng	yǎng
䑇	zhì	zhì
䑈	bó	bó
䑉	yíng	yíng
䑊	wéi	wèi|wéi
䑋	rǎng	rǎng
䑌	lán	làn|lán
䑍	yān	yàn|yān|yǐng
䑎	chǎn	chǎn
䑏	quán	huān|quán
䑐	zhěn	zhěn
䑑	pú	pú
䑓	tái	tái
䑔	fèi	fèi
䑕	shǔ	shǔ
䑗	dàng	dàng
䑘	cuó	cuó
䑙	tān	rán|tiàn|tān
䑚	tián	tián
䑛	chǐ	chǐ
䑜	tà	tiè|tà
䑝	jiǎ	jiǎ
䑞	shùn	shùn
䑟	huáng	huáng
䑠	liǎo	liǎo
䑣	chēn	chēn
䑤	jìn	jìn
䑥	è	sà|è
䑦	gōu	gōu
䑧	fú	fú
䑨	duò	duò
䑪	è	è
䑫	bēng	bēng
䑬	tāo	tiāo|tāo|yào
䑭	dì	dì
䑯	dì	dì
䑰	bù	bù
䑱	wǎn	wǎn
䑲	zhào	zhào
䑳	lún	lún
䑴	qí	qí
䑵	mù	mù
䑶	qiàn	qiàn
䑸	zōng	zōng
䑹	sōu	sāo|sōu
䑻	yóu	yóu
䑼	zhōu	zhōu
䑽	tà	tà
䑿	sù	sù
䒀	bù	bù
䒁	xí	xí
䒂	jiǎng	jiǎng
䒃	cào	cào
䒄	fù	fù
䒅	téng	téng
䒆	chè	chè
䒇	fù	fù
䒈	fèi	fèi
䒉	wǔ	wǔ
䒊	xī	xī
䒋	yǎng	yǎng
䒌	mìng	mìng
䒍	pǎng	pǎng
䒎	mǎng	mǎng
䒏	sēng	sēng
䒐	méng	mèng|méng
䒑	cǎo	cǎo
䒒	tiáo	tiáo
䒓	kǎi	kǎi
䒔	bài	bài
䒕	xiǎo	xiǎo
䒖	xìn	xìn
䒗	qì	qì
䒚	shǎo	shǎo
䒛	huàn	huàn
䒜	niú	niú
䒝	xiáo	xiáo
䒞	chén	chén|yín
䒟	dān	dān
䒠	fēng	fēng|xiá
䒡	yǐn	yǐn
䒢	áng	áng
䒣	rǎn	rǎn
䒤	rì	rì
䒥	mán	mán
䒦	fàn	fàn
䒧	qū	qù|qū
䒨	shǐ	shǐ|sì
䒩	hé	hé
䒪	biàn	biàn
䒫	dài	dài
䒬	mò	mò
䒭	děng	děng
䒰	kuāng	kuāng
䒲	chà	chà
䒳	duǒ	duǒ
䒴	yǒu	yǒu
䒵	hào	hào
䒷	guā	guā
䒸	xuè	xuè
䒹	lèi	lèi
䒺	jǐn	jǐn
䒻	qǐ	qǐ
䒼	qū	qū
䒽	wǎng	wǎng
䒾	yī	yī
䒿	liáo	liáo
䓂	yán	yán
䓃	yì	yì
䓄	yín	yín
䓅	qí	qí
䓆	zhé	zhé
䓇	xì	hè|kè|xì
䓈	yì	yì
䓉	yé	yé|yē
䓊	wú	wú|yú
䓋	zhī	zhī
䓌	zhì	zhì
䓍	hǎn	hǎn
䓎	chuò	chuò
䓏	fū	fū
䓐	chún	chún
䓑	píng	píng
䓒	kuǎi	kuǎi
䓓	chóu	chóu
䓕	tuǒ	tuǒ
䓖	qióng	qióng
䓗	cōng	cōng
䓘	gāo	gāo|jiù
䓙	kuā	guāi|kuā
䓚	qū	cú|qū
䓛	qū	qū
䓜	zhī	zhī
䓝	mèng	mèng
䓞	lì	lì
䓟	zhōu	liè|zhōu
䓠	tà	tà
䓡	zhī	zhī
䓢	gù	gù
䓣	liǎng	liǎng
䓤	hū	hū
䓥	là	là
䓦	diǎn	diǎn
䓧	cì	cì
䓨	yīng	yīng
䓫	qí	qí
䓬	zhuó	zhuó
䓭	chà	chà
䓮	mào	mào
䓯	dú	dú
䓰	yīn	yīn
䓱	chái	chái|zuī
䓲	ruì	ruì
䓳	hěn	hěn|xié
䓴	ruǎn	ruǎn
䓵	fū	fū
䓶	lài	lài
䓷	xìng	xìng
䓸	jiān	jiān
䓹	yì	yì
䓺	měi	měi
䓼	máng	hè|máng
䓽	jì	jì
䓾	suō	suō
䓿	hàn	hàn
䔁	lì	lì
䔂	zǐ	zǎi|zǐ
䔃	zǔ	zǔ
䔄	yáo	yào|yáo
䔅	gē	gē
䔆	lí	lí
䔇	qǐ	qǐ|ái
䔈	gòng	gòng
䔉	lì	lì|suàn
䔊	bīng	bīng
䔋	suō	suō
䔎	sù	sù
䔏	chòu	chòu
䔐	jiān	jiān
䔑	xié	tú|xié|yé
䔒	bèi	bèi
䔓	xǔ	xǔ
䔔	jìng	jìng
䔕	pú	pú
䔖	líng	líng
䔗	xiáng	xiáng
䔘	zuò	zuò
䔙	diào	diào
䔚	chún	chún
䔛	qǐng	qǐng
䔜	nán	nán
䔝	zhāi	zhāi
䔞	lǜ	lǜ
䔟	yí	yí
䔠	shǎo	shuò|shāo|shǎo
䔡	yú	yú
䔢	huá	huá
䔣	lí	lí
䔤	pā	pā
䔧	lí	lí
䔪	shuǎng	shuǎng
䔬	yì	yì
䔭	nìng	nìng
䔮	sī	sī
䔯	kù	kù
䔰	fù	fù
䔱	yī	yī
䔲	dēng	chéng|dēng
䔳	rán	rán
䔴	cè	chuà|cuì|cè
䔶	tí	tái|tí
䔷	qín	qín
䔸	biǎo	biāo|biǎo
䔹	suì	suì
䔺	wéi	wéi|wěi
䔻	dūn	duī|dūn
䔼	sè	sè|zé
䔽	ài	ài
䔾	qì	qì|è
䔿	zǔn	zǔn
䕀	kuǎn	kuǎn
䕁	fěi	fěi
䕃	yìn	yìn
䕅	sǎo	sǎo
䕆	dòu	dòu
䕇	huì	huì
䕈	xiè	xiè
䕉	zé	zé
䕊	tán	tán
䕋	táng	táng
䕌	zhì	zhì
䕍	yì	yì
䕎	fú	fú
䕏	é	é
䕑	jùn	jùn
䕒	jiā	jiā
䕓	chá	chuì|chá
䕔	xián	xián
䕕	màn	màn
䕗	bì	bì
䕘	líng	líng|lǐng
䕙	jié	jié
䕚	kuì	kuì
䕛	jiá	jiá
䕝	chēng	chēng
䕞	làng	làng
䕟	xīng	xīng
䕠	fèi	fèi
䕡	lǘ	lǘ
䕢	zhǎ	zhǎ
䕣	hé	hé
䕤	jī	jī
䕥	nǐ	nǐ
䕦	yíng	yíng
䕧	xiào	jiǎo|xiào
䕨	téng	téng
䕩	lǎo	lǎo
䕪	zé	zé
䕫	kuí	kuí
䕭	qián	qián|xián
䕮	jú	jú|qū
䕯	piáo	piáo
䕰	fán	fán
䕱	tóu	tóu
䕲	lǐn	lǐn
䕳	mí	mí
䕴	zhuó	zhuó
䕵	xié	xié
䕶	hù	hù
䕷	mí	mí
䕸	jiē	jiē
䕹	zá	zá
䕺	cóng	cóng
䕻	lì	lì
䕼	rán	rán
䕽	zhú	zhú
䕾	yín	yán|yín
䕿	hàn	hàn
䖁	yì	yì
䖂	luán	luán
䖃	yuè	lǎ|yuè
䖄	rán	rán
䖅	líng	líng
䖆	niàng	niàng
䖇	yù	yù
䖈	nüè	nüè
䖊	yì	yì
䖋	nüè	nüè
䖌	yì	yì
䖍	qián	qián
䖎	xiá	xiá
䖏	chǔ	chù|chǔ
䖐	yín	yín
䖑	mì	mì
䖒	xī	xī
䖓	nà	nà
䖔	kǎn	hàn|kǎn
䖕	zǔ	zǔ
䖖	xiá	xiá
䖗	yán	yán
䖘	tú	tú
䖙	tī	tī
䖚	wū	wū
䖛	suǒ	suǒ
䖜	yín	yín
䖝	chóng	chóng
䖞	zhǒu	zhǒu
䖟	mǎng	mǎng
䖠	yuán	yuán
䖡	nǜ	nǜ
䖢	miáo	miáo
䖣	zǎo	zǎo
䖤	wǎn	wǎn
䖥	lí	lí
䖦	qū	qū|zhuō
䖧	nà	nà
䖨	shí	shí|zhì
䖩	bì	bì
䖪	zī	cī|zī
䖫	bàng	bàng
䖭	juàn	juàn|juān
䖮	xiǎng	xiǎng
䖯	kuí	kuí|wā
䖰	pài	pài
䖱	kuāng	kuāng
䖲	xún	xún|zōng
䖳	zhà	zhà|zhé
䖴	yáo	yáo
䖵	kūn	kūn
䖶	huī	huī
䖷	xī	xī
䖸	é	é
䖹	yáng	mǐ|yáng
䖺	tiáo	tiáo
䖻	yóu	yóu
䖼	jué	jué
䖽	lí	lí
䖿	lí	lí
䗀	chēng	chēng
䗁	jì	jì|qī
䗂	hǔ	hǔ
䗃	zhàn	zhàn
䗄	fǔ	fǔ
䗅	cháng	cháng
䗆	guǎn	guān|guǎn
䗇	jú	jú|qū
䗈	méng	méng
䗉	chāng	chāng
䗊	tàn	tàn
䗋	móu	móu
䗌	xīng	xīng
䗍	lǐ	luó|lǐ
䗎	yān	yān
䗏	sōu	sōu
䗐	shī	shī
䗑	yì	yì
䗒	bìng	bìng
䗓	cōng	cōng
䗔	hóu	hòu|hóu
䗕	wǎn	wǎn
䗖	dì	dì
䗗	jī	jī
䗘	gé	gé
䗙	hán	hán
䗚	bó	bó
䗛	xiū	xiū
䗜	liú	liú
䗝	cán	cán
䗞	cán	cán
䗟	yì	yì
䗠	xuán	xuán
䗡	yán	yán|yān
䗢	zǎo	zǎo
䗣	hàn	hàn
䗤	yóng	yóng
䗥	zōng	zōng
䗧	kāng	kāng
䗨	yú	yú
䗩	qī	qī
䗪	zhè	zhè
䗫	má	má
䗮	shuǎng	shuǎng
䗯	jìn	jìn
䗰	guàn	guàn
䗱	pú	pù|pú|pǔ
䗲	lìn	lìn
䗴	tíng	tíng
䗵	jiāng	jiāng
䗶	là	là
䗷	yì	yì
䗸	yōng	yōng
䗹	cì	cì
䗺	yǎn	dàn|yǎn
䗻	jié	jié
䗼	xūn	xūn
䗽	wèi	wèi
䗾	xiǎn	xiǎn
䗿	níng	níng|nǐng
䘀	fù	fù
䘁	gé	gé
䘃	mò	mò
䘄	zhù	zhù
䘅	nái	nái
䘆	xiǎn	xiǎn
䘇	wén	wén
䘈	lì	lì
䘉	cán	cán
䘊	miè	miè
䘋	jiān	jiān
䘌	nì	nì
䘍	chài	chài
䘎	wān	wān
䘏	xù	xù
䘐	nǜ	nǜ
䘑	mài	mài
䘒	zuī	zuī
䘓	kàn	kàn
䘔	kā	kā
䘕	háng	háng
䘘	yù	sù|yù
䘙	wèi	wèi
䘚	zhú	zhú
䘝	yì	yì
䘟	diāo	diāo
䘠	fú	fú
䘡	bǐ	bǐ
䘢	zhǔ	zhǔ
䘣	zǐ	zhì|zǐ
䘤	shù	shù
䘥	xiá	jiá|xiá
䘦	ní	ní|nǐ
䘨	jiǎo	jiǎo
䘩	xún	xuàn|xún
䘪	chōng	chōng
䘫	nòu	nòu
䘬	róng	róng
䘭	zhì	zhì
䘮	sāng	sàng|sāng
䘰	shān	shān
䘱	yù	yù
䘳	jīn	jīn
䘵	lù	lù
䘶	hān	hàn|hān
䘷	biē	biē
䘸	yì	yì
䘹	zuì	cuì|zuì
䘺	zhàn	zhàn
䘻	yù	yù
䘼	wǎn	wǎn
䘽	ní	ní
䘾	guǎn	guàn|guǎn
䘿	jué	jué
䙀	běng	běng
䙁	cán	cán
䙃	duò	duò
䙄	qì	qì|zhǎ
䙅	yāo	yào|yāo
䙆	kuì	kuì
䙇	ruán	nuǎn|ruán
䙈	hóu	hóu
䙉	xún	xún
䙊	xiè	xiè
䙌	kuì	kuì
䙎	xié	xié|xì
䙏	bó	bó
䙐	kè	kè
䙑	cuī	cuī
䙒	xù	xù
䙓	bǎi	bǎi
䙔	ōu	ōu
䙕	zǒng	zǒng
䙗	tì	tì
䙘	chǔ	chǔ|zú
䙙	chí	chí
䙚	niǎo	niǎo
䙛	guàn	guàn
䙜	féng	féng
䙝	xiè	xiè
䙞	dēng	dēng
䙟	wéi	wéi
䙠	jué	jué
䙡	kuì	huì|kuì
䙢	zèng	zèng
䙣	sà	sà
䙤	duǒ	duǒ
䙥	líng	líng
䙦	méng	méng
䙨	guǒ	guǒ
䙩	méng	méng
䙪	lóng	lóng
䙬	yìng	yìng
䙮	guàn	guàn
䙯	cù	cù
䙰	lí	lí
䙱	dú	dú
䙳	biāo	biāo|è
䙴	qiān	qiān
䙵	xī	xī
䙷	dé	dé
䙸	dé	dé
䙹	xiàn	xiàn
䙺	lián	lián
䙼	shào	jiāo|shào
䙽	xié	xié
䙾	shī	shī
䙿	wèi	wèi
䚂	hè	hè
䚃	yóu	yóu
䚄	lù	lù
䚅	lài	lài|lái
䚆	yǐng	yǐng
䚇	shěng	shěng
䚈	juàn	juàn
䚉	qì	qì
䚊	jiǎn	jiǎn
䚋	yùn	yùn
䚍	qì	qì
䚏	lìn	lìn
䚐	jí	jí
䚑	mái	mái
䚒	chuáng	chuáng|zhuàng
䚓	niǎn	niǎn
䚔	bīn	bīn
䚕	lì	lì
䚖	líng	líng
䚗	gāng	gāng
䚘	chéng	chéng
䚙	xuān	xuān|xī
䚚	xiǎn	xiǎn
䚛	hú	hú
䚜	bī	bēi|bī
䚝	zú	zú
䚞	dǎi	dǎi
䚟	dǎi	dǎi
䚠	hùn	hùn|hún
䚡	sāi	sāi
䚢	chè	chè
䚣	tí	tí
䚥	nuò	nuò|ruò
䚦	zhì	zhì
䚧	liú	liú
䚨	fèi	fèi
䚩	jiǎo	jiào|jiǎo|qiáo
䚪	guān	guān
䚫	xí	xí|áo
䚬	lín	lín
䚭	xuān	xuān
䚮	réng	réng
䚯	tǎo	tǎo|xuān
䚰	pǐ	pǐ|é
䚱	xìn	xìn
䚲	shàn	shàn
䚳	zhì	zhì
䚴	wà	wà
䚵	tǒu	tǒu
䚶	tiān	tiān
䚷	yī	xì|yī|yǐ
䚸	xiè	xiè
䚹	pǐ	pǐ
䚺	yáo	yáo
䚻	yáo	yáo|yóu
䚼	nǜ	nǜ
䚽	hào	hào
䚾	nín	nín|rén
䚿	yìn	xī|yìn
䛀	fǎn	bàn|fàn|fǎn
䛁	nán	nán
䛂	yāo	yāo
䛃	wàn	wàn
䛄	yuǎn	yuǎn
䛅	xiá	xiá
䛆	zhòu	zhòu
䛇	yuǎn	yuǎn
䛈	shì	shì
䛉	miàn	miàn
䛊	xī	xī|zhī
䛋	jì	jì
䛌	táo	páo|táo
䛍	fèi	fèi
䛎	xuè	xuè
䛏	ní	nì|ní|nǐ
䛐	cí	cí
䛑	mì	mì
䛒	biàn	biàn
䛓	jiān	jiān
䛔	ná	ná
䛕	yù	yù
䛖	è	è
䛗	zhǐ	zhǐ
䛘	rén	nín|rén
䛙	xù	xù
䛚	lüè	lüè
䛛	huì	huì
䛜	xùn	xùn
䛝	náo	náo
䛞	hàn	hàn
䛟	jiá	jiá
䛠	dòu	dòu
䛡	huà	huà
䛢	tū	tū
䛣	pīng	chōu|pīng
䛤	cù	cù
䛥	xī	xì|xī|xīn
䛦	sòng	sòng
䛧	mí	mí
䛨	xìn	xìn
䛩	wù	qià|wù|è
䛪	qióng	qióng
䛫	zhāng	zhèng|zhāng
䛬	táo	táo
䛭	xìng	xìng
䛮	jiù	jiù
䛯	jù	jù
䛰	hùn	hùn
䛱	tí	tí
䛲	mán	mán
䛳	yàn	yàn|yān
䛴	jī	jī|qǐ
䛵	shòu	shòu
䛶	lěi	lěi
䛷	wǎn	wǎn
䛸	chè	chè
䛹	càn	càn|xuàn
䛺	jiè	jiè
䛻	yòu	yòu
䛼	huǐ	huǐ
䛽	zhǎ	chā|sà|zhǎ
䛾	sù	sù
䛿	gé	gé
䜀	nǎo	nǎo
䜁	xì	xì
䜃	duī	duī
䜄	chí	chí
䜅	wéi	chuī|wéi
䜆	zhé	mò|niè|zhé
䜇	gǔn	gùn|gǔn
䜈	chāo	chāo|zhāo
䜉	chī	chī
䜊	zāo	zào|zāo
䜋	huì	huì
䜌	luán	luán
䜍	liáo	liáo
䜎	láo	lào|láo
䜏	tuō	tuō
䜐	huī	huī
䜑	wù	wù
䜒	ào	ào
䜓	shè	shè
䜔	suí	suí
䜕	mài	hài|mài
䜖	tàn	tàn
䜗	xìn	hàn|xìn
䜘	jǐng	jǐng
䜙	án	án|è
䜚	tà	tà
䜛	chán	chán
䜜	wèi	wèi
䜝	tuǎn	tuǎn
䜞	jì	jì
䜟	chén	chén
䜠	chè	chè
䜡	yù	yù
䜢	xiǎn	xiǎn
䜣	xīn	xīn
䜧	nǎo	nǎo
䜩	yàn	yàn
䜪	qiú	qiú
䜫	jiāng	hóng|jiāng
䜬	sǒng	sǒng
䜭	jùn	jùn|ruì
䜮	liáo	liáo|láo
䜯	jú	jú
䜱	mǎn	mǎn
䜲	liè	liè
䜴	chù	chù|shì
䜵	chǐ	chǐ
䜶	xiáng	xiáng
䜷	qīn	qīn
䜸	měi	méi|měi
䜹	shù	shù
䜺	chǎi	chǎi|cè
䜻	chǐ	chǐ
䜼	gú	gú|móu
䜽	yú	yú
䜾	yīn	yīn
䝀	liú	liáo|liú
䝁	láo	láo
䝂	shù	shù
䝃	zhé	zhé
䝄	shuāng	shuāng
䝅	huī	huī
䝈	è	è
䝊	shà	shà
䝋	zòng	zòng
䝌	jué	jué
䝍	jùn	jùn|jūn
䝎	tuān	tuān
䝏	lóu	lóu
䝐	wéi	duò|wéi
䝑	chōng	chōng
䝒	zhù	zhù
䝓	liè	liè
䝕	zhé	zhé
䝖	zhǎo	zhǎo
䝘	yì	yì
䝙	chū	chū
䝚	ní	ní
䝛	bō	bō
䝜	suān	suān
䝝	yǐ	yǐ
䝞	hào	hào
䝟	yà	yà
䝠	huán	huán
䝡	màn	màn
䝢	màn	màn
䝣	qú	qú
䝤	lǎo	liáo|lǎo
䝥	háo	háo
䝦	zhōng	zhōng
䝧	mín	mín
䝨	xián	xián
䝩	zhèn	zhèn
䝪	shǔ	shǔ
䝫	zuó	zuó
䝬	zhù	zhù
䝭	gòu	gòu
䝮	xuàn	xuàn
䝯	yì	yì
䝰	zhì	zhì
䝱	xié	xié
䝲	jìn	jìn
䝳	cán	cán|hài
䝵	bù	bù
䝶	liáng	liáng
䝷	zhī	zhì|zhī
䝸	jì	jì
䝹	wǎn	wǎn
䝺	guàn	guàn
䝻	jū	jū
䝼	jìng	jìng|qíng
䝽	ài	ài
䝾	fù	fù
䝿	guì	guì
䞀	hòu	hòu
䞁	yàn	yàn
䞂	ruǎn	ruǎn
䞃	zhì	zhì
䞄	biào	biào
䞅	yí	yí
䞆	suǒ	suǒ
䞇	dié	dié
䞈	guì	guì
䞉	shèng	shèng
䞊	xùn	xùn
䞋	chèn	chèn
䞌	shé	shé
䞍	qíng	qíng
䞐	chǔn	chǔn
䞑	hóng	hóng
䞒	dòng	dòng
䞓	chēng	chēng
䞔	wěi	wěi
䞕	rú	rú|yú
䞖	shǔ	shǔ
䞗	cāi	chāi|cāi
䞘	jí	jí
䞙	zá	zá
䞚	qí	kuí|qí
䞛	yān	yān
䞜	fù	fù
䞝	yù	yù
䞞	fú	fú
䞟	pò	pò
䞠	zhī	zhī
䞡	tǎn	tǎn
䞢	zuó	zuó
䞣	chě	chè|chě|qiè
䞤	qú	fǔ|qú|qǔ
䞥	yòu	yòu
䞦	hé	hé
䞧	hòu	hòu
䞨	guǐ	guǐ
䞩	è	xiá|è
䞪	jiàng	jiàng
䞫	yǔn	yǔn
䞬	tòu	tòu
䞭	cūn	cūn|qiǔ
䞮	tū	tū
䞯	fù	fù|fú
䞰	zuó	zuó
䞱	hú	hú
䞳	bó	bó
䞴	zhāo	zhāo
䞵	juě	juě|zhuò
䞶	tāng	tì|tāng
䞷	jué	jué
䞸	fù	fù
䞹	huáng	huáng
䞺	chūn	chūn
䞻	yǒng	yǒng
䞼	chuǐ	chuǐ
䞽	suǒ	suǒ
䞾	chí	chí|dì
䞿	qiān	qiān
䟀	cāi	cāi
䟁	xiáo	chāo|xiáo|xiāo
䟂	mán	mán
䟃	cān	cà|cān
䟄	qì	qì|zuó|zè
䟅	jiàn	jiàn|zàn
䟆	bì	bì
䟇	jī	jī|xī
䟈	zhí	zhí
䟉	zhú	shǔ|zhú
䟊	qú	qú
䟋	zhǎn	zhǎn
䟌	jí	jí
䟍	biān	biān|dián
䟏	lì	lì
䟐	lì	lì
䟑	yuè	yuè
䟒	quán	quán
䟓	chēng	chēng|dīng|zhēng
䟔	fù	bó|fù
䟕	chà	chà
䟖	tàng	tàng
䟗	shì	shì
䟘	hàng	hàng
䟙	qiè	qiè
䟚	qí	qí
䟛	bó	bèi|bó|fèi
䟜	nà	nà
䟝	tòu	tòu
䟞	chú	chú
䟟	cù	cù
䟠	yuè	yuè
䟡	zhī	dì|zhī
䟢	chén	chén
䟣	chù	chù
䟤	bì	bié|bì
䟥	méng	méng
䟦	bá	bá
䟧	tián	tián
䟨	mín	mín|mǐn
䟩	liě	liě|què
䟪	fěng	fěng|fǎn
䟫	chēng	chēng|shàng
䟬	qiù	qiù
䟭	tiáo	tiáo|zuò
䟮	fú	bó|fú
䟯	kuò	kuò
䟰	jiǎn	jiǎn
䟴	zhèn	zhèn
䟵	qiú	qiú
䟶	zuò	cuò|zuò
䟷	chì	chì|qì
䟸	kuí	guī|kuí
䟹	liè	liè
䟺	bèi	bèi|pèi
䟻	dù	dù|zhà
䟼	wǔ	wǔ
䟾	zhuó	juě|zhuó
䟿	lù	lù
䠀	tāng	chǎng|tàng|tāng
䠂	chú	chú
䠃	liǎng	liǎng
䠄	tiǎn	tiǎn
䠅	kǔn	kǔn
䠆	cháng	cháng
䠇	jué	jué
䠈	tú	tú
䠉	huàn	huàn
䠊	fèi	fèi
䠋	bì	bì|bāi|bǐ
䠍	xiā	qiá|qié|xiā
䠎	wò	wò
䠏	jì	jì|kuí
䠐	qù	qù
䠑	kuǐ	kuí|kuǐ|wěi
䠒	hú	hú
䠓	qiū	cù|qiū
䠔	suì	suì
䠕	cāi	cāi
䠗	qiù	qiù|xiòng
䠘	pì	pì
䠙	páng	páng
䠚	wà	wà|wǎ
䠛	yáo	yáo
䠜	róng	róng|rǒng
䠝	xūn	xūn
䠞	cù	cù
䠟	dié	dié
䠠	chì	chì|dài
䠡	cuó	chá|cuó
䠢	mèng	mèng
䠣	xuǎn	xuǎn
䠤	duǒ	duò|duǒ
䠥	bié	bié
䠦	zhè	zhè
䠧	chú	chú
䠨	chàn	chàn
䠩	guì	guì
䠪	duàn	duàn
䠫	zòu	zòu
䠬	dèng	dèng
䠭	lái	lái
䠮	téng	téng
䠯	yuè	yuè
䠰	quán	quán
䠱	zhú	zhú
䠲	líng	líng
䠳	chēn	chēn
䠴	zhěn	zhěn
䠵	fù	fù
䠶	shè	shè
䠷	tiǎo	tiǎo
䠸	kuā	kuā
䠹	ái	ái
䠻	qióng	qióng
䠼	shù	shù
䠽	hái	hái|kǎi
䠾	shǎn	shǎn
䠿	wài	kuì|wài
䡀	zhǎn	zhàn|zhǎn
䡁	lǒng	lǒng
䡂	jiū	jiù|jiū
䡃	lì	lì
䡅	chūn	chūn|xún
䡆	róng	róng
䡇	yuè	yuè
䡈	jué	jiào|jué
䡉	kǎng	kǎng
䡊	fǎn	fǎn
䡋	qí	qí
䡌	hóng	hóng
䡍	fú	fú
䡎	lú	lú
䡏	hóng	hóng
䡐	tuó	tuó
䡑	mín	mín
䡒	tián	tián
䡓	juàn	juàn|xuān
䡔	qǐ	qǐ
䡕	zhěng	zhěng
䡖	qìng	qìng
䡗	gǒng	gòng|gǒng
䡘	tián	tián
䡙	láng	láng
䡚	mào	mào
䡛	yìn	yìn
䡜	lù	lù
䡝	yuān	yuān|yǔn
䡞	jú	jú
䡟	pì	pì
䡡	xié	xié
䡢	biàn	biàn
䡣	hūn	hūn|xuān
䡤	zhū	zhū
䡥	róng	róng
䡦	sǎng	sǎng
䡧	wū	wū|wǔ
䡨	chà	chà
䡩	kēng	kēng|zhěn
䡪	shàn	shàn
䡫	péng	péng
䡬	màn	màn
䡭	xiū	xiū
䡯	cōng	cōng|zǒng
䡰	kēng	gǔ|kēng|kěng
䡱	zhuǎn	zhuǎn
䡲	chán	chán|dān
䡳	sī	sī
䡴	chōng	chōng
䡵	suì	suì
䡶	bèi	bèi
䡷	kài	kài|kě
䡹	zhì	zhì
䡺	wèi	wèi
䡻	mín	mín
䡼	líng	líng
䡽	zuān	zuān
䡾	niè	niè|yè|yǐ
䡿	líng	líng
䢀	qì	qì
䢁	yuè	yuè
䢃	yì	yì
䢄	xǐ	xǐ
䢅	chén	chén
䢇	rǒng	rǒng
䢈	chén	chén|huì
䢉	nóng	nóng
䢊	yóu	yóu
䢋	jì	jì
䢌	bó	bó
䢍	fǎng	fǎng
䢐	cú	cú
䢑	dǐ	dì|dǐ
䢒	jiāo	jiāo
䢓	yú	yú
䢔	hé	hé
䢕	xù	xù
䢖	yù	lǜ|yù
䢗	qū	qū
䢙	bài	bài
䢚	gēng	gēng|háng
䢛	jiǒng	jiǒng
䢝	yà	yà
䢞	shù	shù
䢟	yóu	yóu
䢠	sòng	sòng
䢡	yè	xiè|yè|zhuì
䢢	càng	càng
䢣	yáo	yáo
䢤	shù	shù
䢥	yán	yán
䢦	shuài	shuài
䢧	liào	liào
䢨	cōng	cōng|zōng
䢩	yù	yù
䢪	bó	bó
䢫	suí	suí
䢭	yàn	xiàn|yàn
䢮	lèi	lèi
䢯	lín	lín
䢰	tī	tī
䢱	dú	dú
䢲	yuè	yuè
䢳	jǐ	jǐ
䢵	yún	yún
䢸	jū	jū
䢹	jǔ	jǔ|qú
䢺	chū	chū
䢻	chén	chén
䢼	gōng	gōng
䢽	xiàng	xiàng
䢾	xiǎn	xiǎn
䢿	ān	ān
䣀	guǐ	guǐ|qī|wéi
䣁	yǔ	yǔ
䣂	lěi	lěi
䣄	tú	tú
䣅	chén	chén
䣆	xíng	xíng
䣇	qiú	qiú
䣈	hàng	hàng
䣊	dǎng	dǎng
䣋	cǎi	cǎi
䣌	dǐ	dǐ
䣍	yǎn	yān|yǎn
䣎	zī	zī
䣐	yīng	yīng
䣑	chán	chán
䣓	lí	lì|lí
䣔	suǒ	suǒ
䣕	mǎ	mǎ
䣖	mǎ	mǎ
䣘	táng	táng
䣙	péi	bēi|péi|pěng
䣚	lóu	lóu
䣛	qī	qī|xī
䣜	cuó	cuó
䣝	tú	tú
䣞	è	è
䣟	cán	cán|cǎn|tì
䣠	jié	jié|tì|zá
䣡	yí	yí
䣢	jí	jí
䣣	dǎng	dǎng
䣤	jué	jué
䣥	bǐ	bǐ
䣦	lèi	lèi
䣧	yì	yì
䣨	chún	chún
䣩	chún	chún
䣪	pò	pò
䣫	lí	lí
䣬	zǎi	gē|zǎi
䣭	tài	tài
䣮	pò	pò
䣯	cú	cú|tiǎn
䣰	jù	jù
䣱	xù	xù
䣲	fàn	fàn
䣴	xù	xù
䣵	èr	èr
䣶	huó	huó|tián
䣷	zhū	zhū
䣸	rǎn	nàn|nǎn|rǎn
䣹	fá	fá
䣺	juān	juān
䣻	hān	hān
䣼	liáng	liáng
䣽	zhī	tǐ|zhī
䣾	mì	mì
䣿	yū	yū
䤁	cén	cén
䤂	méi	méi
䤃	yīn	yìn|yīn|ān
䤄	miǎn	miǎn
䤅	tú	tú
䤆	kuí	guì|kuí
䤉	mì	mì
䤊	róng	róng
䤋	yù	guó|yù
䤌	qiāng	qiāng
䤍	mí	mí
䤎	jú	jué|jú
䤏	pǐ	pǐ
䤐	jǐn	jǐn
䤑	wàng	wàng
䤒	jì	jì|jǐ
䤓	méng	méng
䤔	jiàn	jiàn
䤕	xuè	hù|xuè
䤖	bào	bào
䤗	gǎn	gǎn
䤘	chǎn	chǎn|qiǎn
䤙	lì	lì
䤚	lǐ	lǐ
䤛	qiú	qiú
䤜	dùn	dùn
䤝	yìng	yìng
䤞	yǔn	yǔn
䤟	chén	chén
䤠	zhǐ	zhǐ
䤡	rǎn	rǎn
䤣	lüè	lüè
䤤	kāi	kāi
䤥	guǐ	guǐ|wěi
䤦	yuè	yuè
䤧	huì	huì
䤨	pì	pì
䤩	chá	chá
䤪	duǒ	duǒ
䤫	chán	chán
䤬	shā	shā
䤭	shì	shì
䤮	shè	shè
䤯	xíng	xíng
䤰	yíng	yíng
䤱	shì	shì
䤲	chì	chì
䤳	yè	yè
䤴	hán	hán
䤵	fèi	fèi|fēi|pī
䤶	yè	yè|ān
䤷	yǎn	yǎn
䤸	zuàn	zuàn
䤹	sōu	sōu
䤺	jīn	jīn|yǐn
䤻	duò	duò
䤼	xiàn	xiàn
䤽	guān	guān
䤾	tāo	tāo
䤿	qiè	qiè
䥀	chǎn	chǎn
䥁	hán	hán
䥂	mèng	mèng
䥃	yuè	yuè
䥄	cù	cù
䥅	qiàn	qiàn
䥆	jǐn	jǐn
䥇	shàn	shàn
䥈	mǔ	mǔ
䥉	yuān	yuān
䥋	pēng	pēng
䥌	zhèng	zhèng
䥍	zhì	zhì
䥎	chún	chún
䥏	yǔ	yǔ
䥐	móu	móu
䥑	mài	mài
䥒	jiàng	jiàng
䥓	qī	qī
䥔	sù	sù
䥕	piě	piě
䥖	tián	tián
䥗	kuǎn	kuǎn
䥘	cù	cù
䥙	suì	suì
䥛	jiē	jié|jiē|qì
䥜	jiàn	jiàn
䥝	áo	áo
䥞	jiǎo	jiǎo
䥟	yè	yè
䥡	yè	yè
䥢	lóng	lóng|qī
䥣	záo	záo
䥤	báo	báo
䥥	lián	lián
䥧	huán	huán
䥨	lǜ	lú|lǜ
䥩	wéi	wéi
䥪	xiǎn	xiǎn
䥫	tiě	tiě
䥬	bó	bó
䥭	zhèng	zhèng
䥮	zhú	zhú
䥯	bēi	bà|bēi
䥰	méng	méng
䥱	xiě	xiě
䥲	ōu	ōu
䥳	yōu	yōu
䥵	xiǎo	xiǎo
䥶	lì	lì
䥷	zhá	zhá
䥸	mí	mí
䥺	yé	yé
䥽	pō	pō
䥾	xiě	xiě
䦂	shàn	shàn
䦃	zhuō	zhuō
䦅	shàn	shàn
䦆	jué	jué
䦇	jì	jì
䦈	jiē	jiē|zuǒ
䦊	niǎo	niǎo
䦋	áo	áo
䦌	chù	chù
䦍	wù	wù
䦎	guǎn	guǎn|kàng
䦏	xiè	xiè
䦐	tǐng	tǐng
䦑	xuè	xuè
䦒	dàng	dàng|qiāo
䦓	zhān	chān|zhān
䦔	tǎn	dǎn|tǎn
䦕	pēng	pēng
䦖	xié	xiá|xié
䦗	xù	xù
䦘	xiàn	xiàn
䦙	sì	shì|sì
䦚	kuà	kuà
䦛	zhèng	zhèng
䦜	wú	wú
䦝	huō	huō
䦞	rùn	rùn
䦟	chuài	chuài|wěn
䦠	dū	dū
䦡	huán	huán
䦢	kuò	kuò
䦣	fù	fù
䦤	chuài	chuài
䦥	xián	xián
䦦	qín	qín
䦧	qié	qié
䦨	lán	lán
䦪	yà	yà
䦫	yīng	yīng
䦬	què	què
䦭	hāng	hāng
䦮	chǔn	chǔn
䦯	zhì	zhì
䦱	wěi	kuā|wěi
䦲	yán	chàn|qiàn|yán
䦳	xiàng	xiàng
䦴	yì	yì
䦵	nǐ	nǐ
䦶	zhèng	zhèng
䦷	chuài	chuài
䦹	shí	shí
䦺	dīng	dīng
䦻	zǐ	zǐ
䦼	jué	jué|pì
䦽	xù	xù
䦾	yuán	yuán
䧁	xǔ	xǔ
䧂	dào	dào
䧃	tián	tián
䧄	gè	gè
䧅	yí	yí
䧆	hóng	hóng
䧇	yī	yī|yǐ
䧉	lǐ	lǐ
䧊	kū	kū
䧋	xiǎn	xiàn|xiǎn
䧌	suī	suī
䧍	xì	xì
䧎	xuàn	xuàn
䧑	dī	dī
䧒	lái	lái
䧓	zhōu	zhōu
䧔	niàn	niàn
䧕	chéng	chéng
䧖	jiàn	jiàn
䧗	bì	bì
䧘	zhuàn	zhuàn
䧙	líng	líng
䧚	hào	hào
䧛	bàng	bàng|péng
䧜	táng	táng
䧝	chī	chī|zhì
䧞	mà	fù|mà
䧟	xiàn	xiàn
䧠	shuàn	shuàn
䧡	yōng	yōng
䧢	qū	qū|ōu
䧤	pú	pú
䧥	huì	huì
䧦	wéi	wéi
䧧	yǐ	yǐ
䧨	yè	yè
䧪	chè	chè
䧫	háo	háo
䧬	bīn	bīn
䧮	xiàn	xiàn|xiǎn
䧯	chán	chán|zhàn
䧰	hùn	hùn
䧲	hàn	hàn
䧳	cí	cí|zhuī
䧴	zhī	zhī
䧵	qí	qí
䧶	kuí	kuí
䧷	róu	róu
䧹	yīng	yīng
䧺	xióng	xióng
䧼	hú	hú
䧽	cuǐ	cuǐ
䧿	què	què|xī
䨀	dí	dí
䨁	wù	wù
䨂	qiū	qiū
䨄	yàn	yàn
䨅	liáo	liáo
䨆	bí	bí
䨈	bīn	bīn
䨊	yuān	yuān
䨋	nüè	nüè
䨌	báo	báo
䨍	yǐng	yǐng
䨎	hóng	hóng
䨏	cí	cí
䨐	qià	qià
䨑	tí	tí
䨒	yù	yù
䨓	léi	léi
䨔	báo	báo
䨖	jì	jì
䨗	fú	fú
䨘	xiàn	xiàn
䨙	cén	cén
䨚	hū	hū
䨛	sè	sè|xī
䨜	bēng	bēng
䨝	qīng	qīng
䨞	yǔ	yù|yǔ
䨟	wā	wā
䨠	ǎi	ǎi
䨡	hán	hán
䨢	dàn	dàn
䨣	gé	gé
䨤	dí	dí
䨥	huò	huò|shuāng
䨦	pāng	pāng
䨨	zhuī	zhuī
䨩	líng	líng
䨪	mái	mái
䨫	mài	mài
䨬	lián	lián
䨭	xiāo	xiāo
䨮	xuě	xuě
䨯	zhèn	zhèn
䨰	pò	pò
䨱	fù	fù
䨲	nóu	nóu|wàn
䨳	xì	xì|xī
䨴	duì	duì
䨵	dàn	dàn
䨶	yǔn	yǔn
䨷	xiàn	xiàn
䨸	yǐn	yǐn
䨹	shū	shū
䨺	duì	duì
䨻	bèng	bèng
䨼	hù	hù
䨽	fěi	fěi
䨾	fèi	fèi
䨿	zá	zá
䩀	bèi	bèi
䩁	fēi	fēi
䩂	xiān	xiān
䩃	shì	shì
䩄	miǎn	miǎn|tiǎn
䩅	zhǎn	nǎn|zhǎn
䩆	zhǎn	zhǎn
䩇	zhān	diān|zhān
䩈	huì	huì
䩉	fǔ	fǔ
䩊	wǎn	wò|wǎn
䩋	mǒ	mǒ
䩌	qiáo	qiáo
䩍	liǎo	liǎo
䩏	miè	miè
䩐	hū	gé|hū|jí
䩑	hóng	hóng
䩒	yú	yú
䩓	qí	qí
䩔	duò	duò|pán|shān
䩕	áng	yìng|áng
䩗	bà	bà
䩘	dì	dì
䩙	xuàn	xiǎn|xuàn
䩚	dì	dì|dī
䩛	bì	bì|pèi
䩜	zhòu	zhòu
䩝	páo	páo
䩞	tié	diē|tié
䩟	yí	tì|yí
䩡	jiá	gé|jiá
䩢	zhì	dá|zhì
䩣	tú	tú
䩤	xié	xié
䩥	dàn	chān|dàn
䩦	tiáo	tiáo
䩧	xiè	xiè
䩨	chàng	chàng|zhāng
䩩	yuǎn	yuǎn
䩪	guǎn	guǎn
䩫	liǎng	liǎng
䩬	běng	běng|fěng
䩮	lù	lù
䩯	jí	jí|qì
䩰	xuàn	xuàn
䩱	shù	shù|shū|yú
䩲	dū	dū
䩳	sōu	sōu
䩴	hú	hú
䩵	yùn	yùn
䩶	chǎn	chǎn
䩷	bāng	bāng
䩸	róng	róng|rǒng
䩹	é	kuò|é
䩺	wēng	wēng
䩻	bà	bà
䩼	féng	féng
䩽	yū	yū
䩾	zhè	zhè
䩿	fén	fén
䪀	guǎn	guǎn
䪁	bǔ	bǔ
䪂	gé	gé
䪃	dūn	dūn
䪄	huáng	huáng
䪅	dú	dú
䪆	tǐ	tǐ
䪇	bó	bó
䪈	qiàn	qiàn
䪉	liè	liè
䪊	lóng	lóng
䪋	wèi	wèi
䪌	zhàn	shān|zhàn
䪍	lán	lán
䪎	suī	suī
䪏	nà	dā|nà
䪐	bì	bì
䪑	tuó	tuó
䪒	zhù	zhù
䪓	diē	diē
䪔	bǔ	bǔ|fù
䪕	jú	jú
䪖	pò	pò
䪗	xiá	xiá
䪘	wěi	dī|wěi
䪙	pò	fù|fú|pò
䪚	dā	dā|tà
䪛	fān	fán|fān
䪜	chān	chàn|chān|yán
䪝	hù	hù
䪞	zá	zá
䪤	fán	fán
䪥	xiè	xiè
䪦	hóng	hóng
䪧	chí	chí
䪨	báo	báo
䪩	yín	yín
䪫	jīng	jīng
䪬	bó	bó
䪭	ruǎn	ruǎn
䪮	chǒu	chǒu
䪯	yīng	yīng
䪰	yī	yī
䪱	gǎi	gǎi|hái
䪲	kūn	kūn
䪳	yǔn	yǔn
䪴	zhěn	dàn|dǎn|zhěn
䪵	yǎ	yǎ
䪶	jū	jū
䪷	hòu	gòu|hòu
䪸	mín	mén|mín
䪹	bāi	bāi|péi|pī
䪺	gé	gé
䪻	biàn	biàn|fàn
䪼	zhuō	zhuō
䪽	hào	hào
䪾	zhěn	zhěn
䪿	shěng	shěng
䫀	gěn	gěn
䫁	bì	bì
䫂	duǒ	duǒ
䫃	chún	chún|zhèn
䫄	chuà	chuà
䫅	sàn	sàn
䫆	chéng	chéng
䫇	rán	rán
䫈	chěn	chěn|cén|zèn
䫉	mào	mào
䫊	péi	péi
䫋	wēi	tuí|wēi
䫌	pǐ	pǐ
䫍	fǔ	fǔ
䫎	zhuō	zhuō
䫏	qī	qī
䫐	lín	lín
䫑	yī	qī|yī
䫒	mén	mén
䫓	wú	wú
䫔	qì	kuí|qiè|qì|yà
䫕	dié	dié
䫖	chěn	chěn|shèn
䫗	xiá	xiá
䫘	hé	hé|jié|kě
䫙	sǎng	sǎng
䫚	guā	guā
䫛	hóu	hóu
䫜	āo	āo
䫝	fǔ	fǔ
䫞	qiāo	fén|qiāo
䫟	hùn	hùn
䫠	pī	pī
䫡	yán	jiàn|qiàn|qiān|yán
䫢	sī	sī
䫣	xí	xí
䫤	míng	míng
䫥	kuǐ	kuǐ
䫦	gé	gé|kài
䫨	ào	ào
䫩	sǎn	sǎn
䫪	shuǎng	shuǎng
䫫	lóu	lóu
䫬	zhěn	qǐn|zhěn
䫭	huì	huì
䫮	chán	chán
䫰	lìn	lìn
䫱	ná	ná
䫲	hàn	hàn|kǎn
䫳	dú	dú
䫴	jìn	jìn
䫵	mián	mián
䫶	fán	fán
䫷	è	è
䫸	chāo	chāo
䫹	hóng	hóng
䫺	hóng	hóng
䫻	yù	yù
䫼	xuè	xuè
䫽	pāo	pāo
䫾	bī	bì|bī
䫿	chāo	chāo
䬀	yǒu	yǒu
䬁	yí	yí
䬂	xuè	xuè
䬃	sà	sà
䬄	xù	xù
䬅	lì	liè|lì|xié
䬆	lì	lì
䬇	yuàn	yuàn
䬈	duì	duì
䬉	huò	huò
䬊	shà	shà
䬋	léng	léng
䬌	pōu	pōu
䬍	hū	hū
䬎	guó	guó|xù
䬏	bù	bù|fǒu
䬐	ruí	ruí
䬑	wèi	wèi|yù
䬒	sōu	sōu|xiāo
䬓	àn	àn
䬔	yú	yú
䬕	xiāng	shǎng|xiāng
䬖	héng	héng
䬗	yáng	yáng
䬘	xiāo	xiāo
䬙	yáo	yáo
䬛	bì	bì
䬝	héng	héng
䬞	táo	táo
䬟	liú	liú|liǔ
䬡	zhù	zhù
䬣	xì	gē|qì|xì
䬤	zàn	zhān|zàn
䬥	yì	yì
䬦	dòu	dòu|shè
䬧	yuán	yuán
䬨	jiù	jiù
䬪	bó	bó
䬫	tí	tí
䬬	yǐng	yǐng
䬮	yí	yí
䬯	nián	nián|tiǎn
䬰	shào	shào
䬱	bèn	bèn
䬲	gōu	gōu
䬳	bǎn	bǎn
䬴	mò	mò
䬵	gāi	gāi|ài
䬶	èn	èn
䬷	shě	shě
䬹	zhì	zhì
䬺	yàng	yàng
䬻	jiàn	jiàn
䬼	yuàn	yuàn
䬽	shuì	duì|shuì
䬾	tí	tí
䬿	wěi	wèi|wěi
䭀	xùn	xùn
䭁	zhì	zhì
䭂	yì	yì
䭃	rěn	niè|rěn
䭄	shì	shì
䭅	hú	hú
䭆	nè	nè
䭇	yē	yì|yē
䭈	jiàn	jiàn
䭉	suǐ	suǐ
䭊	yǐng	yǐng
䭋	bǎo	bǎo
䭌	hú	hú
䭍	hú	hú
䭎	yè	yè
䭐	yàng	yàng
䭑	lián	lián|qiàn|xiàn
䭒	xī	xī
䭓	èn	èn
䭔	duī	duī
䭕	zǎn	jiǎn|zǎn
䭖	zhù	zhù
䭗	yǐng	yǐng
䭘	yǐng	yǐng
䭙	jǐn	jiàn|jǐn
䭚	chuáng	chuáng
䭛	dàn	dàn
䭝	kuài	kuài
䭞	yì	yì
䭟	yè	yè
䭠	jiǎn	jiǎn
䭡	èn	èn
䭢	níng	níng
䭣	cí	cí
䭤	qiǎn	qiǎn
䭥	xuè	xuè
䭦	bō	bō
䭧	mǐ	mǐ
䭨	shuì	shuì
䭩	mó	mó
䭪	liáng	liáng
䭫	qǐ	qǐ
䭬	qǐ	qǐ
䭭	shǒu	shǒu
䭮	fú	fú
䭯	bó	bó
䭰	bèng	bèng
䭱	bié	bié
䭲	yǐ	yǐ
䭳	wèi	wèi
䭴	huán	huán
䭵	fán	fán
䭶	qí	qí
䭷	máo	máo
䭸	fù	fù
䭹	áng	áng
䭺	ǎng	ǎng
䭻	fù	fù|fēn
䭼	qí	qí
䭽	qún	qún
䭾	tuó	tuó
䭿	yì	yì
䮀	bó	bó
䮁	pián	pián
䮂	bá	bá
䮄	xuán	xuán
䮇	yù	yù
䮈	chí	chí
䮉	lú	lú
䮊	yí	yí
䮋	lì	lì
䮍	niǎo	niǎo
䮎	xì	xì
䮏	wú	wú
䮑	lèi	luò|lèi
䮒	pū	pū
䮓	zhuō	chào|zhuō
䮔	zuī	zuī
䮕	zhuó	zhuó
䮖	chāng	chāng
䮗	àn	yàn|àn
䮘	ér	ér
䮙	yù	yù
䮚	lèng	lèng|líng
䮛	fù	fù
䮜	zhá	yè|zhá
䮝	hún	hún
䮞	chǔn	chǔn
䮟	sōu	sōu|sǒu
䮠	bī	bī
䮡	bì	bì|bó
䮢	zhá	zhá
䮤	hé	hé
䮥	lì	lì
䮧	hàn	hàn|hán
䮨	zǎi	zǎi
䮩	gú	gú
䮪	chéng	chéng
䮫	lóu	lóu|lǘ
䮬	mò	mò
䮭	mì	mì
䮮	mài	mài
䮯	ào	ào
䮰	zhé	zhé
䮱	zhú	zhú
䮲	huáng	huáng
䮳	fán	fán
䮴	dèng	dèng|tēng
䮵	tóng	tóng
䮷	dú	dú
䮸	wò	wò
䮹	wèi	guì|wèi
䮺	jì	jì
䮻	chì	chì
䮼	lín	lín
䮽	biāo	biāo
䮾	lóng	lòng|lóng
䮿	jiǎn	jiǎn
䯀	niè	niè
䯁	luó	luó
䯂	shēn	jí|shēn
䯄	guā	guā
䯅	niè	niè
䯆	yì	yì
䯇	kū	kū
䯈	wán	wán
䯉	wā	wā
䯊	qià	kē|qià
䯋	bó	bó|fèi
䯌	kāo	kāo
䯍	líng	líng
䯎	gàn	gàn
䯏	guā	guā|huá
䯐	hái	hái
䯑	kuāng	kuāng
䯒	héng	héng
䯓	kuī	kuī
䯔	zé	zé
䯕	tīng	tīng
䯖	láng	láng
䯗	bì	bì
䯘	huàn	huàn
䯙	pò	pò
䯚	yǎo	yǎo
䯛	wàn	wàn
䯜	tì	tì|xī
䯝	suǐ	suǐ
䯞	kuā	kuā
䯟	duì	duì|xiá
䯠	ǎo	ǎo
䯡	jiàn	jiàn
䯢	mó	mó|mǒ
䯣	kuì	guì|kuì
䯤	kuài	kuài
䯥	àn	qì|àn
䯦	mà	mà
䯧	qǐng	qìng|qǐng
䯨	qiāo	hè|qiāo
䯪	kǎo	kào|kǎo
䯫	hào	hào
䯬	duǒ	duǒ
䯭	xiān	xiān
䯮	nái	nái
䯯	suō	suō
䯰	jiè	jiè
䯱	pī	fù|pēi|pī
䯲	pā	bà|pā
䯳	sōng	sōng
䯴	cháng	cháng
䯵	niè	niè
䯶	mán	mián|mán
䯷	sōng	sōng
䯸	cì	cì
䯹	xiān	xiān
䯺	kuò	kuò
䯼	dí	dí
䯽	póu	bǎo|póu|pǒu
䯾	tiáo	diāo|tiáo
䯿	zú	suì|zuì|zú
䰀	wǒ	wǒ
䰁	fèi	fèi
䰂	cài	cài
䰃	péng	fǎng|pèng|péng
䰄	sāi	shì|sāi
䰆	róu	róu
䰇	qí	qí
䰈	cuó	cuó
䰉	pán	bān|pán
䰊	bó	bó
䰋	mán	mán
䰌	zǒng	cōng|zǒng
䰍	cì	cì
䰎	kuì	kuì
䰏	jì	jì
䰐	lán	lán
䰒	méng	méng
䰓	mián	mián
䰔	pán	pán
䰕	lú	lú
䰖	zuǎn	zuǎn
䰗	jiū	jiū
䰘	liú	jiǎo|liú
䰙	yǐ	yǐ
䰚	wén	wén
䰛	lì	gé|lì
䰜	lì	lì
䰝	zèng	zèng
䰞	zhǔ	zhǔ
䰟	hún	hún
䰠	shén	shén
䰡	chì	chì
䰢	xìng	xìng
䰣	wǎng	wǎng
䰤	dōng	dōng
䰥	huò	huò|yù
䰦	pǐ	pǐ
䰧	hū	hū
䰨	mèi	mèi
䰩	chě	chě|dū
䰪	mèi	mèi
䰫	chāo	cháo|chāo|zhào
䰬	jú	jú
䰭	nòu	nòu
䰯	yì	yì
䰰	rú	rú
䰱	líng	líng|lóng
䰲	yà	yà
䰴	qì	qì
䰵	zī	zī
䰷	bàng	bàng
䰸	gōng	gōng
䰹	zé	zé
䰺	jiè	jiè
䰻	yú	yú
䰼	qín	qín|shèn|yín
䰽	bèi	bèi
䰾	bā	bà|bā
䰿	tuó	tuó
䱀	yāng	yāng
䱁	qiáo	qiáo
䱂	yǒu	yǒu
䱃	zhì	zhì
䱄	jiè	jiè
䱅	mò	mò
䱆	shéng	shéng
䱇	shàn	shàn
䱈	qí	qí
䱉	shàn	shàn
䱊	mǐ	mǐ
䱋	gǒng	gǒng
䱌	yí	yí
䱍	gèng	gèng
䱎	gèng	gèng
䱏	tǒu	tǒu
䱐	fū	fū
䱑	xué	xué
䱒	yè	yè
䱓	tíng	tíng|tǐng
䱔	tiáo	chóu|tiáo
䱕	móu	méi|móu
䱖	liú	liú
䱗	cān	cān
䱘	lí	lí
䱙	shū	shū
䱚	lù	lù
䱛	huò	huò|xù|yì
䱜	cuò	cuò
䱝	pái	bēi|pái
䱞	liú	liú
䱟	jù	jù|jū
䱠	zhàn	zhàn
䱡	jú	jú
䱢	zhēng	zhēng
䱣	zú	zú
䱤	xiàn	xiàn
䱥	zhì	jì|zhì
䱨	là	là
䱫	là	là
䱬	xū	xū
䱭	gèng	gèng
䱮	é	é
䱯	mú	mú
䱰	zhòng	zhòng
䱱	tí	dì|tí
䱲	yuán	yuán
䱳	zhān	zhān
䱴	gèng	gèng
䱵	wēng	wēng
䱶	láng	láng
䱷	yú	yú
䱸	sōu	qiū|sōu
䱹	zhǎ	zhǎ
䱺	hái	hái
䱻	huá	huá
䱼	zhǎn	zhǎn
䱽	chāng	chāng
䱾	lóu	lóu
䱿	chàn	chàn
䲀	zhì	zhì
䲁	wèi	wèi
䲂	xuán	xuán
䲃	zǎo	cháo|suǒ|zǎo
䲄	mín	mín
䲅	guī	guī
䲆	sū	sū
䲉	sī	sī
䲊	duò	duò|tuò|wěi
䲋	cén	cén
䲌	kuǎn	kuǎn
䲍	téng	téng
䲎	něi	něi
䲏	láo	láo
䲐	lǔ	lǔ
䲑	yí	yí
䲒	xiè	xiè
䲓	yǎn	yán|yǎn
䲔	qíng	qíng
䲕	pū	pū
䲖	chóu	chóu
䲗	xián	xián
䲘	guǎn	guǎn
䲙	jié	jié
䲚	lài	lài
䲛	méng	méng
䲜	yè	yè
䲝	chāng	chāng
䲞	lì	lì
䲟	yìn	yìn
䲠	chūn	chūn
䲡	qiū	qiū
䲢	téng	téng
䲣	yú	yú
䲦	dài	dài
䲧	dù	dù
䲨	hóng	hóng
䲪	xì	xì
䲬	qí	qí
䲮	yuán	yuán
䲯	jí	jí
䲰	yùn	yùn
䲱	fǎng	fǎng
䲲	gōng	gōng|sōng
䲳	háng	háng
䲴	zhèn	zhèn
䲵	què	què
䲸	jiè	jiè
䲹	pí	pí
䲺	gàn	gàn
䲻	xuán	xuán|yuān
䲼	shēng	shēng
䲽	shí	diǎo|shí
䲾	qiǎo	qiǎo
䲿	cí	cí
䳀	dié	dié|yì
䳁	bó	bó
䳂	diāo	chāo|diāo|tiáo|xiāo
䳃	wǎn	wǎn
䳄	cí	cí
䳅	zhǐ	zhì|zhǐ
䳆	bái	bái
䳇	wǔ	wǔ
䳈	bǎo	bǎo
䳉	dàn	dàn|dōng
䳊	bá	bá
䳋	tóng	tóng|tōng|xiāo
䳍	gōng	gōng
䳎	jiù	jiù
䳏	guì	guì|jué
䳐	cì	cì
䳑	yǒu	yǒu
䳒	yuán	yuán
䳓	lǎo	lǎo
䳔	jú	jiù|jú
䳕	fú	fú
䳖	niè	niè
䳗	é	é
䳘	é	é
䳙	xǐng	xǐng
䳚	kàn	hé|kàn
䳛	yàn	yàn
䳜	tú	tú
䳝	pǒu	bù|pǒu
䳞	běng	běng
䳟	míng	míng
䳠	shuì	shuì|zhù
䳡	yàn	yàn|zhuī
䳢	qí	qí
䳣	yuán	yuán
䳤	biē	biē
䳦	xuān	xuān
䳧	hóu	hóu
䳨	huáng	huáng
䳩	yāo	yāo
䳪	juàn	juàn
䳫	kuí	kuí
䳬	è	è
䳭	jí	jí
䳮	mò	mò
䳯	chóng	chóng|chǒng
䳰	bǎo	bǎo
䳱	wù	wù
䳲	zhèn	zhèn
䳳	xù	xù
䳴	tà	dá|tà
䳵	chì	chì
䳶	xī	jī|qī|xī
䳷	cóng	cóng
䳸	má	má
䳹	kòu	kòu
䳺	yàn	yàn
䳻	cán	cán|zhàn
䳽	hè	hè
䳾	dēng	dēng
䳿	rán	rán
䴀	tóng	tóng
䴁	yù	yù|yú
䴂	xiàng	xiàng
䴃	náo	náo
䴄	shùn	shùn
䴅	fén	fén
䴆	pú	pú|pū
䴇	líng	líng
䴈	ǎo	ǎo
䴉	huán	huán|xuán
䴊	yí	yí
䴋	huán	huán|xuán
䴌	méng	méng
䴍	yīng	yīng
䴎	lěi	lěi
䴏	yàn	yàn
䴐	bǎo	bǎo
䴑	dié	dié
䴒	líng	líng
䴓	shī	shī
䴔	jiāo	jiāo
䴕	liè	liè
䴖	jīng	jīng
䴗	jú	jú
䴘	tī	tī
䴙	pì	pì
䴚	gǎng	gǎng
䴛	xiāo	xiāo
䴜	wāi	wāi
䴝	chuài	chuài
䴞	dí	dí
䴟	huán	huán
䴠	yǎo	yǎo
䴡	lì	lì
䴢	mí	mí
䴣	hū	hū
䴤	shēng	shēng
䴥	jiā	jiā
䴦	yín	yín
䴧	wēi	wēi
䴩	piáo	piáo
䴪	lù	lù
䴫	líng	líng
䴬	yì	yì
䴭	cái	cái
䴮	shàn	shàn
䴯	hū	hū
䴰	shú	shú|yì
䴱	tuō	tuō
䴲	mò	mò
䴳	huá	huá
䴴	tiè	nián|tiè
䴵	bǐng	bǐng
䴶	péng	péng
䴷	hún	huàn|hún
䴸	fū	fū
䴹	guǒ	guǒ|hún|luǒ
䴺	bù	bù
䴻	lí	lí
䴼	chàn	chàn
䴽	pí	pí
䴾	cuó	cuó
䴿	méng	méng
䵀	suǒ	suò|suǒ
䵁	qiàng	qiàng
䵂	zhí	zhí
䵃	kuàng	huáng|kuàng
䵄	bí	bí
䵅	áo	áo
䵆	méng	méng
䵇	xiàn	xiàn
䵈	kù	kù
䵉	tóu	tóu
䵊	tuān	tuān
䵋	wěi	wěi
䵌	xiān	xiān
䵎	tuān	tuān
䵏	lǎo	lǎo
䵐	chǎn	chǎn
䵑	nì	nì
䵒	nì	nì
䵓	lí	lí
䵔	dǒng	dǒng
䵕	jù	jù
䵖	qiàn	qiàn|qīn
䵗	bó	bí|bó
䵘	shài	shài
䵙	zhā	zhā|zhǎ
䵚	tǎo	tǎo
䵛	qiàn	qiàn
䵜	nǒng	nǒng
䵝	yì	yà|yì
䵞	jìng	jìng
䵟	gǎn	gǎn
䵠	dí	dí|zhuó
䵡	jiǎn	jiǎn
䵢	mèi	mèi
䵣	dá	dá
䵤	jiǎn	jiǎn|xiàn
䵥	yù	yù
䵦	xiè	wū|xiè
䵧	zài	zài
䵨	máng	máng
䵩	lí	lí
䵪	gùn	gùn|hùn
䵫	xūn	xūn|yù
䵬	tà	tà
䵭	zhè	zhè
䵮	yàng	yàng
䵯	tuǎn	tuǎn
䵰	shāng	shāng
䵱	xì	xì|xī
䵲	qiāo	qiāo
䵳	wèi	wèi
䵴	yìng	yìng|yùn|zèng
䵵	chuā	chuā|zhuó
䵶	qú	gōu|qú
䵷	wā	wā
䵹	zhī	zhī
䵺	tǐng	dǐng|tiǎn|tǐng
䵻	gǔ	gǔ|huì
䵼	shāng	shāng
䵽	cà	cà
䵾	fú	fú|fǔ
䵿	tiè	tiè
䶀	tà	tà
䶁	tà	tà
䶂	zhuó	jué|zhuó
䶃	hán	hán
䶄	píng	píng
䶅	hé	hé
䶆	zhuī	zhuī
䶇	zhòu	zhòu
䶈	bó	bó
䶉	liú	liú
䶊	nǜ	nǜ
䶋	xī	xī
䶌	pào	pào
䶍	dì	dì
䶎	hē	hē
䶏	tì	tì|tǐ
䶐	wài	huì|wài
䶑	tì	tì
䶒	qí	qí
䶓	jì	jì
䶔	chí	chí
䶕	bà	bà|bā
䶖	jìn	jìn
䶗	kè	kè|qiā|qiǎ
䶘	lì	lì
䶙	jù	jù
䶚	qǔ	qǔ
䶛	là	là
䶜	gǔ	gǔ
䶝	qià	qià
䶞	qí	qí
䶟	xiàn	xiàn
䶠	jiǎn	jiǎn
䶡	shí	shí|zé
䶢	jiān	jiān|xián
䶣	ái	gāi|ái
䶤	huá	huá
䶥	zhā	chǔ|jǔ|zhā
䶦	zé	zé
䶧	yǎo	yǎo
䶨	zhān	zhān
䶩	jì	jì
䶪	chà	chà
䶫	yàn	yàn|yán
䶬	jiān	jiān
䶮	yǎn	yǎn
䶰	jiāo	jiāo
䶱	tóng	tóng
䶲	nán	nán
䶳	yuè	yuè
䶵	chí	chí
䶷	jiào	jiào
䶹	zuǒ	zuǒ
一	yī	yì|yí|yī
丁	dīng	dīng|zhēng
丂	kǎo	kǎo|qiǎo|yú
七	qī	qí|qī
丄	shàng	shàng
丅	xià	xià
丆	hǎn	hǎn
万	wàn	mò|wàn
丈	zhàng	zhàng
三	sān	sān
上	shàng	shang|shàng|shǎng
下	xià	xia|xià
丌	jī	jī|qí
不	bù	bu|bù|bú|fōu|fū|fǒu
与	yǔ	yù|yú|yǔ
丏	miǎn	miǎn
丐	gài	gài
丑	chǒu	chǒu
丒	chǒu	chǒu
专	zhuān	zhuān
且	qiě	cú|jū|qiě
丕	pī	pī
世	shì	shì
丗	shì	shì
丘	qiū	qiū
丙	bǐng	bìng|bǐng
业	yè	yè
丛	cóng	cóng
东	dōng	dōng
丝	sī	sī
丞	chéng	chéng|shèng|zhēng|zhěng
丟	diū	diū
丠	qiū	qiū
両	liǎng	liǎng
丢	diū	diū
丣	yǒu	yǒu
两	liǎng	liǎng
严	yán	yán
並	bìng	bàn|bàng|bìng
丧	sàng	sàng|sāng
丨	gǔn	gǔn
丩	jiū	jiū
个	gè	ge|gàn|gè|gě
丫	yā	yā
丬	qiáng	qiáng
中	zhōng	zhòng|zhōng
丮	jǐ	jǐ
丯	jiè	jiè
丰	fēng	fēng
丱	guàn	guàn|kuàng
串	chuàn	chuàn|guàn|quàn
丳	chǎn	chuàn|chǎn
临	lín	lín
丵	zhuó	zhuó
丶	zhǔ	zhǔ
丷	bā	bā
丸	wán	wán
丹	dān	dan|dān
为	wèi	wèi|wéi
主	zhǔ	zhù|zhǔ
丼	jǐng	dǎn|jǐng
丽	lì	lì|lí
举	jǔ	ju|jǔ
丿	piě	piě|yì
乀	fú	fú
乁	yí	jí|yí
乂	yì	yì|ài
乃	nǎi	nǎi|ǎi
乄	wǔ	wǔ
久	jiǔ	jiǔ
乆	jiǔ	jiǔ
乇	tuō	tuō|zhé
么	me	ma|me|mó|yāo
义	yì	yì
乊	yī	yī
之	zhī	zhì|zhī|zhū
乌	wū	wù|wū
乍	zhà	zhà|zuò
乎	hū	hu|hū
乏	fá	fá
乐	lè	lè|yuè
乑	yín	pān|yín|zhòng
乒	pīng	pīng
乓	pāng	pāng
乔	qiáo	qiáo
乕	hǔ	hǔ
乖	guāi	guāi
乗	chéng	chéng
乘	chéng	chéng|shèng
乙	yǐ	jué|yì|yǐ
乚	yǐn	yǐn
乛	ya	ya
乜	miē	miē|niè
九	jiǔ	jiū|jiǔ
乞	qǐ	qì|qǐ
也	yě	yí|yě
习	xí	xí
乡	xiāng	xiāng
乢	gài	gài
乣	jiǔ	jiǔ
乤	xià	xià
乥	hù	hù
书	shū	shū
乧	dǒu	dǒu
乨	shǐ	shǐ
乩	jī	jī
乪	náng	náng
乫	jiā	jiā
乬	jù	jù
乭	shí	shí
乮	mǎo	mǎo
乯	hū	hū
买	mǎi	mǎi
乱	luàn	luàn
乲	zī	zī
乳	rǔ	rǔ
乴	xué	xué
乵	yǎn	yǎn
乶	fǔ	fǔ
乷	shā	shā
乸	nǎ	nǎ
乹	gān	gān
乺	suǒ	suǒ
乻	yú	yú
乼	cui	cui
乽	zhě	zhě
乾	qián	gān|qián
乿	zhì	luàn|zhì
亀	guī	guī
亁	gān	gān
亂	luàn	luàn
亃	lǐn	lìn|lǐn
亄	yì	yì
亅	jué	jué
了	le	le|liào|liǎo
亇	ma	ma
予	yǔ	yú|yǔ|zhù
争	zhēng	zhēng
亊	shì	shì
事	shì	shi|shì|zì
二	èr	èr
亍	chù	chù
于	yú	wéi|xū|yú|yū
亏	kuī	kuī|yú
亐	yú	yú
云	yún	yún
互	hù	hù
亓	qí	qí
五	wǔ	wǔ
井	jǐng	jìng|jǐng
亖	sì	sì
亗	suì	suì
亘	gèn	gèn|gèng|xuān
亙	gèn	gèn|gèng
亚	yà	yà
些	xiē	suò|suō|xiē
亜	yà	yà
亝	qí	qí|zhāi
亞	yà	yà|yā|è
亟	jí	jí|qì
亠	tóu	tóu
亡	wáng	wáng|wú
亢	kàng	gāng|gēng|kàng
亣	dà	dà
交	jiāo	jiāo
亥	hài	hài|jiē
亦	yì	yì
产	chǎn	chǎn
亨	hēng	hēng|pēng|xiǎng
亩	mǔ	mǔ
亪	ye	ye
享	xiǎng	xiǎng
京	jīng	jīng
亭	tíng	tíng
亮	liàng	liang|liàng|liáng
亯	xiǎng	xiǎng
亰	jīng	jīng
亱	yè	yè
亲	qīn	qin|qìng|qīn
亳	bó	bó
亴	yòu	yòu
亵	xiè	xiè
亶	dǎn	chán|dàn|dǎn|zhān
亷	lián	lián
亸	duǒ	duǒ
亹	wěi	mén|wěi
人	rén	ren|rén
亻	rén	rén
亼	jí	jí
亽	jí	jí
亾	wáng	wáng
亿	yì	yì
什	shén	shen|shén|shí
仁	rén	rén
仂	lè	lè|lì
仃	dīng	dīng|dǐng
仄	zè	zè
仅	jǐn	fù|jìn|jǐn|nú
仆	pū	pú|pū
仇	chóu	chóu|jū|qiú
仈	bā	bā
仉	zhǎng	zhǎng
今	jīn	jīn
介	jiè	gè|jiè
仌	bīng	bīng
仍	réng	réng
从	cóng	cóng|cōng
仏	fó	fó
仐	sǎn	sǎn
仑	lún	lún
仒	bīng	bīng
仓	cāng	cāng
仔	zǐ	zī|zǎi|zǐ
仕	shì	shì
他	tā	tuó|tā
仗	zhàng	zhàng
付	fù	fu|fù
仙	xiān	xian|xiān|xiǎn
仚	xiān	xiān
仛	tuō	chà|duó|tuō|zhé
仜	hóng	hóng
仝	tóng	tóng
仞	rèn	rèn
仟	qiān	qiān
仠	gǎn	gǎn|hàn
仡	gē	gē|wù|yì
仢	bó	bó
代	dài	dài
令	lìng	lián|lìng|líng|lǐng
以	yǐ	sì|yǐ
仦	chào	chào
仧	cháng	cháng
仨	sā	sā
仩	cháng	cháng
仪	yí	yí
仫	mù	mù
们	men	men|mén
仭	rèn	rèn
仮	fǎn	fǎn
仯	chào	chào|miǎo
仰	yǎng	yǎng|áng
仱	qián	jīng|qián
仲	zhòng	zhòng
仳	pǐ	bì|pí|pǐ
仴	wò	wò
仵	wǔ	wǔ
件	jiàn	jiàn|móu
价	jià	jie|jià|jiè
仸	yǎo	fó|yǎo
仹	fēng	fēng
仺	cāng	cāng
任	rèn	lìn|rèn|rén
仼	wáng	wáng
份	fèn	bīn|fen|fèn
仾	dī	dī
仿	fǎng	fǎng|páng
伀	zhōng	zhōng
企	qǐ	qǐ
伂	pèi	pèi
伃	yú	xù|yú|yǔ
伄	diào	diào
伅	dùn	dùn
伆	wù	wù
伇	yì	yì
伈	xǐn	lǐn|xǐn
伉	kàng	gāng|kàng|kǎng
伊	yī	yī
伋	jí	fán|jí
伌	ài	ài
伍	wǔ	wu|wǔ
伎	jì	jì|qì|qí|zhì
伏	fú	fù|fú
伐	fá	fá
休	xiū	xiū|xù
伒	jìn	jìn|yín
伓	pī	pī
伔	dǎn	dǎn
伕	fū	fū
伖	tǎng	tǎng
众	zhòng	yín|zhòng
优	yōu	yóu|yōu
伙	huǒ	huo|huǒ
会	huì	huì|kuài
伛	yǔ	yǔ
伜	cuì	cuì
伝	yún	yún
伞	sǎn	sǎn
伟	wěi	wěi
传	chuán	chuán|zhuàn
伡	chē	chē
伢	yá	yá
伣	qiàn	qiàn
伤	shāng	shāng
伥	chāng	chāng
伦	lún	lún
伧	cāng	chen|cāng
伨	xùn	xùn
伩	xìn	xìn
伪	wěi	wěi
伫	zhù	zhù
伬	ze	ze
伭	xián	xián
伮	nǔ	nǔ
伯	bó	bo|bà|bó|bǎi|mò
估	gū	gù|gū
伱	nǐ	nǐ
伲	ní	nì|ní|nǐ
伳	xiè	xiè
伴	bàn	bàn|pàn
伵	xù	xù
伶	líng	ling|líng
伷	zhòu	zhòu
伸	shēn	shēn
伹	qū	qū|zù
伺	cì	cì|sì
伻	bēng	bēng
似	sì	shì|sì
伽	jiā	gā|jiā|qié
伾	pī	pī
伿	yì	yì
佀	sì	sì
佁	yǐ	chì|sì|yǐ|ǎi
佂	zhēng	zhēng
佃	diàn	diàn|tián
佄	hān	gàn|hān
佅	mài	mài
但	dàn	dàn|tǎn|yàn
佇	zhù	zhù
佈	bù	bù
佉	qū	qiā|qū
佊	bǐ	bǐ
佋	zhāo	shào|sháo|zhāo
佌	cǐ	cǐ
位	wèi	lì|wèi
低	dī	dī
住	zhù	zhù
佐	zuǒ	zuǒ
佑	yòu	yòu
佒	yǎng	yāng|yǎng
体	tǐ	bèn|cuì|tī|tǐ
佔	zhàn	chān|diān|zhàn
何	hé	hè|hé
佖	bì	bì
佗	tuó	tuò|tuó|tuō|yí
佘	shé	shé
余	yú	tú|xú|yù|yú
佚	yì	dié|yì
佛	fú	bì|bó|fó|fú
作	zuò	zuò|zuó|zuō
佝	gōu	gōu|jū|kòu
佞	nìng	nìng
佟	tóng	tóng
你	nǐ	nǐ
佡	xiān	xiān
佢	qú	qú
佣	yōng	yòng|yōng
佤	wǎ	wǎ
佥	qiān	qiān
佦	shi	shi
佧	kǎ	kǎ
佨	bāo	bāo
佩	pèi	pèi
佪	huí	huái|huí
佫	hè	gé|hè
佬	lǎo	liáo|lǎo
佭	xiáng	xiáng
佮	gé	gé|é
佯	yáng	yáng
佰	bǎi	bǎi|mò
佱	fǎ	fǎ
佲	mǐng	mǐng
佳	jiā	jiā
佴	nài	nài|èr
併	bìng	bìng
佶	jí	jí
佷	hěn	héng|hěn
佸	huó	huó
佹	guǐ	guī|guǐ
佺	quán	quán
佻	tiāo	diǎo|dào|tiào|tiáo|tiāo|yáo|zhào
佼	jiǎo	jiāo|jiǎo|xiáo
佽	cì	cì
佾	yì	yì
使	shǐ	shǐ
侀	xíng	xíng
侁	shēn	shēn
侂	tuō	tuō
侃	kǎn	kǎn
侄	zhí	zhí
侅	gāi	gāi|hài
來	lái	lài|lái
侇	yí	yí
侈	chǐ	chǐ
侉	kuǎ	huá|kuǎ|wú|è
侊	guāng	guāng
例	lì	liè|lì
侌	yīn	yīn
侍	shì	shì
侎	mǐ	mǐ
侏	zhū	zhōu|zhū
侐	xù	xù
侑	yòu	yòu
侒	ān	ān|ǎn
侓	lù	lù
侔	móu	máo|móu
侕	ér	ér
侖	lún	lùn|lún
侗	dòng	dòng|tóng|tōng|tǒng
侘	chà	chà
侙	chī	chī
侚	xùn	xùn|xún
供	gōng	gòng|gōng
侜	zhōu	zhōu
依	yī	yī|yǐ
侞	rú	rú
侟	cún	cún|jiàn
侠	xiá	xiá
価	sì	sì
侢	dài	dài
侣	lǚ	lǚ
侤	ta	ta
侥	jiǎo	jiǎo|yáo
侦	zhēn	zhēn
侧	cè	cè|zhāi|zè
侨	qiáo	qiáo
侩	kuài	kuài
侪	chái	chái
侫	nìng	nìng
侬	nóng	nóng
侭	jǐn	jǐn
侮	wǔ	wǔ
侯	hóu	hòu|hóu
侰	jiǒng	jiǒng
侱	chěng	chěng|tǐng
侲	zhèn	chēn|zhèn|zhēn
侳	zuò	zuò
侴	chǒu	chǒu
侵	qīn	qīn|qǐn
侶	lǚ	lǚ
侷	jú	jú
侸	shù	dōu|shù
侹	tǐng	tǐng
侺	shèn	shèn
侻	tuì	tuì|tuō
侼	bó	bó
侽	nán	nán
侾	xiāo	xiāo
便	biàn	biàn|biān|pián
俀	tuǐ	tuǐ
俁	yǔ	yǔ
係	xì	xì
促	cù	chuò|cù
俄	é	é
俅	qiú	qiú
俆	xú	shū|xú
俇	guàng	guàng
俈	kù	kù
俉	wǔ	wú|wǔ
俊	jùn	dūn|jùn|shùn
俋	yì	yì
俌	fǔ	fǔ
俍	liáng	liáng|lǎng
俎	zǔ	zǔ
俏	qiào	qiào|xiào|xiāo
俐	lì	lì
俑	yǒng	yǒng
俒	hùn	hùn
俓	jìng	jìng|yíng
俔	qiàn	qiàn|xiàn
俕	sàn	sàn
俖	pěi	pěi
俗	sú	sú
俘	fú	fú
俙	xī	xī
俚	lǐ	lì|lǐ
俛	fǔ	fǔ|miǎn
俜	pīng	pīng
保	bǎo	bǎo
俞	yú	shù|yú
俟	qí	qí|sì
俠	xiá	xiá
信	xìn	shēn|xìn
俢	xiū	xiū
俣	yǔ	yǔ
俤	dì	dì
俥	chē	chē|jū
俦	chóu	chóu
俧	zhì	zhì
俨	yǎn	yǎn
俩	liǎ	liǎ|liǎng
俪	lì	lì
俫	lái	lái
俬	sī	sī
俭	jiǎn	jiǎn
修	xiū	xiū
俯	fǔ	fǔ
俰	huò	huò
俱	jù	jù|jū
俲	xiào	xiào
俳	pái	pái
俴	jiàn	jiàn
俵	biào	biào
俶	chù	chù|shū|tì
俷	fèi	fèi
俸	fèng	běng|fèng
俹	yà	yà|yā
俺	ǎn	yàn|ǎn
俻	bèi	bèi
俼	yù	yù
俽	xīn	xīn
俾	bǐ	bì|bēi|bǐ|pì
俿	hǔ	chí|hǔ
倀	chāng	chéng|chāng|zhèng
倁	zhī	zhī
倂	bìng	bìng
倃	jiù	jiù
倄	yáo	yáo
倅	cuì	cuì|zú
倆	liǎ	liǎ|liǎng
倇	wǎn	wǎn
倈	lái	liē|lài|lái
倉	cāng	chuàng|cāng
倊	zòng	zòng
個	gè	ge|gè|gě
倌	guān	guān
倍	bèi	bèi|péi
倎	tiǎn	tiǎn
倏	shū	shū
倐	shū	shū
們	men	men|mèn|mén
倒	dào	dào|dǎo
倓	tán	dàn|tàn|tán
倔	jué	juè|jué
倕	chuí	chuí|zhuì
倖	xìng	xìng
倗	péng	péng|píng|pěng
倘	tǎng	cháng|tǎng
候	hòu	hou|hòu
倚	yǐ	jī|yī|yǐ
倛	qī	qì|qí|qī
倜	tì	diào|tì|zhōu
倝	gàn	gàn
倞	jìng	jìng|liàng
借	jiè	jiè
倠	suī	suī
倡	chàng	chàng|chāng
倢	jié	jié|qiè
倣	fǎng	fǎng
値	zhí	zhí
倥	kǒng	kōng|kǒng
倦	juàn	juàn
倧	zōng	zōng
倨	jù	jù
倩	qiàn	qiàn|qìng
倪	ní	niè|nì|ní
倫	lún	lún
倬	zhuō	zhuō
倭	wō	wēi|wō|wǒ
倮	luǒ	luǒ
倯	sōng	sōng
倰	lèng	lèng|líng
倱	hùn	hùn
倲	dōng	dòng|dōng
倳	zì	zì
倴	bèn	bèn|bēn
倵	wǔ	wǔ
倶	jù	jù
倷	nǎi	nǎi
倸	cǎi	cǎi
倹	jiǎn	jiǎn
债	zhài	zhài
倻	yē	yē
值	zhí	zhí
倽	shà	shà
倾	qīng	qīng
倿	nìng	nìng
偀	yīng	yīng
偁	chēng	chēng
偂	qián	qián
偃	yǎn	yǎn
偄	ruǎn	ruǎn|rú
偅	zhòng	chōng|tóng|zhòng
偆	chǔn	chǔn
假	jiǎ	gé|jie|jià|jiǎ|xià|xiá
偈	jì	jié|jì|qì
偉	wěi	wěi
偊	yǔ	yǔ
偋	bìng	bìng|bǐng
偌	ruò	ruò|rè
偍	tí	tí
偎	wēi	wēi
偏	piān	piān
偐	yàn	yàn
偑	fēng	fēng
偒	tǎng	dàng|tǎng
偓	wò	wò
偔	è	è
偕	xié	jiē|xié
偖	chě	chě
偗	shěng	shěng
偘	kǎn	kǎn
偙	dì	dì
做	zuò	zuò
偛	chā	chā
停	tíng	tíng
偝	bèi	bèi
偞	xiè	xiè|yè|zhá
偟	huáng	huáng
偠	yǎo	yǎo
偡	zhàn	zhàn
偢	chǒu	chǒu|qiào|zōu
偣	yān	yān
偤	yóu	yóu
健	jiàn	jiàn
偦	xǔ	xū|xǔ
偧	zhā	zhā
偨	cī	cī
偩	fù	fù
偪	bī	bī|fù
偫	zhì	zhì
偬	zǒng	cōng|zǒng
偭	miǎn	miǎn
偮	jí	jí
偯	yǐ	yǐ
偰	xiè	xiè
偱	xún	xún
偲	cāi	cāi|sī|sǐ
偳	duān	duān
側	cè	cè|zhāi|zè
偵	zhēn	zhēn|zhēng
偶	ǒu	ǒu
偷	tōu	tōu
偸	tōu	tōu
偹	bèi	bèi
偺	zá	zan|zá|zán
偻	lóu	lóu|lǚ
偼	jié	jié
偽	wěi	guì|wéi|wěi|é
偾	fèn	fèn
偿	cháng	cháng
傀	kuǐ	guī|kuài|kuǐ
傁	sǒu	sǒu
傂	zhì	sī|zhì
傃	sù	sù
傄	xiā	xiā
傅	fù	fu|fù|fū
傆	yuàn	yuàn|yuán
傇	rǒng	rǒng
傈	lì	lì
傉	nù	nù
傊	yùn	yùn
傋	jiǎng	gòu|jiǎng
傌	mà	mà|mǎ
傍	bàng	bàng|bēng|páng|péng
傎	diān	diān
傏	táng	táng
傐	hào	hào
傑	jié	jié
傒	xī	xì|xī
傓	shàn	shàn
傔	qiàn	jiān|qiàn
傕	jué	jué|què
傖	cāng	chen|chéng|cāng
傗	chù	chù
傘	sǎn	sǎn
備	bèi	bèi
傚	xiào	xiào
傛	yǒng	róng|yǒng
傜	yáo	yáo
傝	tàn	tà|tàn
傞	suō	suō
傟	yǎng	yǎng
傠	fá	fá
傡	bìng	bìng
傢	jiā	jiā|xiàng
傣	dǎi	dǎi
傤	zài	zài
傥	tǎng	tǎng
傦	gǔ	gǔ
傧	bīn	bīn
储	chǔ	chǔ
傩	nuó	nuó
傪	cān	càn|cā|cān|sēn|sǎn
傫	lěi	lěi
催	cuī	cuī
傭	yōng	chōng|yòng|yōng
傮	zāo	cáo|zāo
傯	zǒng	zǒng
傰	bēng	bēng|péng
傱	sǒng	shuǎng|sǒng
傲	ào	ào|áo
傳	chuán	chuán|zhuàn
傴	yǔ	yǔ
債	zhài	zhài
傶	zú	qī|zú
傷	shāng	shāng
傸	chuǎng	chuǎng
傹	jìng	jìng
傺	chì	chì
傻	shǎ	shǎ
傼	hàn	hàn
傽	zhāng	zhāng
傾	qīng	qīng|qǐng
傿	yàn	yàn|yìn|yān
僀	dì	dì
僁	xiè	sù|xiè
僂	lóu	liǔ|lóu|lǚ
僃	bèi	bèi
僄	piào	biāo|piào
僅	jǐn	jìn|jǐn
僆	liàn	liàn|lián
僇	lù	liáo|lù
僈	mán	màn|mán
僉	qiān	qiān
僊	xiān	xiān
僋	tàn	làn|tàn|tǎn
僌	yíng	yíng
働	dòng	dòng
僎	zhuàn	zhuàn|zūn
像	xiàng	xiàng
僐	shàn	shàn
僑	qiáo	jiǎo|qiáo
僒	jiǒng	jiǒng
僓	tuǐ	tuí|tuǐ
僔	zǔn	cuán|zǔn
僕	pú	bú|pú|pū
僖	xī	xī
僗	láo	lào|láo
僘	chǎng	chǎng
僙	guāng	guāng
僚	liáo	liáo|liǎo|lǎo
僛	qī	qī
僜	chēng	chēng|dèng|dēng|téng
僝	chán	chán|zhuàn
僞	wěi	wěi
僟	jī	jī
僠	bō	bō
僡	huì	huì
僢	chuǎn	chuǎn|chǔn
僣	tiě	jiàn|tiě
僤	dàn	chán|chǎn|dàn|dá|shàn
僥	jiǎo	jiāo|jiǎo|yáo
僦	jiù	jiù
僧	sēng	céng|sēng
僨	fèn	fèn
僩	xiàn	xiàn
僪	jú	jú|yù
僫	è	è
僬	jiāo	jiào|jiāo|jiǎo
僭	jiàn	jiàn|zèn
僮	tóng	chòng|tóng|zhuàng
僯	lìn	lìn|lǐn
僰	bó	bó
僱	gù	gù
僲	xiān	xiān
僳	sù	sù
僴	xiàn	xiàn
僵	jiāng	jiāng
僶	mǐn	mǐn
僷	yè	yè
僸	jìn	jìn
價	jià	jie|jià|qiǎ
僺	qiào	qiào
僻	pì	pì
僼	fēng	fēng
僽	zhòu	zhòu|zhōu
僾	ài	ài
僿	sài	sài
儀	yí	yí
儁	jùn	jùn
儂	nóng	nóng
儃	chán	chán|dàn|shàn|tǎn|zhǎn
億	yì	yì|yī
儅	dàng	dàng|dāng
儆	jǐng	jǐng
儇	xuān	xuán|xuān
儈	kuài	kuài
儉	jiǎn	jiǎn
儊	chù	chù
儋	dān	dàn|dān|shàn
儌	jiǎo	jiāo|jiǎo
儍	shǎ	shǎ
儎	zài	zài
儏	càn	càn
儐	bīn	bìn|bīn
儑	án	àn|án
儒	rú	rú
儓	tái	tài|tái
儔	chóu	chóu|dào
儕	chái	chái
儖	lán	lán
儗	nǐ	nǐ|yì|yí|ài
儘	jǐn	jìn|jǐn
儙	qiàn	qiàn
儚	méng	méng
儛	wǔ	wǔ
儜	níng	níng
儝	qióng	qióng
儞	nǐ	nǐ
償	cháng	cháng
儠	liè	liè|là
儡	lěi	lèi|léi|lěi
儢	lǚ	lǚ
儣	kuǎng	kuǎng
儤	bào	bào
儥	yù	dí|dú|yù
儦	biāo	biāo
儧	zǎn	zǎn
儨	zhì	zhì
儩	sì	sì
優	yōu	yōu
儫	háo	háo
儬	qìng	qìng
儭	chèn	chèn|qìn|qīn
儮	lì	lì
儯	téng	téng
儰	wěi	wěi
儱	lǒng	lòng|lóng|lǒng
儲	chǔ	chú|chǔ
儳	chán	chàn|chán
儴	ráng	ráng|xiāng
儵	shū	shū|tiáo
儶	huì	huì|xié
儷	lì	lì|lí
儸	luó	luó
儹	zǎn	zǎn
儺	nuó	nuó
儻	tǎng	chǎng|tàng|tǎng
儼	yǎn	yǎn
儽	léi	luǒ|léi|lěi
儾	nàng	nàng
儿	ér	r|rén|ér
兀	wù	wù|wū
允	yǔn	yuán|yǔn
兂	zān	zān
元	yuán	yuán
兄	xiōng	kuàng|xiong|xiōng
充	chōng	chōng
兆	zhào	zhào
兇	xiōng	xiōng
先	xiān	xiān
光	guāng	guàng|guāng
兊	duì	duì
克	kè	kè
兌	duì	duì
免	miǎn	miǎn|wèn|wǎn
兎	tù	tù
兏	cháng	cháng
児	ér	ér
兑	duì	duì|duó|ruì
兒	ér	ní|r|ér
兓	jīn	jīn|zàn
兔	tù	chān|tù|tú
兕	sì	sì
兖	yǎn	yǎn
兗	yǎn	yǎn
兘	shǐ	shǐ
党	dǎng	dǎng
兛	qiān	qiān
兜	dōu	dōu
兝	fēn	fēn
兞	máo	máo
兟	shēn	shēn
兠	dōu	dōu
兢	jīng	jīng
兣	lǐ	lǐ
兤	huǎng	huǎng
入	rù	rù
兦	wáng	wáng
內	nèi	nèi
全	quán	quán
兩	liǎng	liàng|liǎng
兪	yú	shù|shū|yù|yú|zhū
八	bā	bá|bā
公	gōng	gōng
六	liù	liù|lù
兮	xī	xī
兯	han	han
兰	lán	lán
共	gòng	gòng|gōng|gǒng|hóng
兲	tiān	tiān
关	guān	guān
兴	xìng	xìng|xīng
兵	bīng	bīng
其	qí	jì|jī|qí
具	jù	ju|jù
典	diǎn	diǎn|tiǎn
兹	zī	cí|zī
兺	fēn	fēn
养	yǎng	yǎng
兼	jiān	jiān
兽	shòu	shòu
兾	jì	jì
兿	yì	yì
冀	jì	jì
冁	chǎn	chǎn
冂	jiōng	jiōng|jiǒng
冃	mào	mào
冄	rǎn	rǎn
内	nèi	nà|nèi|ruì
円	yuán	yuán
冇	mǎo	mǎo
冈	gāng	gāng
冉	rǎn	dān|nán|rǎn
冊	cè	cè
冋	jiōng	jiōng|jiǒng
册	cè	cè|zhà
再	zài	zài
冎	guǎ	guǎ
冏	jiǒng	jiōng|jiǒng
冐	mào	mào
冑	zhòu	zhòu
冒	mào	mào|mò
冓	gòu	gòu|gōu
冔	xǔ	xǔ
冕	miǎn	miǎn
冖	mì	mì
冗	rǒng	rǒng
冘	yín	yín|yóu
写	xiě	xiè|xiě
冚	kǎn	kǎn
军	jūn	jūn
农	nóng	nóng
冝	yí	yí
冞	mí	mí
冟	shì	shì
冠	guān	guàn|guān
冡	méng	méng
冢	zhǒng	zhǒng
冣	jù	jù
冤	yuān	yuān
冥	míng	miàn|mián|míng
冦	kòu	kòu
冧	lín	lín
冨	fù	fù
冩	xiě	xiě
冪	mì	mì
冫	bīng	bīng
冬	dōng	dōng
冭	tài	tài
冮	gāng	gāng
冯	féng	féng|píng
冰	bīng	bīng|níng
冱	hù	hù
冲	chōng	chòng|chōng
决	jué	jué
冴	hù	hù
况	kuàng	kuàng
冶	yě	yě
冷	lěng	líng|lěng|lǐng
冸	pàn	pàn
冹	fú	fú
冺	mǐn	mǐn
冻	dòng	dòng
冼	xiǎn	shěng|xiǎn
冽	liè	liè
冾	qià	qià
冿	jiān	jiān
净	jìng	chēng|jìng
凁	sōu	sōu
凂	měi	měi
凃	tú	tú
凄	qī	qī
凅	gù	gù
准	zhǔn	zhǔn
凇	sōng	sōng
凈	jìng	jìng
凉	liáng	liàng|liáng
凊	qìng	qìng
凋	diāo	diāo
凌	líng	lìng|líng
凍	dòng	dòng
凎	gàn	gàn
减	jiǎn	jiǎn
凐	yīn	yīn
凑	còu	còu
凒	ái	ái
凓	lì	lì
凔	chuàng	chuàng|cāng
凕	mǐng	mǐng
凖	zhǔn	zhǔn
凗	cuī	cuī
凘	sī	sī
凙	duó	duó
凚	jìn	jìn
凛	lǐn	lǐn
凜	lǐn	lǐn
凝	níng	níng
凞	xī	xī
凟	dú	dú
几	jǐ	jī|jǐ
凡	fán	fán
凢	fán	fán
凣	fán	fán
凤	fèng	fèng
凥	jū	jū
処	chǔ	chù|chǔ
凧	zhēng	zhēng
凨	fēng	fēng
凩	mù	mù
凪	zhǐ	zhǐ
凫	fú	fú
凬	fēng	fēng
凭	píng	píng
凮	fēng	fēng
凯	kǎi	kǎi
凰	huáng	huáng
凱	kǎi	kǎi
凲	gān	gān
凳	dèng	dèng
凴	píng	píng
凵	qiǎn	kǎn|qiǎn
凶	xiōng	xiōng
凷	kuài	kuài
凸	tū	tū
凹	āo	wā|āo
出	chū	chū
击	jī	jī
凼	dàng	dàng
函	hán	hán
凾	hán	hán
凿	záo	zuò|záo
刀	dāo	diāo|dāo
刁	diāo	diāo
刂	dāo	dāo
刃	rèn	rèn
刄	rèn	rèn
刅	chuāng	chuāng
分	fēn	bàn|fen|fèn|fén|fēn
切	qiè	qiè|qiē|qì
刈	yì	yì
刉	jī	jī
刊	kān	kān
刋	qiàn	qiàn
刌	cǔn	cǔn
刍	chú	chú
刎	wěn	wěn
刏	jī	jī
刐	dǎn	dǎn
刑	xíng	xíng
划	huà	guò|guǒ|huai|huà|huá
刓	wán	wán
刔	jué	jué
刕	lí	lí
刖	yuè	yuè
列	liè	liè|lì
刘	liú	liú
则	zé	zé
刚	gāng	gāng
创	chuàng	chuàng|chuāng
刜	fú	fú
初	chū	chū
刞	qù	qù
刟	diāo	diāo
删	shān	shān
刡	mǐn	mǐn
刢	líng	líng
刣	zhōng	zhōng
判	pàn	pàn
別	bié	biè|bié
刦	jié	jié
刧	jié	jié
刨	páo	bào|páo
利	lì	li|lì
刪	shān	shān
别	bié	biè|bié
刬	chàn	chàn|chǎn
刭	jǐng	jǐng
刮	guā	guā
刯	gēng	gēng
到	dào	dao|dào
刱	chuàng	chuàng
刲	kuī	kuī
刳	kū	kōu|kū
刴	duò	duò
刵	èr	èr
制	zhì	zhì
刷	shuā	shuà|shuā
券	quàn	quàn|xuàn
刹	shā	chà|shā
刺	cì	cì|cī|qì
刻	kè	kè|kēi
刼	jié	jié
刽	guì	guì
刾	cì	cì
刿	guì	guì
剀	kǎi	kǎi
剁	duò	duò
剂	jì	jì
剃	tì	tì
剄	jǐng	jǐng
剅	lóu	dōu|lóu
剆	luǒ	luǒ
則	zé	zé
剈	yuān	yuān
剉	cuò	cuò
削	xuē	qiào|shào|xiāo|xuē
剋	kēi	kè|kēi
剌	là	là|lá
前	qián	jiǎn|qián
剎	shā	chà|shā
剏	chuàng	chuàng
剐	guǎ	guǎ
剑	jiàn	jiàn
剒	cuò	cuò
剓	lí	lí
剔	tī	tì|tī
剕	fèi	fèi
剖	pōu	pōu|pǒ
剗	chǎn	chàn|chǎn
剘	qí	qí
剙	chuàng	chuàng
剚	zì	zì
剛	gāng	gāng
剜	wān	wān
剝	bō	bō
剞	jī	jī
剟	duō	chì|duō
剠	qíng	lüè|qíng
剡	shàn	shàn|yǎn
剢	dū	dū|zhuó
剣	jiàn	jiàn
剤	jì	jì
剥	bō	bāo|bō|pū
剦	yān	yān
剧	jù	jù
剨	huō	huò|huō
剩	shèng	shèng
剪	jiǎn	jiǎn
剫	duó	duó|dù
剬	duān	duān|tuán|zhì
剭	wū	wū
剮	guǎ	guǎ
副	fù	fù|pì
剰	shèng	shèng
剱	jiàn	jiàn
割	gē	gē
剳	dá	dá|zhá
剴	kǎi	kǎi|āi
創	chuàng	chuàng|chuāng|qiāng
剶	chuān	chuān
剷	chǎn	chǎn
剸	tuán	tuán|zhuàn|zhuān
剹	lù	jiū|lù
剺	lí	lí
剻	pěng	pěng
剼	shān	shān
剽	piāo	biāo|biǎo|piào|piáo|piāo
剾	kōu	kōu
剿	jiǎo	chāo|jiǎo
劀	guā	guā
劁	qiāo	qiáo|qiāo
劂	jué	jué
劃	huà	huai|huà|huá
劄	zhá	zhá|zhā
劅	zhuó	zhuó
劆	lián	lián
劇	jù	jù
劈	pī	pī|pǐ
劉	liú	liú
劊	guì	guì
劋	jiǎo	chāo|jiǎo
劌	guì	guì
劍	jiàn	jiàn
劎	jiàn	jiàn
劏	tāng	tāng
劐	huō	huá|huò|huō
劑	jì	jì
劒	jiàn	jiàn
劓	yì	yì
劔	jiàn	jiàn
劕	zhì	zhì
劖	chán	chán
劗	jiǎn	jiǎn|zuān
劘	mó	mí|mó
劙	lí	lí
劚	zhǔ	zhǔ
力	lì	li|lì
劜	yà	yà
劝	quàn	quàn
办	bàn	bàn
功	gōng	gōng
加	jiā	jiā
务	wù	wu|wù
劢	mài	mài
劣	liè	liè
劤	jìn	jìn
劥	kēng	kēng
劦	xié	liè|xié
劧	zhǐ	zhǐ
动	dòng	dòng
助	zhù	chú|zhù
努	nǔ	nǔ
劫	jié	jié
劬	qú	qú
劭	shào	shào
劮	yì	yì
劯	zhū	zhū
劰	mò	mò
励	lì	lì
劲	jìn	jìn|jìng
劳	láo	láo
労	láo	láo
劵	juàn	juàn
劶	kǒu	kǒu
劷	yáng	yáng
劸	wā	wā
効	xiào	xiào
劺	móu	móu
劻	kuāng	kuāng
劼	jié	jié
劽	liè	liè
劾	hé	hé|kài
势	shì	shi|shì
勀	kè	kè
勁	jìn	jìn|jìng
勂	gào	gào
勃	bó	bó
勄	mǐn	mǐn
勅	chì	chì
勆	láng	láng
勇	yǒng	yǒng
勈	yǒng	yǒng
勉	miǎn	miǎn
勊	kè	kè
勋	xūn	xūn
勌	juàn	juàn|juān
勍	qíng	qíng
勎	lù	lù
勏	bù	bù
勐	měng	měng
勑	chì	chì|lài
勒	lēi	lei|lè|lēi
勓	kài	kài
勔	miǎn	miǎn
動	dòng	dòng
勖	xù	mào|xù
勗	xù	xù
勘	kān	kān
務	wù	mào|máo|wu|wù|wú|wǔ
勚	yì	yì
勛	xūn	xūn
勜	wěng	wěng|yǎng
勝	shèng	shèng
勞	láo	liáo|lào|láo
募	mù	bó|mù
勠	lù	lù
勡	piào	piào
勢	shì	shi|shì
勣	jī	jī
勤	qín	qí|qín
勥	jiàng	jiàng|jiǎng|qiǎng
勦	chāo	cháo|chāo|jiǎo
勧	quàn	quàn
勨	xiàng	xiàng
勩	yì	yì
勪	jué	jué
勫	fān	fān
勬	juān	juān
勭	tóng	dòng|tóng
勮	jù	jù
勯	dān	dān
勰	xié	xié
勱	mài	mài
勲	xūn	xūn
勳	xūn	xūn
勴	lǜ	lǜ
勵	lì	lì
勶	chè	chè
勷	ráng	ráng|xiāng
勸	quàn	quàn
勹	bāo	bāo
勺	sháo	dì|shuò|sháo|zhuó
勻	yún	yún
勼	jiū	jiū
勽	bào	bào
勾	gōu	gòu|gōu
勿	wù	mò|wù
匀	yún	jūn|yùn|yún
匁	wén	wén
匂	xiōng	xiōng
匃	gài	gài
匄	gài	gài
包	bāo	bāo|fú|páo
匆	cōng	cōng
匇	yì	yì
匈	xiōng	xiōng
匉	pēng	pēng
匊	jū	jū
匋	táo	táo|yáo
匌	gé	gé
匍	pú	pú
匎	è	è
匏	páo	páo
匐	fú	fú
匑	gōng	gōng
匒	dá	dá
匓	jiù	jiù
匔	gōng	gōng
匕	bǐ	bǐ|pìn
化	huà	huà|huò|huā
北	běi	bèi|běi
匘	nǎo	nǎo
匙	shi	chí|shi
匚	fāng	fàng|fāng
匛	jiù	jiù
匜	yí	yí
匝	zā	zā
匞	jiàng	jiàng
匟	kàng	kàng
匠	jiàng	jiang|jiàng
匡	kuāng	kuāng|wāng
匢	hū	hū
匣	xiá	xiá
匤	qū	qū
匥	fán	fán
匦	guǐ	guǐ
匧	qiè	qiè
匨	zāng	cáng|zāng
匩	kuāng	kuāng
匪	fěi	fēi|fēn|fěi
匫	hū	hū
匬	yǔ	yǔ
匭	guǐ	guǐ
匮	kuì	kuì
匯	huì	huì
匰	dān	dān
匱	guì	guì|kuì
匲	lián	lián
匳	lián	lián
匴	suǎn	suǎn
匵	dú	dú
匶	jiù	jiù
匷	jué	jué
匸	xì	xì
匹	pǐ	pǐ
区	qū	qū|ōu
医	yī	yì|yī
匼	kē	kē|ē|ǎn
匽	yǎn	yàn|yǎn
匾	biǎn	biǎn
匿	nì	nì|tè
區	qū	gōu|kòu|qiū|qū|ōu
十	shí	shí
卂	xùn	xùn
千	qiān	qiān
卄	niàn	niàn
卅	sà	sà
卆	zú	zú
升	shēng	shēng
午	wǔ	wu|wǔ
卉	huì	huì
半	bàn	bàn|pàn
卋	shì	shì
卌	xì	xì
卍	wàn	wàn
华	huá	huà|huá
协	xié	xié
卐	wàn	wàn
卑	bēi	bì|bān|bēi|bǐ|pí
卒	zú	cuì|cù|zú
卓	zhuó	zhuó|zhuō
協	xié	xié
单	dān	chán|dān|shàn
卖	mài	mai|mài
南	nán	nán|nā
単	dān	dān
卙	jí	chì|jí
博	bó	bó
卛	shuài	shuài
卜	bo	bo|bǔ|pū
卝	kuàng	guàn|kuàng
卞	biàn	biàn|pán
卟	bǔ	bǔ|jī
占	zhàn	tiē|zhàn|zhān
卡	kǎ	kǎ|qiǎ
卢	lú	lú
卣	yǒu	yǒu
卤	lǔ	lǔ|xī
卥	xī	xī
卦	guà	guà
卧	wò	wò
卨	xiè	xiè
卩	jié	jié
卪	jié	jié
卫	wèi	wèi
卬	áng	yǎng|áng
卭	qióng	qióng
卮	zhī	zhī
卯	mǎo	mǎo
印	yìn	yì|yìn
危	wēi	wēi
卲	shào	shào
即	jí	jí
却	què	què
卵	luǎn	kūn|luǎn
卶	chǐ	chǐ
卷	juǎn	gǔn|juàn|juǎn|jùn|quán|quān
卸	xiè	xiè
卹	xù	sū|xù
卺	jǐn	jǐn
卻	què	jiǎo|què|xì
卼	wù	wù
卽	jí	jí
卾	è	è
卿	qīng	qīng
厀	xī	xī
厁	sān	sān
厂	chǎng	chǎng|hǎn|yán|ān
厃	wěi	wěi|yán
厄	è	è|ě
厅	tīng	tīng
历	lì	lì
厇	zhé	zhái|zhé
厈	hǎn	hǎn|àn
厉	lì	lì
厊	yǎ	yǎ
压	yā	yà|yā
厌	yàn	yàn
厍	shè	shè
厎	dǐ	dǐ|zhǐ
厏	zhǎ	zhǎ|zhǎi
厐	páng	páng
厑	yá	yá
厒	qiè	qiè
厓	yá	yá|ái
厔	zhì	shī|zhì
厕	cè	cè|si
厖	máng	máng|páng
厗	tí	tí
厘	lí	chán|lí
厙	shè	shè
厚	hòu	hòu
厛	tīng	tīng
厜	zuī	zuī
厝	cuò	cuò|jí
厞	fèi	fèi
原	yuán	yuán
厠	cè	cè
厡	yuán	yuán
厢	xiāng	xiāng
厣	yǎn	yǎn
厤	lì	lì
厥	jué	jué
厦	shà	shà|xià
厧	diān	diān
厨	chú	chú
厩	jiù	jiù
厪	jǐn	jǐn
厫	áo	áo
厬	guǐ	guǐ
厭	yàn	yàn|yì|yā|yān|yǎn
厮	sī	sī
厯	lì	lì
厰	chǎng	chǎng
厱	lán	lán|qiān
厲	lì	lài|lì
厳	yán	yán
厴	yǎn	yǎn
厵	yuán	yuán
厶	sī	mǒu|sī
厷	gōng	gōng|hóng
厸	lín	lín|min
厹	róu	qiú|róu
厺	qù	qù
去	qù	qù|qū
厼	ěr	ěr
厽	lěi	lěi
厾	dū	dū|dǔ
县	xiàn	xiàn
叀	zhuān	huì|zhuān
叁	sān	sān
参	cān	cān|cēn|shēn
參	cān	càn|cān|cēn|shēn|sān|sǎn
叄	cān	cān
叅	cān	cān
叆	ài	ài
叇	dài	dài
又	yòu	yòu
叉	chā	chà|chá|chā|chǎ
及	jí	jí
友	yǒu	you|yǒu
双	shuāng	shuāng
反	fǎn	fàn|fǎn
収	shōu	shōu
叏	guài	guài
叐	bá	bá
发	fā	fa|fà|fā
叒	ruò	ruò
叓	shì	lì|shì
叔	shū	shu|shū
叕	zhuó	jué|lì|yǐ|zhuó
取	qǔ	qū|qǔ
受	shòu	dào|shòu
变	biàn	biàn
叙	xù	xù
叚	xiá	jiǎ|xiá
叛	pàn	pàn
叜	sǒu	sǒu
叝	jí	jí
叞	wèi	wèi
叟	sǒu	sōu|sǒu|xiāo
叠	dié	dié
叡	ruì	ruì
叢	cóng	cóng
口	kǒu	kou|kǒu
古	gǔ	gù|gǔ|kū
句	jù	gòu|gōu|jù|qú
另	lìng	lìng
叧	guǎ	guǎ
叨	dāo	dáo|dāo|tāo
叩	kòu	kòu
只	zhǐ	zhī|zhǐ
叫	jiào	jiào
召	zhào	shào|zhào
叭	bā	ba|bā|pā
叮	dīng	dīng
可	kě	gē|kè|kě
台	tái	sì|tái|tāi|yí
叱	chì	chì|huà|é
史	shǐ	shǐ
右	yòu	yòu
叴	qiú	qiú
叵	pǒ	pǒ
叶	yè	xié|yè
号	hào	hao|hào|háo|xiāo
司	sī	cí|sì|sī
叹	tàn	tàn|yòu|yǐ
叺	chǐ	chǐ
叻	lè	lè|lì
叼	diāo	diāo
叽	jī	jiào|jī
叾	liǎo	liǎo
叿	hōng	hóng|hōng
吀	miē	miē
吁	xū	xū|yù|yū
吂	máng	màng|máng
吃	chī	chī|qī
各	gè	gè|gě
吅	xuān	sòng|xuān
吆	yāo	yāo
吇	zǐ	jí|zǐ
合	hé	gě|hé
吉	jí	jí
吊	diào	diào
吋	cùn	cùn|dòu|yīng
同	tóng	tong|tòng|tóng
名	míng	mìng|míng
后	hòu	hòu
吏	lì	lì
吐	tǔ	tù|tǔ
向	xiàng	xiàng
吒	zhā	zhà|zhā
吓	xià	hà|hè|xià
吔	yě	yē|yě
吕	lǚ	lǚ
吖	ā	yā|ā
吗	ma	ma|má|mǎ
吘	ǒu	ǒu
吙	huō	huō
吚	yī	xī|yī
君	jūn	jūn
吜	chǒu	chǒu
吝	lìn	lìn
吞	tūn	tiān|tūn
吟	yín	jìn|yín|yǐn
吠	fèi	fèi
吡	bǐ	bì|bǐ|pǐ
吢	qìn	qìn
吣	qìn	qìn
吤	jiè	gè|jiè|xiè
吥	bù	bù|pōu
否	fǒu	fǒu|pǐ
吧	ba	ba|bā|pā
吨	dūn	dūn|tún|tǔn
吩	fēn	fēn|pèn
吪	é	huā|é
含	hán	hàn|hán
听	tīng	ting|tīng|yí|yǐn
吭	kēng	hàng|háng|kēng
吮	shǔn	shǔn
启	qǐ	qǐ
吰	hóng	hóng
吱	zhī	qì|zhī|zī
吲	yǐn	shěn|yǐn
吳	wú	wú|yú
吴	wú	tūn|wú
吵	chǎo	chào|chāo|chǎo|miǎo
吶	nà	ne|nà
吷	xuè	chuò|jué|xuè
吸	xī	xī
吹	chuī	chuì|chuī
吺	dōu	dōu|rú
吻	wěn	wěn
吼	hǒu	hǒu
吽	hōng	hōng|hǒu|ōu
吾	wú	wú|yá|yú
吿	gào	gào
呀	ya	xiā|ya|yā
呁	jùn	jùn
呂	lǚ	lǚ
呃	è	e|ài|è
呄	gé	gé
呅	méi	méi|wěn
呆	dāi	bǎo|dāi|ái
呇	mèn	mèn|qǐ
呈	chéng	chéng|chěng|kuáng
呉	wú	wú
告	gào	gào|gù|jū
呋	fū	fū
呌	jiào	jiào
呍	hōng	hōng
呎	chǐ	chǐ|yīng
呏	shēng	shēng
呐	nà	na|ne|nuò|nà|nè
呑	tūn	tūn
呒	ḿ	ḿ
呓	yì	yì
呔	dāi	dāi|tǎi
呕	ǒu	òu|ǒu
呖	lì	lì
呗	bei	bei|bài
员	yuán	yuán|yùn|yún
呙	guō	guō
呚	wen	wen
呛	qiāng	qiàng|qiāng
呜	wū	wū
呝	è	è
呞	shī	shī
呟	juǎn	juǎn
呠	pěn	pěn
呡	wěn	mǐn|wěn
呢	ne	ne|ní|nī|nǐ
呣	ḿ	móu|m̀|ḿ
呤	lìng	lìng|líng
呥	rán	rán
呦	yōu	yōu
呧	dǐ	dǐ
周	zhōu	zhōu
呩	shì	shì
呪	zhòu	zhòu
呫	tiè	chè|tiè
呬	xì	chì|xì
呭	yì	yì
呮	qì	qì|zhī
呯	píng	píng
呰	zǐ	cī|jī|xì|zǐ
呱	gū	guā|guǎ|gū
呲	cī	cí|cī|zī
味	wèi	mèi|wèi
呴	xǔ	gòu|gōu|gū|hōu|hǒu|xǔ
呵	hē	a|huō|hā|hē|kē|à|á|ā|ǎ
呶	náo	ná|náo|nǔ
呷	xiā	gā|jiǎ|xiá|xiā
呸	pēi	pēi
呹	yì	chì|yì
呺	xiāo	háo|xiāo
呻	shēn	shēn
呼	hū	hu|hè|hū|xià|xiāo|xū
命	mìng	mìng
呾	dá	dàn|dá|tǎ|yà
呿	qù	kā|qù
咀	jǔ	jǔ|zuǐ
咁	hán	gàn|hán|xián
咂	zā	zā
咃	tuō	tuō
咄	duō	duō
咅	pǒu	pǒu
咆	páo	páo
咇	bì	bié|bì
咈	fú	fú
咉	yāng	yāng|yǎng
咊	hé	hé
咋	zǎ	zhà|zhā|zé|zǎ
和	hé	he|huo|huò|huó|hè|hé|hú
咍	hāi	hāi|tāi
咎	jiù	gāo|jiù
咏	yǒng	yǒng
咐	fù	fu|fù|fú
咑	dā	dā
咒	zhòu	zhòu
咓	wǎ	wǎ
咔	kā	kā|kǎ|nòng
咕	gū	gu|gū
咖	kā	gā|jiā|kā
咗	zuo	zuo
咘	bù	bù
咙	lóng	lóng
咚	dōng	dōng
咛	níng	níng
咜	ta	ta
咝	sī	sī
咞	xiàn	xiàn|xián
咟	huò	huò
咠	qì	qì
咡	èr	èr|ér
咢	è	è
咣	guāng	guāng|gōng
咤	zhà	zhà
咥	xì	dié|xì|xī|zhì
咦	yí	xī|yí
咧	liě	lie|liè|lié|liē|liě
咨	zī	zī
咩	miē	mie|miē
咪	mī	miē|mī|mǎi|mǐ
咫	zhǐ	zhǐ
咬	yǎo	jiāo|jiǎo|yāo|yǎo
咭	jī	jī|qià|xī
咮	zhòu	rú|zhòu|zhù|zhū
咯	gē	gē|kā|kǎ|lo|luò
咰	shù	shù|xún
咱	zán	zan|zá|zán|zǎ
咲	xiào	xiào
咳	hāi	gāi|hái|hāi|ké
咴	huī	huī|hái
咵	kuǎ	kuǎ
咶	huài	guā|guō|huà|huài|shì
咷	táo	tiào|táo
咸	xián	jiān|jiǎn|xián
咹	è	àn|è|ń
咺	xuǎn	xuān|xuǎn
咻	xiū	xiāo|xiū|xù|xǔ
咼	guō	guō|guǎ|hé|wāi|wō|wǒ
咽	yàn	yuān|yàn|yè|yān
咾	lǎo	lǎo
咿	yī	yī
哀	āi	āi
品	pǐn	pǐn
哂	shěn	shěn
哃	tóng	tóng
哄	hōng	hòng|hōng|hǒng
哅	xiōng	hōng|xiōng
哆	duō	chì|chǐ|diě|duò|duō|zhà
哇	wa	guī|huá|wa|wá|wā
哈	hā	hà|hé|hā|hē|hǎ|shà|tà
哉	zāi	zāi
哊	yòu	yòu
哋	diè	diè|dì
哌	pài	gū|pài
响	xiǎng	xiǎng
哎	āi	āi
哏	gén	gén|hěn|ǹ
哐	kuāng	kuāng|qiāng
哑	yǎ	yā|yǎ
哒	dā	dā
哓	xiāo	xiāo
哔	bì	bì
哕	huì	huì|yuě
哖	nián	nián
哗	huā	huá|huā
哘	xing	xing
哙	kuài	kuài
哚	duǒ	duǒ
哛	fēn	fēn
哜	jì	jì
哝	nóng	nóng
哞	mōu	mōu
哟	yō	yo|yō
哠	hào	hào
員	yuán	yuán|yùn|yún
哢	lòng	lòng
哣	pǒu	pǒu
哤	máng	máng
哥	gē	ge|gē
哦	ó	é|ò|ó
哧	chī	chī|hè|xià
哨	shào	shào|sào|sāo|xiào|xiāo
哩	lī	li|lì|lī|lǐ|mái|yīng
哪	nǎ	na|niè|nuó|nà|né|něi|nǎ|nǎi
哫	zú	zú
哬	hé	hé
哭	kū	kū
哮	xiào	xiào|xiāo|xuē
哯	xiàn	xiàn
哰	láo	láo
哱	bō	bèi|bó|bā|bō|pò
哲	zhé	zhé
哳	zhā	zhā
哴	liàng	liàng|láng
哵	bā	bā
哶	miē	miē
哷	liè	liè|lǜ
哸	suī	suī
哹	fú	fú
哺	bǔ	bū|bǔ|fǔ
哻	hān	hān
哼	hēng	hng|hēng
哽	gěng	gěng|yìng|yǐng|ń|ńg
哾	shuō	shuō|yuè
哿	gě	gě
唀	yòu	yòu
唁	yàn	yàn
唂	gū	gū
唃	gǔ	gǔ
唄	bei	bei|bài
唅	hán	hán
唆	suō	shuà|suō
唇	chún	chún|zhèn|zhēn
唈	yì	yì
唉	āi	ài|āi|ǎi
唊	jiá	jiá|qiǎn
唋	tū	tū
唌	xián	dàn|xián|yán
唍	wǎn	wǎn
唎	lì	lì
唏	xī	xiè|xī
唐	táng	táng
唑	zuò	shì|zuò
唒	qiú	qiú
唓	chē	chē
唔	wú	wù|wú|ń|ńg|ḿ
唕	zào	zào
唖	yǎ	yǎ
唗	dōu	dōu
唘	qǐ	qǐ
唙	dí	dí
唚	qìn	qìn|qīn
唛	mài	mài
唜	mò	mò
唝	hǒng	gòng|hǒng
唞	dǒu	dǒu
唟	qù	qù
唠	láo	lào|láo
唡	liǎng	liǎng|yīng
唢	suǒ	suǒ
唣	zào	zào
唤	huàn	huan|huàn
唥	lang	lang
唦	shā	shā
唧	jī	jié|jī
唨	zǔ	zǔ
唩	wō	wěi|wō
唪	fěng	běng|fěng
唫	jìn	jìn|yín
唬	hǔ	guó|hu|háo|hǔ|xià|xiāo
唭	qì	qì
售	shòu	shòu|shú
唯	wéi	wéi|wěi
唰	shuā	shuā
唱	chàng	chàng
唲	ér	wā|ér
唳	lì	lì
唴	qiàng	qiàng
唵	ǎn	n|ng|ǎn
唶	zé	jiè|zé
唷	yō	yù|yō
唸	niàn	diàn|niàn
唹	yū	yū
唺	tiǎn	tiǎn
唻	lài	lài|lái
唼	shà	qiè|shà
唽	xī	xī
唾	tuò	tuò
唿	hū	hū
啀	ái	ái
啁	zhāo	diào|dāo|tiáo|zhāo|zhōu
啂	nǒu	nǒu
啃	kěn	kěn
啄	zhuó	zhuó|zhòu
啅	zhuó	zhuó|zhào
商	shāng	shāng
啇	dì	dì|shì|zhāi
啈	hēng	hèng|hēng|zá|è
啉	lín	lán|lèn|lín
啊	a	a|à|á|è|ā|ǎ
啋	cǎi	cāi|cǎi|xiāo
啌	xiāng	qiāng|xiāng
啍	tūn	duǐ|tuī|tūn|xiāng|zhūn
啎	wǔ	wǔ
問	wèn	wen|wèn
啐	cuì	chuài|cuì|zá|zú|è
啑	shà	dié|jié|shà|tì|zā
啒	gǔ	gǔ
啓	qǐ	qǐ
啔	qǐ	qǐ
啕	táo	táo
啖	dàn	dàn
啗	dàn	dàn
啘	yè	wā|yè
啙	zǐ	cī|zǐ
啚	bǐ	bǐ|tú
啛	cuì	cuì
啜	chuài	chuài|chuò|zhuó
啝	hé	hé
啞	yǎ	yā|yǎ|è
啟	qǐ	qǐ
啠	zhé	zhé
啡	fēi	bài|fēi|pái|pèi|pēi
啢	liǎng	liǎng|yīng
啣	xián	xián
啤	pí	pí
啥	shá	shà|shá
啦	la	la|lā
啧	zé	zé
啨	yīng	qíng|yīng
啩	guà	guà
啪	pā	pā
啫	zhě	zhě
啬	sè	sè
啭	zhuàn	zhuàn
啮	niè	niè
啯	guō	guō
啰	luō	luo|luó|luō
啱	yán	yán
啲	dī	dī
啳	quán	jué|quán
啴	chǎn	chǎn|tān
啵	bo	bo|bō
啶	dìng	dìng
啷	lāng	lāng
啸	xiào	xiào
啹	jú	jú
啺	táng	táng
啻	chì	chì|dì
啼	tí	tí
啽	án	án|ān
啾	jiū	jiū
啿	dàn	dàn
喀	kā	ke|kè|kā
喁	yóng	yóng|yú
喂	wèi	wèi
喃	nán	nán|nǎn
善	shàn	shàn
喅	yù	yù
喆	zhé	zhé
喇	lǎ	la|lá|lā|lǎ
喈	jiē	jiē|xiè
喉	hóu	hóu
喊	hǎn	hǎn|jiān|kàn
喋	dié	dié|qiè|zhá
喌	zhōu	zhōu
喍	chái	chái
喎	wāi	wāi
喏	nuò	nuò|rě
喐	yù	yù
喑	yīn	yìn|yīn|yǐn
喒	zá	zan|zà|zá|zán|zǎn
喓	yāo	yāo
喔	ō	o|wō|wū|ò|ō
喕	miǎn	miǎn
喖	hú	hú
喗	yǔn	yǔn
喘	chuǎn	chuǎn
喙	huì	huì|zhòu
喚	huàn	huan|huàn
喛	huàn	huàn|hé|xuǎn|yuán
喜	xǐ	chì|xī|xǐ
喝	hē	he|hè|hē|kài|yè
喞	jī	jī
喟	kuì	huài|kuì
喠	zhǒng	chǒng|zhǒng
喡	wéi	wèi|wéi
喢	shà	chè|shà
喣	xù	xù
喤	huáng	huáng
喥	duó	duó|zhà
喦	niè	niè|yì
喧	xuān	xuān|xuǎn
喨	liàng	liàng
喩	yù	yù
喪	sàng	sàng|sāng
喫	chī	chī|kài
喬	qiáo	jiǎo|qiáo
喭	yàn	yàn|yǎn
單	dān	chán|chǎn|dàn|dān|dǎn|shàn|tán|zhàn
喯	pèn	bēn|pèn
喰	cān	cān|qī|sūn
喱	lí	lí
喲	yō	yo|yō
喳	zhā	chā|zha|zhā
喴	wēi	wēi
喵	miāo	miāo
営	yíng	yíng
喷	pēn	pèn|pēn
喸	bǔ	bǔ
喹	kuí	kuí
喺	xí	xí
喻	yù	yù|yú
喼	jiē	jiē
喽	lóu	lou|lóu
喾	kù	kù
喿	zào	qiāo|zào
嗀	hù	hù
嗁	tí	tí
嗂	yáo	yáo
嗃	hè	hè|hù|xiào|xiāo
嗄	shà	a|shà|xià|á
嗅	xiù	xiù
嗆	qiāng	chéng|qiàng|qiāng
嗇	sè	sè
嗈	yōng	yōng
嗉	sù	sù
嗊	hǒng	gòng|gǒng|hǒng
嗋	xié	xié
嗌	ài	wò|yì|ài
嗍	suō	shuò|suō
嗎	ma	ma|mà|má|mǎ
嗏	chā	chā
嗐	hài	hài
嗑	kē	hé|kè|kē|xiá
嗒	dā	da|dā|tà
嗓	sǎng	sǎng
嗔	chēn	chēn|tián
嗕	rù	rù
嗖	sōu	sòu|sù|sōu
嗗	wā	gū|wā
嗘	jī	jī
嗙	pǎng	bàng|bēng|pǎng
嗚	wū	wù|wū
嗛	qiǎn	qiàn|qiè|qiān|qiǎn|xián
嗜	shì	shì
嗝	gé	gé
嗞	zī	zī
嗟	jiē	jiè|jiē|juē
嗠	lào	lào
嗡	wēng	wēng|wěng
嗢	wà	wà
嗣	sì	sì
嗤	chī	chī
嗥	háo	háo
嗦	suō	suo|suō
嗨	hāi	hāi|hēi
嗩	suǒ	suǒ
嗪	qín	qín
嗫	niè	niè
嗬	hē	hē
嗭	zhí	zhí
嗮	sài	sài
嗯	ǹg	en|ń|ńg|ň|ňg|ǹ|ǹg
嗰	gě	gě
嗱	ná	ná
嗲	diǎ	diē|diǎ
嗳	ǎi	ài|āi|ǎi
嗴	qiāng	qiāng
嗵	tōng	tōng
嗶	bì	bì
嗷	áo	áo
嗸	áo	áo
嗹	lián	lián
嗺	zuī	suī|zuī|zuǐ
嗻	zhē	zhe|zhè|zhù|zhē
嗼	mò	mò
嗽	sòu	shuò|shù|sou|sòu
嗾	sǒu	sǒu
嗿	tǎn	tǎn
嘀	dí	dí|dī|zhé
嘁	qī	qī|zú|zā
嘂	jiào	jiào
嘃	chōng	chōng
嘄	jiāo	dǎo|jiào|jiāo
嘅	kǎi	gé|kài|kǎi
嘆	tàn	tàn
嘇	shān	càn|shān|shěn
嘈	cáo	cáo
嘉	jiā	jiā
嘊	ái	ái
嘋	xiào	xiào
嘌	piào	piào|piāo
嘍	lóu	lou|lóu|lǒu
嘎	gā	gá|gā|gǎ
嘏	gǔ	gǔ|jiǎ
嘐	xiāo	bào|jiāo|láo|miù|xiāo
嘑	hū	hù|hū
嘒	huì	huì
嘓	guō	guō
嘔	ǒu	chū|ou|xū|òu|ōu|ǒu
嘕	xiān	xiān
嘖	zé	zé
嘗	cháng	cháng
嘘	xū	shī|xū
嘙	pó	pó
嘚	dē	dé|dāi|dē|dēi
嘛	ma	ma|má
嘜	mà	mà
嘝	hú	hú
嘞	lei	lei|lē
嘟	dū	dū
嘠	gā	gā
嘡	tāng	tāng
嘢	yě	yě
嘣	bēng	bēng
嘤	yīng	yīng
嘥	sāi	sāi
嘦	jiào	jiào
嘧	mì	mì
嘨	xiào	xiào
嘩	huā	huá|huā
嘪	mǎi	mǎi
嘫	rán	rán
嘬	zuō	chuài|zuō
嘭	pēng	pēng
嘮	láo	chāo|lào|láo|xiāo
嘯	xiào	chì|xiào
嘰	jī	jī
嘱	zhǔ	zhǔ
嘲	cháo	cháo|zhāo
嘳	kuì	kuì
嘴	zuǐ	zuǐ
嘵	xiāo	xiāo
嘶	sī	sī
嘷	háo	háo
嘸	fǔ	fǔ|m̄|wǔ|ḿ
嘹	liáo	liào|liáo
嘺	qiáo	qiào|qiáo
嘻	xī	xī
嘼	chù	chù|shòu|xù
嘽	chǎn	chān|chǎn|dǎn|tuō|tān
嘾	dàn	dàn|tán
嘿	hēi	hēi|mò|mù
噀	xùn	xùn
噁	ě	wò|wù|ě
噂	zǔn	zǔn
噃	fān	bo|fān
噄	chī	chī
噅	huī	huī
噆	zǎn	cǎn|zǎn
噇	chuáng	chuáng
噈	cù	cù|hé|zā
噉	dàn	dàn
噊	yù	yù
噋	tūn	kuò|tūn
噌	cēng	chēng|cēng
噍	jiào	jiào|jiāo|jiū
噎	yē	shà|yì|yē
噏	xī	xī
噐	qì	qì
噑	háo	háo
噒	lián	lián
噓	xū	xū
噔	dēng	dēng
噕	huī	huī
噖	yín	yín
噗	pū	pū
噘	juē	juē
噙	qín	qín
噚	xún	xún
噛	niè	niè
噜	lū	lū
噝	sī	sī
噞	yǎn	yǎn
噟	yìng	yìng
噠	dā	dá|dā
噡	zhān	dān|zhān
噢	ō	yù|yǔ|ào|ō
噣	zhòu	dú|zhuó|zhòu|zhú
噤	jìn	jìn
噥	nóng	náng|nóng
噦	huì	huì|yuē|yuě
噧	xiè	xiè
器	qì	qì
噩	è	è
噪	zào	zào
噫	yī	yì|yī|ǎi
噬	shì	shì
噭	jiào	chī|jiào|qiào
噮	yuàn	yuàn
噯	āi	ài|āi|ǎi
噰	yōng	yōng|yǒng
噱	xué	jué|xué
噲	kuài	guài|kuài|kuò|wèi
噳	yǔ	yǔ
噴	pēn	fèn|pèn|pēn
噵	dào	dào
噶	gá	gá|gé
噷	hm	hm|hēn|xīn
噸	dūn	dūn
噹	dāng	dāng
噺	xīn	xīn
噻	sāi	sāi
噼	pī	pī
噽	pǐ	pǐ
噾	yīn	yīn
噿	zuǐ	zuǐ
嚀	níng	níng
嚁	dí	dí
嚂	làn	hǎn|làn
嚃	tā	tà|tā
嚄	huō	huò|huō|wò|ǒ
嚅	rú	rú
嚆	hāo	hāo
嚇	xià	hè|xià
嚈	yè	yè
嚉	duō	duō
嚊	pì	pì|xiù|xì
嚋	chóu	chóu|zhōu
嚌	jì	jiē|jì|zhāi
嚍	jìn	jìn
嚎	háo	háo
嚏	tì	tì
嚐	cháng	cháng
嚑	xūn	xūn
嚒	mē	mē
嚓	cā	chā|cā
嚔	tì	tì|zhì
嚕	lǔ	lū|lǔ
嚖	huì	huì
嚗	bó	bào|bó|pào
嚘	yōu	yōu
嚙	niè	niè|yǎo
嚚	yín	yín
嚛	hù	hù|yo
嚜	me	ma|me|mèi
嚝	hōng	hōng
嚞	zhé	zhé
嚟	lí	lí
嚠	liú	liú
嚡	hai	hai
嚢	náng	náng
嚣	xiāo	xiāo|áo
嚤	mó	mó
嚥	yàn	yàn
嚦	lì	lì
嚧	lú	lú
嚨	lóng	lóng
嚩	mó	mó
嚪	dàn	dàn
嚫	chèn	chèn
嚬	pín	pín
嚭	pǐ	pǐ
嚮	xiàng	xiàng|xiǎng
嚯	huò	huò|xuè
嚰	mó	mó
嚱	xì	xì
嚲	duǒ	duǒ
嚳	kù	kù
嚴	yán	yán|yǎn
嚵	chán	chán|chān
嚶	yīng	yīng
嚷	rǎng	rāng|rǎng
嚸	diǎn	diǎn
嚹	lá	la|lá
嚺	tà	tà
嚻	xiāo	xiāo
嚼	jué	jiào|jiáo|jué
嚽	chuò	chuò
嚾	huān	huàn|huān
嚿	huò	huò
囀	zhuàn	zhuàn
囁	niè	niè|zhé
囂	xiāo	xiāo|áo
囃	cà	cà|zhā|zǎ
囄	lí	lí
囅	chǎn	chǎn
囆	chài	chài
囇	lì	lì
囈	yì	yì
囉	luō	luo|luó|luō
囊	náng	náng|nāng
囋	zá	cān|zàn|zá
囌	sū	sū
囍	xǐ	xǐ
囎	zen	zen
囏	jiān	jiān
囐	zá	niè|yàn|zá|è
囑	zhǔ	zhǔ
囒	lán	lán
囓	niè	niè
囔	nāng	nang|nāng
囕	lǎn	lǎn
囖	lo	lo
囗	wéi	guó|wéi
囘	huí	huí
囙	yīn	yīn
囚	qiú	qiú
四	sì	sì
囜	nín	nín
囝	jiǎn	jiǎn|nān|yuè
回	huí	huí
囟	xìn	xìn
因	yīn	yīn
囡	nān	niè|nān
团	tuán	qiú|tuán
団	tuán	tuán
囤	dùn	dùn|tún
囥	kàng	kàng
囦	yuān	yuān
囧	jiǒng	jiǒng
囨	piān	piān
囩	yún	yún
囪	cōng	cōng
囫	hú	hú
囬	huí	huí
园	yuán	wán|yuán
囮	é	é
囯	guó	guó
困	kùn	kùn
囱	cōng	chuāng|cōng
囲	tōng	tōng
図	tú	tú
围	wéi	wéi
囵	lún	lún
囶	guó	guó
囷	qūn	qūn
囸	rì	rì
囹	líng	líng
固	gù	gù
囻	guó	guó
囼	tāi	tāi
国	guó	guó
图	tú	tú
囿	yòu	yòu
圀	guó	guó
圁	yín	yín
圂	hùn	huàn|hùn
圃	pǔ	pǔ
圄	yǔ	yǔ
圅	hán	hán
圆	yuán	yuán
圇	lún	lún
圈	quān	juàn|juān|juǎn|quán|quān
圉	yǔ	yǔ
圊	qīng	qīng
國	guó	guó
圌	chuí	chuán|chuí
圍	wéi	wéi
圎	yuán	yuán
圏	quān	quān
圐	kū	kū
圑	pǔ	pǔ
園	yuán	yuán
圓	yuán	yuán
圔	yà	yà
圕	tú	tú
圖	tú	tú
圗	tú	tú
團	tuán	chuán|tuán
圙	lüè	lüè
圚	huì	huì
圛	yì	yì
圜	huán	huán|yuán
圝	luán	luán
圞	luán	luán
土	tǔ	chǎ|dù|tú|tǔ
圠	yà	yà
圡	tǔ	tǔ
圢	tǐng	tǐng
圣	shèng	kū|shèng
圤	pú	pú
圥	lù	lù
圦	kuài	kuài
圧	yā	yā
在	zài	zài
圩	wéi	wéi|xū|yú
圪	gē	gē|yì
圫	tuō	tuō|yù|zhūn
圬	wū	wū
圭	guī	guī
圮	pǐ	pǐ
圯	yí	yí
地	de	de|dì
圱	qiān	qiān|sú
圲	qiān	qiān
圳	zhèn	chóu|huái|quǎn|zhèn
圴	zhuó	zhuó
圵	dàng	dàng
圶	qià	qià
圷	xià	xià
圸	shān	shān
圹	kuàng	kuàng
场	chǎng	cháng|chǎng
圻	qí	qí|yín
圼	niè	niè
圽	mò	mò
圾	jī	jié|jí|jī
圿	jiá	jiá
址	zhǐ	zhǐ
坁	zhǐ	zhì|zhǐ
坂	bǎn	bǎn
坃	xūn	xūn
坄	yì	yì
坅	qǐn	qǐn
坆	méi	fén|méi
均	jūn	jūn|yùn
坈	rǒng	kēng|rǒng
坉	tún	dùn|tún
坊	fāng	fang|fáng|fāng
坋	bèn	bèn|fèn
坌	bèn	bèn
坍	tān	tān
坎	kǎn	kàn|kǎn
坏	huài	huài|péi|pī
坐	zuò	zuò
坑	kēng	kàng|kēng
坒	bì	bì
坓	jǐng	jǐng|xíng
坔	dì	dì|làn
坕	jīng	jīng
坖	jì	jì
块	kuài	kuài|yué
坘	dǐ	dǐ
坙	jīng	jīng
坚	jiān	jiān
坛	tán	tán
坜	lì	lì
坝	bà	bà
坞	wù	wù
坟	fén	fén
坠	zhuì	zhuì
坡	pō	pō
坢	bàn	bàn|pàn|pǎn
坣	táng	táng
坤	kūn	kūn
坥	qū	jù|qū
坦	tǎn	tǎn
坧	zhī	zhī
坨	tuó	tuó|yí
坩	gān	gān
坪	píng	píng
坫	diàn	diàn|zhēn
坬	guà	guà|wā
坭	ní	ní
坮	tái	tái
坯	pī	huài|pī
坰	jiōng	jiōng
坱	yǎng	yǎng
坲	fó	fó
坳	ào	yǒu|ào|āo
坴	lù	lù
坵	qiū	qiū
坶	mǔ	méi|mù|mǔ
坷	kě	jiōng|kē|kě
坸	gòu	gòu
坹	xuè	xuè
坺	bá	bá
坻	dǐ	chí|dǐ
坼	chè	chè
坽	líng	líng
坾	zhù	zhù
坿	fù	fù|fú
垀	hū	hū
垁	zhì	zhì
垂	chuí	chuí|zhuì
垃	lā	la|lā
垄	lǒng	lǒng
垅	lǒng	lǒng
垆	lú	lú
垇	ào	ào
垈	dài	dài
垉	páo	páo
垊	min	min
型	xíng	xíng
垌	dòng	dòng|tóng|tǒng
垍	jì	jì|jī
垎	hè	hè
垏	lǜ	lǜ
垐	cí	cí
垑	chǐ	chǐ
垒	lěi	lěi
垓	gāi	gāi
垔	yīn	yīn
垕	hòu	hòu
垖	duī	duī
垗	zhào	zhào
垘	fú	fú
垙	guāng	guāng
垚	yáo	yáo
垛	duǒ	duò|duǒ
垜	duǒ	duò|duǒ
垝	guǐ	guǐ
垞	chá	chá
垟	yáng	yáng
垠	yín	kèn|yín
垡	fá	fá
垢	gòu	gòu
垣	yuán	yuán
垤	dié	dié
垥	xié	xié
垦	kěn	kěn|yín
垧	shǎng	jiōng|shǎng
垨	shǒu	shǒu
垩	è	shèng|è
垪	bìng	bìng
垫	diàn	diàn
垬	hóng	hóng
垭	yā	yā
垮	kuǎ	kuǎ
垯	da	da
垰	kǎ	kǎ
垱	dàng	dàng
垲	kǎi	kǎi
垳	háng	háng
垴	nǎo	nǎo
垵	ān	ān|ǎn
垶	xīng	xīng
垷	xiàn	xiàn
垸	yuàn	huán|yuàn
垹	bāng	bāng
垺	fú	fóu|fú|fū|póu|pēi
垻	bà	bà|bèi
垼	yì	yì
垽	yìn	yìn
垾	hàn	hàn|àn
垿	xù	xù
埀	chuí	chuí
埁	qín	qín
埂	gěng	gěng
埃	āi	zhì|āi
埄	běng	běng|fēng
埅	fáng	dì|fáng|fāng
埆	què	jué|què
埇	yǒng	yǒng
埈	jùn	jùn
埉	jiā	jiā|xiá
埊	dì	dì
埋	mái	mái|mán
埌	làng	làng
埍	juǎn	juǎn
城	chéng	chéng
埏	shān	shān|yán
埐	jīn	jīn|qín
埑	zhé	zhé
埒	liè	liè
埓	liè	liè
埔	bù	bù|pǔ
埕	chéng	chéng
埖	huā	huā
埗	bù	bù
埘	shí	shí
埙	xūn	xūn
埚	guō	guō
埛	jiōng	jiōng
埜	yě	yě
埝	niàn	diàn|niàn|niè
埞	dī	dī
域	yù	yù
埠	bù	bù
埡	yā	wǔ|yà|yā|è
埢	quán	juǎn|quán
埣	suì	suì|sù
埤	pí	bì|bēi|pì|pí
埥	qīng	qīng|zhēng
埦	wǎn	wān|wǎn
埧	jù	jù
埨	lǔn	lùn|lǔn
埩	zhēng	chéng|zhēng
埪	kōng	kōng
埫	tǎng	chǒng|shǎng|tǎng
埬	dōng	dōng
埭	dài	dài
埮	tàn	tàn|tán
埯	ǎn	yǎn|ǎn
埰	cài	cài|cǎi
埱	chù	chù|tòu
埲	běng	bàng|běng
埳	kǎn	kǎn|xiàn
埴	zhí	zhí
埵	duǒ	duǒ
埶	yì	shì|yì
執	zhí	zhí
埸	yì	yì
培	péi	péi|pī|pǒu
基	jī	jī
埻	zhǔn	duī|guó|zhǔn
埼	qí	qí
埽	sào	sào|sǎo
埾	jù	jù
埿	ní	bàn|nì|ní
堀	kū	kū
堁	kè	kè
堂	táng	tang|táng
堃	kūn	kūn
堄	nì	nì
堅	jiān	jiān
堆	duī	duī|zuī
堇	jǐn	jìn|jǐn|qín
堈	gāng	gāng
堉	yù	yù
堊	è	yà|è
堋	péng	bèng|péng|pēng|pīng
堌	gù	gù
堍	tù	tù
堎	lèng	lèng
堏	fang	fang
堐	yá	yá
堑	qiàn	qiàn
堒	kūn	kūn
堓	àn	àn
堔	shēn	shēn
堕	duò	duò|huī
堖	nǎo	nǎo
堗	tū	tū
堘	chéng	chéng
堙	yīn	yīn
堚	hún	hún
堛	bì	bì
堜	liàn	liàn
堝	guō	guō|wō
堞	dié	dié
堟	zhuàn	zhuàn
堠	hòu	hòu
堡	bǎo	bǎo|bǔ|pù
堢	bǎo	bǎo
堣	yú	yú
堤	dī	dī|dǐ|shí|tí|wéi
堥	máo	máo|móu|wǔ
堦	jiē	jiē
堧	ruán	nuò|ruán
堨	è	yè|ài|è
堩	gèng	gèng
堪	kān	chěn|kān
堫	zōng	zōng
堬	yú	yú
堭	huáng	huáng
堮	è	è
堯	yáo	yáo
堰	yàn	yàn
報	bào	bào|fù
堲	jí	cí|jí
堳	méi	méi
場	chǎng	cháng|chǎng|dàng|shāng
堵	dǔ	dū|dǔ|zhě
堶	tuó	tuó
堷	yìn	pǒu|yìn
堸	féng	féng
堹	zhòng	zhòng
堺	jiè	jiè
堻	jīn	jīn
堼	hèng	hèng
堽	gāng	gāng
堾	chūn	chūn
堿	jiǎn	jiǎn|kǎn|xián
塀	píng	píng
塁	lěi	lěi
塂	xiàng	jiǎng|xiàng
塃	huāng	huāng
塄	léng	léng
塅	duàn	duàn
塆	wān	wān
塇	xuān	xuān
塈	jì	jì|xì
塉	jí	jí
塊	kuài	kuài
塋	yíng	yíng
塌	tā	dā|tā
塍	chéng	chéng
塎	yǒng	yǒng
塏	kǎi	kǎi
塐	sù	sù
塑	sù	sù
塒	shí	shí
塓	mì	mì
塔	tǎ	da|dā|tǎ
塕	wěng	wěng
塖	chéng	chéng
塗	tú	dù|tú
塘	táng	táng
塙	què	qiāo|què
塚	zhǒng	zhǒng
塛	lì	lì
塜	zhǒng	péng|zhǒng
塝	bàng	bàng
塞	sāi	sài|sè|sāi
塟	zàng	zàng
塠	duī	duī
塡	tián	tián
塢	wù	wù|wǔ
塣	zhèng	zhèng
塤	xūn	xūn
塥	gé	gé
塦	zhèn	zhèn
塧	ài	ài
塨	gōng	gōng
塩	yán	yán
塪	kǎn	kǎn
填	tián	chén|tián|tiǎn|zhèn
塬	yuán	yuán
塭	wēn	wēn
塮	xiè	xiè
塯	liù	liù
塰	hǎi	hǎi
塱	lǎng	lǎng
塲	cháng	cháng|chǎng|shāng
塳	péng	péng
塴	bèng	bèng
塵	chén	chén
塶	lù	lù
塷	lǔ	lǔ
塸	ōu	ōu
塹	qiàn	jiàn|qiàn
塺	méi	méi
塻	mò	mò
塼	zhuān	tuán|zhuān
塽	shuǎng	shuǎng
塾	shú	shú
塿	lǒu	lǒu
墀	chí	chí
墁	màn	màn
墂	biāo	biāo
境	jìng	jìng
墄	cè	cè
墅	shù	shù|yě
墆	zhì	dì|zhì
墇	zhàng	zhàng
墈	kàn	kàn
墉	yōng	yōng
墊	diàn	diàn
墋	chěn	chěn
墌	zhí	zhuó|zhí
墍	xì	xì
墎	guō	guō
墏	qiǎng	qiǎng
墐	jìn	jìn|qín
墑	dì	dì
墒	shāng	shāng
墓	mù	mù
墔	cuī	cuī
墕	yàn	yàn|yān
墖	tǎ	tǎ
増	zēng	zēng
墘	qián	qián
墙	qiáng	qiáng
墚	liáng	liáng
墛	wèi	wèi
墜	zhuì	zhuì
墝	qiāo	qiào|qiāo
增	zēng	céng|zèng|zēng
墟	xū	xū
墠	shàn	chǎn|shàn
墡	shàn	shàn
墢	bá	bá|fèi
墣	pú	pú
墤	kuài	kuài|tuí
墥	dǒng	dǒng|tuǎn
墦	fán	fán|fān
墧	què	qiáo|què
墨	mò	mèi|mò
墩	dūn	dūn
墪	dūn	dūn
墫	zūn	cūn|zūn
墬	dì	dì
墭	shèng	shèng
墮	duò	duò|huì|huī
墯	duò	duò
墰	tán	tán
墱	dèng	dèng|dēng
墲	mú	mú|wú
墳	fén	fèn|fén
墴	huáng	huáng
墵	tán	tán
墶	da	da
墷	yè	yè
墸	zhù	zhù
墹	jiàn	jiàn
墺	ào	ào
墻	qiáng	qiáng
墼	jī	jī
墽	qiāo	qiào|qiāo|áo
墾	kěn	kěn
墿	yì	tú|yì
壀	pí	pí
壁	bì	bì
壂	diàn	diàn
壃	jiāng	jiāng
壄	yě	yě
壅	yōng	wèng|yōng
壆	xué	bó|jué|xué
壇	tán	dàn|shàn|tán|tǎn
壈	lǎn	lǎn
壉	jù	jù
壊	huài	huài
壋	dàng	dàng
壌	rǎng	rǎng
壍	qiàn	qiàn
壎	xūn	xùn|xūn
壏	xiàn	làn|xiàn
壐	xǐ	xǐ
壑	hè	huò|hè
壒	ài	ài
壓	yā	yà|yā
壔	dǎo	dǎo
壕	háo	háo
壖	ruán	ruán
壗	jìn	jìn
壘	lěi	léi|lěi|lǜ
壙	kuàng	kuàng|kuǎng
壚	lú	lú
壛	yán	yán
壜	tán	tán
壝	wěi	wěi
壞	huài	huài|huái|huì
壟	lǒng	lǒng
壠	lǒng	lǒng
壡	ruì	ruì
壢	lì	lì
壣	lín	lín
壤	rǎng	rǎng
壥	chán	chán
壦	xūn	xūn
壧	yán	yán
壨	léi	léi
壩	bà	bà
壪	wān	wān
士	shì	shi|shì
壬	rén	rén
壭	san	san
壮	zhuàng	zhuàng
壯	zhuàng	zhuàng|zhuāng
声	shēng	qìng|sheng|shēng
壱	yī	yī
売	mài	mài
壳	ké	ké|qiào
壴	zhù	zhù
壵	zhuàng	zhuàng
壶	hú	hú
壷	hú	hú
壸	kǔn	kǔn
壹	yī	yī|yīn
壺	hú	hú
壻	xù	xù
壼	kǔn	kǔn
壽	shòu	shòu
壾	mǎng	mǎng
壿	zūn	zūn
夀	shòu	shòu
夁	yī	yī
夂	zhǐ	zhōng|zhǐ
夃	gǔ	gǔ|yíng
处	chù	chu|chù|chǔ
夅	jiàng	jiàng
夆	féng	féng|páng
备	bèi	bèi
夈	zhāi	zhāi
変	biàn	biàn
夊	suī	suī
夋	qūn	qūn
夌	líng	líng
复	fù	fù
夎	cuò	cuò
夏	xià	jiǎ|xià
夐	xiòng	xiòng|xuàn
夑	xiè	xiè
夒	náo	náo
夓	xià	xià
夔	kuí	kuí
夕	xī	xī|yì
外	wài	wài
夗	yuàn	wān|wǎn|yuàn|yuān
夘	mǎo	mǎo|wān
夙	sù	sù
多	duō	duō
夛	duō	duō
夜	yè	yè
夝	qíng	qíng
夞	wài	wài
够	gòu	gòu
夠	gòu	gòu
夡	qì	qì
夢	mèng	mèng|méng
夣	mèng	mèng
夤	yín	yín
夥	huǒ	huǒ
夦	chěn	chěn
大	dà	dà|dài|tài
夨	zè	zè
天	tiān	tian|tiān
太	tài	tai|tài|tā
夫	fū	fu|fú|fū
夬	guài	guài|jué
夭	yāo	wò|wāi|yāo
央	yāng	yāng|yīng
夯	hāng	bèn|hāng
夰	gǎo	gǎo
失	shī	shī|yì
夲	tāo	běn|tāo
夳	tài	tài
头	tóu	tou|tóu
夵	yǎn	tāo|yǎn
夶	bǐ	bǐ
夷	yí	yí
夸	kuā	kuà|kuā|kuǎ
夹	jiā	gā|jiá|jiā
夺	duó	duó
夻	huà	huà
夼	kuǎng	kuǎng
夽	yǔn	yǔn
夾	jiā	gā|jiá|jiā|xiá|xié
夿	bā	bā
奀	ēn	ēn
奁	lián	lián
奂	huàn	huàn
奃	dī	dī|tì
奄	yǎn	yān|yǎn
奅	pào	pào
奆	juàn	juàn
奇	qí	jī|qí|yǐ|ǎi
奈	nài	nài
奉	fèng	fèng
奊	xié	liè|pí|xié|xǐ
奋	fèn	fèn|kǎng
奌	diǎn	diǎn
奍	quān	quān
奎	kuí	kuí|kuǐ
奏	zòu	còu|zòu
奐	huàn	huàn
契	qì	jié|qiè|qì|xiè
奒	kāi	kāi
奓	zhā	chǐ|shē|zhà|zhā
奔	bēn	bèn|bēn|fèn
奕	yì	yì
奖	jiǎng	jiǎng
套	tào	tào|tǎo
奘	zàng	zhuǎng|zàng
奙	běn	běn
奚	xī	xī
奛	huǎng	huǎng
奜	fěi	fēi|fěi
奝	diāo	diāo
奞	xùn	xùn
奟	bēng	bēng|kēng
奠	diàn	diàn|dìng|tíng|zhèng|zūn
奡	ào	xiào|ào
奢	shē	shē
奣	wěng	wěng
奤	hǎ	hǎ|pò|tǎi
奥	ào	yù|yōu|ào
奦	wù	wù
奧	ào	ào
奨	jiǎng	jiǎng
奩	lián	lián
奪	duó	duì|duó
奫	yūn	yūn
奬	jiǎng	jiǎng
奭	shì	shì
奮	fèn	fèn
奯	huò	huò
奰	bì	bì
奱	luán	luán
奲	duǒ	chě|duǒ
女	nǚ	nü|nǚ|nǜ|rǔ
奴	nú	nú
奵	dǐng	dīng|dǐng|tiǎn
奶	nǎi	nai|nǎi
奷	qiān	qiān
奸	jiān	gān|jiān
她	tā	chí|jiě|tā
奺	jiǔ	jiǔ
奻	nuán	nuán
奼	chà	chà
好	hǎo	hào|hāo|hǎo
奾	xiān	xiān
奿	fàn	fàn
妀	jǐ	jǐ
妁	shuò	shuò|yuē
如	rú	rú
妃	fēi	fēi|pèi
妄	wàng	wàng|wáng
妅	hóng	hóng
妆	zhuāng	zhuāng
妇	fù	fu|fù
妈	mā	ma|mā
妉	dān	dān
妊	rèn	rèn|rén
妋	fū	fū|yōu
妌	jìng	jìng
妍	yán	yán
妎	hài	hài|jiè
妏	wèn	wèn
妐	zhōng	zhōng
妑	pā	pā
妒	dù	dù
妓	jì	jì|jī
妔	kēng	háng|kēng
妕	zhòng	zhòng
妖	yāo	jiǎo|yāo
妗	jìn	jìn|xiān
妘	yún	yún
妙	miào	miào|miǎo
妚	fǒu	fǒu|pēi|pī
妛	chī	chī
妜	yuè	jué|yuè
妝	zhuāng	zhuāng
妞	niū	hào|niū
妟	yàn	yàn
妠	nà	nà|nàn
妡	xīn	xīn
妢	fén	fén
妣	bǐ	bǐ
妤	yú	yú
妥	tuǒ	tuǒ
妦	fēng	fēng
妧	yuán	wàn|yuán
妨	fáng	fáng|fāng
妩	wǔ	wǔ
妪	yù	yù
妫	guī	guī
妬	dù	dù
妭	bá	bá|bō
妮	nī	ní|nī
妯	zhóu	chōu|zhóu
妰	zhuó	zhuó
妱	zhāo	zhāo
妲	dá	dá
妳	nǎi	nǎi|nǐ
妴	yuàn	yuàn
妵	tǒu	tǒu
妶	xián	xián|xuán|xù
妷	zhí	yì|zhí
妸	ē	ē|ě
妹	mèi	mei|mèi
妺	mò	mò
妻	qī	qì|qī
妼	bì	bì
妽	shēn	shēn
妾	qiè	qiè
妿	ē	ē
姀	hé	hé
姁	xǔ	xū|xǔ
姂	fá	fá
姃	zhēng	zhēng
姄	mín	mín
姅	bàn	bàn
姆	mǔ	mǔ
姇	fū	fú|fū
姈	líng	líng
姉	zǐ	zǐ
姊	zǐ	zǐ
始	shǐ	shǐ
姌	rǎn	rǎn
姍	shān	pān|shān|xiān
姎	yāng	yāng
姏	mán	mán
姐	jiě	jie|jiě|jù|xù|zū
姑	gū	gu|gū
姒	sì	sì
姓	xìng	shēng|xìng
委	wěi	wèi|wēi|wěi
姕	zī	cī|cǐ|zī
姖	jù	jù
姗	shān	shān
姘	pīn	pín|pīn
姙	rèn	rèn
姚	yáo	tiào|táo|yào|yáo
姛	dòng	dòng
姜	jiāng	jiāng
姝	shū	shū
姞	jí	jí
姟	gāi	gāi
姠	xiàng	xiàng
姡	huá	huá|huó
姢	juān	juān
姣	jiāo	jiāo|jiǎo|xiáo
姤	gòu	gòu
姥	lǎo	lǎo|mǔ
姦	jiān	jiān
姧	jiān	jiān
姨	yí	yí
姩	niàn	niàn|nián
姪	zhí	zhí
姫	jī	jī|zhěn
姬	jī	jī|yí
姭	xiàn	xiàn
姮	héng	héng
姯	guāng	guāng
姰	jūn	jūn|xuàn|xīn|xūn
姱	kuā	hù|kuā
姲	yàn	yàn
姳	mǐng	mǐng
姴	liè	liè
姵	pèi	pèi
姶	è	yà|è
姷	yòu	yòu
姸	yán	yán
姹	chà	chà
姺	shēn	shēn|xiān
姻	yīn	yīn
姼	shí	jì|shí|tí
姽	guǐ	guǐ|wá
姾	quán	quán
姿	zī	zì|zī
娀	sōng	sōng
威	wēi	wēi
娂	hóng	hóng
娃	wá	guì|wa|wá|wā
娄	lóu	lóu
娅	yà	yà
娆	ráo	ráo|rǎo
娇	jiāo	jiāo
娈	luán	luán
娉	pīng	pìn|pīng
娊	xiàn	dān|xiàn
娋	shào	shào|shāo
娌	lǐ	lǐ
娍	chéng	chéng|shèng
娎	xiè	xiè
娏	máng	máng
娐	fū	fū
娑	suō	suò|suō|suǒ
娒	méi	méi|mǔ|wǔ
娓	wěi	wěi
娔	kè	kè
娕	chuò	chuò|cù|lài
娖	chuò	chuò|cù
娗	tǐng	tiǎn|tǐng
娘	niáng	niang|niáng
娙	xíng	xíng
娚	nán	nán
娛	yú	yú
娜	nà	nuó|nà
娝	pōu	bǐ|pōu
娞	něi	něi|suī
娟	juān	juān
娠	shēn	shēn
娡	zhì	zhì
娢	hán	hán
娣	dì	dì
娤	zhuāng	zhuāng
娥	é	é
娦	pín	pín
娧	tuì	tuì
娨	xiàn	xiàn
娩	miǎn	miǎn|wèn|wǎn
娪	wú	wù|wú|yú
娫	yán	yán
娬	wǔ	wǔ
娭	āi	xī|āi
娮	yán	yán
娯	yú	yú
娰	sì	sì
娱	yú	yú
娲	wā	wā
娳	lì	lì
娴	xián	xián
娵	jū	jū
娶	qǔ	jū|qǔ|shū
娷	zhuì	shuì|zhuì
娸	qī	qī
娹	xián	xián
娺	zhuó	zhuó
娻	dōng	dòng|dōng
娼	chāng	chāng
娽	lù	lù
娾	ǎi	ái|è|ǎi
娿	ē	ē|ě
婀	ē	ē|ě
婁	lóu	léi|lóu|lǘ|lǚ
婂	mián	mián
婃	cóng	cóng
婄	pǒu	bù|péi|pǒu
婅	jú	jú
婆	pó	po|pó
婇	cǎi	cǎi
婈	líng	líng
婉	wǎn	wǎn
婊	biǎo	biǎo
婋	xiāo	xiāo
婌	shú	shú
婍	qǐ	qǐ
婎	huī	huī
婏	fàn	fàn|fù
婐	wǒ	wǒ
婑	ruí	něi|ruí|wǒ
婒	tán	tán
婓	fēi	fēi
婔	fēi	fēi
婕	jié	jié|qiè
婖	tiān	tiān
婗	ní	ní|nǐ
婘	quán	juàn|quán
婙	jìng	jìng
婚	hūn	hūn
婛	jīng	jīng
婜	qiān	jǐn|qiān
婝	diàn	diàn
婞	xìng	xìng
婟	hù	hù
婠	wān	guàn|wān
婡	lái	lài|lái
婢	bì	bì
婣	yīn	yīn
婤	zhōu	chōu|zhōu
婥	chuò	chuò|nào
婦	fù	fu|fù
婧	jìng	jìng
婨	lún	lún
婩	àn	nüè|àn
婪	lán	lán|lǎn
婫	kūn	hùn|kūn
婬	yín	yín
婭	yà	yà|yā|yǎ
婮	jū	jū
婯	lì	lì
婰	diǎn	diǎn
婱	xián	xián
婲	huā	huā
婳	huà	huà
婴	yīng	yīng
婵	chán	chán
婶	shěn	shen|shěn
婷	tíng	tíng
婸	dàng	dàng|yáng
婹	yǎo	yǎo
婺	wù	móu|mù|wù
婻	nàn	nàn
婼	ruò	chuò|ruò
婽	jiǎ	jiǎ
婾	tōu	tōu
婿	xù	xù
媀	yù	yù|yú
媁	wéi	wéi|wěi
媂	dì	dì|tí
媃	róu	róu
媄	měi	měi
媅	dān	dān
媆	ruǎn	nèn|nùn|ruǎn
媇	qīn	qīn
媈	huī	huī
媉	wò	wò
媊	qián	qián
媋	chūn	chūn
媌	miáo	miáo
媍	fù	fù
媎	jiě	jiě
媏	duān	duān
媐	yí	xī|yí
媑	zhòng	zhòng
媒	méi	mèi|méi
媓	huáng	huáng
媔	mián	mián|miǎn
媕	ān	yǎn|è|ān
媖	yīng	yīng
媗	xuān	xuān
媘	jiē	jiē
媙	wēi	wēi
媚	mèi	mèi
媛	yuàn	yuàn|yuán
媜	zhēng	zhēng
媝	qiū	qiū
媞	shì	dài|shì|tí|zhī
媟	xiè	xiè
媠	tuǒ	duò|nuǒ|tuǒ
媡	liàn	liàn
媢	mào	mào
媣	rǎn	rǎn
媤	sī	sī
媥	piān	piān
媦	wèi	wèi
媧	wā	wā
媨	cù	cù
媩	hú	hú
媪	ǎo	wò|yǔn|ǎo
媫	jié	jié
媬	bǎo	bǎo
媭	xū	xū
媮	tōu	tōu|yú
媯	guī	guì|guī
媰	chú	chú|zòu
媱	yáo	yáo
媲	pì	bī|pì|pí
媳	xí	xí
媴	yuán	yuán
媵	yìng	shèng|yìng
媶	róng	róng
媷	rù	rù
媸	chī	chī
媹	liú	liú
媺	měi	měi
媻	pán	pán
媼	ǎo	ǎo
媽	mā	ma|mā
媾	gòu	gòu
媿	kuì	chǒu|kuì
嫀	qín	qín|shēn
嫁	jià	jià
嫂	sǎo	sao|sǎo
嫃	zhēn	zhēn|zhěn
嫄	yuán	yuán
嫅	jiē	jiē|suǒ
嫆	róng	róng
嫇	míng	méng|míng|mǐng
嫈	yīng	xīng|yíng|yīng
嫉	jí	jí
嫊	sù	sù
嫋	niǎo	niǎo
嫌	xián	xián
嫍	tāo	tāo
嫎	páng	bàng|páng
嫏	láng	láng
嫐	nǎo	nǎo
嫑	báo	báo
嫒	ài	ài
嫓	pì	pì
嫔	pín	pín
嫕	yì	yì
嫖	piáo	biāo|piào|piáo
嫗	yù	kōu|yù|yǔ
嫘	léi	léi
嫙	xuán	xuán
嫚	mān	màn|mān|yuān
嫛	yī	yī
嫜	zhāng	zhāng
嫝	kāng	kāng
嫞	yōng	yōng
嫟	nì	nì
嫠	lí	lí
嫡	dí	dí
嫢	guī	guī|zuī
嫣	yān	yān
嫤	jǐn	jìn|jǐn
嫥	zhuān	tuán|zhuān
嫦	cháng	cháng
嫧	zé	cè|zé
嫨	hān	hān|nǎn
嫩	nèn	nèn
嫪	lào	lào|láo
嫫	mó	mó
嫬	zhē	zhē
嫭	hù	hù
嫮	hù	hù
嫯	ào	ào
嫰	nèn	nèn
嫱	qiáng	qiáng
嫲	ma	ma
嫳	piè	piè
嫴	gū	gū
嫵	wǔ	wǔ
嫶	qiáo	jiāo|qiáo
嫷	tuǒ	tuǒ
嫸	zhǎn	zhǎn
嫹	miáo	miáo
嫺	xián	xián
嫻	xián	xián
嫼	mò	mò
嫽	liáo	liào|liáo|liǎo|lǎo
嫾	lián	lián
嫿	huà	huà
嬀	guī	guī
嬁	dēng	dēng
嬂	zhí	zhí
嬃	xū	xū
嬄	yī	yī
嬅	huà	huà
嬆	xī	xī
嬇	kuì	kuì
嬈	ráo	ráo|rǎo|yǎo
嬉	xī	xī|xǐ
嬊	yàn	yàn
嬋	chán	chán
嬌	jiāo	jiāo
嬍	měi	měi
嬎	fàn	fàn|fù
嬏	fān	fān
嬐	xiān	jìn|xiān|yǎn
嬑	yì	yì
嬒	huì	huì
嬓	jiào	jiào
嬔	fù	fù
嬕	shì	shì
嬖	bì	bì
嬗	shàn	chán|shàn
嬘	suì	suì
嬙	qiáng	qiáng
嬚	liǎn	liǎn
嬛	huán	huán|qióng|xuán|xuān
嬜	xīn	xīn
嬝	niǎo	niǎo
嬞	dǒng	dǒng
嬟	yì	yì|yǐ
嬠	cān	cān
嬡	ài	ài
嬢	niáng	niáng
嬣	níng	níng
嬤	mā	mā
嬥	tiǎo	diào|tiǎo
嬦	chóu	chóu
嬧	jìn	jìn
嬨	cí	cí
嬩	yú	yú
嬪	pín	pín
嬫	róng	róng
嬬	rú	nòu|rú
嬭	nǎi	nì|nǎi|ěr
嬮	yān	yàn|yān
嬯	tái	tái
嬰	yīng	yìng|yīng
嬱	qiàn	qiàn
嬲	niǎo	niǎo
嬳	yuè	yuè
嬴	yíng	yíng
嬵	mián	mián
嬶	bí	bí
嬷	mó	mó|mā
嬸	shěn	shen|shěn
嬹	xìng	xìng|xīng
嬺	nì	nì
嬻	dú	dú
嬼	liǔ	liǔ
嬽	yuān	yuān
嬾	lǎn	lǎn
嬿	yàn	yàn
孀	shuāng	shuāng
孁	líng	líng
孂	jiǎo	jiǎo
孃	niáng	niáng|ráng
孄	lǎn	lǎn
孅	xiān	qiān|xiān
孆	yīng	yīng
孇	shuāng	shuāng
孈	huì	huì|xié
孉	quán	huān|quán
孊	mǐ	mǐ
孋	lí	lì|lí
孌	luán	liàn|luán|luǎn
孍	yán	yán|yǎn
孎	zhú	chuò|shú|zhú
孏	lǎn	lǎn
子	zǐ	zi|zǐ
孑	jié	jié
孒	jué	jué
孓	jué	jué
孔	kǒng	kǒng
孕	yùn	yùn
孖	mā	mā|zī
字	zì	zi|zì
存	cún	cún
孙	sūn	sūn
孚	fú	fú
孛	bèi	bèi|bó
孜	zī	zī
孝	xiào	xiào
孞	xìn	xìn
孟	mèng	mèng
孠	sì	sì
孡	tāi	tāi
孢	bāo	bāo
季	jì	jì
孤	gū	gū
孥	nú	nú
学	xué	xué
孧	yòu	yòu
孨	zhuǎn	nì|zhuǎn
孩	hái	hái
孪	luán	luán
孫	sūn	sūn|xùn
孬	nāo	nāo
孭	miē	miē
孮	cóng	cóng
孯	qiān	qiān
孰	shú	shú
孱	chán	chán|càn|jiān|zhàn
孲	yā	yā
孳	zī	zī
孴	nǐ	nì|nǐ|yì
孵	fū	fū
孶	zī	zī
孷	lí	lí
學	xué	huá|jiào|xué
孹	bò	bò
孺	rú	rú
孻	nái	nái
孼	niè	niè
孽	niè	niè
孾	yīng	yīng
孿	luán	luán
宀	mián	mián
宁	níng	nìng|níng|zhù
宂	rǒng	rǒng
它	tā	tuó|tā|yí
宄	guǐ	guǐ
宅	zhái	chè|dù|zhái
宆	qióng	qióng
宇	yǔ	yǔ
守	shǒu	shòu|shǒu
安	ān	ān
宊	tū	jiā|tū
宋	sòng	sòng
完	wán	kuān|wán
宍	ròu	ròu
宎	yǎo	yāo|yǎo
宏	hóng	hóng
宐	yí	yí
宑	jǐng	jǐng
宒	zhūn	zhūn
宓	mì	fú|mì
宔	zhǔ	zhǔ
宕	dàng	dàng
宖	hóng	hóng
宗	zōng	zong|zōng
官	guān	guān
宙	zhòu	zhòu
定	dìng	dìng
宛	wǎn	wǎn|yuān|yù|yǔn
宜	yí	yi|yí
宝	bǎo	bǎo
实	shí	shi|shí
実	shí	shí
宠	chǒng	chǒng
审	shěn	shěn
客	kè	kè|qià
宣	xuān	xuān
室	shì	shì
宥	yòu	yòu
宦	huàn	huàn
宧	yí	yí
宨	tiǎo	tiǎo
宩	shǐ	shǐ
宪	xiàn	xiàn|xiòng
宫	gōng	gōng
宬	chéng	chéng
宭	qún	qún
宮	gōng	gōng
宯	xiāo	xiāo
宰	zǎi	zǎi
宱	zhà	zhà
宲	bǎo	bǎo|shí
害	hài	hai|hài|hé
宴	yàn	yàn
宵	xiāo	xiāo
家	jiā	gū|jia|jie|jià|jiā
宷	shěn	shěn
宸	chén	chén
容	róng	róng|yǒng
宺	huǎng	huǎng
宻	mì	mì
宼	kòu	kòu
宽	kuān	kuān
宾	bīn	bīn
宿	sù	qī|sù|xiù|xiǔ
寀	cǎi	cài|cǎi
寁	zǎn	zǎn
寂	jì	jì
寃	yuān	yuān
寄	jì	jì
寅	yín	yín
密	mì	mì
寇	kòu	kòu
寈	qīng	qīng
寉	hè	hè
寊	zhēn	zhēn
寋	jiàn	jiàn
富	fù	fù
寍	níng	níng
寎	bìng	bìng|bǐng
寏	huán	huán
寐	mèi	mèi
寑	qǐn	qǐn
寒	hán	hán
寓	yù	yù
寔	shí	shí
寕	níng	níng
寖	jìn	jìn
寗	níng	níng
寘	zhì	tián|zhì
寙	yǔ	yǔ
寚	bǎo	bǎo
寛	kuān	kuān
寜	níng	níng
寝	qǐn	qǐn
寞	mò	mò
察	chá	chá|cuì
寠	jù	jù|lóu|lǜ
寡	guǎ	guǎ
寢	qǐn	qǐn
寣	hū	hū
寤	wù	wù
寥	liáo	liáo
實	shí	shi|shí|zhì
寧	níng	nìng|níng
寨	zhài	qiān|sè|zhài
審	shěn	pán|shěn
寪	wěi	wéi|wěi
寫	xiě	xiè|xiě
寬	kuān	kuān
寭	huì	huì
寮	liáo	liáo
寯	jùn	jùn
寰	huán	huán|xiàn
寱	yì	yì
寲	yí	yí
寳	bǎo	bǎo
寴	qīn	qìn|qīn
寵	chǒng	chǒng|lóng
寶	bǎo	bǎo
寷	fēng	fēng
寸	cùn	cun|cùn|cǔn
对	duì	duì
寺	sì	shì|sì
寻	xún	xín|xún
导	dǎo	dǎo
寽	lǜ	lüè|lǜ
対	duì	duì
寿	shòu	shòu
尀	pǒ	pǒ
封	fēng	biǎn|fēng
専	zhuān	zhuān
尃	fū	bù|fū|fǔ|pò
射	shè	shè|yè|yì
尅	kè	kè|kēi
将	jiāng	jiàng|jiāng|qiāng
將	jiāng	jiàng|jiāng|jiǎng|qiāng|yáng
專	zhuān	shuàn|tuán|zhuān
尉	wèi	wèi|yù|yùn
尊	zūn	zūn
尋	xún	xín|xún
尌	shù	shù|zhù
對	duì	duì
導	dǎo	dào|dǎo
小	xiǎo	xiǎo
尐	jié	jié|jí
少	shǎo	shao|shào|shǎo
尒	ěr	ěr
尓	ěr	ěr
尔	ěr	ěr
尕	gǎ	gǎ
尖	jiān	jiān
尗	shū	shú|shū
尘	chén	chén
尙	shàng	shàng
尚	shàng	cháng|shang|shàng
尛	mó	mó
尜	gá	gá
尝	cháng	cháng
尞	liào	liào|liáo
尟	xiǎn	xiǎn
尠	xiǎn	xiǎn
尡	kun	kun
尢	wāng	wāng|yóu
尣	wāng	wāng
尤	yóu	yóu
尥	liào	liào|niǎo
尦	liào	liào
尧	yáo	yáo
尨	máng	máng|méng|páng
尩	wāng	wāng
尪	wāng	wāng
尫	wāng	wāng
尬	gà	gà
尭	yáo	yáo
尮	duò	duò
尯	kuì	kuì|kuǐ
尰	zhǒng	zhǒng
就	jiù	jiù
尲	gān	gān
尳	gǔ	gǔ
尴	gān	gān
尵	tuí	tuí|zhuài
尶	gān	gān
尷	gān	gān
尸	shī	shī
尹	yǐn	yún|yǐn
尺	chǐ	chě|chǐ
尻	kāo	kāo
尼	ní	ní|nǐ
尽	jǐn	jìn|jǐn
尾	wěi	wěi|yǐ
尿	niào	niào|suī
局	jú	jú
屁	pì	pì
层	céng	céng
屃	xì	xì
屄	bī	bī
居	jū	jī|jū
屆	jiè	jiè
屇	tián	tián
屈	qū	jué|jú|qu|què|qū
屉	tì	ti|tì
届	jiè	jiè
屋	wū	wū
屌	diǎo	diǎo
屍	shī	shì|shī
屎	shǐ	shǐ|xī
屏	píng	bìng|bīng|bǐng|píng
屐	jī	jī
屑	xiè	xiè
屒	zhěn	zhěn
屓	xiè	xiè
屔	ní	ní
展	zhǎn	zhan|zhǎn
屖	xī	xī
屗	wěi	wěi
屘	mǎn	mǎn
屙	ē	ē
屚	lòu	lòu
屛	píng	píng
屜	tì	ti|tì
屝	fèi	fèi
属	shǔ	shǔ|zhǔ
屟	xiè	tì|xiè
屠	tú	tú
屡	lǚ	lǚ
屢	lǚ	lǚ
屣	xǐ	xǐ
層	céng	céng
履	lǚ	lǚ
屦	jù	jù
屧	xiè	xiè
屨	jù	jù
屩	juē	juē
屪	liáo	liáo
屫	jué	jué
屬	shǔ	shǔ|zhǔ
屭	xì	xì
屮	chè	chè|cǎo
屯	tún	tún|zhūn
屰	nì	jí|nì|pò
山	shān	shān
屲	wā	wā
屳	xiān	xiān
屴	lì	lì
屵	è	yǎn|è
屶	huì	huì
屷	huì	huì
屸	lóng	hóng|lóng
屹	yì	gē|yì
屺	qǐ	qǐ
屻	rèn	rèn
屼	wù	wù
屽	hàn	hàn|àn
屾	shēn	shēn
屿	yǔ	yǔ
岀	chū	chū
岁	suì	suì
岂	qǐ	qǐ
岃	rèn	rèn
岄	yuè	yuè
岅	bǎn	bǎn
岆	yǎo	yǎo
岇	áng	áng
岈	yá	xiā|yá
岉	wù	wù
岊	jié	jié
岋	è	jí|è
岌	jí	jí
岍	qiān	qiān
岎	fén	chà|fén
岏	wán	wán
岐	qí	qí
岑	cén	cén
岒	qián	qián
岓	qí	qí
岔	chà	chà
岕	jiè	jiè
岖	qū	qū
岗	gǎng	gāng|gǎng
岘	xiàn	xiàn
岙	ào	ào
岚	lán	lán
岛	dǎo	dǎo
岜	bā	bā
岝	zuò	zuò
岞	zuò	zuò
岟	yǎng	yǎng
岠	jù	jù
岡	gāng	gāng
岢	kě	kě
岣	gǒu	gǒu
岤	xué	xué
岥	pō	pō
岦	lì	lì
岧	tiáo	tiáo
岨	qū	jū|jǔ|qū|zǔ
岩	yán	yán
岪	fú	fú
岫	xiù	xiù
岬	jiǎ	jiá|jiǎ
岭	lǐng	líng|lǐng
岮	tuó	tuó
岯	pí	pí
岰	ào	ào
岱	dài	dài
岲	kuàng	kuàng
岳	yuè	yuè
岴	qū	qū
岵	hù	hù
岶	pò	pò
岷	mín	mín
岸	àn	àn
岹	tiáo	tiáo
岺	líng	líng
岻	chí	chí
岼	píng	píng
岽	dōng	dōng
岾	hàn	hàn
岿	kuī	kuī
峀	xiù	xiù
峁	mǎo	mǎo
峂	tóng	tóng
峃	xué	xué
峄	yì	yì
峅	biàn	biàn
峆	hé	hé
峇	bā	bā|kè
峈	luò	luò
峉	è	è
峊	fù	fù|niè
峋	xún	xún
峌	dié	dié
峍	lù	lù
峎	ěn	ěn
峏	ér	ér
峐	gāi	gāi
峑	quān	quān
峒	dòng	dòng|tóng
峓	yí	yí
峔	mǔ	mǔ
峕	shí	shí
峖	ān	ān
峗	wéi	wéi|wěi
峘	huán	huán
峙	zhì	shì|zhì
峚	mì	mì
峛	liè	liè|lǐ
峜	jì	jì
峝	tóng	tóng
峞	wéi	wéi|wěi
峟	yòu	yòu
峠	qiǎ	qiǎ
峡	xiá	xiá
峢	lǐ	lǐ
峣	yáo	yáo
峤	jiào	jiào|qiáo
峥	zhēng	zhēng
峦	luán	luán
峧	jiāo	jiāo
峨	é	é
峩	é	é
峪	yù	yù
峫	xié	xié|yé
峬	bū	bū
峭	qiào	qiào
峮	qūn	qūn
峯	fēng	fēng
峰	fēng	fēng
峱	náo	náo
峲	lǐ	lǐ
峳	yóu	yóu
峴	xiàn	xiàn
峵	róng	róng
島	dǎo	dǎo
峷	shēn	shēn
峸	chéng	chéng
峹	tú	tú
峺	gěng	gěng
峻	jùn	jùn
峼	gào	gào
峽	xiá	xiá
峾	yín	yín
峿	wú	wú|yǔ
崀	làng	làng|lǎng
崁	kàn	kàn
崂	láo	láo
崃	lái	lái
崄	xiǎn	xiǎn
崅	què	què
崆	kōng	kōng
崇	chóng	chóng
崈	chóng	chóng
崉	tà	tà
崊	lín	lín
崋	huà	huà
崌	jū	jū
崍	lái	lái
崎	qí	qí|qǐ|yī
崏	mín	mín
崐	kūn	kūn
崑	kūn	kūn
崒	zú	cuì|zú
崓	gù	gù
崔	cuī	cuī
崕	yá	yá
崖	yá	yá
崗	gǎng	gāng|gǎng
崘	lún	lún
崙	lún	lún
崚	léng	léng|líng
崛	jué	jué|yù
崜	duō	duō|duǒ
崝	zhēng	zhēng
崞	guō	guō
崟	yín	yín
崠	dōng	dòng|dōng
崡	hán	hán
崢	zhēng	zhēng
崣	wěi	wěi
崤	xiáo	xiáo|yáo
崥	pí	bǐ|pí
崦	yān	yān
崧	sōng	sōng
崨	jié	jié
崩	bēng	bēng
崪	zú	zú
崫	kū	jué|kū
崬	dōng	dōng
崭	zhǎn	zhǎn
崮	gù	gù
崯	yín	yín
崰	zī	zī
崱	zè	zè
崲	huáng	huáng
崳	yú	yú
崴	wǎi	wēi|wěi|wǎi
崵	yáng	dàng|yáng
崶	fēng	fēng
崷	qiú	qiú
崸	yáng	yáng
崹	tí	tí
崺	yǐ	yǐ
崻	zhì	zhì
崼	shì	dié|shì
崽	zǎi	zǎi
崾	yào	yào|yǎo
崿	è	è
嵀	zhù	zhù
嵁	kān	kān|zhàn
嵂	lǜ	lǜ
嵃	yǎn	yàn|yǎn
嵄	měi	měi
嵅	hán	hán
嵆	jī	jī
嵇	jī	jī|xí
嵈	huàn	huàn
嵉	tíng	tíng
嵊	shèng	chéng|shèng
嵋	méi	méi
嵌	qiàn	hǎn|kàn|qiàn
嵍	wù	máo|wù
嵎	yú	yú
嵏	zōng	zōng
嵐	lán	lán
嵑	kě	jié|kě
嵒	yán	niè|yán
嵓	yán	yán
嵔	wěi	wěi
嵕	zōng	zōng
嵖	chá	chá
嵗	suì	suì
嵘	róng	róng
嵙	kē	kē
嵚	qīn	qīn
嵛	yú	yú
嵜	qí	qí
嵝	lǒu	lǒu
嵞	tú	tú
嵟	duī	duī
嵠	xī	xī
嵡	wěng	wěng
嵢	cāng	cāng
嵣	dàng	dàng|táng
嵤	róng	róng|yíng
嵥	jié	jié
嵦	kǎi	kǎi|ái
嵧	liú	liú
嵨	wù	wù
嵩	sōng	sōng
嵪	qiāo	kāo|qiāo
嵫	zī	zī
嵬	wéi	wéi|wěi
嵭	bēng	bēng
嵮	diān	diān
嵯	cuó	cuó|cī
嵰	qiǎn	qiǎn
嵱	yǒng	yóng|yǒng
嵲	niè	niè
嵳	cuó	cuó
嵴	jǐ	jí|jǐ
嵵	shí	shí
嵶	ruò	ruò
嵷	sǒng	sǒng
嵸	zōng	zōng
嵹	jiàng	jiàng
嵺	liáo	jiāo|liáo
嵻	kāng	kāng
嵼	chǎn	chǎn
嵽	dié	dié|dì
嵾	cēn	cān|cēn
嵿	dǐng	dǐng
嶀	tū	tū
嶁	lǒu	lǒu
嶂	zhàng	zhàng
嶃	zhǎn	zhǎn
嶄	zhǎn	chán|zhǎn
嶅	áo	ào|áo
嶆	cáo	cáo
嶇	qū	qū
嶈	qiāng	qiāng
嶉	cuī	cuī|zuǐ
嶊	zuǐ	zuǐ
嶋	dǎo	dǎo
嶌	dǎo	dǎo
嶍	xí	xí
嶎	yù	yù
嶏	pèi	pèi|pǐ
嶐	lóng	lóng
嶑	xiàng	xiàng
嶒	céng	céng|zhēng
嶓	bō	bō
嶔	qīn	qīn
嶕	jiāo	jiāo
嶖	yān	yān
嶗	láo	láo
嶘	zhàn	zhàn
嶙	lín	lín|lǐn
嶚	liáo	liáo
嶛	liáo	liáo
嶜	jīn	jīn|qín
嶝	dèng	dèng
嶞	duò	duò
嶟	zūn	zūn
嶠	jiào	jiào|qiáo
嶡	guì	guì|jué
嶢	yáo	yáo
嶣	jiāo	jiāo
嶤	yáo	yáo
嶥	jué	jué
嶦	shàn	shàn|zhān
嶧	yì	yì
嶨	xué	xué
嶩	náo	náo
嶪	yè	yè
嶫	yè	yè
嶬	yí	yí|yǐ
嶭	niè	niè
嶮	xiǎn	xiǎn|yǎn
嶯	jí	jí
嶰	xiè	jiè|xiè
嶱	kě	kě
嶲	xī	xī
嶳	dì	dì
嶴	ào	ào
嶵	zuǐ	zuǐ
嶶	wēi	wēi
嶷	yí	nì|yí
嶸	róng	róng
嶹	dǎo	dǎo
嶺	lǐng	lǐng
嶻	jié	jié
嶼	yǔ	xù|yǔ
嶽	yuè	yuè
嶾	yǐn	yǐn
嶿	ru	ru
巀	jié	jié
巁	lì	liè|lì
巂	guī	guī|juàn|xī
巃	lóng	lóng
巄	lóng	lóng
巅	diān	diān
巆	róng	hōng|róng|yíng
巇	xī	xī
巈	jú	jú
巉	chán	chán
巊	yǐng	yǐng
巋	kuī	kuì|kuī|wěi
巌	yán	yán
巍	wēi	wēi
巎	náo	náo
巏	quán	quán
巐	chǎo	chǎo
巑	cuán	cuán
巒	luán	luán
巓	diān	diān
巔	diān	diān
巕	niè	niè
巖	yán	yán
巗	yán	yán
巘	yǎn	yǎn
巙	kuí	kuí|náo
巚	yǎn	yǎn
巛	chuān	chuān|shùn
巜	kuài	huān|kuài
川	chuān	chuān
州	zhōu	zhōu
巟	huāng	huāng
巠	jīng	jīng|xíng
巡	xún	shùn|xún|yán
巢	cháo	chào|cháo
巣	cháo	cháo
巤	liè	liè
工	gōng	gōng
左	zuǒ	zuǒ
巧	qiǎo	qiǎo
巨	jù	jù|qú
巩	gǒng	gǒng
巪	jù	jù
巫	wū	wū
巬	pu	pu
巭	pu	pu
差	chà	chà|chài|chā|chāi|cuō|cī|jiē
巯	qiú	qiú
巰	qiú	qiú
己	jǐ	jǐ|qǐ
已	yǐ	sì|yǐ
巳	sì	sì|yǐ
巴	bā	ba|bā
巵	zhī	zhī
巶	zhāo	zhāo
巷	xiàng	hàng|xiàng
巸	yí	yí
巹	jǐn	jǐn
巺	xùn	xùn
巻	juàn	juàn
巼	bā	bā
巽	xùn	xùn|zhuàn
巾	jīn	jīn
巿	fú	fú|pó
帀	zā	zā
币	bì	bì|yìn
市	shì	fú|shì
布	bù	bù
帄	dīng	dīng
帅	shuài	shuài
帆	fān	fàn|fán|fān
帇	niè	niè
师	shī	shī
帉	fēn	fēn
帊	pà	pà|pā
帋	zhǐ	zhǐ
希	xī	xī
帍	hù	hù
帎	dàn	dàn
帏	wéi	wéi
帐	zhàng	zhàng
帑	tǎng	nú|tǎng
帒	dài	dài
帓	mò	mò|wà
帔	pèi	pèi|pī
帕	pà	mò|pà
帖	tiē	tiè|tiē|tiě
帗	bō	bō|fú
帘	lián	chén|lián
帙	zhì	zhì
帚	zhǒu	zhou|zhǒu
帛	bó	bó
帜	zhì	zhì
帝	dì	dì
帞	mò	mò
帟	yì	yì
帠	yì	yì
帡	píng	píng
帢	qià	qià
帣	juǎn	juàn|juǎn
帤	rú	rú
帥	shuài	shuài
带	dài	dài
帧	zhēn	zhèng|zhēn
帨	shuì	shuì
帩	qiào	qiào
帪	zhēn	zhēn
師	shī	shī
帬	qún	qún
席	xí	xí
帮	bāng	bāng
帯	dài	dài
帰	guī	guī
帱	chóu	chóu|dào
帲	píng	píng
帳	zhàng	zhàng
帴	sàn	jiān|jiǎn|sàn
帵	wān	wān
帶	dài	dài
帷	wéi	wéi
常	cháng	cháng
帹	shà	qiè|shà
帺	qí	jì|qí
帻	zé	zé
帼	guó	guó
帽	mào	mào
帾	dǔ	dǔ
帿	hóu	hóu
幀	zhèng	zhèng
幁	xū	xū
幂	mì	mì
幃	wéi	wéi
幄	wò	wò
幅	fú	bī|fú
幆	yì	kài|yì
幇	bāng	bāng
幈	píng	píng
幉	dié	dié
幊	gōng	gōng
幋	pán	pán
幌	huǎng	huǎng
幍	tāo	tāo
幎	mì	mì
幏	jià	jià
幐	téng	téng
幑	huī	huī
幒	zhōng	zhōng
幓	shān	qiāo|shān|shēn
幔	màn	màn
幕	mù	màn|mù
幖	biāo	biāo
幗	guó	guó
幘	zé	cè|zé
幙	mù	mù
幚	bāng	bāng
幛	zhàng	zhàng
幜	jǐng	jǐng
幝	chǎn	chàn|chǎn
幞	fú	fú
幟	zhì	zhì
幠	hū	hū|wú
幡	fān	fān
幢	chuáng	chuáng|zhuàng
幣	bì	bì
幤	bì	bì
幥	zhǎng	zhǎng
幦	mì	mì
幧	qiāo	qiāo
幨	chān	chàn|chān
幩	fén	fèn|fén
幪	méng	méng|měng
幫	bāng	bāng
幬	chóu	chóu|dào
幭	miè	miè
幮	chú	chú
幯	jié	jié
幰	xiǎn	xiǎn
幱	lán	lán
干	gàn	gàn|gān|àn
平	píng	bìng|bēng|pián|píng
年	nián	nián|nìng
幵	jiān	jiān|qiān
并	bìng	bìng|bīng
幷	bìng	bìng|bīng
幸	xìng	niè|xìng
幹	gàn	guǎn|gàn|gān|hán
幺	yāo	mì|yāo
幻	huàn	huàn
幼	yòu	yào|yòu
幽	yōu	yōu
幾	jǐ	jì|jī|jǐ|qí
广	guǎng	guǎng|yǎn|ān
庀	pǐ	pǐ
庁	tīng	tīng
庂	zè	zè
広	guǎng	guǎng
庄	zhuāng	péng|zhuāng
庅	mó	mó
庆	qìng	qìng
庇	bì	bì|pí|pǐ
庈	qín	qín
庉	dùn	dùn|tún
床	chuáng	chuáng
庋	guǐ	guì|guǐ
庌	yǎ	yá|yǎ
庍	bài	bài|tīng|xìn
庎	jiè	jiè
序	xù	xù
庐	lú	lú
庑	wǔ	wǔ
庒	zhuāng	zhuāng
库	kù	kù
应	yīng	ying|yìng|yīng
底	dǐ	de|dǐ
庖	páo	páo
店	diàn	diàn
庘	yā	yā
庙	miào	miào
庚	gēng	gēng
庛	cì	cì
府	fǔ	fǔ
庝	tóng	tóng
庞	páng	páng
废	fèi	fèi
庠	xiáng	xiáng
庡	yǐ	yǐ
庢	zhì	zhì
庣	tiāo	tiāo
庤	zhì	zhì
庥	xiū	xiū
度	dù	du|duó|dù|zhái
座	zuò	zuò
庨	xiāo	xiāo
庩	tú	tú
庪	guǐ	guǐ
庫	kù	kù
庬	máng	máng|méng
庭	tíng	tíng
庮	yǒu	yóu|yǒu
庯	bū	bū
庰	bìng	bìng|bǐng
庱	chěng	chěng
庲	lái	lái
庳	bì	bì|pí
庴	jí	jí|jī
庵	ān	yǎn|è|ān
庶	shù	shù|zhù|zhē
康	kāng	kàng|kāng
庸	yōng	yóng|yōng
庹	tuǒ	tuǒ
庺	sōng	sōng
庻	shù	shù
庼	qǐng	qǐng
庽	yù	yù
庾	yǔ	yú|yǔ
庿	miào	miào
廀	sōu	sōu
廁	cè	cè|cì|si|zè
廂	xiāng	xiāng
廃	fèi	fèi
廄	jiù	jiù
廅	è	è
廆	wěi	guī|huì|wěi
廇	liù	liù
廈	shà	shà|xià
廉	lián	lián
廊	láng	láng
廋	sōu	sōu
廌	zhì	zhì
廍	bù	bù
廎	qǐng	qìng|qīng|qǐng
廏	jiù	jiù
廐	jiù	jiù
廑	jǐn	jǐn|qín
廒	áo	áo
廓	kuò	kuò
廔	lóu	lóu
廕	yìn	yìn
廖	liào	liào|liáo
廗	dài	dài
廘	lù	lù
廙	yì	yì
廚	chú	chú
廛	chán	chán
廜	tú	tú
廝	sī	sī
廞	xīn	qiàn|xīn
廟	miào	miào
廠	chǎng	chǎng
廡	wǔ	wú|wǔ
廢	fèi	fèi
廣	guǎng	guàng|guāng|guǎng|kuàng
廤	kù	kù
廥	kuài	kuài
廦	bì	bì
廧	qiáng	qiáng|sè
廨	xiè	xiè
廩	lǐn	lǎn|lǐn
廪	lǐn	lǐn
廫	liáo	liáo
廬	lú	lú|lǘ
廭	jì	jì
廮	yǐng	yǐng
廯	xiān	xiān
廰	tīng	tīng
廱	yōng	yōng
廲	lí	lí
廳	tīng	tīng
廴	yǐn	yìn|yǐn
廵	xún	xún
延	yán	yán
廷	tíng	tíng
廸	dí	dí
廹	pǎi	pò|pǎi
建	jiàn	jiàn
廻	huí	huí
廼	nǎi	nǎi
廽	huí	huí
廾	gǒng	gǒng
廿	niàn	niàn
开	kāi	kāi
弁	biàn	biàn|pán
异	yì	yì|yí
弃	qì	qì
弄	nòng	lòng|nòng
弅	fèn	fèn
弆	jǔ	jǔ|qǔ
弇	yǎn	nán|yān|yǎn
弈	yì	yì
弉	zàng	zàng
弊	bì	bì
弋	yì	yì
弌	yī	yī
弍	èr	èr
弎	sān	sān
式	shì	shi|shì|tè
弐	èr	èr
弑	shì	shì
弒	shì	shì
弓	gōng	gōng
弔	diào	diào|dì
引	yǐn	yǐn
弖	hù	hù
弗	fú	fú
弘	hóng	hóng
弙	wū	wū
弚	tuí	tuí
弛	chí	chí
弜	jiàng	jiàng
弝	bà	bà
弞	shěn	shěn
弟	dì	di|dì|tuí|tì
张	zhāng	zhāng
弡	jué	jué|zhāng
弢	tāo	tāo
弣	fǔ	fǔ
弤	dǐ	dǐ
弥	mí	mí
弦	xián	xián
弧	hú	hú
弨	chāo	chāo
弩	nǔ	nǔ
弪	jìng	jìng
弫	zhěn	zhěn
弬	yí	yí
弭	mǐ	mǐ
弮	quān	juàn|quān
弯	wān	wān
弰	shāo	shāo
弱	ruò	ruò
弲	xuān	xuān|yuān
弳	jìng	jìng
弴	diāo	diāo
張	zhāng	zhàng|zhāng
弶	jiàng	jiàng
強	qiáng	jiàng|qiáng|qiǎng
弸	péng	péng|pēng
弹	dàn	dàn|tan|tán
强	qiáng	jiàng|qiáng|qiǎng
弻	bì	bì
弼	bì	bì
弽	shè	shè
弾	dàn	dàn
弿	jiǎn	jiǎn
彀	gòu	gòu|kōu
彁	gē	gē
彂	fā	fā
彃	bì	bì
彄	kōu	kōu
彅	jiǎn	jiǎn
彆	biè	biè
彇	xiāo	xiāo
彈	dàn	dàn|tan|tán
彉	guō	guō
彊	jiàng	jiàng|jiāng|qiáng|qiǎng
彋	hóng	hóng
彌	mí	mí|mǐ|ní
彍	guō	guō
彎	wān	wān
彏	jué	jué
彐	jì	jì
彑	jì	jì
归	guī	guī
当	dāng	dang|dàng|dāng
彔	lù	lù
录	lù	lù
彖	tuàn	shǐ|tuàn
彗	huì	huì|suì
彘	zhì	zhì
彙	huì	huì
彚	huì	huì
彛	yí	yí
彜	yí	yí
彝	yí	yí
彞	yí	yí
彟	yuē	yuē
彠	yuē	yuē
彡	shān	shān|xiǎn
形	xíng	xing|xíng
彣	wén	wén
彤	tóng	tóng
彥	yàn	yàn
彦	yàn	pán|yàn
彧	yù	yù
彨	chī	chī
彩	cǎi	cai|cǎi
彪	biāo	biāo
彫	diāo	diāo
彬	bīn	bān|bīn
彭	péng	bāng|páng|péng|pēng
彮	yǒng	yǒng
彯	piāo	miǎo|piào|piāo
彰	zhāng	zhāng
影	yǐng	yǐng
彲	chī	chī
彳	chì	chì|fú
彴	zhuó	bó|zhuó
彵	tuǒ	tuǒ|yí
彶	jí	jí
彷	páng	fáng|fǎng|páng
彸	zhōng	zhōng
役	yì	yì
彺	wáng	wáng
彻	chè	chè
彼	bǐ	bǐ
彽	dī	dī
彾	líng	líng|lǐng
彿	fú	fú
往	wǎng	wàng|wǎng
征	zhēng	zhēng
徂	cú	cú
徃	wǎng	wǎng
径	jìng	jìng
待	dài	dài|dāi
徆	xī	xī
徇	xùn	xùn
很	hěn	hěn
徉	yáng	yáng
徊	huái	huái|huí
律	lǜ	lǜ
後	hòu	hòu
徍	wǎng	wā|wǎng
徎	chěng	chěng|zhèng
徏	zhì	zhì
徐	xú	xú
徑	jìng	jìng|jīng
徒	tú	tú
従	cóng	cóng
徔	zhi	zhi
徕	lái	lài|lái
徖	cóng	cóng
得	dé	de|dé|děi
徘	pái	pái
徙	xǐ	sī|xǐ
徚	dōng	dōng
徛	jì	jì
徜	cháng	cháng
徝	zhì	zhì
從	cóng	cóng|cōng|zòng|zōng|zǒng
徟	zhōu	zhōu
徠	lái	lài|lái
御	yù	yà|yù
徢	xiè	xiè
徣	jiè	jiè
徤	jiàn	jiàn
徥	shì	shì|tǐ
徦	jiǎ	jiǎ|xiá
徧	biàn	biàn|pián|piān
徨	huáng	huáng
復	fù	fù
循	xún	xún
徫	wěi	wěi
徬	páng	bàng|páng
徭	yáo	yáo
微	wēi	wēi
徯	xī	xí|xī
徰	zhēng	zhēng
徱	piào	piào
徲	tí	chí|tí
徳	dé	dé
徴	zhēng	zhēng
徵	zhǐ	chéng|zhēng|zhǐ
徶	bié	bié
德	dé	dé
徸	chōng	chōng|zhōng|zhǒng
徹	chè	chè
徺	jiǎo	jiǎo
徻	huì	huì
徼	jiào	jiào|jiāo|jiǎo|yāo
徽	huī	huī
徾	méi	méi
徿	lòng	lòng|lǒng
忀	xiāng	rǎng|xiāng
忁	bào	bào
忂	qú	jù|qú
心	xīn	xin|xīn
忄	xin	xin
必	bì	bì
忆	yì	yì
忇	lè	lè
忈	rén	rén
忉	dāo	dāo
忊	dìng	dìng|tìng
忋	gǎi	gǎi
忌	jì	jì
忍	rěn	rèn|rěn
忎	rén	rén
忏	chàn	chàn|qiān|qiǎn
忐	tǎn	kěng|tǎn
忑	tè	dǎo|tè
忒	tè	tuī|tè|tēi
忓	gān	gān|hàn
忔	qì	qì|yì
忕	shì	shì|tài
忖	cǔn	cǔn
志	zhì	zhì
忘	wàng	wàng|wáng
忙	máng	máng
忚	xī	liě|xī
忛	fān	fān
応	yīng	yīng
忝	tiǎn	tiǎn
忞	mín	mín|wěn
忟	wěn	wěn
忠	zhōng	zhōng
忡	chōng	chōng
忢	wù	wù
忣	jí	jí
忤	wǔ	wù|wǔ
忥	xì	xì
忦	jiá	jiá
忧	yōu	yòu|yōu
忨	wàn	wàn|wán
忩	cōng	cōng
忪	sōng	sōng|zhōng
快	kuài	kuai|kuài
忬	yù	shū|yù
忭	biàn	biàn
忮	zhì	qí|zhì
忯	qí	qí|shì
忰	cuì	cuì
忱	chén	chén|dàn
忲	tài	tài
忳	tún	dùn|tún|zhūn
忴	qián	qián|qín
念	niàn	niàn
忶	hún	hún
忷	xiōng	xiōng
忸	niǔ	niǔ
忹	kuáng	kuáng|wǎng
忺	xiān	xiān
忻	xīn	xīn
忼	kāng	hàng|hāng|kāng
忽	hū	hū
忾	kài	kài|qì
忿	fèn	fèn
怀	huái	fù|huái
态	tài	tài
怂	sǒng	sǒng
怃	wǔ	wǔ
怄	òu	òu
怅	chàng	chàng
怆	chuàng	chuàng
怇	jù	jù
怈	yì	yì
怉	bǎo	bào|bǎo
怊	chāo	chāo
怋	mín	mén|mín
怌	pēi	pēi
怍	zuò	zhà|zuò
怎	zěn	zěn
怏	yàng	yàng|yāng
怐	jù	jù|kòu
怑	bàn	bàn
怒	nù	nù
怓	náo	niú|náo
怔	zhēng	zhèng|zhēng
怕	pà	bó|pà
怖	bù	bù
怗	tiē	tiē|zhān
怘	hù	gù|hù
怙	hù	hù|tiē
怚	jù	cū|jù|qū|zū
怛	dá	dàn|dá
怜	lián	lián|líng|lǐng
思	sī	si|sāi|sī
怞	chóu	chóu|yóu
怟	dì	dì
怠	dài	dài|yí
怡	yí	yí
怢	tū	dié|tuì|tū
怣	yóu	yóu
怤	fū	fū
急	jí	jí
怦	pēng	pēng
性	xìng	xing|xìng
怨	yuàn	yuan|yuàn|yùn
怩	ní	ní
怪	guài	guài
怫	fú	bèi|fèi|fú
怬	xì	xì
怭	bì	bì
怮	yōu	yào|yōu
怯	qiè	qiè
怰	xuàn	xuàn
怱	cōng	cōng
怲	bǐng	bǐng
怳	huǎng	huǎng
怴	xù	xuè|xù
怵	chù	chù|xù
怶	bì	bì|pī
怷	shù	shù
怸	xī	xī
怹	tān	tān
怺	yǒng	yǒng
总	zǒng	zǒng
怼	duì	duì
怽	mo	mo
怾	zhǐ	zhǐ
怿	yì	yì
恀	shì	shì
恁	nèn	nèn|nín|rèn
恂	xún	shùn|xún
恃	shì	shì|zhì
恄	xì	xì
恅	lǎo	lǎo
恆	héng	gèng|héng
恇	kuāng	kuāng
恈	móu	móu
恉	zhǐ	zhǐ
恊	xié	xié
恋	liàn	liàn
恌	tiāo	tiāo|yáo
恍	huǎng	guāng|huǎng
恎	dié	dié
恏	hào	hào
恐	kǒng	kǒng
恑	guǐ	guǐ|wéi
恒	héng	héng
恓	xī	qī|xù|xī
恔	jiǎo	jiǎo|xiào
恕	shù	shù
恖	sī	sī
恗	hū	hū|kuā
恘	qiū	qiū
恙	yàng	yàng
恚	huì	huì
恛	huí	huí
恜	chì	chì
恝	jiá	jiá|qì
恞	yí	yí
恟	xiōng	xiōng
恠	guài	guài
恡	lìn	lìn
恢	huī	huī
恣	zì	zì
恤	xù	xù
恥	chǐ	chǐ
恦	shàng	shàng
恧	nǜ	nǜ
恨	hèn	hèn
恩	ēn	ēn
恪	kè	kè
恫	dòng	dòng|tōng
恬	tián	tián
恭	gōng	gōng
恮	quān	quān|zhuān
息	xī	xi|xī
恰	qià	qià
恱	yuè	yuè
恲	pēng	pēng
恳	kěn	kěn
恴	dé	dé
恵	huì	huì
恶	è	wù|wū|è|ě
恷	xiao	xiao
恸	tòng	tòng
恹	yān	yān
恺	kǎi	kǎi
恻	cè	cè
恼	nǎo	nǎo
恽	yùn	yùn
恾	máng	máng
恿	yǒng	tōng|yǒng
悀	yǒng	yǒng
悁	yuān	juàn|yuān
悂	pī	bī|pī|pǐ
悃	kǔn	kǔn
悄	qiāo	qiào|qiāo|qiǎo
悅	yuè	yuè
悆	yù	shū|yù
悇	tú	tú|yú
悈	jiè	jiè|kè
悉	xī	xī
悊	zhé	zhé
悋	lìn	lìn
悌	tì	tì
悍	hàn	hàn
悎	hào	hào|jiào
悏	qiè	qiè
悐	tì	tì
悑	bù	bù
悒	yì	yì
悓	qiàn	qiàn
悔	huǐ	huǐ
悕	xī	xī
悖	bèi	bèi|běi
悗	mán	mán|mèn
悘	yī	yì|yī
悙	hēng	hèng|hēng
悚	sǒng	sǒng
悛	quān	quān|xún
悜	chěng	chěng
悝	kuī	kuī|lǐ
悞	wù	wù
悟	wù	wù
悠	yōu	yōu
悡	lí	lí
悢	liàng	liàng|lǎng
患	huàn	huàn
悤	cōng	cōng
悥	yì	yì
悦	yuè	yuè
悧	lì	lì
您	nín	nín
悩	nǎo	nǎo
悪	è	è
悫	què	què
悬	xuán	xuán
悭	qiān	qiān
悮	wù	wù
悯	mǐn	mǐn
悰	cóng	cóng
悱	fěi	fěi
悲	bēi	bēi
悳	dé	dé
悴	cuì	cuì
悵	chàng	chàng
悶	mèn	mèn|mēn
悷	lì	lì
悸	jì	jì
悹	guàn	guàn
悺	guàn	guàn
悻	xìng	xìng
悼	dào	dào
悽	qī	qì|qī
悾	kōng	kōng|kǒng
悿	tiǎn	tiǎn
惀	lún	lùn|lún
惁	xī	xī
惂	kǎn	kǎn
惃	gǔn	gǔn
惄	nì	nì
情	qíng	qing|qíng
惆	chóu	chóu|dāo|qiū
惇	dūn	dūn
惈	guǒ	guǒ
惉	zhān	zhān
惊	jīng	jīng|liáng
惋	wǎn	wǎn
惌	yuān	wǎn|yuān|yù
惍	jīn	jīn
惎	jì	jì
惏	lán	lán|lín
惐	yù	xù|yù
惑	huò	huo|huò
惒	hé	hé
惓	quán	juàn|quán
惔	tán	dàn|tán
惕	tì	tì
惖	tì	tì
惗	niè	niè
惘	wǎng	wǎng
惙	chuò	chuì|chuò
惚	hū	hū
惛	hūn	hūn|hǔn|mèn
惜	xī	xī
惝	chǎng	chǎng|tǎng
惞	xīn	xīn
惟	wéi	wéi|wěi
惠	huì	huì
惡	è	hū|wù|wū|è|ě
惢	suǒ	ruǐ|suǒ
惣	zǒng	zǒng
惤	jiān	jiān
惥	yǒng	yǒng
惦	diàn	diàn
惧	jù	jù
惨	cǎn	cǎn
惩	chéng	chéng
惪	dé	dé
惫	bèi	bèi
惬	qiè	qiè
惭	cán	cán
惮	dàn	dàn
惯	guàn	guàn
惰	duò	duò|tuó
惱	nǎo	nǎo
惲	yùn	yùn
想	xiǎng	xiǎng
惴	zhuì	chuǎn|guà|zhuì
惵	dié	dié|tiē
惶	huáng	huáng
惷	chǔn	chǔn
惸	qióng	qióng
惹	rě	ruò|rě
惺	xīng	xīng
惻	cè	cè
惼	biǎn	biǎn
惽	mǐn	hūn|mǐn
惾	zōng	zōng
惿	tí	shì|tí
愀	qiǎo	qiù|qiǎo
愁	chóu	chóu|jiū|qiǎo
愂	bèi	bèi
愃	xuān	xuān
愄	wēi	wēi
愅	gé	gé
愆	qiān	qiān
愇	wěi	wěi
愈	yù	yù
愉	yú	tōu|yú|yǔ
愊	bì	bì
愋	xuān	xuān
愌	huàn	huàn
愍	mǐn	fēn|mǐn
愎	bì	bì
意	yì	yi|yì|yī
愐	miǎn	miǎn
愑	yǒng	yǒng
愒	kài	hè|kài|qì
愓	dàng	dàng|shāng|táng|yáng
愔	yīn	yīn
愕	è	è
愖	chén	chén|dān|xìn
愗	mào	mào
愘	qià	kè|qià|qiā
愙	kè	kè
愚	yú	yú
愛	ài	ài
愜	qiè	qiè
愝	yǎn	yǎn
愞	nuò	nuò
感	gǎn	gǎn|hàn
愠	yùn	wěn|yùn|yǔn
愡	zǒng	zǒng
愢	sāi	sāi|sī|sǐ
愣	lèng	lèng
愤	fèn	fèn
愥	yīng	yīng
愦	kuì	kuì
愧	kuì	kuì
愨	què	què
愩	gōng	gòng|gōng|hǒng
愪	yún	yún
愫	sù	sù
愬	sù	sè|sù
愭	qí	qí
愮	yáo	yào|yáo
愯	sǒng	sǒng
愰	huàng	huàng|huǎng
愱	jí	jí
愲	gǔ	gǔ
愳	jù	jù
愴	chuàng	chuàng|chuǎng
愵	nì	nì
愶	xié	xié
愷	kǎi	kǎi
愸	zhěng	zhěng
愹	yǒng	yǒng
愺	cǎo	cǎo
愻	xùn	xùn
愼	shèn	shèn
愽	bó	bó
愾	kài	kài|qì|xì
愿	yuàn	yuàn
慀	xì	xié|xì
慁	hùn	hùn
慂	yǒng	yǒng
慃	yǎng	yǎng
慄	lì	lì
慅	sāo	cǎo|sāo
慆	tāo	tāo
慇	yīn	yīn
慈	cí	cí
慉	xù	chù|xù
慊	qiàn	qiàn|qiè|qiǎn|xián
態	tài	tài
慌	huāng	huang|huāng|huǎng
慍	yùn	yùn
慎	shèn	shèn|zhèn
慏	mǐng	mǐng
慐	gong	gong
慑	shè	shè
慒	cóng	cáo|cóng
慓	piāo	piào|piāo
慔	mù	mù
慕	mù	mù
慖	guó	guó
慗	chì	chì
慘	cǎn	cǎn
慙	cán	cán
慚	cán	cán
慛	cuī	cuī
慜	mǐn	mǐn
慝	tè	nì|tè
慞	zhāng	zhāng
慟	tòng	tòng
慠	ào	ào|áo
慡	shuǎng	shuǎng
慢	màn	màn|mán
慣	guàn	guàn
慤	què	què
慥	zào	cào|zào
慦	jiù	jiù
慧	huì	huì
慨	kǎi	kǎi
慩	lián	lián
慪	òu	òu|ōu
慫	sǒng	sǒng
慬	qín	jìn|jǐn|qín
慭	yìn	yìn
慮	lǜ	lǘ|lǜ
慯	shāng	shāng
慰	wèi	wèi
慱	tuán	tuán
慲	mán	mán
慳	qiān	qiān|xián
慴	shè	shè|zhé
慵	yōng	yōng
慶	qìng	qiāng|qìng|qīng
慷	kāng	kāng
慸	dì	chì|dì
慹	zhí	zhé|zhí
慺	lóu	lóu|lǚ
慻	juàn	juàn
慼	qī	qī
慽	qī	qī
慾	yù	yù
慿	píng	píng
憀	liáo	liáo
憁	còng	còng|sōng
憂	yōu	yōu
憃	chōng	chōng
憄	zhì	zhì
憅	tòng	tòng
憆	chēng	chēng
憇	qì	qì
憈	qū	qū
憉	péng	péng
憊	bèi	bèi
憋	biē	biē
憌	qióng	qióng
憍	jiāo	jiāo
憎	zēng	zēng
憏	chì	chì
憐	lián	lián
憑	píng	píng
憒	kuì	kuì
憓	huì	huì
憔	qiáo	qiáo
憕	chéng	chéng|dèng|zhèng
憖	yìn	xìn|yìn|yín
憗	yìn	yìn
憘	xǐ	xī|xǐ
憙	xǐ	xī|xǐ
憚	dàn	chǎn|dàn|dá
憛	tán	tán
憜	duò	duò
憝	duì	duì
憞	duì	duì|dùn|tūn
憟	sù	sù
憠	jué	jué
憡	cè	cè
憢	xiāo	jiāo|xiāo
憣	fān	fān
憤	fèn	fèn
憥	láo	láo
憦	lào	lào|láo
憧	chōng	chōng|zhuàng
憨	hān	hān
憩	qì	qì
憪	xián	xiàn|xián
憫	mǐn	mǐn
憬	jǐng	jǐng
憭	liǎo	liáo|liǎo
憮	wǔ	wú|wǔ
憯	cǎn	cǎn
憰	jué	jué
憱	cù	cù
憲	xiàn	xiàn|xiǎn
憳	tǎn	tǎn
憴	shéng	shéng
憵	pī	pī
憶	yì	yì
憷	chù	chù|chǔ
憸	xiān	xiān
憹	náo	náng|náo|nóng|nǎo
憺	dàn	dàn
憻	tǎn	tǎn
憼	jǐng	jìng|jǐng
憽	sōng	sōng
憾	hàn	dàn|hàn
憿	jiǎo	jiǎo|jī
懀	wèi	wèi
懁	xuān	huān|xuān
懂	dǒng	dǒng
懃	qín	qín
懄	qín	qín
懅	jù	jù
懆	cǎo	cǎo|sào|sāo
懇	kěn	kěn
懈	xiè	xiè
應	yīng	ying|yìng|yīng
懊	ào	yù|ào
懋	mào	mào
懌	yì	yì
懍	lǐn	lǐn
懎	sè	sè
懏	jùn	jùn
懐	huái	huái
懑	mèn	mèn
懒	lǎn	lǎn
懓	ài	ài
懔	lǐn	lǎn|lǐn
懕	yān	yàn|yè|yān
懖	kuò	kuò
懗	xià	xià
懘	chì	chì
懙	yǔ	yǔ
懚	yìn	yìn
懛	dāi	dāi
懜	měng	mèng|méng|měng
懝	ài	nì|nǐ|ài
懞	méng	méng|měng
懟	duì	duì
懠	qí	jì|jī|qí
懡	mǒ	mǒ
懢	lán	lán|xiàn
懣	mèn	mèn
懤	chóu	chóu
懥	zhì	zhì
懦	nuò	nuò
懧	nuò	nuò
懨	yān	yān
懩	yǎng	yǎng
懪	bó	bó
懫	zhì	zhì
懬	kuàng	kuàng
懭	kuǎng	kuǎng
懮	yǒu	yōu|yǒu
懯	fū	fū
懰	liú	liú|liǔ
懱	miè	miè
懲	chéng	chéng
懳	hui	hui
懴	chàn	chàn
懵	měng	mèng|měng
懶	lǎn	lài|lǎn
懷	huái	huái
懸	xuán	xuán
懹	ràng	ràng
懺	chàn	chàn
懻	jì	jì
懼	jù	jù
懽	huān	guàn|huān
懾	shè	shè
懿	yì	yì|yī
戀	liàn	liàn
戁	nǎn	nǎn
戂	mí	mí|mó
戃	tǎng	tǎng
戄	jué	jué
戅	gàng	gàng
戆	gàng	gàng|zhuàng
戇	zhuàng	gàng|zhuàng
戈	gē	gē
戉	yuè	yuè
戊	wù	wù
戋	jiān	jiān
戌	xū	qu|xū
戍	shù	shù
戎	róng	róng|rēng
戏	xì	hū|xì
成	chéng	cheng|chéng
我	wǒ	wǒ
戒	jiè	jiè
戓	gē	gē
戔	jiān	cán|jiān
戕	qiāng	qiāng|zāng
或	huò	huò|yù
戗	qiāng	qiàng|qiāng
战	zhàn	zhàn
戙	dòng	dòng
戚	qī	cù|qi|qī
戛	jiá	gā|jiá
戜	dié	dié
戝	zéi	zéi
戞	jiá	jiá
戟	jǐ	jǐ
戠	zhī	zhí|zhī
戡	kān	kān|zhěn
戢	jí	jí
戣	kuí	kuí
戤	gài	gài
戥	děng	děng
戦	zhàn	zhàn
戧	qiāng	chuāng|qiàng|qiāng
戨	gē	gē
戩	jiǎn	jiǎn
截	jié	jié
戫	yù	yù
戬	jiǎn	jiǎn
戭	yǎn	yǎn|yǒu
戮	lù	lù
戯	hū	hū|xì
戰	zhàn	zhàn
戱	xì	xì
戲	xì	huī|hū|suō|xì|xī|yī
戳	chuō	chuō
戴	dài	dài
戵	qú	qú
戶	hù	hu|hù
户	hù	hu|hù
戸	hù	hù
戹	è	è
戺	shì	shì|yí
戻	tì	tì
戼	mǎo	mǎo
戽	hù	hù
戾	lì	lì
房	fáng	fáng|páng
所	suǒ	suǒ
扁	biǎn	biān|biǎn|pián|piān
扂	diàn	diàn
扃	jiōng	jiōng|jiǒng
扄	shǎng	jiōng|shǎng
扅	yí	yí
扆	yǐ	yǐ
扇	shàn	shàn|shān
扈	hù	hù
扉	fēi	fēi
扊	yǎn	yǎn
手	shǒu	shou|shǒu
扌	shou	shou
才	cái	cai|cái|zāi
扎	zhā	zhá|zhā|zhǎ|zā
扏	qiú	qiú
扐	lè	cái|lè|lì
扑	pū	pì|pū
扒	bā	bié|bài|bā|pá
打	dǎ	da|dá|dǎ
扔	rēng	rèng|rēng
払	fǎn	fǎn
扖	rù	rù
扗	zài	zài
托	tuō	tuō
扙	zhàng	zhàng
扚	diǎo	diǎo|dí|lì|yuē
扛	káng	gāng|káng
扜	yū	wū|yū
扝	kū	kū|wū
扞	hàn	gǎn|hàn
扟	shēn	shēn
扠	chā	chā|chāi|zhǎ
扡	tuō	chǐ|tuō|yǐ
扢	gǔ	gē|gǔ|jié|qì
扣	kòu	kòu
扤	wù	wù
扥	dèn	dèn
扦	qiān	qiān
执	zhí	zhí
扨	rèn	rèn
扩	kuò	kuò
扪	mén	mén
扫	sǎo	sào|sǎo
扬	yáng	yáng
扭	niǔ	chǒu|niu|niǔ|zhòu|zhǒu
扮	bàn	ban|bàn|fēn|fěn|huǒ
扯	chě	che|chě
扰	rǎo	rǎo|yòu
扱	xī	chā|qì|xī
扲	qián	qián|qín
扳	bān	bān|pān
扴	jiá	jiá
扵	yú	yú
扶	fú	fú|pú
扷	ào	ào
扸	xī	xī|zhé
批	pī	pí|pī
扺	zhǐ	qí|zhǐ
扻	zhì	kǎn|sǔn|zhì
扼	è	è
扽	dèn	dèn
找	zhǎo	huá|zhǎo
承	chéng	chéng|zhèng|zhěng
技	jì	jì|qí
抁	yǎn	yǎn
抂	kuáng	kuáng|wǎng
抃	biàn	biàn
抄	chāo	chào|chāo|chǎo|suō
抅	jū	jū
抆	wěn	wěn
抇	hú	hú
抈	yuè	yuè
抉	jué	jué
把	bǎ	bà|bǎ|pá
抋	qìn	qìn
抌	dǎn	dǎn|shěn
抍	zhěng	zhěng
抎	yǔn	yǔn
抏	wán	wán
抐	nè	nà|nè|nì|ruì
抑	yì	yì
抒	shū	shū
抓	zhuā	zhuā
抔	póu	póu
投	tóu	dòu|tóu
抖	dǒu	dǒu
抗	kàng	gāng|kàng
折	zhé	shé|tí|zhé|zhē
抙	póu	póu
抚	fǔ	fǔ
抛	pāo	pāo
抜	bá	bá
抝	ǎo	niù|ào|ǎo
択	zé	zé
抟	tuán	tuán
抠	kōu	kōu
抡	lūn	lún|lūn
抢	qiǎng	qiāng|qiǎng
抣	yun	yun
护	hù	hù
报	bào	bào
抦	bǐng	bǐng
抧	zhǐ	zhǎi|zhǐ
抨	pēng	bēng|pēng
抩	nán	nán
抪	bù	bá|bù|pū
披	pī	pī
抬	tái	chī|tái
抭	yǎo	tāo|yǎo
抮	zhěn	zhěn
抯	zhā	zhā
抰	yāng	yāng
抱	bào	bào|pāo|pǒu
抲	hē	hè|hē|qiā
抳	nǐ	ní|nǐ
抴	yè	shé|yè
抵	dǐ	dǐ|qí|zhǐ
抶	chì	chì
抷	pī	pēi|pī
抸	jiā	jiā
抹	mǒ	mò|mā|mǒ
抺	mèi	mèi
抻	chēn	chēn|shēn
押	yā	jiǎ|xiá|yā
抽	chōu	chōu
抾	qū	qū
抿	mǐn	mǐn
拀	chù	chù
拁	jiā	jiā|yá
拂	fú	bì|fèi|fú|pì
拃	zhǎ	zhà|zhá|zhǎ|zhǎn
拄	zhǔ	zhǔ
担	dān	dan|dàn|dān|dǎn|jiē
拆	chāi	chè|chì|chāi|cā
拇	mǔ	mu|mǔ
拈	niān	diān|niān|niǎn
拉	lā	la|là|lá|lā|lǎ
拊	fǔ	bǔ|fū|fǔ
拋	pāo	pāo
拌	bàn	bàn|pān
拍	pāi	bó|pāi
拎	līn	līn|līng
拏	ná	ná
拐	guǎi	guǎi
拑	qián	qián
拒	jù	jù|jǔ
拓	tà	tuò|tà|zhí
拔	bá	ba|bié|bá|bèi|bō|fá
拕	tuō	tuō
拖	tuō	chǐ|tuō
拗	ào	niù|yù|ào|ǎo
拘	jū	gōu|jú|jū|jǔ
拙	zhuō	zhuō
拚	pàn	biàn|fèn|fān|pàn|pīn
招	zhāo	qiáo|sháo|zhāo
拜	bài	bài|bái
拝	bài	bài
拞	dǐ	dǐ
拟	nǐ	nǐ
拠	jù	jù
拡	kuò	kuò
拢	lǒng	lǒng
拣	jiǎn	jiǎn
拤	qiá	qiá
拥	yōng	yōng
拦	lán	lán
拧	níng	nìng|níng|nǐng
拨	bō	bō
择	zé	zhái|zé
拪	qiān	qiān
拫	hén	hén
括	kuò	guā|kuò
拭	shì	shì
拮	jié	jiá|jié
拯	zhěng	zhěng
拰	nǐn	nǐn
拱	gǒng	gǒng|jú
拲	gǒng	gǒng
拳	quán	quán
拴	shuān	quán|shuān
拵	cún	cún|zùn
拶	zā	zā|zǎn
拷	kǎo	kǎo
拸	yí	chǐ|hài|yí
拹	xié	xié
拺	cè	chuò|cè|sè
拻	huī	huī
拼	pīn	bìng|pīn
拽	zhuài	yè|zhuài|zhuāi
拾	shí	jiè|shi|shè|shí
拿	ná	ná
挀	bāi	bāi
持	chí	chí
挂	guà	guà
挃	zhì	dié|zhì
挄	kuò	guāng|kuò
挅	duǒ	duò|duǒ
挆	duǒ	duǒ
指	zhǐ	zhí|zhī|zhǐ
挈	qiè	jiá|qià|qiè|qì|shì
按	àn	àn
挊	nòng	nòng
挋	zhèn	zhèn
挌	gé	gé|hé
挍	jiào	jiào|jiāo
挎	kuà	kuà|kōu|kū
挏	dòng	dòng
挐	ná	ná|nú|rú
挑	tiāo	diào|tiao|tiáo|tiāo|tiǎo|táo
挒	liè	liè
挓	zhā	zhā
挔	lǚ	lǚ
挕	dié	dié|shè
挖	wā	wā
挗	jué	jué
挘	liě	liě
挙	jǔ	jǔ
挚	zhì	zhì
挛	luán	luán
挜	yà	yà
挝	wō	wō|zhuā
挞	tà	tà
挟	xié	jiā|xié
挠	náo	náo
挡	dǎng	dàng|dǎng
挢	jiǎo	jiǎo
挣	zhēng	zhèng|zhēng
挤	jǐ	jǐ
挥	huī	huī
挦	xián	xián
挧	yǔ	yǔ
挨	āi	ái|āi
挩	tuō	tuō
挪	nuó	nuó
挫	cuò	cuò|zuò
挬	bó	bó
挭	gěng	gěng
挮	tǐ	tì|tǐ
振	zhèn	zhèn|zhēn|zhěn
挰	chéng	chéng
挱	sā	shā|suō|sā
挲	sā	shā|suō|sā
挳	kēng	kēng
挴	měi	měi
挵	nòng	nòng
挶	jū	jū
挷	péng	péng
挸	jiǎn	jiǎn
挹	yì	yì
挺	tǐng	tíng|tǐng
挻	shān	shān|yán
挼	ruá	luò|ruá|ruó|suī
挽	wǎn	wǎn
挾	xié	jiā|xié
挿	chā	chā
捀	féng	féng
捁	jiǎo	jiǎo|kù
捂	wǔ	wú|wǔ
捃	jùn	jùn
捄	jiù	jiù|jū|qiú
捅	tǒng	tǒng
捆	kǔn	hún|kǔn
捇	huò	chì|huò
捈	tú	chá|shū|tú
捉	zhuō	zhuō
捊	póu	fū|póu|pōu
捋	lǚ	luō|lǚ
捌	bā	bié|bā
捍	hàn	gǎn|hàn|xiàn
捎	shāo	qiào|shào|shāo|shǎo|xiāo
捏	niē	niē
捐	juān	juān|yuán
捑	zè	zè
捒	shù	shù|sōu|sǒng
捓	yé	yé|yú
捔	jué	jué|zhuó
捕	bǔ	bǔ
捖	wán	guā|wán
捗	bù	bù|pú|zhì
捘	zùn	zùn
捙	yè	yè
捚	zhāi	zhāi
捛	lǚ	lǚ
捜	sōu	sōu
捝	tuō	shuì|tuō|yǎn
捞	lāo	lāo
损	sǔn	sǔn
捠	bāng	bāng
捡	jiǎn	jiǎn
换	huàn	huàn
捣	dǎo	dǎo
捤	wěi	wěi
捥	wàn	wàn|wān|wǎn|yù
捦	qín	qín
捧	pěng	fèng|pěng
捨	shě	shě
捩	liè	liè|lì
捪	mín	mín
捫	mén	mén
捬	fǔ	bǔ|fù|fǔ
捭	bǎi	bā|bǎi|bǐ
据	jù	jù|jū
捯	dáo	dáo|dǎo
捰	wǒ	luò|luǒ|wǒ
捱	ái	ái|āi
捲	juǎn	juàn|juǎn|quán
捳	yuè	yuè
捴	zǒng	zǒng
捵	chēn	chēn|niǎn|tiǎn
捶	chuí	chuí|duǒ
捷	jié	chā|jié|qiè
捸	tū	tū
捹	bèn	bèn
捺	nà	nà
捻	niǎn	niān|niē|niǎn
捼	ruó	ruó|ré|wěi|wō
捽	zuó	cù|sū|zuó|zùn
捾	wò	wò|xiá
捿	qī	qī
掀	xiān	hén|xiān
掁	chéng	chéng
掂	diān	diān
掃	sǎo	sào|sǎo
掄	lūn	lún|lūn
掅	qìng	qìng
掆	gāng	gàng|gāng
掇	duō	duó|duō|zhuō
授	shòu	shòu
掉	diào	diào|nuó
掊	póu	fù|péi|póu|pǒu
掋	dǐ	dì|dǐ
掌	zhǎng	zhang|zhǎng
掍	hùn	hùn
掎	jǐ	jǐ|yǐ
掏	tāo	táo|tāo
掐	qiā	qiā
掑	qí	qí
排	pái	bài|pái|pǎi
掓	shū	shū
掔	qiān	qiān|wàn
掕	líng	líng
掖	yē	yè|yē
掗	yà	yà|yǎ
掘	jué	jué|kū
掙	zhēng	zhèng|zhēng
掚	liǎng	liǎng
掛	guà	guà
掜	yì	niè|nái|nǐ|yì
掝	huò	huò|xù
掞	yàn	shàn|yàn|yǎn
掟	zhěng	dìng|zhěng
掠	lüè	lüè|lüě
採	cǎi	cǎi
探	tàn	tan|tàn|xián
掣	chè	chè
掤	bīng	bīng
接	jiē	chā|jiē|shà|xié
掦	tì	tì
控	kòng	kòng|kōng|qiāng
推	tuī	tuī
掩	yǎn	yàn|yǎn
措	cuò	cuò|cì|zé
掫	zhōu	chōu|zhōu|zōu
掬	jū	jū
掭	tiàn	tiàn
掮	qián	qián
掯	kèn	kèn
掰	bāi	bāi
掱	pá	pá|shǒu
掲	jiē	jiē
掳	lǔ	lǔ
掴	guāi	guó|guāi
掵	ming	ming
掶	jié	jié
掷	zhì	zhì|zhī
掸	dǎn	dǎn|shàn
掹	meng	meng
掺	chān	chān|càn|shǎn
掻	sāo	sāo
掼	guàn	guàn
掽	pèng	pèng
掾	yuàn	chuán|yuàn
掿	nuò	nuò
揀	jiǎn	jiǎn
揁	zhēng	kēng|zhēng
揂	jiū	jiū|yóu
揃	jiǎn	jiān|jiǎn|qiān
揄	yú	chōu|shū|yáo|yóu|yú
揅	yán	yán
揆	kuí	kuí
揇	nǎn	nǎn
揈	hōng	hóng|hōng|jū|xuàn
揉	róu	róu
揊	pì	chè|pì
揋	wēi	wēi
揌	sāi	cāi|sāi
揍	zòu	còu|zòu
揎	xuān	xuān
描	miáo	miáo|mào
提	tí	chí|dī|dǐ|shí|tí
揑	niē	niē
插	chā	chā|zhǎ
揓	shì	shì
揔	zǒng	sōng|zǒng
揕	zhèn	zhèn|zhēn
揖	yī	jí|yī
揗	xún	xún
揘	yóng	huáng|yóng
揙	biān	biàn|biān
揚	yáng	yáng
換	huàn	huàn
揜	yǎn	yǎn
揝	zǎn	zuàn|zǎn
揞	ǎn	yàn|yè|ǎn
揟	xū	jū|xū
揠	yà	yà
握	wò	wò|òu
揢	ké	ké|qiā
揣	chuāi	chuài|chuāi|chuǎi|duǒ|tuán|zhuī
揤	jí	jí
揥	tì	dì|tì
揦	lá	là|lá
揧	là	là
揨	chén	chén
揩	kāi	jiá|kāi
揪	jiū	jiū
揫	jiū	jiū
揬	tú	tú
揭	jiē	hé|jiē|qì
揮	huī	huī|hún
揯	gèn	gèn
揰	chòng	chòng|dǒng
揱	xiāo	shuò|xiān|xiāo
揲	dié	dié|shé|yè
揳	xiē	jiá|xiè|xié|xiē
援	yuán	huàn|yuán
揵	qián	jiàn|jiǎn|qián
揶	yé	yé
揷	chā	chā
揸	zhā	zhā
揹	bēi	bēi
揺	yáo	yáo
揻	wēi	wēi
揼	beng	beng
揽	lǎn	lǎn
揾	wèn	wèn|wù
揿	qìn	qìn
搀	chān	chān
搁	gē	ge|gé|gē
搂	lǒu	lōu|lǒu
搃	zǒng	zǒng
搄	gèn	gèn
搅	jiǎo	jiǎo
搆	gòu	gòu|gōu
搇	qìn	qìn
搈	róng	róng
搉	què	huō|què
搊	chōu	chōu|zhū|zǒu
搋	chuāi	chuāi|chǐ|yí
搌	zhǎn	zhǎn
損	sǔn	sǔn
搎	sūn	sūn
搏	bó	bó
搐	chù	chù
搑	róng	náng|nǎng|róng
搒	bàng	bàng|bēng|bǎng|péng
搓	cuō	chāi|cuō|cuǒ
搔	sāo	sào|sāo
搕	kē	kē|è
搖	yáo	yáo
搗	dǎo	dǎo
搘	zhī	zhī
搙	nù	nuò|nòu|nù
搚	lā	lā|xiàn|xié
搛	jiān	jiān|lián
搜	sōu	shǎo|sòu|sōu|xiāo
搝	qiǔ	qiǔ
搞	gǎo	gǎo|kào|qiāo
搟	xiǎn	xiān|xiǎn
搠	shuò	shuò
搡	sǎng	sǎng
搢	jìn	jìn
搣	miè	miè
搤	è	yì|è
搥	chuí	chuí|duī
搦	nuò	nuò
搧	shān	shān
搨	tà	dá|tà
搩	zhǎ	jié|zhǎ
搪	táng	táng
搫	pán	bān|pán|pó
搬	bān	bān|sù
搭	dā	dā|tà
搮	lì	lì
搯	tāo	tāo
搰	hú	hú|kū
搱	zhì	nái|zhì
搲	wā	wà|wā|wǎ
搳	huá	huá|qiā|xiá
搴	qiān	qiān
搵	wèn	wèn
搶	qiǎng	chéng|chēng|qiàng|qiāng|qiǎng
搷	tián	shēn|tián
搸	zhēn	zhēn
搹	è	è
携	xié	xié
搻	nuò	nuò
搼	quán	quán
搽	chá	chá
搾	zhà	zhà
搿	gé	gé
摀	wǔ	wǔ
摁	èn	èn
摂	shè	shè
摃	káng	káng
摄	shè	shè
摅	shū	shū
摆	bǎi	bǎi
摇	yáo	yáo
摈	bìn	bìn
摉	sōu	sōu
摊	tān	tān
摋	sà	shā|shǎi|sà
摌	chǎn	chǎn|sùn
摍	suō	suō
摎	jiū	jiū|jiǎo|liáo|liú|náo
摏	chōng	chōng
摐	chuāng	chuāng
摑	guāi	guó|guāi
摒	bìng	bìng|bǐng
摓	féng	féng|pěng
摔	shuāi	shuāi
摕	dì	dì|tú|zhí
摖	qì	chá|qì
摗	sōu	sōu|sǒng
摘	zhāi	zhāi
摙	liǎn	liàn|liǎn
摚	chēng	chēng
摛	chī	chī
摜	guàn	guàn
摝	lù	lù
摞	luò	luò
摟	lǒu	lōu|lǒu
摠	zǒng	zǒng
摡	gài	gài|xì
摢	hù	chū|hù
摣	zhā	zhuā|zhā
摤	chuǎng	chuǎng
摥	tàng	tàng
摦	huà	huà
摧	cuī	cuò|cuī|zuì
摨	nái	nái|zhì
摩	mó	mí|mó|mā
摪	jiāng	jiāng|qiàng
摫	guī	guī
摬	yǐng	yǐng
摭	zhí	zhí
摮	áo	qiāo|áo
摯	zhì	zhì
摰	niè	chè|niè
摱	màn	màn|mán
摲	chàn	chàn|cán
摳	kōu	kōu|ōu
摴	chū	chī|chū
摵	shè	mí|shè|sù
摶	tuán	tuán|zhuàn|zhuān
摷	jiǎo	chāo|jiǎo
摸	mō	mo|mó|mō
摹	mó	mó|mō
摺	zhé	lā|xié|zhé
摻	càn	chān|càn|shān|shǎn|sēn
摼	kēng	kēng|qiān
摽	biào	biào|biāo|piāo|pāo
摾	jiàng	jiàng
摿	yáo	yáo
撀	gòu	gòu
撁	qiān	qiàn|qiān
撂	liào	liào
撃	jī	jī
撄	yīng	yīng
撅	juē	guì|juè|jué|juē
撆	piē	piē
撇	piē	biē|piē|piě
撈	lāo	lāo
撉	dūn	dūn
撊	xiàn	xiàn
撋	ruán	ruán|ruí|ruó|rún|suī
撌	guì	guì
撍	zǎn	qián|zān|zēn|zǎn
撎	yì	yì
撏	xián	xián|xún
撐	chēng	cheng|chēng
撑	chēng	cheng|chēng
撒	sā	sā|sǎ
撓	náo	náo|rào|xiāo
撔	hòng	hòng
撕	sī	sī|xī
撖	hàn	hàn|qiǎn
撗	guàng	guàng
撘	dā	dā
撙	zǔn	zǔn
撚	niǎn	niǎn
撛	lǐn	lǐn
撜	zhěng	chéng|zhěng
撝	huī	huī|wéi
撞	zhuàng	zhuàng
撟	jiǎo	jiāo|jiǎo|kǎo
撠	jǐ	jǐ
撡	cāo	cāo
撢	dǎn	dàn|dǎn|tàn|xín
撣	dǎn	chán|dàn|dǎn|shàn|tián|tān|zhǎn
撤	chè	chè
撥	bō	bō|fá
撦	chě	chě
撧	juē	juē
撨	fǔ	fǔ|sōu|xiāo
撩	liāo	liào|liáo|liāo|liǎo|lào
撪	bèn	bèn
撫	fǔ	fǔ|mó
撬	qiào	qiào
播	bō	bō|bǒ
撮	cuō	chuā|cuō|zuì|zuān|zuǒ
撯	zhuó	zhuó
撰	zhuàn	suàn|xuǎn|zhuàn
撱	wěi	tuǒ|wěi
撲	pū	bǔ|pū
撳	qìn	qìn
撴	dūn	dūn
撵	niǎn	niǎn
撶	huá	huá
撷	xié	xié
撸	lū	lū
撹	jiǎo	jiǎo
撺	cuān	cuān
撻	tà	tà
撼	hàn	hàn
撽	qiào	jī|qiào|yāo
撾	wō	wō|zhuā
撿	jiǎn	jiǎn|liàn
擀	gǎn	gǎn
擁	yōng	yōng
擂	léi	lèi|léi|lēi
擃	nǎng	nǎng
擄	lǔ	lǔ
擅	shàn	shàn
擆	zhuó	zhuó
擇	zé	yì|zhái|zé
擈	pū	pū
擉	chuò	chuò
擊	jī	jì|jī|xí
擋	dǎng	dàng|dǎng
擌	sè	sè
操	cāo	cāo
擎	qíng	qíng
擏	qíng	jìng|jǐng|qíng
擐	huàn	huàn|juǎn|xuān
擑	jiē	jiē
擒	qín	qín
擓	kuǎi	kuǎi
擔	dān	dan|dàn|dān|shàn
擕	xié	xié
擖	kā	guā|gē|jiā|kā|liè|qiā|yè|zhá
擗	pǐ	bò|pǐ
擘	bò	bò|bāi
擙	ào	ào
據	jù	jù
擛	yè	yè
擜	è	è
擝	mēng	mēng
擞	sǒu	sòu|sǒu
擟	mí	mí
擠	jǐ	jǐ
擡	tái	tái
擢	zhuó	zhuó
擣	dǎo	chóu|dǎo
擤	xǐng	xǐng
擥	lǎn	lǎn
擦	cā	cā
擧	jǔ	jǔ
擨	yé	yé
擩	rǔ	nòu|nǔ|ruán|rù|rǔ
擪	yè	yè
擫	yè	yè
擬	nǐ	nǐ
擭	wò	huò|hù|wò
擮	jié	jié
擯	bìn	bìn
擰	níng	nìng|níng|nǐng
擱	gē	ge|gé|gē
擲	zhì	zhì|zhī
擳	zhì	jié|zhì
擴	kuò	guàng|kuò|tǎng
擵	mó	mó
擶	jiàn	jiàn
擷	xié	xié
擸	liè	liè|là
擹	tān	tān
擺	bǎi	bǎi
擻	sǒu	sòu|sǒu
擼	lǔ	lū|lǔ
擽	lüè	lì|lüè|yuè
擾	rǎo	rǎo
擿	tī	tī|zhì|zhāi
攀	pān	pān
攁	yǎng	yǎng
攂	lèi	lèi
攃	cā	cā|sǎ
攄	shū	lù|shū
攅	zǎn	zǎn
攆	niǎn	niǎn
攇	xiǎn	xiǎn
攈	jùn	jùn|pèi
攉	huō	huò|huō|què
攊	lì	lì
攋	là	là|lài
攌	huǎn	huǎn
攍	yíng	yíng
攎	lú	luó|lú
攏	lǒng	lǒng
攐	qiān	qiān
攑	qiān	qiān
攒	zǎn	cuán|zǎn
攓	qiān	qiān
攔	lán	lán
攕	xiān	jiān|xiān
攖	yīng	yīng
攗	méi	méi
攘	rǎng	níng|ràng|rǎng|xiǎng
攙	chān	chān|shàn
攚	wěng	wěng
攛	cuān	cuān
攜	xié	xié
攝	shè	niè|shà|shè|zhé
攞	luó	luó|luǒ
攟	jùn	jùn
攠	mí	mí|mó
攡	chī	chī
攢	zǎn	cuán|zuān|zàn|zǎn
攣	luán	liàn|luán
攤	tān	nàn|tān
攥	zuàn	zuàn
攦	lì	lì|shài
攧	diān	diān
攨	wā	wā
攩	dǎng	dǎng|tǎng
攪	jiǎo	jiǎo
攫	jué	jué
攬	lǎn	lǎn
攭	lì	luǒ|lì
攮	nǎng	nǎng
支	zhī	qí|zhì|zhī
攰	guì	guì
攱	guǐ	guì|guǐ
攲	qī	jī|qī
攳	xún	xún
攴	pū	pū
攵	pū	pū
收	shōu	shōu
攷	kǎo	kǎo
攸	yōu	yōu
改	gǎi	gǎi
攺	yǐ	yǐ
攻	gōng	gōng
攼	gān	gān|hàn
攽	bān	bān|bīn
放	fàng	fàng|fāng|fǎng
政	zhèng	zhèng|zhēng
敀	pò	pò
敁	diān	diān
敂	kòu	kòu
敃	mǐn	fēn|mǐn
敄	wù	móu|wù
故	gù	gù
敆	hé	hé
敇	cè	cè
效	xiào	xiào
敉	mǐ	mǐ
敊	chù	chù|shōu
敋	gé	gé
敌	dí	dí|huá
敍	xù	xù
敎	jiào	jiào
敏	mǐn	mǐn
敐	chén	chén
救	jiù	jiù|jiū
敒	shēn	shēn
敓	duó	duó
敔	yǔ	yù|yǔ
敕	chì	chì|sōu
敖	áo	ào|áo
敗	bài	bài
敘	xù	xù
教	jiào	jiào|jiāo
敚	duó	duó
敛	liǎn	liǎn
敜	niè	niè
敝	bì	bì
敞	chǎng	chang|chèng|chǎng|zhèng
敟	diǎn	diǎn
敠	duō	duō|què
敡	yì	yì
敢	gǎn	gǎn
散	sàn	sàn|sān|sǎn
敤	kě	kě
敥	yàn	jiǎo|yàn
敦	dūn	diāo|duì|duī|dào|dùn|dūn|tuán|tún|tūn|zhǔn
敧	jī	jī|qǐ
敨	tǒu	tǒu
敩	xiào	xiào|xué
敪	duō	duō
敫	jiǎo	jiào|jiǎo|qiāo
敬	jìng	jìng
敭	yáng	yáng
敮	xiá	xiá
敯	mǐn	mǐn
数	shù	shu|shuò|shù|shǔ
敱	ái	zhú|ái
敲	qiāo	qiāo
敳	ái	ái
整	zhěng	zhěng
敵	dí	dí
敶	zhèn	zhèn
敷	fū	fū
數	shù	shu|shuò|shù|shǔ
敹	liáo	liáo
敺	qū	qū|ōu
敻	xiòng	xiòng
敼	yǐ	yǐ
敽	jiǎo	jiǎo
敾	shàn	shàn
敿	jiǎo	jiǎo
斀	zhuó	zhuó|zhú
斁	yì	dù|tú|yì
斂	liǎn	lián|liǎn
斃	bì	bì
斄	lí	lí|tái
斅	xiào	xiào|xué
斆	xiào	xiào
文	wén	wén
斈	xué	xué
斉	qí	qí
斊	qí	qí
斋	zhāi	zhāi
斌	bīn	bīn
斍	jué	jué
斎	zhāi	zhāi
斏	láng	láng
斐	fěi	fěi
斑	bān	bān
斒	bān	bān
斓	lán	lán
斔	yǔ	yǔ
斕	lán	lán
斖	wěi	wěi
斗	dòu	dòu|dǒu|zhǔ
斘	shēng	shēng
料	liào	liào|liáo
斚	jiǎ	jiǎ
斛	hú	hú
斜	xié	chá|xiá|xié|yé
斝	jiǎ	jiǎ
斞	yǔ	yǔ
斟	zhēn	zhēn
斠	jiào	jiào
斡	wò	guǎn|wò
斢	tiǎo	tiǎo|tǒu
斣	dòu	dòu
斤	jīn	jīn
斥	chì	chè|chì|zhè
斦	yín	yín|zhì
斧	fǔ	fǔ
斨	qiāng	qiāng
斩	zhǎn	zhǎn
斪	qú	qú
斫	zhuó	chuò|zhuó
斬	zhǎn	zhàn|zhǎn
断	duàn	duàn
斮	cuò	cuò|zhuó
斯	sī	shǐ|sī
新	xīn	xīn
斱	zhuó	zhuó
斲	zhuó	zhuó
斳	qín	jǐn|qín
斴	lín	lín
斵	zhuó	zhuó
斶	chù	chù
斷	duàn	duàn
斸	zhǔ	zhú|zhǔ
方	fāng	fang|fáng|fāng|fēng|fǎng|páng|wǎng
斺	chǎn	chǎn|jiè
斻	háng	háng
於	yú	wū|yú|yū
施	shī	shī|shǐ|yì
斾	pèi	pèi
斿	yóu	liú|yóu
旀	mèi	mèi
旁	páng	bàng|bēng|páng|pēng
旂	qí	qí
旃	zhān	zhān
旄	máo	mào|máo|wù
旅	lǚ	lǚ
旆	pèi	pèi
旇	pī	bì|pī
旈	liú	liú
旉	fū	fū
旊	fǎng	fǎng
旋	xuán	xuàn|xuán
旌	jīng	jīng
旍	jīng	jīng
旎	nǐ	nǐ
族	zú	còu|sǒu|zòu|zú
旐	zhào	zhào
旑	yǐ	yǐ
旒	liú	liú
旓	shāo	shāo
旔	jiàn	jiàn
旕	yú	yú
旖	yǐ	yǐ
旗	qí	qí
旘	zhì	zhì
旙	fān	fān
旚	piāo	piāo
旛	fān	fān
旜	zhān	zhān
旝	kuài	kuài
旞	suì	suì
旟	yú	yú
无	wú	mó|wú
旡	jì	jì
既	jì	jì|xì
旣	jì	jì
旤	huò	huò
日	rì	rì
旦	dàn	dàn
旧	jiù	jiù
旨	zhǐ	zhǐ
早	zǎo	zǎo
旪	xié	xié
旫	tiāo	tiāo
旬	xún	jūn|xún
旭	xù	xù
旮	gā	gā|xù
旯	lá	lá
旰	gàn	gàn|hàn
旱	hàn	hàn
旲	tái	tái|yīng
旳	dì	dì
旴	xū	xū
旵	chǎn	chǎn
时	shí	shí
旷	kuàng	kuàng
旸	yáng	yáng
旹	shí	shí
旺	wàng	wàng
旻	mín	mín
旼	mín	mín
旽	tūn	tūn|zhùn
旾	chūn	chūn
旿	wǔ	wù|wǔ
昀	yún	yún
昁	bèi	bèi
昂	áng	yàng|áng
昃	zè	zè
昄	bǎn	bǎn
昅	jié	jié
昆	kūn	hún|kùn|kūn
昇	shēng	shēng
昈	hù	hù
昉	fǎng	fǎng
昊	hào	hào
昋	guì	guì|jiǒng
昌	chāng	chàng|chāng
昍	xuān	xuān
明	míng	ming|mèng|míng
昏	hūn	hùn|hún|hūn
昐	fēn	fēn
昑	qǐn	qǐn
昒	hū	hū
易	yì	yì
昔	xī	cuò|xī
昕	xīn	xuān|xīn
昖	yán	yán
昗	zè	zè
昘	fǎng	fǎng
昙	tán	tán|yù
昚	shèn	shèn
昛	jù	jù
昜	yáng	yáng
昝	zǎn	zǎn
昞	bǐng	bǐng|fǎng
星	xīng	xīng
映	yìng	yìng|yǎng
昡	xuàn	xuàn
昢	pò	pèi|pò
昣	zhěn	zhěn
昤	líng	líng
春	chūn	chūn|chǔn
昦	hào	hào
昧	mèi	mèi|mò|wěn
昨	zuó	zuó
昩	mò	mò
昪	biàn	biàn
昫	xù	xiǒng|xù
昬	hūn	hūn
昭	zhāo	zhào|zhāo
昮	zòng	zòng
是	shì	shi|shì|tí
昰	shì	shì|xià
昱	yù	yù
昲	fèi	fèi
昳	dié	diè|dié|yì
昴	mǎo	mǎo
昵	nì	nì|nǐ|zhì
昶	chǎng	chǎng
昷	wēn	wēn
昸	dōng	dōng
昹	ǎi	ǎi
昺	bǐng	bǐng
昻	áng	áng
昼	zhòu	zhòu
昽	lóng	lóng
显	xiǎn	xiǎn
昿	kuàng	kuàng
晀	tiǎo	tiǎo
晁	cháo	chào|cháo|zhāo
時	shí	shí
晃	huǎng	huang|huàng|huǎng
晄	huǎng	huǎng
晅	xuǎn	xuān|xuǎn
晆	kuí	kuí
晇	xū	kuā|xū
晈	jiǎo	jiǎo
晉	jìn	jìn
晊	zhì	zhì
晋	jìn	jìn
晌	shǎng	shǎng
晍	tóng	tóng
晎	hǒng	hǒng
晏	yàn	yàn
晐	gāi	gāi
晑	xiǎng	xiǎng
晒	shài	shài
晓	xiǎo	xiǎo
晔	yè	yè
晕	yūn	yùn|yūn
晖	huī	huī
晗	hán	hán
晘	hàn	hàn
晙	jùn	jùn
晚	wǎn	wǎn
晛	xiàn	xiàn
晜	kūn	kūn
晝	zhòu	zhòu
晞	xī	xī
晟	chéng	chéng|jīng|shèng
晠	shèng	shèng
晡	bū	bū
晢	zhé	zhé|zhì
晣	zhé	zhé
晤	wù	wù
晥	wǎn	wǎn
晦	huì	huì
晧	hào	hào
晨	chén	chen|chén
晩	wǎn	wǎn
晪	tiǎn	tiǎn
晫	zhuó	zhuó
晬	zuì	zuì
晭	zhǒu	zhǒu
普	pǔ	pǔ
景	jǐng	jǐng|yǐng
晰	xī	xī
晱	shǎn	shǎn
晲	nǐ	nǐ
晳	xī	xī
晴	qíng	qíng
晵	qǐ	dù|qǐ
晶	jīng	jīng
晷	guǐ	guǐ
晸	zhěng	zhěng
晹	yì	yì
智	zhì	zhì|zhī
晻	àn	yǎn|àn|ǎn
晼	wǎn	wǎn
晽	lín	lín
晾	liàng	liàng
晿	chāng	chāng
暀	wǎng	wàng|wǎng
暁	xiǎo	xiǎo
暂	zàn	zàn
暃	fēi	fēi
暄	xuān	xuān
暅	gèng	gèng|xuǎn
暆	yí	yí
暇	xiá	jiǎ|xià|xiá
暈	yūn	yùn|yūn
暉	huī	huī
暊	xǔ	xǔ
暋	mǐn	mín|mǐn
暌	kuí	kuí
暍	yē	yē
暎	yìng	yìng
暏	shǔ	dǔ|shǔ
暐	wěi	wěi
暑	shǔ	shǔ
暒	qíng	qíng
暓	mào	mào
暔	nán	nán
暕	jiǎn	jiǎn|lán
暖	nuǎn	nuǎn|xuān
暗	àn	àn
暘	yáng	yáng
暙	chūn	chūn
暚	yáo	yáo
暛	suǒ	suǒ
暜	pǔ	pǔ
暝	míng	míng
暞	jiǎo	jiǎo
暟	kǎi	kǎi
暠	gǎo	gǎo|hào
暡	wěng	wěng
暢	chàng	chàng
暣	qì	qì
暤	hào	hào
暥	yàn	yàn
暦	lì	lì
暧	ài	nuǎn|ài
暨	jì	jiè|jì
暩	jì	jì
暪	mèn	mèn
暫	zàn	zàn
暬	xiè	xiè
暭	hào	hào
暮	mù	mù
暯	mò	mò
暰	cōng	cōng
暱	nì	nì
暲	zhāng	zhāng
暳	huì	huì
暴	bào	bào|bó|pù
暵	hàn	hàn
暶	xuán	xuán
暷	chuán	chuán
暸	liáo	liáo
暹	xiān	xiān
暺	tǎn	tǎn
暻	jǐng	jǐng
暼	piē	piē
暽	lín	lín
暾	tūn	tūn
暿	xī	xī|xǐ
曀	yì	yì
曁	jì	jì
曂	huàng	huàng
曃	dài	dài
曄	yè	yè
曅	yè	yè
曆	lì	lì
曇	tán	tán
曈	tóng	tóng
曉	xiǎo	xiǎo
曊	fèi	fèi
曋	shěn	shěn
曌	zhào	zhào
曍	hào	hào
曎	yì	yì
曏	xiǎng	shǎng|xiàng|xiǎng
曐	xīng	xīng
曑	shēn	shēn
曒	jiǎo	jiǎo
曓	bào	bào
曔	jìng	jìng
曕	yàn	yàn
曖	ài	ài
曗	yè	yè
曘	rú	rú
曙	shǔ	shǔ
曚	méng	méng
曛	xūn	xūn
曜	yào	yào
曝	pù	bào|pù
曞	lì	lì
曟	chén	chén
曠	kuàng	kuàng
曡	dié	dié
曢	liǎo	liǎo
曣	yàn	yàn
曤	huò	huò
曥	lú	lú
曦	xī	xī
曧	róng	róng
曨	lóng	lóng
曩	nǎng	nǎng
曪	luǒ	luǒ
曫	luán	luán
曬	shài	shài
曭	tǎng	tǎng
曮	yǎn	yǎn
曯	zhú	zhú
曰	yuē	yuē
曱	yuē	yuē
曲	qū	qū|qǔ
曳	yè	yè
更	gèng	gèng|gēng
曵	yè	yè
曶	hū	hū
曷	hé	hè|hé|è
書	shū	shū
曹	cáo	cáo
曺	cáo	cáo
曻	shēng	shēng
曼	màn	màn
曽	cēng	cēng
曾	céng	céng|zēng
替	tì	tì
最	zuì	cuō|zuì
朁	cǎn	cǎn|jiàn|qián
朂	xù	xù
會	huì	huì|kuài|kuò
朄	yǐn	yǐn
朅	qiè	qiè
朆	fēn	fēn
朇	pí	pí
月	yuè	rù|yue|yuè
有	yǒu	wěi|yòu|yǒu
朊	ruǎn	ruǎn|wǎn
朋	péng	péng
朌	fén	bān|fén
服	fú	bì|bó|fu|fù|fú
朎	líng	líng
朏	fěi	fěi|kū
朐	qú	chǔn|qú|xù|xū
朑	tì	tì
朒	nǜ	nǜ
朓	tiǎo	tiào|tiǎo|yóu
朔	shuò	shuò
朕	zhèn	zhèn
朖	lǎng	lǎng
朗	lǎng	lǎng
朘	zuī	juān|zuī
朙	míng	míng
朚	huāng	huāng|máng|mèng|wáng
望	wàng	wang|wàng
朜	tūn	tūn
朝	cháo	cháo|zhāo|zhū
朞	jī	jī|qī
期	qī	jī|qī
朠	yīng	yīng
朡	zōng	zōng
朢	wàng	wàng
朣	tóng	chuáng|tóng
朤	lǎng	lǎng
朥	láo	láo
朦	méng	méng|mǎng
朧	lóng	lóng|lǒng
木	mù	mù
朩	děng	děng
未	wèi	wèi
末	mò	me|mò
本	běn	bēn|běn
札	zhá	yà|zhá
朮	shù	shù|zhú
术	shù	shù|shú|zhú
朰	mù	mù
朱	zhū	shū|zhū
朲	rén	rén
朳	bā	bā
朴	pǔ	piáo|pò|pō|pū|pǔ
朵	duǒ	duo|duǒ
朶	duǒ	duǒ
朷	dāo	dāo|mù|tiáo
朸	lì	lì
朹	guǐ	guǐ|qiú
机	jī	jī|wèi
朻	jiū	jiū
朼	bǐ	bǐ
朽	xiǔ	xiǔ
朾	chéng	chéng|chēng|tīng|zhēng
朿	cì	cì
杀	shā	shā
杁	rù	rù
杂	zá	duǒ|zá
权	quán	quán
杄	qiān	qiān
杅	yú	wū|yú
杆	gān	gàn|gān|gǎn
杇	wū	wū
杈	chā	chà|chā
杉	shān	shā|shān
杊	xún	xún
杋	fán	fán
杌	wù	wò|wù
杍	zǐ	zǐ
李	lǐ	li|lǐ
杏	xìng	xìng
材	cái	cai|cái
村	cūn	cūn
杒	rèn	rèn|ér
杓	biāo	biāo|dí|shuó|sháo|zhuó
杔	tuō	tuō|zhé
杕	dì	duò|dì
杖	zhàng	zhàng
杗	máng	máng
杘	chì	chì
杙	yì	yì
杚	gài	gài|gé
杛	gōng	gōng
杜	dù	dù|dǔ|tú
杝	lí	duò|lí|tuò|yí|zhì
杞	qǐ	qǐ
束	shù	shù
杠	gàng	gàng|gāng|gōng
条	tiáo	tiáo
杢	jié	jié
杣	mián	mián|shān
杤	wàn	wàn
来	lái	lái
杦	jiǔ	jiǔ
杧	máng	máng
杨	yáng	yáng
杩	mà	mà
杪	miǎo	miǎo
杫	sì	sì|xǐ|zhǐ
杬	yuán	yuàn|yuán
杭	háng	háng|kàng|kāng
杮	fèi	bèi|fèi
杯	bēi	bēi
杰	jié	jié
東	dōng	dōng
杲	gǎo	gǎo
杳	yǎo	yǎo
杴	xiān	qiān|xiān
杵	chǔ	chǔ
杶	chūn	chūn
杷	pá	bà|pá
杸	shū	duì|shū
杹	huà	huà
杺	xīn	xīn
杻	chǒu	chǒu|niǔ
杼	zhù	shù|zhù
杽	chǒu	chǒu
松	sōng	sōng
板	bǎn	bǎn
枀	sōng	sōng
极	jí	jí
枂	wò	wò|yuè
枃	jìn	jìn
构	gòu	gòu
枅	jī	jī
枆	máo	máo
枇	pí	bì|bǐ|pí|pī
枈	bì	bì|pī
枉	wǎng	kuáng|wang|wǎng
枊	àng	àng
枋	fāng	bǐng|fāng|fǎng
枌	fén	fén
枍	yì	yì
枎	fú	fú|fū
枏	nán	nán
析	xī	sī|xī
枑	hù	hù
枒	yā	yà|yá|yā|yē
枓	dǒu	dǒu|zhǔ
枔	xín	xín
枕	zhěn	chén|zhěn
枖	yāo	yāo|yǎo
林	lín	lín
枘	ruì	nèn|ruì
枙	ě	è|ě
枚	méi	méi
枛	zhào	zhào
果	guǒ	guàn|guǒ|luǒ
枝	zhī	qí|zhī
枞	cōng	cōng|zōng
枟	yùn	yùn
枠	huà	huà
枡	shēng	shēng
枢	shū	shū
枣	zǎo	zǎo
枤	dì	dì
枥	lì	lì
枦	lú	lú
枧	jiǎn	jiǎn
枨	chéng	chéng
枩	sōng	sōng
枪	qiāng	qiāng
枫	fēng	fēng
枬	zhān	zhān
枭	xiāo	xiāo
枮	xiān	xiān|zhēn
枯	kū	gū|kū
枰	píng	píng
枱	tái	cí|sì|tái
枲	xǐ	xǐ
枳	zhǐ	zhī|zhǐ
枴	guǎi	guǎi
枵	xiāo	xiāo
架	jià	jià
枷	jiā	jià|jiā
枸	gǒu	gōu|gǒu|jǔ|qú
枹	bāo	bāo|fú
枺	mò	mò
枻	yì	xiè|yì
枼	yè	yè
枽	yè	yè
枾	shì	shì
枿	niè	niè
柀	bǐ	bǐ
柁	tuó	duò|tuó|tuǒ
柂	yí	duò|lí|yí
柃	líng	líng
柄	bǐng	bǐng
柅	nǐ	chì|nǐ
柆	lā	lā
柇	hé	hé
柈	bàn	bàn|pàn|pán
柉	fán	fán
柊	zhōng	zhōng
柋	dài	dài
柌	cí	cí
柍	yǎng	yàng|yīng|yǎng
柎	fū	fù|fū|fǔ
柏	bǎi	bò|bó|bǎi
某	mǒu	méi|mǒu
柑	gān	gān|qián
柒	qī	qī
染	rǎn	rǎn
柔	róu	róu
柕	mào	mào
柖	sháo	shào|sháo
柗	sōng	sōng
柘	zhè	zhè
柙	xiá	jiǎ|xiá
柚	yòu	yòu|yóu|zhóu
柛	shēn	shēn
柜	guì	guì|jǔ
柝	tuò	tuò
柞	zhà	zhà|zuò|zé
柟	nán	nán|rán
柠	níng	chǔ|níng|zhù
柡	yǒng	yǒng
柢	dǐ	chí|dì|dǐ
柣	zhì	dié|zhì
柤	zhā	zhā|zū|zǔ
查	chá	chá|chái|zhā
柦	dàn	dàn
柧	gū	gū
柨	bù	bù|pū
柩	jiù	jiù
柪	āo	ào|āo
柫	fú	fú
柬	jiǎn	jiǎn
柭	bā	biē|bó|bā|fú|pèi
柮	duò	duò|wù|zuó
柯	kē	kē
柰	nài	nài
柱	zhù	zhù|zhǔ
柲	bì	bié|bì
柳	liǔ	liǔ
柴	chái	chái|cī|zhài|zì
柵	shān	shān|zhà
柶	sì	sì
柷	zhù	chù|zhù
柸	pēi	bēi|pēi
柹	shì	fèi|shì
柺	guǎi	guǎi
査	zhā	zhā
柼	yǎo	yǎo
柽	chēng	chēng|jué
柾	jiù	jiù
柿	shì	shì
栀	zhī	zhī
栁	liǔ	liǔ
栂	méi	méi
栃	lì	lì
栄	róng	róng
栅	zhà	cè|shān|zhà
栆	zǎo	zǎo
标	biāo	biāo
栈	zhàn	zhàn
栉	zhì	zhì
栊	lóng	lóng
栋	dòng	dòng
栌	lú	lú
栍	shēng	shēng
栎	lì	lì|yuè
栏	lán	lán
栐	yǒng	yǒng
树	shù	shù
栒	xún	sǔn|xún
栓	shuān	quán|shuàn|shuān
栔	qì	qì
栕	zhēn	zhēn
栖	qī	qī|xī
栗	lì	liè|lì
栘	yí	yí
栙	xiáng	xiáng
栚	zhèn	zhèn
栛	lì	lì
栜	sè	cì|sè
栝	guā	guā|kuò|tiǎn
栞	kān	kān
栟	bēn	bēn|bīng
栠	rěn	rěn
校	xiào	jiào|jiǎo|qiāo|xiào
栢	bǎi	bǎi
栣	rěn	rěn
栤	bìng	bìng
栥	zī	zī
栦	chóu	chóu
栧	yì	yì
栨	cì	cì
栩	xǔ	xǔ|yǔ
株	zhū	zhū
栫	jiàn	jiàn|zùn
栬	zuì	zuì
栭	ér	ér
栮	ěr	ěr
栯	yǒu	yù|yǒu
栰	fá	fá
栱	gǒng	gǒng
栲	kǎo	kǎo
栳	lǎo	lǎo
栴	zhān	zhān
栵	liè	liè
栶	yīn	yīn
样	yàng	yàng|yáng
核	hé	gāi|hé|hú|kài
根	gēn	gēn
栺	yì	yì|zhī|zhǐ
栻	shì	shì
格	gé	ge|gé|gē|hè|luò
栽	zāi	zài|zāi
栾	luán	luán
栿	fú	fú
桀	jié	jié
桁	héng	hàng|háng|héng
桂	guì	guì
桃	táo	tiāo|táo|zhào
桄	guāng	guàng|guāng
桅	wéi	guǐ|wéi
框	kuàng	kuàng|kuáng|kuāng
桇	rú	rú
案	àn	àn
桉	ān	àn|ān
桊	juàn	juàn|quān
桋	yí	tí|yí
桌	zhuō	zhuō
桍	kū	kū
桎	zhì	zhì
桏	qióng	qióng
桐	tóng	dòng|tóng|tōng
桑	sāng	sāng
桒	sāng	sāng
桓	huán	huán
桔	jié	jié|jú|xié
桕	jiù	jiù
桖	xuè	xuè
桗	duò	duò
桘	zhuì	zhuì
桙	yú	móu|yú
桚	zǎn	zǎn
桜	yīng	yīng
桝	jié	jié
桞	liǔ	liǔ
桟	zhàn	zhàn
桠	yā	yā
桡	ráo	ráo
桢	zhēn	zhēn
档	dàng	dàng
桤	qī	qī
桥	qiáo	qiáo
桦	huà	huà
桧	guì	guì|huì
桨	jiǎng	jiǎng
桩	zhuāng	zhuāng
桪	xún	xún
桫	suō	suō
桬	shā	shā
桭	zhēn	chén|zhèn|zhēn
桮	bēi	bēi
桯	tīng	tīng|yíng
桰	kuò	kuò
桱	jìng	jìng
桲	po	bó|po
桳	bèn	bèn
桴	fú	fú
桵	ruí	ruí
桶	tǒng	tǒng
桷	jué	jué
桸	xī	xī
桹	láng	láng
桺	liǔ	liǔ
桻	fēng	fèng|fēng
桼	qī	qī
桽	wěn	wěn
桾	jūn	jūn
桿	gǎn	gǎn|hàn
梀	sù	sù|yìn
梁	liáng	liang|liáng
梂	qiú	qiú
梃	tǐng	tìng|tǐng
梄	yǒu	yǒu
梅	méi	méi
梆	bāng	bāng
梇	lòng	lòng
梈	pēng	pēng
梉	zhuāng	zhuāng
梊	dì	dì
梋	xuān	juān|xié|xuān
梌	tú	chá|tú|tū
梍	zào	zào
梎	āo	yòu|āo
梏	gù	gù|jué
梐	bì	bì
梑	dí	dí
梒	hán	hán
梓	zǐ	zǐ
梔	zhī	zhī
梕	rèn	rèn
梖	bèi	bèi
梗	gěng	gěng
梘	jiǎn	jiàn|jiǎn|xiàn
梙	huàn	huàn
梚	wǎn	wǎn
梛	nuó	nuó
梜	jiā	jiā
條	tiáo	tiáo|tiāo
梞	jì	jì
梟	xiāo	xiāo
梠	lǚ	lǚ
梡	hún	hún|kuǎn
梢	shāo	shào|shāo|sào|xiāo
梣	chén	chén|cén|qín
梤	fén	fén
梥	sōng	sōng
梦	mèng	mèng
梧	wú	wù|wú|yǔ
梨	lí	lí
梩	lí	lí|qǐ|sì
梪	dòu	dòu
梫	qǐn	qīn|qǐn
梬	yǐng	yǐng
梭	suō	suō|xùn
梮	jū	jū
梯	tī	tí|tī
械	xiè	xiè
梱	kǔn	hún|kǔn
梲	zhuó	zhuó
梳	shū	shū
梴	chān	chān
梵	fàn	fàn
梶	wěi	wěi
梷	jìng	jìng
梸	lí	lí
梹	bīn	bīn|bīng
梺	xià	xià
梻	fó	fó
梼	táo	táo
梽	zhì	zhì
梾	lái	lái
梿	lián	lián
检	jiǎn	jiǎn
棁	zhuō	ruì|tuō|zhuō
棂	líng	líng
棃	lí	lí
棄	qì	qì
棅	bǐng	bǐng
棆	lún	lún
棇	cōng	cōng|sōng
棈	qiàn	qiàn
棉	mián	mián
棊	qí	qí
棋	qí	jī|qí
棌	cài	cài
棍	gùn	gùn|gǔn|hùn|āo
棎	chán	chán
棏	dé	dé|zhé
棐	fěi	féi|fěi
棑	pái	bèi|pái|pèi
棒	bàng	bàng
棓	bèi	bàng|bèi|bēi|péi|pǒu
棔	hūn	hūn
棕	zōng	zōng
棖	chéng	cháng|chéng
棗	zǎo	zǎo
棘	jí	jí
棙	lì	liè|lì
棚	péng	peng|péng
棛	yù	yù
棜	yù	yù
棝	gù	gù
棞	jùn	jùn
棟	dòng	dòng
棠	táng	táng
棡	gāng	gāng
棢	wǎng	wǎng
棣	dì	dài|dì|tì
棤	cuò	cuò
棥	fán	fán
棦	chēng	chēng
棧	zhàn	chén|zhàn|zhǎn
棨	qǐ	qǐ
棩	yuān	yuān
棪	yǎn	yàn|yǎn
棫	yù	yù
棬	quān	juàn|quán|quān
棭	yì	yì
森	sēn	sēn
棯	rěn	rěn|shěn
棰	chuí	chuí|duǒ
棱	léng	chēng|lèng|léng|líng|lēng
棲	qī	qī|xī
棳	zhuō	zhuō
棴	fú	fú|sù
棵	kē	kuǎn|kē|kě
棶	lái	lái
棷	zōu	sǒu|zōu
棸	zōu	zōu
棹	zhào	zhuō|zhào
棺	guān	guàn|guān
棻	fēn	fēn
棼	fén	fèn|fén|fēn
棽	shēn	chēn|shēn
棾	qíng	qíng
棿	ní	niè|ní
椀	wǎn	wǎn
椁	guǒ	guǒ
椂	lù	lù
椃	háo	háo
椄	jiē	jié|jiē|qiè
椅	yǐ	yī|yǐ
椆	chóu	chóu|diāo|zhòu
椇	jǔ	jǔ
椈	jú	jú
椉	chéng	chéng|shèng
椊	zuó	cuì|zuó
椋	liáng	liáng
椌	qiāng	kōng|qiāng
植	zhí	zhí
椎	zhuī	chuí|zhuī
椏	yā	yā|ě
椐	jū	jū
椑	bēi	bì|bēi|pái|pí
椒	jiāo	jiāo
椓	zhuó	zhuó
椔	zī	zī
椕	bīn	bīn
椖	péng	péng
椗	dìng	dìng
椘	chǔ	chǔ
椙	chāng	chāng
椚	mēn	mēn
椛	huā	huā
検	jiǎn	jiǎn
椝	guī	guī
椞	xì	xì
椟	dú	dú
椠	qiàn	qiàn
椡	dào	dào
椢	guì	guì
椣	diǎn	diǎn
椤	luó	luó
椥	zhī	zhī
椦	quan	quan
椧	mìng	mìng
椨	fǔ	fǔ
椩	gēng	gēng
椪	pèng	pèng
椫	shàn	shàn
椬	yí	yí
椭	tuǒ	tuǒ
椮	sēn	sēn
椯	duǒ	chuán|duǒ
椰	yē	yē
椱	fù	fù
椲	wěi	huī|wěi
椳	wēi	wēi
椴	duàn	duàn
椵	jiǎ	jiā|jiǎ
椶	zōng	zōng
椷	jiān	hán|jiān
椸	yí	yí
椹	shèn	shèn|zhēn
椺	xí	xí
椻	yàn	yà|yàn
椼	yǎn	yǎn
椽	chuán	chuán
椾	jiān	jiān|zhàn
椿	chūn	chūn
楀	yǔ	yǔ
楁	hé	hé
楂	zhā	chá|zhā
楃	wò	wò
楄	pián	pián
楅	bī	bī
楆	yāo	yāo
楇	huò	guō|huò|kuǎ
楈	xū	xū
楉	ruò	ruò
楊	yáng	yáng
楋	là	là
楌	yán	yán
楍	běn	běn
楎	huī	huī
楏	kuí	kuí
楐	jiè	jiè
楑	kuí	kuí
楒	sī	sī
楓	fēng	fán|fēng
楔	xiē	xiè|xiē
楕	tuǒ	tuǒ
楖	zhì	jí|zhì
楗	jiàn	jiàn|jiǎn
楘	mù	mù
楙	mào	mào
楚	chǔ	chu|chǔ
楛	hù	hù|kǔ
楜	hú	hú
楝	liàn	liàn
楞	léng	lèng|léng
楟	tíng	tíng
楠	nán	nán
楡	yú	yú
楢	yóu	yóu|yǒu
楣	méi	méi|měi
楤	sǒng	cōng|sǒng
楥	xuàn	xuàn|yuán
楦	xuàn	xuàn
楧	yǎng	yǎng
楨	zhēn	zhēn
楩	pián	pián
楪	dié	dié|yè
楫	jí	jí
楬	jié	jié|qià
業	yè	yè
楮	chǔ	chǔ|zhū
楯	dùn	chūn|dùn|shǔn
楰	yú	yú
楱	zòu	cōu|zòu
楲	wēi	wēi
楳	méi	méi
楴	tì	dǐ|shì|tì
極	jí	jí|jǐ
楶	jié	jié
楷	kǎi	jiè|jiē|kǎi
楸	qiū	qiū
楹	yíng	yíng
楺	rǒu	ròu|rǒu
楻	huáng	huáng
楼	lóu	lóu
楽	lè	lè
楾	quán	quán
楿	xiāng	xiāng
榀	pǐn	pǐn
榁	shǐ	shǐ
概	gài	guì|gài|jié
榃	tán	tán
榄	lǎn	lǎn
榅	wēn	wēn|yùn
榆	yú	yú
榇	chèn	chèn
榈	lǘ	lǘ
榉	jǔ	jǔ
榊	shén	shén
榋	chu	chu
榌	bī	bī
榍	xiè	xiè
榎	jiǎ	jiǎ
榏	yì	yì
榐	zhǎn	chǎn|niàn|zhèn|zhǎn
榑	fú	bó|fù|fú
榒	nuò	nuò
榓	mì	mì
榔	láng	láng|lǎng
榕	róng	róng
榖	gǔ	gǔ
榗	jiàn	jiàn|jìn
榘	jǔ	jǔ
榙	tā	tā
榚	yǎo	yǎo
榛	zhēn	zhēn
榜	bǎng	bàng|bēng|bǎng|páng|péng
榝	shā	shā|xiè
榞	yuán	yuán
榟	zǐ	zǐ
榠	míng	míng
榡	sù	sù
榢	jià	jià
榣	yáo	yáo
榤	jié	jié
榥	huàng	huàng
榦	gàn	gàn|hán
榧	fěi	fěi
榨	zhà	zhà
榩	qián	qián
榪	mà	mà|mǎ
榫	sǔn	sǔn
榬	yuán	yuán
榭	xiè	xiè
榮	róng	róng
榯	shí	shí
榰	zhī	zhī
榱	cuī	cuī
榲	wēn	wēn
榳	tíng	tíng
榴	liú	liú
榵	róng	róng
榶	táng	táng
榷	què	què
榸	zhāi	zhāi
榹	sī	sī
榺	shèng	shèng
榻	tà	tà
榼	kē	kē
榽	xī	xī
榾	gǔ	gǔ
榿	qī	qī
槀	gǎo	gǎo|kào
槁	gǎo	gāo|gǎo|kào
槂	sūn	sūn
槃	pán	pán
槄	tāo	tāo
槅	gé	gé
槆	chūn	chūn
槇	diān	diān|zhēn|zhěn
槈	nòu	nòu
槉	jí	jí
槊	shuò	shuò
構	gòu	gòu|jué
槌	chuí	chuí|duī|zhuì
槍	qiāng	chēng|qiāng|qiǎng
槎	chá	chá
槏	qiǎn	lián|qiǎn|xiàn
槐	huái	huái
槑	méi	méi
槒	xù	xù
槓	gàng	gàng
槔	gāo	gāo
槕	zhuō	zhuō
槖	tuó	tuó
槗	qiáo	qiáo
様	yàng	yàng
槙	diān	diān
槚	jiǎ	jiǎ
槛	kǎn	jiàn|kǎn
槜	zuì	zuì
槝	dǎo	dǎo
槞	lóng	lóng
槟	bīn	bīn|bīng
槠	zhū	zhū
槡	sāng	sāng
槢	xí	dié|xí
槣	jī	guī|jī
槤	lián	lián|liǎn
槥	huì	huì
槦	yōng	yōng
槧	qiàn	qiàn
槨	guǒ	guǒ
槩	gài	gài
槪	gài	gài
槫	tuán	quán|shuàn|tuán
槬	huà	huà
槭	qì	cù|qì|qī|sè|zú
槮	sēn	shěn|sēn
槯	cuī	cuī|zuǐ
槰	péng	péng
槱	yǒu	chǎo|yǒu
槲	hú	hú
槳	jiǎng	jiāng|jiǎng
槴	hù	hù
槵	huàn	huàn
槶	guì	guì
槷	niè	niè|xiè|yì
槸	yì	yì
槹	gāo	gāo
槺	kāng	kāng
槻	guī	guī
槼	guī	guī
槽	cáo	cáo|zāo
槾	màn	màn|mán|wàn
槿	jǐn	jǐn|qín
樀	dí	dí|dī|zhé|zhí
樁	zhuāng	chōng|zhuāng
樂	lè	liáo|luò|lè|yuè|yào
樃	lǎng	lǎng
樄	chén	chén
樅	cōng	cōng|zōng
樆	lí	chī|lí
樇	xiū	xiū
樈	qíng	qíng
樉	shuǎng	shuǎng
樊	fán	fàn|fán
樋	tōng	tōng
樌	guàn	guàn
樍	zé	zé
樎	sù	sù
樏	lěi	léi|lěi
樐	lǔ	lǔ
樑	liáng	liáng
樒	mì	mì
樓	lóu	lóu|lǘ
樔	cháo	cháo|chāo|jiǎo
樕	sù	sù
樖	kē	kē
樗	chū	chū
樘	táng	chēng|táng
標	biāo	biào|biāo
樚	lù	dú|lù
樛	jiū	jiū|liáo
樜	zhè	zhè
樝	zhā	zhā
樞	shū	shū|ōu
樟	zhāng	zhāng
樠	mán	lǎng|mán
模	mó	mó|mú
樢	niǎo	mù|niǎo
樣	yàng	xiàng|yàng
樤	tiáo	tiáo
樥	péng	péng
樦	zhù	zhù
樧	shā	shā
樨	xī	xī
権	quán	quán
横	héng	guàng|guāng|huàng|huáng|hèng|héng
樫	jiān	jiān
樬	cōng	cōng
樭	jī	jī
樮	yān	yān
樯	qiáng	qiáng
樰	xuě	xuě
樱	yīng	yīng
樲	èr	zhì|èr
樳	xún	xún
樴	zhí	yì|zhí
樵	qiáo	qiáo
樶	zuī	zuī
樷	cóng	cóng
樸	pǔ	pú|pǔ
樹	shù	shù
樺	huà	huà
樻	kuì	kuì
樼	zhēn	zhēn
樽	zūn	zūn
樾	yuè	yuè
樿	shàn	shàn
橀	xī	xī
橁	chūn	chūn
橂	diàn	diàn
橃	fá	fá|fèi
橄	gǎn	gǎn
橅	mó	mó
橆	wǔ	wú|wǔ
橇	qiāo	qiāo
橈	ráo	náo|ráo
橉	lìn	lìn
橊	liú	liú
橋	qiáo	jiào|jiāo|jiǎo|qiáo|qiāo
橌	xiàn	xiàn
橍	rùn	rùn
橎	fán	fán
橏	zhǎn	jiǎn|zhǎn
橐	tuó	dù|luò|tuó
橑	liáo	liáo|lǎo
橒	yún	yún
橓	shùn	shùn
橔	dūn	dūn|tuí
橕	chēng	chēng
橖	táng	chēng|táng
橗	méng	méng
橘	jú	jú
橙	chéng	chén|chéng|dèng
橚	sù	qiū|sù|xiāo
橛	jué	jué
橜	jué	jué
橝	diàn	diàn|tán|xín
橞	huì	huì
機	jī	jī
橠	nuǒ	nuó|nuǒ
橡	xiàng	xiàng
橢	tuǒ	duǒ|tuǒ
橣	nǐng	nǐng
橤	ruǐ	ruǐ
橥	zhū	zhū
橦	tóng	chuáng|chōng|tóng|zhōng
橧	zēng	céng|zēng
橨	fén	fèi|fèn|fén
橩	qióng	qióng
橪	rǎn	rǎn|yān
橫	héng	héng
橬	qián	qián|qín
橭	gū	gū
橮	liǔ	liǔ
橯	lào	lào
橰	gāo	gāo
橱	chú	chú
橲	xǐ	xǐ
橳	shèng	shèng
橴	zǐ	zǐ
橵	san	san
橶	jí	jí
橷	dōu	dōu
橸	jīng	jīng
橹	lǔ	lǔ
橺	jian	jian
橻	chu	chu
橼	yuán	yuán
橽	tà	tà
橾	shū	qiāo|shū|sāo
橿	jiāng	jiāng
檀	tán	shàn|tán
檁	lǐn	lǐn
檂	nóng	nóng
檃	yǐn	yǐn
檄	xí	xí
檅	huì	huì
檆	shān	shān
檇	zuì	zuì
檈	xuán	xuán
檉	chēng	chēng
檊	gàn	gàn
檋	jú	jú
檌	zuì	zuì
檍	yì	yì
檎	qín	qín
檏	pǔ	pǔ
檐	yán	dān|yán
檑	léi	lèi|léi
檒	fēng	fēng
檓	huǐ	huǐ
檔	dàng	dàng|dāng
檕	jì	jì
檖	suì	suì
檗	bò	bì|bò
檘	píng	bò|píng
檙	chéng	chéng
檚	chǔ	chǔ
檛	zhuā	zhuā
檜	guì	guì|huì|kuài
檝	jí	jí
檞	jiě	jiě|xiè
檟	jiǎ	jiǎ
檠	qíng	jìng|qíng
檡	zhái	shì|tú|zhái
檢	jiǎn	jiǎn
檣	qiáng	qiáng
檤	dào	dào
檥	yǐ	yǐ
檦	biǎo	biǎo
檧	sōng	sōng
檨	shē	shē
檩	lǐn	lǐn
檪	lì	lì
檫	chá	chá|sà
檬	méng	méng
檭	yín	yín
檮	táo	chóu|dào|táo
檯	tái	tái
檰	mián	mián
檱	qí	qí
檲	tuán	tuán
檳	bīn	bīn|bīng
檴	huò	huà|huò
檵	jì	jì
檶	qiān	qiān
檷	nǐ	mí|nǐ
檸	níng	níng
檹	yī	yī
檺	gǎo	gǎo
檻	kǎn	jiàn|kǎn
檼	yìn	yìn
檽	nòu	nòu|ruǎn|rú
檾	qǐng	qǐng
檿	yǎn	yǎn
櫀	qí	qí
櫁	mì	mì
櫂	zhào	dí|zhào
櫃	guì	guì
櫄	chūn	chūn
櫅	jī	jì|jī
櫆	kuí	kuí
櫇	pó	pó
櫈	dèng	dèng
櫉	chú	chú
櫊	gé	gé
櫋	mián	mián
櫌	yōu	yōu
櫍	zhì	zhì
櫎	huǎng	guàng|guǒ|gǔ|huǎng
櫏	qiān	qiān
櫐	lěi	lěi
櫑	léi	léi|lěi
櫒	sà	sà
櫓	lǔ	lǔ
櫔	lì	lì
櫕	cuán	cuán
櫖	lǜ	chū|lǜ
櫗	miè	miè|mèi
櫘	huì	huì
櫙	ōu	ōu
櫚	lǘ	lǘ
櫛	zhì	zhì
櫜	gāo	gāo
櫝	dú	dú
櫞	yuán	yuán
櫟	lì	luò|lì|yuè
櫠	fèi	fèi
櫡	zhuó	zhuó|zhù
櫢	sǒu	sǒu
櫣	lián	lián
櫤	jiàng	jiàng
櫥	chú	chú
櫦	qìng	qìng
櫧	zhū	zhū
櫨	lú	lú|lǘ
櫩	yán	yán|yǎn
櫪	lì	lì
櫫	zhū	zhū
櫬	chèn	chèn|guàn|qìn
櫭	jié	jié|jì
櫮	è	è
櫯	sū	sū
櫰	huái	guī|huái
櫱	niè	niè
櫲	yù	yù
櫳	lóng	lóng
櫴	lài	lài
櫵	jiao	jiao
櫶	xiǎn	xiǎn
櫷	guī	guī
櫸	jǔ	jǔ
櫹	xiāo	qiū|xiāo|xiū
櫺	líng	líng
櫻	yīng	yīng
櫼	jiān	jiān|shān
櫽	yǐn	yǐn
櫾	yóu	yòu|yóu
櫿	yíng	yíng
欀	xiāng	ràng|xiāng
欁	nóng	nóng
欂	bó	bó
欃	chán	chán|zhàn
欄	lán	liàn|lán
欅	jǔ	jǔ
欆	shuāng	shuāng
欇	shè	shè
欈	wéi	wéi|zuì
欉	cóng	cóng
權	quán	guàn|quán
欋	qú	qú
欌	cáng	cáng
欍	jiù	jiù
欎	yù	yù
欏	luó	luó|luǒ
欐	lì	lì|lǐ
欑	cuán	cuán|zuàn
欒	luán	luán
欓	dǎng	dǎng|tǎng
欔	jué	jué
欕	yán	yán
欖	lǎn	lǎn
欗	lán	lán
欘	zhú	zhú
欙	léi	luǒ|léi
欚	lǐ	lǐ
欛	bà	bà
欜	náng	náng
欝	yù	yù
欞	líng	líng
欟	guang	guang
欠	qiàn	qian|qiàn
次	cì	cì|cí|zī
欢	huān	huan|huān
欣	xīn	xīn
欤	yú	yú
欥	yì	huān|yì|yù
欦	qiān	hān|qián|qiān|xiān
欧	ōu	ōu
欨	xū	xū
欩	chāo	chāo
欪	chù	chù|qù|xì
欫	qì	qì
欬	kài	kài|ài
欭	yì	yì|yīn
欮	jué	jué
欯	xì	kài|xì
欰	xù	xù
欱	hē	hē|xiá
欲	yù	yù
欳	kuì	kuì
欴	láng	láng
欵	kuǎn	kuǎn
欶	shuò	shuò|sòu
欷	xī	xī
欸	ǎi	xiè|èi|éi|ê̄|ê̌|āi|ēi|ěi|ǎi|ế|ề
欹	qī	qī
欺	qī	qī
欻	xū	chuā|hū|xū
欼	chǐ	chuài|chǐ
欽	qīn	qìn|qīn|yín
款	kuǎn	kuǎn|xīn
欿	kǎn	dàn|kǎn|qiàn
歀	kuǎn	kuǎn
歁	kǎn	kè|kǎn|qiǎn
歂	chuǎn	chuán|chuǎn
歃	shà	shà|xiá
歄	guā	guā
歅	yīn	yīn
歆	xīn	xīn
歇	xiē	xiē|yà
歈	yú	yú
歉	qiàn	qiàn
歊	xiāo	xiāo
歋	yè	yè
歌	gē	ge|gē
歍	wū	wū|yāng
歎	tàn	tàn
歏	jìn	jìn|qūn
歐	ōu	ōu|ǒu
歑	hū	hū
歒	tì	tì|xiāo
歓	huān	huān
歔	xū	xū
歕	pēn	pēn
歖	xǐ	xǐ|yǐ
歗	xiào	xiào
歘	chuā	chuā|xū
歙	shè	shè|xié|xī
歚	shàn	shàn
歛	hān	hān|liǎn
歜	chù	chù
歝	yì	yì
歞	è	è
歟	yú	yú
歠	chuò	chuò
歡	huān	huan|huān
止	zhǐ	zhǐ
正	zhèng	zheng|zhèng|zhēng
此	cǐ	cǐ
步	bù	bù
武	wǔ	wǔ
歧	qí	qí
歨	bù	bù
歩	bù	bù
歪	wāi	wāi|wǎi
歫	jù	jù
歬	qián	qián
歭	chí	chí|zhì
歮	sè	sè
歯	chǐ	chǐ
歰	sè	shà|sè
歱	zhǒng	zhǒng
歲	suì	suì|suò
歳	suì	suì
歴	lì	lì
歵	zé	zé
歶	yú	yú
歷	lì	lì
歸	guī	guī|kuì|kuí
歹	dǎi	dāi|dǎi|è
歺	è	è
死	sǐ	sǐ
歼	jiān	jiān
歽	zhé	zhé
歾	mò	mò|wěn
歿	mò	mò
殀	yāo	yāo
殁	mò	mò|wěn
殂	cú	cú
殃	yāng	yāng
殄	tiǎn	tiǎn
殅	shēng	shēng
殆	dài	dài
殇	shāng	shāng
殈	xù	xù
殉	xùn	xùn
殊	shū	shū
残	cán	cán
殌	jué	jué
殍	piǎo	bì|piǎo
殎	qià	qià
殏	qiú	qiú
殐	sù	sù
殑	qíng	jìng|jīng|qíng
殒	yǔn	yǔn
殓	liàn	liàn
殔	yì	yì
殕	fǒu	bó|fǒu|yè
殖	zhí	shi|shì|zhí
殗	yè	yàn|yè|yān
殘	cán	cán
殙	hūn	hūn|mèn
殚	dān	dān
殛	jí	jí
殜	dié	dié
殝	zhēn	zhēn
殞	yǔn	yǔn
殟	wēn	wēn
殠	chòu	chòu
殡	bìn	bìn
殢	tì	tì
殣	jìn	jìn
殤	shāng	shāng
殥	yín	yín
殦	diāo	diāo
殧	jiù	jiù
殨	huì	huì|kuì
殩	cuàn	cuàn
殪	yì	yì
殫	dān	dān
殬	dù	dù
殭	jiāng	jiāng
殮	liàn	liàn
殯	bìn	bìn
殰	dú	dú
殱	jiān	jiān
殲	jiān	jiān
殳	shū	shū
殴	ōu	ōu
段	duàn	duàn
殶	zhù	zhù
殷	yīn	yān|yīn|yǐn
殸	qìng	kēng|qìng|shēng
殹	yì	yì
殺	shā	shài|shì|shā|sà|xiè
殻	qiào	qiào
殼	ké	ké|qiào
殽	xiáo	xiào|xiáo|yáo
殾	xùn	xùn
殿	diàn	diàn
毀	huǐ	huǐ
毁	huǐ	huì|huǐ
毂	gǔ	gū|gǔ
毃	qiāo	qiāo
毄	jī	jī
毅	yì	yì
毆	ōu	kōu|qū|ōu
毇	huǐ	huǐ
毈	duàn	duàn
毉	yī	yī
毊	xiāo	xiāo
毋	wú	móu|wú
毌	guàn	guàn
母	mǔ	mú|mǔ|wú|wǔ
毎	měi	měi
每	měi	měi
毐	ǎi	ǎi
毑	jiě	jiě
毒	dú	dài|dú
毓	yù	yù
比	bǐ	bì|bǐ|pí|pǐ
毕	bì	bì
毖	bì	bì
毗	pí	pí
毘	pí	pí
毙	bì	bì
毚	chán	chán
毛	máo	mao|mào|máo
毜	háo	háo
毝	cǎi	cǎi
毞	pí	pí
毟	liě	liě
毠	jiā	jiā
毡	zhān	zhān
毢	sāi	sāi
毣	mù	mào|mù
毤	tuò	tuò
毥	xún	xùn|xún
毦	ěr	ěr
毧	róng	róng
毨	xiǎn	xiǎn
毩	jú	jú
毪	mú	mú
毫	háo	háo
毬	qiú	qiú
毭	dòu	dòu|nuò
毮	shā	shā
毯	tǎn	tǎn
毰	péi	péi
毱	jú	jú
毲	duō	duō
毳	cuì	cuì|qiāo|xiā
毴	bī	bī
毵	sān	sān
毶	sān	sān
毷	mào	mào
毸	sāi	suī|sāi
毹	shū	shū|yú
毺	shū	shū
毻	tuò	tuò
毼	hé	dā|hé|kě
毽	jiàn	jiàn
毾	tà	tà
毿	sān	sān
氀	lǘ	dōu|lǘ|shū|yú
氁	mú	mú
氂	máo	lí|máo
氃	tóng	tóng
氄	rǒng	róng|rǒng
氅	chǎng	chǎng
氆	pǔ	pǔ
氇	lu	lu
氈	zhān	zhān
氉	sào	sào
氊	zhān	zhān
氋	méng	méng
氌	lǔ	lǔ
氍	qú	qú
氎	dié	dié
氏	shì	jīng|shì|zhī
氐	dī	dī|dǐ|zhī
民	mín	mín
氒	jué	jué
氓	máng	máng|méng
气	qì	qi|qì|qǐ
氕	piē	piē
氖	nǎi	nǎi
気	qì	qì
氘	dāo	dāo
氙	xiān	xiān
氚	chuān	chuān
氛	fēn	fēn
氜	yáng	rì|yáng
氝	nèi	nèi
氞	bin	bin
氟	fú	fú
氠	shēn	shēn
氡	dōng	dōng
氢	qīng	qīng
氣	qì	qi|qì|xì
氤	yīn	yán|yīn
氥	xī	xī
氦	hài	hài
氧	yǎng	yǎng
氨	ān	ān
氩	yà	yà
氪	kè	kè
氫	qīng	qīng
氬	yà	yà
氭	dōng	dōng
氮	dàn	dàn
氯	lǜ	lǜ
氰	qíng	qíng
氱	yǎng	yǎng
氲	yūn	yún|yūn
氳	yūn	yūn
水	shuǐ	shuǐ
氵	shui	shui
氶	zhěng	chéng|zhèng|zhěng
氷	bīng	bīng
永	yǒng	yǒng
氹	dàng	dàng
氺	shuǐ	shuǐ
氻	lè	lè
氼	nì	mèi|nì
氽	tǔn	qiú|tǔn
氾	fán	fàn|fán
氿	jiǔ	guǐ|jiǔ|qiú
汀	tīng	dìng|tìng|tīng
汁	zhī	shí|xié|zhī
求	qiú	qiú
汃	bīn	bīn|pà|pā
汄	zè	zè
汅	miǎn	miǎn
汆	cuān	cuān
汇	huì	huì
汈	diāo	diāo
汉	hàn	hàn
汊	chà	chà
汋	zhuó	què|shuò|yuè|zhuó
汌	chuàn	chuàn
汍	wán	huán|wán
汎	fàn	fàn|fá
汏	dà	dà|tài
汐	xī	xī
汑	tuō	tuō
汒	máng	máng|mǎng
汓	qiú	qiú|yóu
汔	qì	qì
汕	shàn	shuàn|shàn
汖	pìn	chí|pìn
汗	hàn	gān|hàn|hán
汘	qiān	qiān
汙	wū	wā|wū|yú|yū
汚	wū	wū
汛	xùn	xùn
汜	sì	sì
汝	rǔ	rǔ
汞	gǒng	gǒng
江	jiāng	jiāng
池	chí	chè|chí|tuó
污	wū	wū
汢	tu	tu
汣	jiǔ	jiǔ
汤	tāng	shāng|tang|tāng
汥	zhī	jì|zhī
汦	zhǐ	zhǐ
汧	qiān	qiān|yán
汨	mì	mì
汩	gǔ	gǔ|hú|yù
汪	wāng	hóng|wāng|wǎng
汫	jǐng	jǐng
汬	jǐng	jǐng
汭	ruì	ruì|tūn
汮	jūn	jūn
汯	hóng	hóng
汰	tài	tài
汱	quǎn	fú|quǎn
汲	jí	jí|jī
汳	biàn	biàn
汴	biàn	biàn
汵	gàn	cén|gàn|hán
汶	wèn	mén|mín|wèn|wén
汷	zhōng	zhōng
汸	fāng	fāng|pāng
汹	xiōng	xiōng
決	jué	jué|quē|xuè
汻	hǔ	huǎng|hǔ
汼	niú	niú|yóu
汽	qì	gài|qì|yǐ
汾	fén	fén|fēn|pén
汿	xù	xù
沀	xù	xù
沁	qìn	qìn
沂	yí	yí|yín
沃	wò	wò
沄	yún	yún
沅	yuán	yuán
沆	hàng	hàng|háng|kàng
沇	yǎn	wěi|yǎn
沈	shěn	chén|shěn|tán
沉	chén	chén|chēn
沊	dàn	dàn
沋	yóu	yóu
沌	dùn	chún|dùn|tún|zhuàn
沍	hù	hù|hú
沎	huò	huò
沏	qī	qiè|qī
沐	mù	mù
沑	nǜ	niǔ|nǜ
沒	méi	méi|mò
沓	dá	dá|tà
沔	miǎn	miǎn
沕	mì	fū|mì|wù
沖	chōng	chòng|chōng
沗	pāng	pāng|tiān
沘	bǐ	bǐ
沙	shā	shà|shā|suō
沚	zhǐ	zhǐ
沛	pèi	pèi
沜	pàn	pàn
沝	zhuǐ	zhuǐ|zǐ
沞	zā	zā
沟	gōu	gōu
沠	liú	liú
没	méi	me|méi|mò
沢	zé	zé
沣	fēng	fēng
沤	òu	òu|ōu
沥	lì	lì
沦	lún	lún
沧	cāng	cāng
沨	fēng	fēng
沩	wéi	wéi
沪	hù	hù
沫	mò	mo|mò
沬	mèi	huì|mèi
沭	shù	shù
沮	jǔ	jiān|jù|jū|jǔ|zǔ
沯	zá	zá
沰	tuō	duó|tuō
沱	tuó	chí|duò|tuó
沲	tuó	tuó
河	hé	hé
沴	lì	lì|zhěn
沵	mǐ	mǐ
沶	yí	chí|shì|yí
沷	fā	fā
沸	fèi	fèi|fú
油	yóu	yòu|yóu
沺	tián	tián
治	zhì	chí|zhì
沼	zhǎo	zhǎo
沽	gū	gū|gǔ
沾	zhān	chān|diàn|tiān|zhān
沿	yán	yàn|yán|yǎn
泀	sī	sī
況	kuàng	kuàng
泂	jiǒng	jiōng|jiǒng|yíng|yǐng
泃	jū	gōu|jū
泄	xiè	xiè|yì
泅	qiú	qiú|yōu
泆	yì	dié|yì
泇	jiā	jiā
泈	zhōng	zhōng
泉	quán	quán
泊	pō	bó|pò|pō
泋	huì	huì|huǐ
泌	mì	bì|mì
泍	bēn	bèn|bēn
泎	zé	zé
泏	zhú	kū|zhú
泐	lè	lè
泑	yōu	yōu|āo
泒	gū	gū
泓	hóng	hóng
泔	gān	gān|hàn
法	fǎ	fa|fǎ
泖	mǎo	liǔ|mǎo
泗	sì	sì
泘	hū	hū
泙	píng	píng|pēng
泚	cǐ	cǐ|zǐ
泛	fàn	fàn|fá|fěng
泜	zhī	chí|zhì|zhī
泝	sù	sù
泞	nìng	nìng|zhù
泟	chēng	chēng
泠	líng	líng|lǐng
泡	pào	pào|páo|pāo
波	bō	bì|bēi|bō
泣	qì	lì|qì|sè
泤	sì	sì
泥	ní	niè|nì|nìng|ní|nǐ
泦	jú	jú
泧	sà	sà|xuè
注	zhù	zhòu|zhù
泩	shēng	shēng
泪	lèi	lèi
泫	xuàn	juān|xuàn|xuán
泬	jué	jué|xuè
泭	fú	fú
泮	pàn	pàn
泯	mǐn	miàn|mǐn
泰	tài	tài
泱	yāng	yāng
泲	jǐ	jǐ
泳	yǒng	yǒng
泴	guàn	guàn
泵	bèng	bèng|liú|pìn
泶	xué	xué
泷	lóng	lóng|shuāng
泸	lú	lú
泹	dàn	dàn
泺	luò	luò|pō
泻	xiè	xiè
泼	pō	po|pō
泽	zé	zé
泾	jīng	jīng
泿	yín	yín
洀	pán	pán|zhōu
洁	jié	jié|jí
洂	yè	yè
洃	huī	huī
洄	huí	huì|huí
洅	zài	zài
洆	chéng	chéng
洇	yīn	yān|yē|yīn
洈	wéi	wéi
洉	hòu	hòu
洊	jiàn	cún|jiàn
洋	yáng	xiáng|yáng|yǎng
洌	liè	liè
洍	sì	sì
洎	jì	jì
洏	ér	ér
洐	xíng	xíng
洑	fú	fù|fú
洒	sǎ	cuǐ|sěn|sǎ|xiǎn|xùn|xǐ
洓	qì	qì|suǒ|sè|zì
洔	zhǐ	zhǐ
洕	yìn	yìn
洖	wú	wú
洗	xǐ	xiǎn|xǐ
洘	kǎo	kào|kǎo
洙	zhū	zhū
洚	jiàng	hóng|jiàng
洛	luò	luò
洜	luò	luò
洝	àn	yàn|àn|è
洞	dòng	dòng|tóng
洟	tì	tì
洠	móu	móu
洡	lèi	lèi|lěi
洢	yī	yī
洣	mǐ	mǐ
洤	quán	quán
津	jīn	jīn
洦	pò	pò
洧	wěi	wěi
洨	xiáo	xiáo
洩	xiè	xiè|yì
洪	hóng	hóng
洫	xù	xù|yì
洬	sù	shuò|sù
洭	kuāng	kuāng
洮	táo	dào|táo|yáo
洯	qiè	jié|qiè
洰	jù	jù
洱	ěr	ěr
洲	zhōu	zhōu
洳	rù	rù|rú
洴	píng	píng|pēng
洵	xún	xuàn|xún
洶	xiōng	xiōng
洷	zhì	zhì
洸	guāng	guāng|huàng
洹	huán	huán
洺	míng	míng
活	huó	guō|huo|huó
洼	wā	guī|wā
洽	qià	hé|qià
派	pài	bài|mài|pài|pā
洿	wū	hù|wū
浀	qū	qū
流	liú	liú
浂	yì	yì
浃	jiā	jiā
浄	jìng	jìng
浅	qiǎn	jiān|qiǎn
浆	jiāng	jiàng|jiāng
浇	jiāo	jiāo
浈	zhēn	zhēn
浉	shī	shī
浊	zhuó	zhuó
测	cè	cè
浌	fá	fá
浍	huì	huì|kuài
济	jì	jì|jǐ
浏	liú	liú
浐	chǎn	chǎn
浑	hún	hún
浒	hǔ	hǔ|xǔ
浓	nóng	nóng
浔	xún	xún
浕	jìn	jìn
浖	liè	liè
浗	qiú	qiú
浘	wěi	wěi
浙	zhè	zhè
浚	jùn	cún|jùn|xùn
浛	hán	gān|hàn|hán
浜	bāng	bāng|bīn
浝	máng	máng
浞	zhuó	zhuó
浟	yóu	dí|yóu
浠	xī	xī
浡	bó	bó
浢	dòu	dòu
浣	huàn	huàn
浤	hóng	hóng
浥	yì	yà|yì
浦	pǔ	pǔ
浧	yǐng	chéng|yìng|yíng|yǐng|zhèng
浨	lǎn	lǎn
浩	hào	gé|gǎo|hào
浪	làng	làng|láng
浫	hǎn	hǎn
浬	lǐ	hǎi|lǐ
浭	gēng	gēng
浮	fú	fú
浯	wú	wú
浰	liàn	liàn|lì
浱	chún	chún
浲	féng	féng|hóng
浳	yì	yì
浴	yù	yù
浵	tóng	tóng
浶	láo	láo
海	hǎi	hǎi
浸	jìn	jìn|qīn
浹	jiā	jiā|xiá
浺	chōng	chōng
浻	jiǒng	jiōng|jiǒng
浼	měi	měi
浽	suī	něi|suī
浾	chēng	chēng
浿	pèi	pèi
涀	xiàn	jiǎn|xiàn
涁	shèn	shèn
涂	tú	chú|tu|tú|yé
涃	kùn	kùn
涄	pīng	pīng
涅	niè	niè
涆	hàn	hàn
涇	jīng	jīng|qǐng
消	xiāo	xiāo
涉	shè	dié|shè
涊	niǎn	niǎn|rěn
涋	tū	tū
涌	yǒng	chōng|yǒng
涍	xiào	xiào
涎	xián	diàn|xián|yàn
涏	tǐng	tǐng
涐	é	é
涑	sù	shù|sù|sōu
涒	tūn	tūn|yūn
涓	juān	juān|xuàn|yuàn
涔	cén	cén|qián|zàn
涕	tì	tì
涖	lì	lì
涗	shuì	shuì
涘	sì	sì
涙	lèi	lèi
涚	shuì	shuì
涛	tāo	tāo
涜	dú	dú
涝	lào	lào
涞	lái	lái
涟	lián	lián
涠	wéi	wéi
涡	wō	guō|wō
涢	yún	yún
涣	huàn	huàn|huì
涤	dí	dí
涥	hēng	hēng
润	rùn	rùn
涧	jiàn	jiàn
涨	zhǎng	zhàng|zhǎng
涩	sè	sè
涪	fú	fú|póu
涫	guàn	guàn
涬	xìng	xìng
涭	shòu	shòu|tāo
涮	shuàn	shuàn|shuā
涯	yá	yá
涰	chuò	chuò
涱	zhàng	zhàng
液	yè	shì|yè
涳	kōng	kōng|náng
涴	wò	wò|wǎn|yuān
涵	hán	hàn|hán
涶	tuō	tuò|tuō
涷	dōng	dōng
涸	hé	hé
涹	wō	wō
涺	jū	jū
涻	shè	shè
涼	liáng	liàng|liáng
涽	hūn	hùn|hūn
涾	tà	tà
涿	zhuō	zhuó|zhuō
淀	diàn	diàn
淁	qiè	jí|qiè
淂	dé	dé
淃	juàn	juàn
淄	zī	zī
淅	xī	xī
淆	xiáo	xiáo
淇	qí	qí
淈	gǔ	gǔ|hù
淉	guǒ	guàn|guǒ
淊	yān	hàn|hán|yān|yǎn
淋	lín	lìn|lín
淌	tǎng	chàng|chǎng|tǎng
淍	zhōu	diāo|zhōu
淎	pěng	pěng
淏	hào	hào
淐	chāng	chāng
淑	shū	chù|shū
淒	qī	qiàn|qī
淓	fāng	fāng
淔	zhí	zhí
淕	lù	lù
淖	nào	chuò|nào|zhuō|zhào
淗	jú	jú
淘	táo	táo
淙	cóng	cóng|shuàng
淚	lèi	lèi|lì
淛	zhè	zhè
淜	péng	péng|píng
淝	féi	féi
淞	sōng	sōng
淟	tiǎn	tiǎn
淠	pì	pèi|pì
淡	dàn	dàn|tán|yàn
淢	yù	xù|yù
淣	ní	ní
淤	yū	yū
淥	lù	lù
淦	gàn	gàn|hán
淧	mì	mì
淨	jìng	chéng|jìng
淩	líng	líng
淪	lún	guān|lún|lǔn
淫	yín	yàn|yáo|yín
淬	cuì	cuì|zú
淭	qú	qú
淮	huái	huái
淯	yù	yù
淰	niǎn	niǎn|nà|shěn
深	shēn	shēn
淲	biāo	biāo|hū|hǔ
淳	chún	chún|zhūn|zhǔn
淴	hū	hū
淵	yuān	yuān
淶	lái	lái
混	hùn	gǔn|hùn|hún|kūn
淸	qīng	qīng
淹	yān	yān|yǎn
淺	qiǎn	cán|jiàn|jiān|qiǎn|zàn
添	tiān	tiàn|tiān
淼	miǎo	miǎo
淽	zhǐ	zhǐ
淾	yǐn	yǐn
淿	bó	bó
渀	bèn	bèn|bēn
渁	yuān	yuān
渂	wèn	mín|wèn
渃	ruò	ruò|rè
渄	fēi	fēi
清	qīng	qìng|qīng
渆	yuān	yuān
渇	kě	kě
済	jì	jì
渉	shè	shè
渊	yuān	yuān
渋	sè	sè
渌	lù	lù
渍	zì	zì
渎	dú	dú
渏	yī	yī
渐	jiàn	jiàn|jiān
渑	miǎn	miǎn|shéng
渒	pài	pài
渓	xī	xī
渔	yú	yú
渕	yuān	yuān
渖	shěn	shěn
渗	shèn	shèn
渘	róu	róu
渙	huàn	huàn
渚	zhǔ	zhǔ
減	jiǎn	jiǎn
渜	nuǎn	nuán|nuǎn
渝	yú	yú|yū
渞	qiú	qiú|wù
渟	tíng	tíng|tīng
渠	qú	jù|qú
渡	dù	dù
渢	fán	fán|féng
渣	zhā	zhā
渤	bó	bó
渥	wò	wò|wū|òu
渦	wō	guō|wō
渧	dì	dì|dī|tí
渨	wēi	wēi
温	wēn	wēn|yùn
渪	rú	rú
渫	xiè	dié|qiè|xiè|yì|zhá
測	cè	cè
渭	wèi	wèi
渮	hé	hé
港	gǎng	gǎng|hòng
渰	yǎn	yǎn
渱	hóng	gòng|hóng
渲	xuàn	xuàn
渳	mǐ	mǐ
渴	kě	hé|jié|kài|kě
渵	máo	máo
渶	yīng	yīng
渷	yǎn	yǎn
游	yóu	liú|yóu
渹	hōng	hōng|qìng
渺	miǎo	miǎo
渻	shěng	shěng
渼	měi	měi
渽	zāi	zāi
渾	hún	gǔn|hùn|hún
渿	nài	nài
湀	guǐ	guǐ
湁	chì	chì
湂	è	è
湃	pài	bá|pài
湄	méi	méi
湅	liàn	liàn|làn
湆	qì	qì
湇	qì	qì
湈	méi	méi
湉	tián	tián
湊	còu	còu
湋	wéi	wéi
湌	cān	cān
湍	tuān	tuān|zhuān
湎	miǎn	miǎn
湏	huì	huì|mǐn
湐	mò	mò
湑	xū	xù|xū|xǔ
湒	jí	jí
湓	pén	pèn|pén
湔	jiān	jiàn|jiān|qián|zhǎn|zàn
湕	jiǎn	jiǎn
湖	hú	hú
湗	fèng	fèng
湘	xiāng	xiāng
湙	yì	yì
湚	yìn	yìn
湛	zhàn	chén|chěn|dān|jìn|shèn|tán|yín|yǐn|zhàn
湜	shí	shí
湝	jiē	jiē|xié
湞	chēng	chēng|zhēn
湟	huáng	huáng|kuàng
湠	tàn	tàn
湡	yú	yú
湢	bì	bì
湣	mǐn	hūn|miàn|mǐn
湤	shī	shī
湥	tū	tū
湦	shēng	shēng
湧	yǒng	yǒng
湨	jú	jú
湩	dòng	dòng|dǒng|tóng
湪	tuàn	nuǎn|tuàn
湫	jiǎo	jiù|jiāo|jiū|jiǎo|qiū
湬	jiǎo	jiǎo
湭	qiú	qiú
湮	yān	yān|yīn
湯	tāng	shāng|tang|tàng|tāng|yáng
湰	lóng	lóng
湱	huò	huò
湲	yuán	yuán
湳	nǎn	nǎn
湴	bàn	bàn|pán
湵	yǒu	yǒu
湶	quán	quán
湷	zhuāng	hún|zhuāng
湸	liàng	liàng
湹	chán	chán
湺	xián	xián
湻	chún	chún
湼	niè	niè
湽	zī	zī
湾	wān	wān
湿	shī	shī
満	mǎn	mǎn
溁	yíng	yíng
溂	là	là
溃	kuì	huì|kuì
溄	féng	féng
溅	jiàn	jiàn|jiān
溆	xù	xù
溇	lóu	lóu
溈	wéi	wéi
溉	gài	gài|xiè
溊	bō	bō
溋	yíng	yíng
溌	pō	pō
溍	jìn	jìn
溎	yàn	guì|yàn
溏	táng	táng
源	yuán	yuán
溑	suǒ	suǒ
溒	yuán	yuán
溓	lián	lián|liǎn|lín|nián|xiàn|xián
溔	yǎo	yǎo
溕	méng	méng
準	zhǔn	zhuó|zhǔn
溗	chéng	chéng
溘	kè	kài|kè
溙	tài	tài
溚	dá	dá|tǎ
溛	wā	wā
溜	liū	liù|liú|liū
溝	gōu	gōu|gǎng|kòu
溞	sāo	sāo
溟	míng	mì|míng|mǐng
溠	zhà	zhà|zhā
溡	shí	shí
溢	yì	yì
溣	lùn	lùn
溤	mǎ	mǎ
溥	pǔ	bó|bù|fū|pò|pǔ
溦	wēi	méi|wēi
溧	lì	lì
溨	zāi	zāi
溩	wù	wù
溪	xī	qī|xī
溫	wēn	wēn
溬	qiāng	qiāng
溭	zé	zé
溮	shī	shī
溯	sù	shuò|sù
溰	ái	ái
溱	qín	qín|zhēn
溲	sōu	shāo|sōu|sǒu
溳	yún	yún|yǔn
溴	xiù	chòu|xiù
溵	yīn	yīn
溶	róng	róng
溷	hùn	hùn|hún
溸	sù	sù
溹	suǒ	suò|suǒ|sè
溺	nì	niào|nì|ruò
溻	tā	tā
溼	shī	shī
溽	rù	rù|rú
溾	āi	āi
溿	pàn	pàn
滀	chù	chù|xù
滁	chú	chú
滂	pāng	pāng|pēng
滃	wēng	wēng|wěng
滄	cāng	cāng
滅	miè	miè
滆	gé	gé
滇	diān	diān|tián|zhēn
滈	hào	hào|xuè
滉	huàng	huàng
滊	xì	qì|xiē|xì
滋	zī	cí|xuán|zī
滌	dí	dí
滍	zhì	zhì
滎	xíng	xíng|yíng|yīng
滏	fǔ	fǔ
滐	jié	jié
滑	huá	gǔ|hua|huá
滒	gē	gē
滓	zǐ	zǐ
滔	tāo	tāo
滕	téng	téng
滖	suī	suī
滗	bì	bì
滘	jiào	jiào
滙	huì	huì
滚	gǔn	gǔn
滛	yín	yín
滜	gāo	gāo
滝	lóng	lóng
滞	zhì	zhì
滟	yàn	yàn
滠	shè	shè
满	mǎn	mǎn
滢	yíng	yíng
滣	chún	chún
滤	lǜ	lǜ
滥	làn	làn
滦	luán	luán
滧	yáo	xiào|yáo
滨	bīn	bīn
滩	tān	tān
滪	yù	yù
滫	xiǔ	xiǔ
滬	hù	hù
滭	bì	bì
滮	biāo	biāo
滯	zhì	chì|zhì
滰	jiàng	jiàng
滱	kòu	kòu
滲	shèn	lín|qīn|shèn|sēn
滳	shāng	shāng
滴	dī	dī
滵	mì	mì
滶	áo	áo
滷	lǔ	lǔ
滸	hǔ	hǔ|xǔ
滹	hū	hū|hǔ
滺	yōu	yōu
滻	chǎn	chǎn
滼	fàn	fàn
滽	yōng	yōng
滾	gǔn	gǔn
滿	mǎn	mèn|mǎn
漀	qǐng	qīng|qǐng
漁	yú	yú
漂	piào	biāo|piào|piāo|piǎo
漃	jì	jì
漄	yá	yá
漅	cháo	cháo
漆	qī	qiè|qī
漇	xǐ	xǐ
漈	jì	jì
漉	lù	lù
漊	lóu	lóu|lǒu|lǚ
漋	lóng	lóng
漌	jǐn	jǐn
漍	guó	guó
漎	cóng	cóng|sǒng
漏	lòu	lòu|lóu
漐	zhí	zhí
漑	gài	gài
漒	qiáng	qiáng
漓	lí	lí
演	yǎn	yàn|yǎn
漕	cáo	cào|cáo
漖	jiào	jiào
漗	cōng	cōng
漘	chún	chún
漙	tuán	tuán|zhuān
漚	ōu	òu|ōu
漛	téng	téng
漜	yě	yě
漝	xí	xí
漞	mì	mì
漟	táng	táng
漠	mò	mò
漡	shāng	shāng|tàng
漢	hàn	hàn|tān
漣	lián	lián|lán
漤	lǎn	lǎn
漥	wā	wā
漦	chí	chí|tāi
漧	gān	gān
漨	féng	běng|féng|péng
漩	xuán	xuán
漪	yī	yī
漫	màn	màn
漬	zì	qì|sè|zì
漭	mǎng	mǎng
漮	kāng	kāng
漯	luò	luò|lěi|tà
漰	pēng	pēng
漱	shù	shù
漲	zhǎng	zhàng|zhāng|zhǎng
漳	zhāng	zhāng
漴	chóng	chuáng|chóng|shuāng|zhuàng
漵	xù	xù
漶	huàn	huàn
漷	huǒ	huò|huǒ|kuò
漸	jiàn	chán|jiàn|jiān|qián
漹	yān	yān
漺	shuǎng	chuǎng|shuǎng
漻	liáo	liáo|liú|xiào
漼	cuǐ	cuī|cuǐ
漽	tí	tí
漾	yàng	yàng
漿	jiāng	jiàng|jiāng
潀	cóng	cóng
潁	yǐng	yǐng
潂	hóng	hóng
潃	xiǔ	xiǔ
潄	shù	shù
潅	guàn	guàn
潆	yíng	yíng
潇	xiāo	xiāo
潈	zong	zong
潉	kūn	kūn
潊	xù	xù
潋	liàn	liàn
潌	zhì	zhì
潍	wéi	wéi
潎	pì	piào|piē|pì
潏	yù	jué|shù|yù
潐	jiào	jiào|jiǎo|qiáo
潑	pō	bō|po|pō
潒	dàng	dàng|xiàng|yǎng
潓	huì	huì
潔	jié	jié
潕	wǔ	wǔ
潖	pá	pá
潗	jí	jí
潘	pān	bō|fān|pàn|pán|pān
潙	wéi	guī|wéi
潚	sù	sù|sōu|xiāo
潛	qián	qián
潜	qián	qián
潝	xī	xī|yà
潞	lù	lù
潟	xì	xì
潠	xùn	sùn|xùn
潡	dùn	dùn
潢	huáng	guāng|huàng|huáng
潣	mǐn	mǐn
潤	rùn	rùn
潥	sù	sù
潦	liáo	liáo|liǎo|lào|láo|lǎo
潧	zhēn	zhēn
潨	cóng	cóng|zōng
潩	yì	yì
潪	zhè	zhè|zhì
潫	wān	wān
潬	shàn	shàn|tān
潭	tán	dàn|tán|xún|yǐn
潮	cháo	cháo
潯	xún	xún|yín
潰	kuì	kuì|xiè
潱	yē	yē
潲	shào	shào
潳	tú	tú|zhā
潴	zhū	zhū
潵	sǎ	sàn|sǎ
潶	hēi	hēi
潷	bì	bì
潸	shān	shān
潹	chán	chán
潺	chán	chán
潻	shǔ	shǔ
潼	tóng	chōng|tóng|zhōng
潽	pū	pū|pǔ
潾	lín	lín
潿	wéi	wéi
澀	sè	sè
澁	sè	sè
澂	chéng	chéng
澃	jiǒng	jiǒng
澄	chéng	chéng|dèng
澅	huà	huà
澆	jiāo	jiāo|nào|ào
澇	lào	lào|láo
澈	chè	chè
澉	gǎn	gǎn|hàn
澊	cūn	cún|cūn
澋	hòng	hòng
澌	sī	sī
澍	shù	shù|zhù
澎	péng	péng|pēng
澏	hán	hán
澐	yún	yún
澑	liù	liù
澒	hòng	hòng
澓	fú	fú
澔	hào	hào
澕	hé	hé
澖	xián	xián
澗	jiàn	jiàn
澘	shān	shān
澙	xì	xì
澚	yu	yu
澛	lǔ	lǔ
澜	lán	lán
澝	nìng	nìng
澞	yú	yú
澟	lǐn	lǐn
澠	miǎn	miǎn|shéng
澡	zǎo	cāo|zǎo
澢	dāng	dāng
澣	huàn	huàn|hàn
澤	zé	duó|shì|yì|zé
澥	xiè	xiè
澦	yù	yù
澧	lǐ	lǐ
澨	shì	cuó|shì
澩	xué	xiào|xué
澪	líng	líng
澫	wàn	màn|wàn|ǒu
澬	zī	cí|zī
澭	yōng	yōng|yǒng
澮	huì	huá|huì|kuài
澯	càn	càn
澰	liàn	liàn
澱	diàn	diàn
澲	yè	yè
澳	ào	yù|ào
澴	huán	huán|xuàn
澵	zhēn	zhēn
澶	chán	chán|dàn|zhān
澷	màn	màn
澸	dǎn	dǎn
澹	dàn	dàn|dān|shàn|tán
澺	yì	yì
澻	suì	suì
澼	pì	pì
澽	jù	jù
澾	tà	tà
澿	qín	qín
激	jī	ji|jiào|jiāo|jī
濁	zhuó	zhuó
濂	lián	lián|xiǎn
濃	nóng	nóng
濄	guō	guō|wō
濅	jìn	jìn
濆	fén	fén|pēn
濇	sè	sè
濈	jí	jí|shà
濉	suī	suī
濊	huì	huì|huò|wèi
濋	chǔ	chǔ
濌	tà	tà
濍	sōng	sōng
濎	dǐng	dǐng|tìng
濏	sè	sè
濐	zhǔ	zhǔ
濑	lài	lài
濒	bīn	bīn
濓	lián	lián
濔	mǐ	mí|mǐ|nǐ
濕	shī	shī|tà|xí
濖	shù	shù
濗	mì	mì
濘	nìng	nì|nìng|níng
濙	yíng	yíng
濚	yíng	yíng
濛	méng	méng
濜	jìn	jìn|jīn
濝	qí	qí
濞	bì	bì|pì
濟	jì	jì|jǐ|qí
濠	háo	háo
濡	rú	nuán|nuò|ruǎn|rú|ér
濢	cuì	cuì|zuǐ
濣	wò	wò
濤	tāo	cháo|dào|shòu|tāo
濥	yǐn	yǐn
濦	yǐn	yǐn
濧	duì	duì
濨	cí	cí
濩	huò	huò|hù
濪	qìng	qìng
濫	làn	jiàn|làn|lán|lǎn
濬	jùn	jùn|xùn
濭	ǎi	kài|kè|ǎi
濮	pú	pú
濯	zhuó	shuò|zhuó|zhào
濰	wéi	wéi
濱	bīn	bīn
濲	gǔ	gǔ
濳	qián	qián
濴	yíng	yíng
濵	bīn	bīn
濶	kuò	kuò
濷	fèi	fèi
濸	cāng	cāng
濹	me	me
濺	jiàn	jiàn|jiān|zàn
濻	wěi	wěi
濼	luò	luò|lì|pō
濽	zàn	zàn
濾	lǜ	lǜ
濿	lì	lì
瀀	yōu	yōu
瀁	yàng	yàng|yǎng
瀂	lǔ	lǔ
瀃	sì	sì
瀄	zhì	zhì
瀅	yíng	jiōng|yìng|yíng
瀆	dú	dòu|dú
瀇	wǎng	wāng|wǎng
瀈	huī	huī
瀉	xiè	xiè
瀊	pán	pán
瀋	shěn	chèn|pán|shěn
瀌	biāo	biāo
瀍	chán	chán
瀎	mò	miè|mò
瀏	liú	liú|liū
瀐	jiān	jiān
瀑	pù	bào|bó|pù
瀒	sè	sè
瀓	chéng	chéng
瀔	gǔ	gǔ
瀕	bīn	bīn
瀖	huò	huò
瀗	xiàn	xiàn
瀘	lú	lú
瀙	qìn	qìn
瀚	hàn	hàn
瀛	yíng	yíng
瀜	róng	róng
瀝	lì	lì
瀞	jìng	jìng
瀟	xiāo	xiāo
瀠	yíng	yíng
瀡	suǐ	suǐ
瀢	wěi	duì|wěi
瀣	xiè	xiè
瀤	huái	huái|wāi
瀥	xuè	xuè
瀦	zhū	zhū
瀧	lóng	lóng|shuāng
瀨	lài	lài
瀩	duì	duì
瀪	fán	fán
瀫	hú	hú
瀬	lài	lài
瀭	shū	shū
瀮	ling	ling
瀯	yíng	yíng
瀰	mí	mí|mǐ|nǐ
瀱	jì	jì
瀲	liàn	liàn
瀳	jiàn	jiàn|zùn
瀴	yíng	yìng|yíng|yǐng
瀵	fèn	fèn
瀶	lín	lín
瀷	yì	yì
瀸	jiān	jiān
瀹	yuè	yuè|yào
瀺	chán	chán
瀻	dài	dài
瀼	ráng	nǎng|ràng|ráng
瀽	jiǎn	jiǎn
瀾	lán	lán
瀿	fán	fán
灀	shuàng	shuàng
灁	yuān	yuān
灂	zhuó	jiào|zhuó|zé
灃	fēng	fēng
灄	shè	nì|shè
灅	lěi	lěi
灆	lán	lán
灇	cóng	cóng
灈	qú	qú
灉	yōng	yōng
灊	qián	qián
灋	fǎ	fǎ
灌	guàn	guàn|huàn
灍	jué	jué
灎	yàn	yàn
灏	hào	hào
灐	yíng	yíng
灑	sǎ	lí|shī|sǎ|xiǎn|xǐ
灒	zàn	cuán|qián|zàn|zā
灓	luán	luàn|luán
灔	yàn	yàn
灕	lí	lí
灖	mǐ	mǐ
灗	shàn	shàn
灘	tān	hàn|nàn|tān
灙	dǎng	dǎng
灚	jiǎo	jiǎo
灛	chǎn	chǎn
灜	yíng	yíng
灝	hào	hào
灞	bà	bà
灟	zhú	zhú
灠	lǎn	làn|lǎn
灡	lán	lán
灢	nǎng	nǎng
灣	wān	wān
灤	luán	luán
灥	xún	quàn|quán|xún
灦	xiǎn	xiǎn
灧	yàn	yàn
灨	gàn	gàn
灩	yàn	yàn
灪	yù	yù
火	huǒ	huō|huǒ
灬	biāo	biāo|huǒ
灭	miè	miè
灮	guāng	guāng
灯	dēng	dēng|dīng
灰	huī	huī
灱	xiāo	xiāo
灲	xiāo	xiāo
灳	huī	huī
灴	hōng	hōng
灵	líng	ling|líng
灶	zào	zào
灷	zhuàn	zhuàn
灸	jiǔ	jiǔ
灹	zhà	yù|zhà
灺	xiè	xiè
灻	chì	chì
灼	zhuó	zhuó
災	zāi	zāi
灾	zāi	zāi
灿	càn	càn
炀	yáng	yáng
炁	qì	qì
炂	zhōng	zhōng
炃	fén	bèn|fén
炄	niǔ	niǔ
炅	jiǒng	guì|jiǒng
炆	wén	wén
炇	pū	pū
炈	yì	yì
炉	lú	lú
炊	chuī	chuī
炋	pī	pī
炌	kài	kài
炍	pàn	pàn
炎	yán	tán|yàn|yán
炏	kài	kài|yán
炐	pàng	fēng|pàng
炑	mù	mù
炒	chǎo	chǎo
炓	liào	liào
炔	quē	guì|quē|xuè
炕	kàng	hāng|kàng
炖	dùn	dùn|tún
炗	guāng	guāng
炘	xīn	xīn
炙	zhì	zhì
炚	guāng	guāng
炛	guāng	guāng
炜	wěi	wěi
炝	qiàng	qiàng
炞	bian	bian
炟	dá	dá
炠	xiá	xiá
炡	zhēng	zhēng
炢	zhú	zhú
炣	kě	kě
炤	zhào	zhào|zhāo|zhǎo
炥	fú	fú
炦	bá	bá
炧	xiè	xiè
炨	xiè	xiè
炩	lìng	lìng
炪	zhuō	chù|zhuō
炫	xuàn	xuàn
炬	jù	jù
炭	tàn	tàn
炮	pào	bāo|pào|páo
炯	jiǒng	jiǒng
炰	páo	fǒu|páo
炱	tái	tái
炲	tái	tái
炳	bǐng	bǐng
炴	yǎng	yǎng
炵	tōng	tōng
炶	shǎn	shǎn
炷	zhù	zhù
炸	zhà	zhà|zhá
点	diǎn	diǎn
為	wèi	wèi|wéi
炻	shí	shí
炼	liàn	liàn
炽	chì	chì
炾	huǎng	huǎng
炿	zhōu	zhōu
烀	hū	hū
烁	shuò	shuò
烂	làn	làn
烃	tīng	tīng
烄	jiǎo	jiǎo|yào
烅	xù	xù
烆	héng	héng
烇	quǎn	quǎn
烈	liè	liè
烉	huàn	huàn
烊	yáng	yàng|yáng
烋	xiū	xiāo|xiū
烌	xiū	xiū
烍	xiǎn	xiǎn
烎	yín	yín
烏	wū	wù|wū|yā
烐	zhōu	zhōu
烑	yáo	yáo
烒	shì	shì
烓	wēi	wēi
烔	tóng	dòng|tóng
烕	miè	miè
烖	zāi	zāi
烗	kài	kài
烘	hōng	hōng
烙	lào	luò|lào
烚	xiá	xiá
烛	zhú	chóng|zhú
烜	xuǎn	huǐ|xuān|xuǎn
烝	zhēng	zhēng
烞	pò	pò
烟	yān	yān|yīn
烠	huí	huí|huǐ|ǎi
烡	guāng	guāng
烢	chè	chè
烣	huī	huī
烤	kǎo	kǎo
烥	jù	jù
烦	fán	fan|fán
烧	shāo	shāo
烨	yè	yè
烩	huì	huì
烫	tàng	tàng
烬	jìn	jìn
热	rè	rè
烮	liè	liè
烯	xī	xī
烰	fú	fú|fū
烱	jiǒng	jiǒng
烲	xiè	chè|xiè
烳	pǔ	pǔ
烴	tīng	jǐng|tīng
烵	zhuó	zhuó
烶	tǐng	tǐng
烷	wán	wán
烸	hǎi	hǎi
烹	pēng	pēng
烺	lǎng	lǎng
烻	yàn	shān|yàn
烼	xù	xù
烽	fēng	fēng
烾	chì	chì
烿	róng	róng
焀	hú	hú
焁	xī	xī
焂	shū	shū
焃	hè	huò|hè
焄	xūn	hūn|xūn
焅	kù	kào|kù
焆	juān	juān|yuè|yuān|yè
焇	xiāo	xiāo
焈	xī	xī
焉	yān	yí|yān
焊	hàn	hàn
焋	zhuàng	zhuàng
焌	jùn	jùn|qū
焍	dì	dì
焎	xiè	xiè
焏	jí	jí|qì
焐	wù	wù
焑	yān	yān
焒	lǚ	lǚ
焓	hán	hán
焔	yàn	yàn
焕	huàn	huàn
焖	mèn	mèn
焗	jú	jú
焘	tāo	dào|tāo
焙	bèi	bèi
焚	fén	fèn|fén
焛	lìn	lìn
焜	kūn	kūn
焝	hùn	hùn
焞	tūn	jùn|tuī|tūn
焟	xī	xī
焠	cuì	cuì
無	wú	mó|wú
焢	hōng	hōng
焣	chǎo	chǎo|jù
焤	fǔ	fǔ
焥	wò	wò|ài
焦	jiāo	jiāo|qiáo
焧	cōng	cōng
焨	fèng	fèng
焩	píng	píng
焪	qióng	qióng
焫	ruò	ruò|rè
焬	xī	xī|yì
焭	qióng	qióng
焮	xìn	xìn
焯	chāo	chuò|chāo|zhuó|zhuō
焰	yàn	yàn
焱	yàn	yàn|yì
焲	yì	yì
焳	jué	jué
焴	yù	yù
焵	gàng	gàng
然	rán	ran|rán
焷	pí	pí
焸	xiòng	gǔ|xiòng|yīng
焹	gàng	gàng
焺	shēng	shēng
焻	chàng	chàng|guā
焼	shāo	shāo
焽	xiǒng	xiǒng
焾	niǎn	niǎn
焿	gēng	gēng
煀	wei	wei
煁	chén	chén
煂	hè	hè
煃	kuǐ	kuǐ
煄	zhǒng	zhǒng
煅	duàn	duàn
煆	xiā	xià|xiā
煇	huī	huī|hún|xuàn|xūn|yùn
煈	fèng	fèng
煉	liàn	liàn|làn
煊	xuān	xuān
煋	xīng	xīng
煌	huáng	huáng
煍	jiǎo	jiǎo
煎	jiān	jiàn|jiān|jiǎn
煏	bì	bì
煐	yīng	yīng
煑	zhǔ	zhǔ
煒	wěi	huī|wěi
煓	tuān	tuān
煔	shǎn	qián|shān|shǎn
煕	xī	xī
煖	nuǎn	nuǎn|xuān
煗	nuǎn	nuǎn
煘	chán	chán
煙	yān	yān
煚	jiǒng	jiǒng
煛	jiǒng	jiǒng
煜	yù	yù
煝	mèi	mèi
煞	shā	shà|shā
煟	wèi	wèi
煠	zhá	yè|zhá
煡	jìn	jìn
煢	qióng	qióng
煣	róu	róu|rǒu
煤	méi	méi
煥	huàn	huàn
煦	xù	xiū|xù
照	zhào	zhào
煨	wēi	wēi|yù
煩	fán	fan|fán
煪	qiú	qiú
煫	suì	suì
煬	yáng	yàng|yáng
煭	liè	liè
煮	zhǔ	zhǔ
煯	jiē	jiē
煰	zào	zào
煱	guā	guā
煲	bāo	bāo
煳	hú	hú
煴	yūn	wěn|yùn|yūn
煵	nǎn	nǎn
煶	shì	shì
煷	liang	liang
煸	biān	biān
煹	gòu	gòu
煺	tuì	tuì
煻	táng	táng
煼	chǎo	chǎo
煽	shān	shān
煾	ēn	yūn|ēn
煿	bó	bó
熀	huǎng	huǎng|yè
熁	xié	xié
熂	xì	xì
熃	wù	wù
熄	xī	xī
熅	yùn	yùn
熆	hé	hé
熇	hè	hè|kào|kǎo|xiāo
熈	xī	xī
熉	yún	yún
熊	xióng	xióng
熋	nái	nái
熌	shǎn	shǎn
熍	qióng	qióng
熎	yào	yào
熏	xūn	xùn|xūn
熐	mì	mì
熑	lián	lián|qiān
熒	yíng	jiǒng|xíng|yíng
熓	wǔ	wǔ
熔	róng	róng
熕	gōng	gōng
熖	yàn	yàn
熗	qiàng	qiàng
熘	liū	liū
熙	xī	xī|yí
熚	bì	bì
熛	biāo	biāo
熜	cōng	cōng|zǒng
熝	lù	lù|āo
熞	jiān	jiān
熟	shú	shóu|shú
熠	yì	yì
熡	lóu	lóu
熢	péng	bèng|fēng|péng
熣	suī	cuǐ|suī
熤	yì	yì
熥	tēng	tēng|tōng
熦	jué	jué
熧	zōng	zōng
熨	yùn	wèi|yù|yùn
熩	hù	hù
熪	yí	yí
熫	zhì	zhì
熬	áo	áo|āo
熭	wèi	wèi
熮	liǔ	liǔ
熯	hàn	hàn|rǎn
熰	ōu	òu|ōu
熱	rè	rè
熲	jiǒng	jiǒng
熳	màn	màn
熴	kūn	kūn
熵	shāng	shāng
熶	cuàn	cuàn
熷	zēng	zēng
熸	jiān	jiān
熹	xī	xī
熺	xī	xī
熻	xī	xī
熼	yì	yì
熽	xiào	xiào
熾	chì	chì
熿	huáng	huáng|huǎng
燀	chǎn	chàn|chǎn|dǎn
燁	yè	yè
燂	tán	qián|tán|xún
燃	rán	rán
燄	yàn	yàn
燅	xún	xún
燆	qiāo	qiāo|xiāo
燇	jùn	jùn
燈	dēng	dēng
燉	dùn	dùn|dūn|tún
燊	shēn	shēn
燋	jiāo	jiāo|jué|qiáo|zhuó
燌	fén	bèn|fén
燍	sī	sī|xī
燎	liáo	liào|liáo|liǎo
燏	yù	yù
燐	lín	lín
燑	tóng	tóng
燒	shāo	shào|shāo
燓	fén	fén
燔	fán	fán|fén
燕	yàn	yàn|yān
燖	xún	qián|xún
燗	làn	làn
燘	měi	měi
燙	tàng	dàng|tàng
燚	yì	yì
燛	jiǒng	jiǒng
燜	mèn	mèn
燝	jing	jing
燞	jiǎo	jiǎo
營	yíng	cuō|yíng
燠	yù	yù|ào
燡	yì	yì
燢	xué	xué
燣	lán	lán
燤	tài	liè|tài
燥	zào	sào|zào
燦	càn	càn
燧	suì	suì
燨	xī	xī
燩	què	què
燪	zǒng	zǒng
燫	lián	lián
燬	huǐ	huǐ
燭	zhú	kuò|zhú
燮	xiè	xiè
燯	líng	líng
燰	wēi	wēi
燱	yì	yì
燲	xié	xié
燳	zhào	zhào
燴	huì	huì
燵	dá	dá
燶	nóng	nóng
燷	lán	lán
燸	rú	ruǎn|rú
燹	xiǎn	bìng|xiǎn
燺	hè	hè
燻	xūn	xūn
燼	jìn	jìn
燽	chóu	chóu
燾	dào	dào|tāo
燿	yào	shuò|shào|yào
爀	hè	hè
爁	làn	làn
爂	biāo	biāo
爃	róng	róng
爄	lì	liè|lì
爅	mò	mò
爆	bào	bào|bó
爇	ruò	ruò
爈	lǜ	lǜ
爉	là	liè|là
爊	āo	āo
爋	xūn	xūn
爌	kuàng	huǎng|kuàng|kuǎng
爍	shuò	luò|shuò|yuè
爎	liáo	liáo
爏	lì	lì
爐	lú	lú
爑	jué	jué
爒	liǎo	liǎo
爓	yàn	xún|yàn
爔	xī	xī
爕	xiè	xiè
爖	lóng	lóng
爗	yè	yè
爘	cān	cān
爙	rǎng	rǎng
爚	yuè	yuè
爛	làn	làn
爜	cóng	cóng
爝	jué	jiào|jué
爞	chóng	chóng|tóng
爟	guàn	guàn
爠	ju	ju
爡	chè	chè
爢	mí	mí
爣	tǎng	tǎng
爤	làn	làn
爥	zhú	zhú
爦	lǎn	lǎn
爧	líng	líng
爨	cuàn	cuàn
爩	yù	yù
爪	zhǎo	zhuǎ|zhǎo
爫	zhǎo	zhǎo
爬	pá	pá
爭	zhēng	zhèng|zhēng
爮	páo	páo
爯	chēng	chèng|chēng
爰	yuán	yuán
爱	ài	ài
爲	wèi	wèi|wéi
爳	han	han
爴	jué	jué
爵	jué	jué
父	fù	fù|fǔ
爷	yé	ye|yé
爸	bà	ba|bà
爹	diē	diē
爺	yé	ye|yé
爻	yáo	xiào|yáo
爼	zǔ	zǔ
爽	shuǎng	shuāng|shuǎng
爾	ěr	mǐ|nǐ|ěr
爿	pán	pán|qiáng
牀	chuáng	chuáng
牁	kē	kē
牂	zāng	zāng
牃	dié	dié
牄	qiāng	qiāng
牅	yōng	yōng
牆	qiáng	qiáng
片	piàn	piàn|piān|pàn
版	bǎn	bǎn
牉	pàn	pàn
牊	cháo	cháo
牋	jiān	jiān
牌	pái	pái
牍	dú	dú
牎	chuāng	chuāng
牏	yú	yú
牐	zhá	zhá
牑	biān	biān|miàn
牒	dié	dié
牓	bǎng	bǎng|pāng
牔	bó	bó
牕	chuāng	chuāng
牖	yǒu	yǒu
牗	yǒu	yǒu
牘	dú	dú
牙	yá	yà|yá
牚	chèng	chèng|chēng
牛	niú	niú
牜	niú	niú
牝	pìn	pìn
牞	jiū	jiū|lè
牟	móu	mào|móu|mù
牠	tā	tuó|tā
牡	mǔ	mǔ
牢	láo	lào|láo|lóu
牣	rèn	rèn
牤	māng	māng
牥	fāng	fāng
牦	máo	máo
牧	mù	mù
牨	gāng	gāng
物	wù	wu|wù
牪	yàn	yàn
牫	gē	gē|qiú|zāng
牬	bèi	bèi
牭	sì	sì
牮	jiàn	jiàn
牯	gǔ	gǔ
牰	yòu	chōu|yòu
牱	gē	gē
牲	shēng	shēng
牳	mǔ	mǔ
牴	dǐ	dī|dǐ|zhāi
牵	qiān	qiān
牶	quàn	quàn
牷	quán	quán
牸	zì	zì
特	tè	tè
牺	xī	xī
牻	máng	máng
牼	kēng	kēng
牽	qiān	qiàn|qiān
牾	wǔ	wú|wǔ
牿	gù	gù
犀	xī	xī
犁	lí	lí
犂	lí	lí
犃	pǒu	pǒu
犄	jī	jī|yī
犅	gāng	gāng
犆	zhí	tè|zhí
犇	bēn	bēn
犈	quán	quán
犉	chún	chún
犊	dú	dú
犋	jù	jù
犌	jiā	jiā
犍	jiān	jiān|jiǎn|qián
犎	fēng	fēng
犏	piān	piān
犐	kē	kē
犑	jú	jú
犒	kào	kào
犓	chú	chú
犔	xì	xì
犕	bèi	bèi
犖	luò	luò
犗	jiè	jiè
犘	má	má
犙	sān	sān
犚	wèi	wèi
犛	máo	lí|máo
犜	dūn	dūn
犝	tóng	tóng
犞	qiáo	qiáo
犟	jiàng	jiàng
犠	xī	xī
犡	lì	lì
犢	dú	dú
犣	liè	liè
犤	pái	pái
犥	piāo	piāo|pào
犦	bó	bó
犧	xī	suō|xī
犨	chōu	chōu
犩	wéi	wéi
犪	kuí	kuí|ráo
犫	chōu	chōu
犬	quǎn	quǎn
犭	quǎn	quǎn
犮	bá	bá
犯	fàn	fàn
犰	qiú	qiú
犱	jǐ	jǐ
犲	chái	chái
犳	zhuó	zhuó
犴	àn	hān|jiàn|àn|án
犵	gē	gē|hé
状	zhuàng	zhuàng
犷	guǎng	guǎng
犸	mǎ	mǎ
犹	yóu	yòu|yóu
犺	kàng	gǎng|kàng
犻	bó	bó|fèi|pèi
犼	hǒu	hǒu
犽	yà	yà
犾	yín	yín
犿	huān	fān|huān
狀	zhuàng	zhuàng
狁	yǔn	yǔn
狂	kuáng	jué|kuáng
狃	niǔ	niǔ|nǜ
狄	dí	dí|tì
狅	kuáng	kuáng
狆	zhòng	zhòng
狇	mù	mù
狈	bèi	bèi
狉	pī	pī
狊	jú	jú
狋	yí	chí|quán|yí
狌	shēng	shēng|xīng
狍	páo	páo
狎	xiá	xiá
狏	tuó	tuó|yí
狐	hú	hú
狑	líng	líng
狒	fèi	fèi
狓	pí	pí|pī
狔	nǐ	nǐ
狕	yǎo	yǎo
狖	yòu	yòu
狗	gǒu	gǒu
狘	xuè	xuè
狙	jū	jū
狚	dàn	dàn
狛	bó	bó
狜	kǔ	kǔ
狝	xiǎn	xiǎn
狞	níng	níng
狟	huán	huán|héng|xuān
狠	hěn	hěn|hǎng|kěn|yán
狡	jiǎo	jiǎo|xiào
狢	hé	hé|mò
狣	zhào	zhào
狤	jí	jié|jí|kuài
狥	xùn	xùn
狦	shān	shān
狧	tà	shì|tà
狨	róng	róng
狩	shòu	shòu
狪	tóng	dòng|tóng
狫	lǎo	lǎo
独	dú	dú
狭	xiá	xiá
狮	shī	shī
狯	kuài	kuài
狰	zhēng	zhēng
狱	yù	yù
狲	sūn	sūn
狳	yú	yú
狴	bì	bì
狵	máng	máng|zhuó
狶	xī	shǐ|xī
狷	juàn	juàn
狸	lí	li|lí
狹	xiá	xiá
狺	yín	yín
狻	suān	jùn|suān|xùn
狼	láng	hǎng|làng|láng|lǎng
狽	bèi	bèi
狾	zhì	zhì
狿	yán	yán
猀	shā	shā
猁	lì	lì
猂	hàn	hàn
猃	xiǎn	xiǎn
猄	jīng	jīng
猅	pái	pái
猆	fēi	fēi
猇	xiāo	xiāo
猈	bài	bài|pí
猉	qí	qí
猊	ní	ní
猋	biāo	biāo
猌	yìn	yìn
猍	lái	lái
猎	liè	liè|què|xī
猏	jiān	jiān
猐	qiāng	qiāng
猑	kūn	kūn
猒	yàn	yàn
猓	guǒ	guǒ|luǒ
猔	zòng	zòng
猕	mí	mí
猖	chāng	chāng
猗	yī	jì|wēi|yī|yǐ|ē
猘	zhì	zhì
猙	zhēng	zhēng
猚	yá	wèi|yá
猛	měng	měng
猜	cāi	cāi
猝	cù	cù
猞	shē	shē
猟	liè	liè
猠	diǎn	diǎn
猡	luó	luó
猢	hú	hú
猣	zōng	zōng
猤	guì	guì
猥	wěi	wèi|wěi
猦	fēng	fēng
猧	wō	wō
猨	yuán	yuán
猩	xīng	xing|xīng
猪	zhū	zhū
猫	māo	miáo|máo|māo
猬	wèi	wei|wèi
猭	chuān	chuàn|chuān|shān
献	xiàn	xiàn
猯	tuān	tuān
猰	yà	jiá|qiè|yà
猱	náo	náo
猲	xiē	gé|hài|hè|xiē
猳	jiā	jiā
猴	hóu	hóu
猵	biān	biān|piàn
猶	yóu	yáo|yóu
猷	yóu	yóu
猸	méi	méi
猹	chá	chá
猺	yáo	yáo
猻	sūn	sūn
猼	bó	bó|pò
猽	míng	míng
猾	huá	huá
猿	yuán	yuán
獀	sōu	sōu
獁	mà	mà|mǎ
獂	yuán	yuán
獃	dāi	dāi|ái
獄	yù	yù
獅	shī	shī
獆	háo	háo
獇	qiāng	qiāng
獈	yì	yì
獉	zhēn	zhēn
獊	cāng	cāng
獋	háo	gāo|háo
獌	màn	màn
獍	jìng	jìng
獎	jiǎng	jiǎng
獏	mò	mò|mú
獐	zhāng	zhāng
獑	chán	chán
獒	áo	áo
獓	áo	áo
獔	háo	háo
獕	cuī	cuī
獖	bèn	bèn|fèn|fén
獗	jué	jué
獘	bì	bì
獙	bì	bì
獚	huáng	huáng
獛	pú	pú
獜	lín	lìn|lín
獝	xù	xù|yù
獞	tóng	tóng|zhuàng
獟	yào	xiāo|yào
獠	liáo	liáo|lǎo
獡	shuò	shuò
獢	xiāo	xiāo
獣	shòu	shòu
獤	dūn	dūn
獥	jiào	jiào
獦	gé	gé|liè|xiē
獧	juàn	juàn
獨	dú	dú
獩	huì	huì
獪	kuài	huá|kuài
獫	xiǎn	xiǎn
獬	xiè	hǎ|jiě|xiè
獭	tǎ	tǎ
獮	xiǎn	mí|xiǎn
獯	xūn	xūn
獰	níng	níng
獱	biān	biān
獲	huò	huò
獳	nòu	nòu|rú
獴	měng	méng|měng
獵	liè	liè
獶	nǎo	náo|nǎo|yōu
獷	guǎng	guǎng|jǐng
獸	shòu	shòu
獹	lú	lú
獺	tǎ	tǎ
獻	xiàn	suō|xiàn|xī
獼	mí	mí
獽	ráng	ráng
獾	huān	huān|quán
獿	nǎo	náo|nǎo
玀	luó	luó|ě
玁	xiǎn	xiǎn
玂	qí	qí
玃	jué	jué
玄	xuán	xuàn|xuán
玅	miào	miào|yāo
玆	zī	xuán|zī
率	lǜ	lüè|lǜ|shuài
玈	lú	lú
玉	yù	yù
玊	sù	sù
王	wáng	wàng|wáng|yù
玌	qiú	qiú
玍	gǎ	gǎ
玎	dīng	dīng
玏	lè	lè
玐	bā	bā
玑	jī	jī
玒	hóng	hóng
玓	dì	dì
玔	chuàn	chuàn
玕	gān	gān
玖	jiǔ	jiǔ
玗	yú	yú
玘	qǐ	qǐ
玙	yú	yú
玚	yáng	chàng|yáng
玛	mǎ	mǎ
玜	hóng	hóng
玝	wǔ	wǔ
玞	fū	fū
玟	wén	mín|wén
玠	jiè	jiè
玡	yá	yà|yá
玢	bīn	bīn|fēn
玣	biàn	biàn
玤	bàng	bàng
玥	yuè	yuè
玦	jué	jué
玧	mén	mén|yǔn
玨	jué	jué
玩	wán	wán
玪	jiān	jiān|lín|qián|yín
玫	méi	méi
玬	dǎn	dǎn
玭	pín	pín
玮	wěi	wěi
环	huán	huán
现	xiàn	xiàn
玱	qiāng	qiāng
玲	líng	líng
玳	dài	dài
玴	yì	yì
玵	án	gān|án
玶	píng	píng
玷	diàn	diàn|diān
玸	fú	fú
玹	xuán	xián|xuàn|xuán
玺	xǐ	xǐ
玻	bō	bō
玼	cǐ	cuō|cī|cǐ
玽	gǒu	gǒu
玾	jiǎ	jiǎ
玿	sháo	sháo
珀	pò	pò
珁	cí	cí
珂	kē	kē
珃	rǎn	rǎn
珄	shēng	shēng
珅	shēn	shēn
珆	yí	tāi|yí
珇	zǔ	jù|zǔ
珈	jiā	jiā
珉	mín	mín
珊	shān	shān
珋	liǔ	liǔ
珌	bì	bì
珍	zhēn	zhēn
珎	zhēn	zhēn
珏	jué	jué
珐	fà	fà
珑	lóng	lóng
珒	jīn	jīn
珓	jiào	jiào
珔	jiàn	jiàn
珕	lì	lì
珖	guāng	guāng
珗	xiān	xiān
珘	zhōu	zhōu
珙	gǒng	gǒng
珚	yān	yān
珛	xiù	xiù
珜	yáng	yáng
珝	xǔ	xǔ
珞	luò	luò|lì
珟	sù	sù
珠	zhū	zhū
珡	qín	qín
珢	yín	kèn|yín
珣	xún	xún
珤	bǎo	bǎo
珥	ěr	ěr
珦	xiàng	xiàng
珧	yáo	yáo
珨	xiá	xiá
珩	héng	háng|héng
珪	guī	guī
珫	chōng	chōng
珬	xù	xù
班	bān	bān
珮	pèi	pèi
珯	lǎo	lǎo
珰	dāng	dāng
珱	yīng	yīng
珲	hún	huī|hún
珳	wén	wén
珴	é	é
珵	chéng	chéng|tǐng
珶	dì	dì|tí
珷	wǔ	wù|wǔ
珸	wú	wú
珹	chéng	chéng
珺	jùn	jùn
珻	méi	méi
珼	bèi	bèi
珽	tǐng	tǐng
現	xiàn	xiàn
珿	chù	chù
琀	hán	hán
琁	xuán	qióng|xuán
琂	yán	yán
球	qiú	qiú
琄	xuàn	xuàn
琅	láng	làng|láng
理	lǐ	li|lǐ
琇	xiù	xiù
琈	fú	fú|fū
琉	liú	liú
琊	yá	yá
琋	xī	xī
琌	líng	líng
琍	lí	lí
琎	jìn	jìn
琏	liǎn	liǎn
琐	suǒ	suǒ
琑	suǒ	suǒ
琒	fēng	fēng
琓	wán	wán
琔	diàn	diàn
琕	pín	bǐng|pín
琖	zhǎn	zhǎn
琗	sè	cuì|sè
琘	mín	mín
琙	yù	yù
琚	jū	jū
琛	chēn	chēn
琜	lái	lái
琝	mín	mín
琞	shèng	shèng|wàng
琟	wéi	wéi|yù
琠	tiǎn	tiàn|tiǎn
琡	chù	chù
琢	zuó	zhuó|zuó
琣	běng	běng|pěi
琤	chēng	chēng
琥	hǔ	hǔ
琦	qí	qí
琧	è	è
琨	kūn	kūn
琩	chāng	chāng
琪	qí	qí
琫	běng	běng
琬	wǎn	wǎn
琭	lù	lù
琮	cóng	cóng
琯	guǎn	guàn|guān|guǎn|gùn
琰	yǎn	yǎn
琱	diāo	diāo
琲	bèi	bèi
琳	lín	lín
琴	qín	qín
琵	pí	pí
琶	pá	pá
琷	què	què
琸	zhuó	zhuó
琹	qín	qín
琺	fà	fà
琻	jīn	jīn
琼	qióng	qióng
琽	dǔ	dǔ
琾	jiè	jiè
琿	hún	huī|hún
瑀	yǔ	yǔ
瑁	mào	mào
瑂	méi	méi
瑃	chūn	chūn
瑄	xuān	xuān
瑅	tí	tí
瑆	xīng	xīng
瑇	dài	dài
瑈	róu	róu
瑉	mín	mín
瑊	jiān	jiān
瑋	wěi	wěi
瑌	ruǎn	ruǎn
瑍	huàn	huàn
瑎	xié	xié
瑏	chuān	chuān
瑐	jiǎn	jiǎn
瑑	zhuàn	zhuàn
瑒	chàng	chàng|dàng|yáng
瑓	liàn	liàn
瑔	quán	quán
瑕	xiá	xiá
瑖	duàn	duàn
瑗	yuàn	huán|yuàn
瑘	yá	yá
瑙	nǎo	nǎo
瑚	hú	hú
瑛	yīng	yīng
瑜	yú	yú
瑝	huáng	huáng
瑞	ruì	ruì
瑟	sè	sè
瑠	liú	liú
瑡	shī	shī
瑢	róng	róng
瑣	suǒ	suǒ
瑤	yáo	yáo
瑥	wēn	wēn
瑦	wǔ	wǔ
瑧	zhēn	zhēn
瑨	jìn	jìn
瑩	yíng	yíng|yǐng
瑪	mǎ	mǎ
瑫	tāo	tāo
瑬	liú	liú
瑭	táng	táng
瑮	lì	lì
瑯	láng	láng
瑰	guī	guī
瑱	tiàn	tiàn|zhèn
瑲	qiāng	chēng|cāng|qiāng
瑳	cuō	cuō
瑴	jué	jué
瑵	zhǎo	zhǎo
瑶	yáo	yáo
瑷	ài	ài
瑸	bīn	bīn
瑹	shū	shū|tū
瑺	cháng	cháng
瑻	kūn	kūn
瑼	zhuān	zhuān
瑽	cōng	cōng
瑾	jǐn	jìn|jǐn
瑿	yī	yī
璀	cuǐ	cuǐ
璁	cōng	cōng
璂	qí	qí
璃	lí	lí
璄	jǐng	jǐng
璅	suǒ	suǒ|zǎo
璆	qiú	qiú
璇	xuán	xuán
璈	áo	áo
璉	liǎn	lián|liǎn
璊	mén	mén
璋	zhāng	zhāng
璌	yín	yín
璍	yè	yè
璎	yīng	yīng
璏	wèi	wèi|zhì
璐	lù	lù
璑	wú	wú
璒	dēng	dēng
璓	xiù	xiù
璔	zēng	zēng
璕	xún	xún
璖	qú	qú
璗	dàng	dàng
璘	lín	lín
璙	liáo	liáo
璚	qióng	jué|qióng
璛	sù	sù
璜	huáng	huáng
璝	guī	guī
璞	pú	pú
璟	jǐng	jǐng
璠	fán	fán
璡	jìn	jìn|jīn
璢	liú	liú
璣	jī	jī
璤	huì	huì
璥	jǐng	jǐng
璦	ài	ài
璧	bì	bì
璨	càn	càn
璩	qú	qú
璪	zǎo	zǎo
璫	dāng	dāng
璬	jiǎo	jiǎo
璭	gùn	gùn
璮	tǎn	tǎn
璯	huì	huì|kuài
環	huán	huàn|huán
璱	sè	sè
璲	suì	suì
璳	tián	tián
璴	chǔ	chǔ
璵	yú	yú
璶	jìn	jìn
璷	lú	fū|lú
璸	bīn	bīn|pián
璹	shú	shú
璺	wèn	wèn
璻	zuǐ	zuǐ
璼	lán	lán
璽	xǐ	xǐ
璾	zī	jì|zī
璿	xuán	xuán
瓀	ruǎn	ruǎn
瓁	wò	wò
瓂	gài	gài
瓃	léi	léi
瓄	dú	dú
瓅	lì	lì
瓆	zhì	zhì
瓇	róu	róu
瓈	lí	li|lí
瓉	zàn	zàn
瓊	qióng	qióng|xuán
瓋	tì	tì
瓌	guī	guī
瓍	suí	suí
瓎	là	là
瓏	lóng	lóng
瓐	lú	lú
瓑	lì	lì
瓒	zàn	zàn
瓓	làn	làn
瓔	yīng	yīng
瓕	mí	mí|xǐ
瓖	xiāng	xiāng
瓗	qióng	qióng|wèi|wěi
瓘	guàn	guàn
瓙	dào	dào
瓚	zàn	zàn
瓛	huán	huán|yè|yǎn
瓜	guā	guā
瓝	bó	bó
瓞	dié	dié
瓟	bó	bó|páo
瓠	hù	gū|huò|hù|hú
瓡	zhí	hú|zhí
瓢	piáo	piáo
瓣	bàn	bàn
瓤	ráng	ráng
瓥	lì	lì
瓦	wǎ	wà|wǎ
瓨	xiáng	hóng|xiáng
瓩	qiān	qiān|wǎ
瓪	bǎn	bǎn
瓫	pén	pén
瓬	fǎng	fǎng
瓭	dǎn	dān|dǎn
瓮	wèng	wèng
瓯	ōu	ōu
瓲	wa	wa
瓳	hú	hú
瓴	líng	líng
瓵	yí	yí
瓶	píng	píng
瓷	cí	cí
瓸	bǎi	bǎi
瓹	juān	juàn|juān
瓺	cháng	cháng
瓻	chī	chī
瓽	dàng	dàng
瓾	měng	měng
瓿	bù	bù|pǒu
甀	zhuì	zhuì
甁	píng	píng
甂	biān	biān
甃	zhòu	zhòu
甄	zhēn	juàn|zhèn|zhēn
甆	cí	cí
甇	yīng	yīng
甈	qì	qì
甉	xián	xián
甊	lǒu	lǒu
甋	dì	dì
甌	ōu	ōu|ǒu
甍	méng	méng
甎	zhuān	chuán|zhuān
甏	bèng	bèng
甐	lìn	lìn
甑	zèng	zèng
甒	wǔ	wǔ
甓	pì	pì
甔	dān	dàn|dān
甕	wèng	wèng
甖	yīng	yīng
甗	yǎn	yǎn
甘	gān	gān|hān
甙	dài	dài
甚	shèn	shèn|shén
甛	tián	tián
甜	tián	tián
甝	hán	hán
甞	cháng	cháng
生	shēng	sheng|shēng
甠	qíng	qíng
甡	shēn	shēn
產	chǎn	chǎn
産	chǎn	chǎn
甤	ruí	ruí
甥	shēng	shēng
甦	sū	sū
甧	shēn	shēn
用	yòng	yong|yòng
甩	shuǎi	shuǎi
甪	lù	lù
甫	fǔ	fu|fū|fǔ|pǔ
甬	yǒng	dòng|yǒng
甭	béng	béng|qì
甮	fèng	fèng
甯	níng	nìng|níng
田	tián	tián
由	yóu	yóu|yāo
甲	jiǎ	jia|jiǎ
申	shēn	shēn
甴	zhá	yóu|zhá
电	diàn	diàn
甶	fú	fú
男	nán	nán
甸	diàn	diàn|diān|shèng|tián|yìng
甹	pīng	pīng
町	tǐng	dīng|tiǎn|tīng|tǐng|zhèng
画	huà	huà
甼	tǐng	tǐng
甽	zhèn	quǎn|zhèn|zhùn
甾	zāi	zāi|zī
甿	méng	máng|méng
畀	bì	bì
畁	bì	bì
畂	liù	liù
畃	xún	xún
畄	liú	liú
畅	chàng	chàng
畆	mǔ	mǔ
畇	yún	tián|yún
畈	fàn	fàn
畉	fú	fú
畊	gēng	gēng
畋	tián	tián
界	jiè	jiè
畍	jiè	jiè
畎	quǎn	quǎn
畏	wèi	wèi|wēi|wěi
畐	fú	bì|fú
畑	tián	tián
畒	mǔ	mǔ
畓	duō	duō
畔	pàn	pàn
畕	jiāng	jiāng
畖	wā	wā
畗	dá	dá|fú
畘	nán	nán
留	liú	liù|liú|liǔ
畚	běn	běn
畛	zhěn	zhěn
畜	chù	chù|xù
畝	mǔ	mǒu|mǔ
畞	mǔ	mǔ
畟	cè	cè|jì
畠	tián	tián
畡	gāi	gāi
畢	bì	bì
畣	dá	dá
畤	zhì	chóu|shì|zhì
略	lüè	lüè
畦	qí	qí
畧	lüè	lüè
畨	pān	fān|pān
畩	yī	yī
番	fān	bō|fán|fān|pàn|pán|pí|pó|pān
畫	huà	huà
畬	shē	shē|yú
畭	yú	yú
畮	mǔ	mǔ
畯	jùn	jùn
異	yì	yì
畱	liú	liú
畲	shē	shē
畳	dié	dié
畴	chóu	chóu
畵	huà	huà
當	dāng	dang|dàng|dāng
畷	zhuì	zhuì
畸	jī	jī|qí
畹	wǎn	wǎn|yuǎn
畺	jiāng	jiàng|jiāng
畻	chéng	chéng
畼	chàng	chàng
畽	tǔn	tuǎn|tǔn
畾	léi	léi
畿	jī	jī
疀	chā	chā
疁	liú	liú
疂	dié	dié
疃	tuǎn	tuǎn
疄	lìn	lìn|lín
疅	jiāng	jiāng
疆	jiāng	jiàng|jiāng
疇	chóu	chóu
疈	pì	pì
疉	dié	dié
疊	dié	dié
疋	pǐ	pǐ|shū|yǎ
疌	jié	jié|qiè
疍	dàn	dàn
疎	shū	shū
疏	shū	shū
疐	zhì	dì|zhì
疑	yí	níng|yí
疒	nè	nè
疓	nǎi	nǎi
疔	dīng	dīng|nè
疕	bǐ	bǐ
疖	jiē	jiē
疗	liáo	liáo
疘	gāng	gāng|gōng
疙	gē	gē|yì
疚	jiù	jiù
疛	zhǒu	zhǒu
疜	xià	xià
疝	shàn	shàn
疞	xū	xū
疟	nüè	nüè|yào
疠	lì	lì
疡	yáng	yáng
疢	chèn	chèn
疣	yóu	yòu|yóu
疤	bā	bā
疥	jiè	jiè
疦	jué	jué|xuè
疧	qí	qí
疨	xiā	xiā|yá
疩	cuì	cuì
疪	bì	bì
疫	yì	yì
疬	lì	lì
疭	zòng	zòng
疮	chuāng	chuāng
疯	fēng	fēng
疰	zhù	zhù
疱	pào	pào
疲	pí	pí
疳	gān	gān
疴	kē	kē|qià|ē
疵	cī	cī|jì|zhài|zī
疶	xuē	xuē
疷	zhī	zhī
疸	dǎn	da|dǎn
疹	zhěn	chèn|zhěn
疺	fá	biǎn|fá
疻	zhǐ	zhǐ
疼	téng	téng
疽	jū	jū|jǔ
疾	jí	jí
疿	fèi	fèi
痀	jū	gōu|jū
痁	shān	shān
痂	jiā	jiā
痃	xuán	xuán
痄	zhà	zhà
病	bìng	bìng
痆	niè	niè|niǎn|nì
症	zhèng	zhèng|zhēng
痈	yōng	yōng
痉	jìng	jìng
痊	quán	quán
痋	téng	chóng|téng
痌	tōng	tóng|tōng
痍	yí	yí
痎	jiē	jiē
痏	wěi	wěi|yòu|yù
痐	huí	huí
痑	tān	shǐ|tān
痒	yǎng	yáng|yǎng
痓	chì	chì
痔	zhì	zhì
痕	hén	gèn|hén
痖	yǎ	yǎ
痗	mèi	mèi
痘	dòu	dòu
痙	jìng	jìng
痚	xiāo	xiāo
痛	tòng	tòng
痜	tū	tū
痝	máng	máng
痞	pǐ	pǐ
痟	xiāo	xiāo
痠	suān	suān
痡	fū	fū|pù|pū
痢	lì	lì
痣	zhì	zhì
痤	cuó	cuó
痥	duó	duó
痦	wù	pī|wù
痧	shā	shā
痨	láo	láo
痩	shòu	shòu
痪	huàn	huàn|tuǎn
痫	xián	xián
痬	yì	yì
痭	bēng	bìng|bēng|péng
痮	zhàng	zhàng
痯	guǎn	guǎn
痰	tán	tán
痱	fèi	fèi|féi|fěi
痲	má	má
痳	lín	lìn|lín|má
痴	chī	chī
痵	jì	jì
痶	tiǎn	diǎn|tiǎn
痷	ān	yè|è|ān
痸	chì	chì
痹	bì	bì
痺	bì	bì
痻	mín	mín
痼	gù	gù
痽	duī	duī
痾	ē	kē|ē
痿	wěi	wěi
瘀	yū	yū
瘁	cuì	cuì
瘂	yǎ	yǎ
瘃	zhú	zhú
瘄	cù	cù
瘅	dān	dàn|dān
瘆	shèn	shèn
瘇	zhǒng	zhǒng
瘈	chì	chì|zhì
瘉	yù	yù
瘊	hóu	hóu
瘋	fēng	fēng
瘌	là	là
瘍	yáng	dàng|yáng
瘎	chén	chén
瘏	tú	tú
瘐	yǔ	yù|yǔ
瘑	guō	guō
瘒	wén	wén
瘓	huàn	huàn
瘔	kù	kù
瘕	jiǎ	jiǎ|xiā
瘖	yīn	yìn|yīn
瘗	yì	yì
瘘	lòu	lòu
瘙	sào	sào
瘚	jué	jué
瘛	chì	chì
瘜	xī	xī
瘝	guān	guān
瘞	yì	yì
瘟	wēn	wò|wēn|yūn
瘠	jí	jí
瘡	chuāng	chuāng
瘢	bān	bān
瘣	huì	huì|lěi
瘤	liú	liú
瘥	chài	chài|cuó
瘦	shòu	shòu
瘧	nüè	nüè|yào
瘨	diān	chēn|diān
瘩	da	da|dá
瘪	biě	biē|biě
瘫	tān	tān
瘬	zhàng	zhàng
瘭	biāo	biāo
瘮	shèn	shèn
瘯	cù	cù
瘰	luǒ	luǒ
瘱	yì	yì
瘲	zòng	zòng
瘳	chōu	chōu|lù
瘴	zhàng	zhàng
瘵	zhài	jì|zhài
瘶	sòu	sòu
瘷	sè	sè
瘸	qué	qué
瘹	diào	diào
瘺	lòu	lòu
瘻	lòu	lòu|lǘ
瘼	mò	mò
瘽	qín	qín
瘾	yǐn	yǐn
瘿	yǐng	yǐng
癀	huáng	huáng
癁	fú	fú
療	liáo	liào|liáo|shuò
癃	lóng	lóng
癄	qiáo	qiáo
癅	liú	liú
癆	láo	lào|láo
癇	xián	xián
癈	fèi	fèi
癉	dān	dàn|dān|dǎn|tán
癊	yìn	yìn
癋	hè	hè
癌	ái	yán|ái
癍	bān	bān
癎	xián	xián
癏	guān	guān
癐	guì	guì|wēi
癑	nòng	nòng|nóng
癒	yù	yù
癓	wéi	wéi
癔	yì	yì
癕	yōng	yōng
癖	pǐ	pǐ
癗	lěi	lěi
癘	lì	lài|lì
癙	shǔ	shǔ
癚	dàn	dàn
癛	lǐn	bǐng|lǐn
癜	diàn	diàn
癝	lǐn	lǐn
癞	lài	lài
癟	biě	bié|biē|biě
癠	jì	jì
癡	chī	chī
癢	yǎng	yǎng
癣	xuǎn	xuǎn
癤	jiē	jiē
癥	zhēng	zhēng
癦	me	me
癧	lì	lì
癨	huò	huò
癩	lài	là|lài
癪	jī	jī
癫	diān	diān
癬	xuǎn	xuǎn
癭	yǐng	yǐng
癮	yǐn	yǐn
癯	qú	qú
癰	yōng	yōng
癱	tān	tān
癲	diān	diān
癳	luǒ	luǒ
癴	luán	luán
癵	luán	luán
癶	bō	bō
癷	bō	bō
癸	guǐ	guǐ
癹	bá	bá
発	fā	fā
登	dēng	dé|dēng
發	fā	bō|fa|fà|fā
白	bái	bai|bái|bó
百	bǎi	bó|bǎi|mò
癿	bié	bié|qié
皀	jí	bī|jí|xiāng
皁	zào	zào
皂	zào	zào
皃	mào	mào
的	de	de|dì|dí|dī
皅	pā	bà|pā
皆	jiē	jiē
皇	huáng	huáng|wǎng
皈	guī	guī
皉	cǐ	cǐ
皊	líng	líng
皋	gāo	gāo|gū|háo
皌	mò	mò
皍	jí	jí
皎	jiǎo	jiǎo
皏	pěng	pěng
皐	gāo	gāo
皑	ái	ái
皒	é	é
皓	hào	huī|hào
皔	hàn	hàn
皕	bì	bì
皖	wǎn	huàn|wǎn
皗	chóu	chóu
皘	qiàn	qiàn
皙	xī	xī
皚	ái	ái
皛	xiǎo	jiǎo|pò|xiǎo
皜	hào	hào
皝	huàng	huàng
皞	hào	hào
皟	zé	zé
皠	cuǐ	cuǐ
皡	hào	hào
皢	xiǎo	xiǎo
皣	yè	yè
皤	pó	pán|pó
皥	hào	hào
皦	jiǎo	jiǎo
皧	ài	ài
皨	xīng	xīng
皩	huàng	huàng
皪	lì	bō|luò|lì
皫	piǎo	piǎo
皬	hé	hé
皭	jiào	jiào
皮	pí	pí
皯	gǎn	gǎn
皰	pào	pào
皱	zhòu	zhòu
皲	jūn	jūn
皳	qiú	qiú
皴	cūn	cūn
皵	què	què
皶	zhā	zhā
皷	gǔ	gǔ
皸	jūn	jūn
皹	jūn	jūn
皺	zhòu	zhòu|zhōu
皻	zhā	cǔ|zhā
皼	gǔ	gǔ
皽	zhāo	dǎn|zhāo|zhǎn
皾	dú	dú
皿	mǐn	mǐn|mǐng
盀	qǐ	qǐ
盁	yíng	yíng
盂	yú	yú
盃	bēi	bēi
盄	zhāo	zhāo
盅	zhōng	chōng|zhōng
盆	pén	pén
盇	hé	hé
盈	yíng	yíng
盉	hé	hé
益	yì	yì
盋	bō	bō
盌	wǎn	wǎn
盍	hé	hé|kě
盎	àng	àng
盏	zhǎn	zhǎn
盐	yán	yán
监	jiān	jiàn|jiān
盒	hé	hé|ān
盓	yū	wū|yū
盔	kuī	kuī
盕	fàn	fàn
盖	gài	gai|gài|gě
盗	dào	dào
盘	pán	pan|pán
盙	fǔ	fǔ
盚	qiú	qiú
盛	shèng	chéng|shèng
盜	dào	dào
盝	lù	lù
盞	zhǎn	zhǎn
盟	méng	mèng|méng|míng
盠	lí	lí
盡	jǐn	jìn|jǐn
盢	xù	xù
監	jiān	jiàn|jiān|kàn
盤	pán	pan|pán|xuán
盥	guàn	guàn
盦	ān	ān
盧	lú	léi|lú|lǘ
盨	xǔ	xǔ
盩	zhōu	chóu|zhōu
盪	dàng	dàng
盫	ān	ān
盬	gǔ	gù|gū|gǔ
盭	lì	lì
目	mù	mù
盯	dīng	chéng|dīng
盰	gàn	gàn
盱	xū	xū
盲	máng	máng
盳	wàng	máng|wàng
直	zhí	zhí
盵	qì	qì
盶	yuǎn	yuǎn
盷	tián	mín|tián|xián
相	xiāng	xiàng|xiāng
盹	dǔn	dǔn|zhūn
盺	xīn	xīn
盻	xì	pǎn|xì
盼	pàn	fén|pàn
盽	fēng	fēng
盾	dùn	dùn|shǔn|yǔn
盿	mín	mín
眀	míng	míng
省	shěng	shěng|xiǎn|xǐng
眂	shì	shì
眃	yún	hùn|yún
眄	miàn	miàn|miǎn
眅	pān	pān
眆	fǎng	fǎng
眇	miǎo	miào|miǎo
眈	dān	chěn|dān
眉	méi	méi
眊	mào	mào|mèi
看	kàn	kàn|kān
県	xiàn	xiàn
眍	kōu	kōu
眎	shì	shì
眏	yāng	yìng|yāng|yǎng
眐	zhēng	zhēng
眑	yǎo	yǎo|āo|ǎo
眒	shēn	shēn
眓	huò	huò
眔	dà	dà
眕	zhěn	zhěn
眖	kuàng	kuàng
眗	jū	jū|kōu|xū
眘	shèn	shèn
眙	yí	chì|yí
眚	shěng	shěng
眛	mèi	mèi
眜	mò	miè|mò
眝	zhù	zhù
眞	zhēn	zhēn
真	zhēn	zhēn
眠	mián	mián|miǎn|mǐn
眡	shì	shì
眢	yuān	yuān
眣	dié	chōu|dié
眤	nì	nì
眥	zì	zì
眦	zì	zì
眧	chǎo	chǎo
眨	zhǎ	zhǎ
眩	xuàn	huàn|juàn|xuàn
眪	bǐng	bǐng|fǎng
眫	mǐ	mǐ|pàn
眬	lóng	lóng
眭	suī	huī|suī|wèi|xié
眮	tóng	tóng
眯	mī	mì|mí|mī|mǐ
眰	diè	diè|zhì
眱	dì	dì
眲	nè	nè
眳	míng	míng
眴	xuàn	shùn|xuàn|xún
眵	chī	chī
眶	kuàng	kuàng
眷	juàn	juàn
眸	móu	móu
眹	zhèn	zhèn
眺	tiào	tiào
眻	yáng	yáng
眼	yǎn	wěn|yǎn
眽	mò	mì|mò
眾	zhòng	zhòng
眿	mò	mò
着	zhe	zhe|zhuó|zháo|zhāo
睁	zhēng	zhēng
睂	méi	méi
睃	suō	juān|jùn|suō
睄	shào	qiáo|shào|xiāo
睅	hàn	hàn
睆	huàn	huàn|huǎn
睇	dì	dì|tí|tī
睈	chěng	chěng
睉	cuó	cuó|zhuài
睊	juàn	juàn
睋	é	é
睌	mǎn	mǎn
睍	xiàn	xiàn
睎	xī	xī
睏	kùn	kùn
睐	lài	lài
睑	jiǎn	jiǎn
睒	shǎn	shǎn
睓	tiǎn	tiǎn
睔	gùn	gùn|huán|lǔn
睕	wǎn	wàn|wān|wǎn
睖	lèng	chēng|lèng
睗	shì	shì
睘	qióng	qióng
睙	liè	liè
睚	yá	yá
睛	jīng	jing|jīng|jǐng
睜	zhēng	zhēng
睝	lí	lí
睞	lài	lài
睟	suì	suì|zuì
睠	juàn	juàn
睡	shuì	shuì
睢	suī	huī|suī|wěi
督	dū	dū
睤	bì	bì
睥	pì	pì
睦	mù	mù
睧	hūn	hūn
睨	nì	nì
睩	lù	lù
睪	yì	dù|gāo|yì|zé
睫	jié	jié|shè
睬	cǎi	cǎi
睭	zhǒu	zhǒu
睮	yú	yú
睯	hūn	hūn
睰	mà	mà
睱	xià	xià|xiá
睲	xǐng	xìng|xǐng
睳	huī	huī
睴	gùn	gùn
睵	zāi	zāi
睶	chǔn	chǔn
睷	jiān	jiān
睸	mèi	mèi
睹	dǔ	dǔ
睺	hóu	hóu
睻	xuān	xuān
睼	tiàn	tiàn
睽	kuí	jì|kuì|kuí
睾	gāo	gāo|hào
睿	ruì	ruì
瞀	mào	mào|wú
瞁	xù	xù
瞂	fá	fá
瞃	wò	wò
瞄	miáo	miáo
瞅	chǒu	chǒu
瞆	kuì	kuì
瞇	mī	mì|mī|mǐ
瞈	wěng	wěng
瞉	kòu	jì|kòu
瞊	dàng	dàng
瞋	chēn	chēn|shèn|tiàn|tián
瞌	kē	kē
瞍	sǒu	sǒu
瞎	xiā	xiā
瞏	qióng	huán|qióng
瞐	mò	mò
瞑	míng	mián|méng|míng
瞒	mán	mán
瞓	fèn	fèn
瞔	zé	zé
瞕	zhàng	zhàng
瞖	yì	yì
瞗	diāo	diāo|dōu
瞘	kōu	kōu
瞙	mò	mò
瞚	shùn	shùn
瞛	cōng	cōng
瞜	lōu	lóu|lōu|lǘ
瞝	chī	chī
瞞	mán	mán|mèn|mén
瞟	piǎo	piào|piāo|piǎo
瞠	chēng	chēng|zhèng
瞡	guī	guī
瞢	méng	máng|mèng|méng
瞣	wàn	wàn
瞤	rún	rún|shùn
瞥	piē	bì|piē
瞦	xī	xī
瞧	qiáo	qiáo
瞨	pú	pú
瞩	zhǔ	zhǔ
瞪	dèng	dèng
瞫	shěn	shěn
瞬	shùn	shùn
瞭	liào	liào|liǎo
瞮	chè	chè
瞯	xián	jiàn|xián
瞰	kàn	kàn
瞱	yè	yè
瞲	xù	xuè|xù
瞳	tóng	tóng
瞴	móu	mí|móu|wǔ
瞵	lín	lián|lìn|lín
瞶	guì	guì|kuì|wèi
瞷	jiàn	jiàn|xián
瞸	yè	yè
瞹	ài	ài
瞺	huì	huì
瞻	zhān	zhān
瞼	jiǎn	jiǎn
瞽	gǔ	gǔ
瞾	zhào	zhào
瞿	qú	jí|jù|qú
矀	méi	méi
矁	chǒu	chǒu
矂	sào	sào
矃	nǐng	chēng|nǐng
矄	xūn	xūn
矅	yào	yào
矆	huò	huò|wò|xuē|yuè
矇	méng	méng|mēng|měng
矈	mián	mián
矉	pín	pín
矊	mián	mián
矋	lěi	lěi
矌	kuàng	guō|kuàng
矍	jué	jué
矎	xuān	xuàn|xuān
矏	mián	mián
矐	huò	huò
矑	lú	lú
矒	méng	méng
矓	lóng	lóng
矔	guàn	guàn|quán
矕	mǎn	mán|mǎn
矖	xǐ	lí|xǐ
矗	chù	chù
矘	tǎng	tǎng
矙	kàn	kàn
矚	zhǔ	zhǔ
矛	máo	máo
矜	jīn	guān|jīn|qín
矝	jīn	jīn
矞	yù	jué|xù|yù
矟	shuò	shuò
矠	zé	zhuó|zé
矡	jué	jué
矢	shǐ	shǐ
矣	yǐ	xián|yǐ
矤	shěn	shěn
知	zhī	zhì|zhī
矦	hóu	hóu
矧	shěn	shěn
矨	yǐng	yǐng
矩	jǔ	ju|jǔ
矪	zhōu	zhōu
矫	jiǎo	jiáo|jiǎo
矬	cuó	cuó
短	duǎn	duǎn
矮	ǎi	ǎi
矯	jiǎo	jiáo|jiāo|jiǎo
矰	zēng	zēng
矱	yuē	yuē
矲	bà	bà
石	shí	dàn|shí
矴	dìng	dìng
矵	qì	diāo|qì
矶	jī	jī
矷	zǐ	zǐ
矸	gān	gàn|gān|gǎn|hàn
矹	wù	wù
矺	zhé	dā|zhé
矻	kū	kū|qià
矼	gāng	gāng|kòng|qiāng
矽	xì	xì|xī
矾	fán	fán
矿	kuàng	kuàng
砀	dàng	dàng
码	mǎ	mǎ
砂	shā	shā
砃	dān	dān
砄	jué	jué
砅	lì	lì
砆	fū	fū
砇	mín	mín
砈	ě	ě
砉	huā	huò|huā|xū
砊	kāng	kàng|kāng
砋	zhǐ	zhǐ
砌	qì	qiè|qì
砍	kǎn	kǎn
砎	jiè	jiè
砏	bīn	bīn|fēn|pīn
砐	è	è
砑	yà	yà
砒	pī	pī
砓	zhé	zhé
研	yán	xíng|yàn|yán
砕	suì	suì
砖	zhuān	zhuān
砗	chē	chē
砘	dùn	dùn
砙	wǎ	wǎ
砚	yàn	yàn
砛	jīn	jīn
砜	fēng	fēng
砝	fǎ	fǎ|gé|jié
砞	mò	mò
砟	zhǎ	zhà|zhǎ|zuó
砠	jū	jū|zū
砡	yù	yù
砢	kē	kē|luǒ
砣	tuó	tuó
砤	tuó	tuó
砥	dǐ	dǐ|zhǐ
砦	zhài	zhài
砧	zhēn	zhēn
砨	è	è
砩	fú	fèi|fú
砪	mǔ	mǔ
砫	zhù	zhù|zhǔ
砬	lá	lá|lì|lā
砭	biān	biān
砮	nǔ	nú|nǔ
砯	pīng	pīng
砰	pēng	pèng|pēng|pīng
砱	líng	líng
砲	pào	báo|pào|pū
砳	lè	lè
破	pò	pò
砵	bō	bō|è
砶	pò	pò
砷	shēn	shēn
砸	zá	zá
砹	ài	ài
砺	lì	lì
砻	lóng	lóng
砼	tóng	tóng
砽	yòng	yòng
砾	lì	lì
砿	kuàng	kuàng
础	chǔ	chǔ
硁	kēng	kēng
硂	quán	quán
硃	zhū	zhū
硄	kuāng	guāng|kuāng
硅	guī	guī|hè
硆	è	è
硇	náo	náo
硈	qià	qià
硉	lù	lù
硊	huì	guì|huì|wěi
硋	ài	ài
硌	gè	gè|luò|lì
硍	yín	kèn|kēng|xiàn|yín|yǐn
硎	xíng	kēng|xíng
硏	yán	yàn|yán
硐	dòng	dòng|liú|tóng
硑	pēng	píng|pēng
硒	xī	xī
硓	lǎo	lǎo
硔	hóng	gǒng|hóng
硕	shuò	shuò
硖	xiá	xiá
硗	qiāo	qiāo
硘	qing	qing
硙	wèi	wèi|wéi
硚	qiáo	qiáo
硛	yì	yì
硜	kēng	kēng|qìng
硝	xiāo	qiào|xiāo
硞	què	kè|kù|què
硟	chàn	chàn
硠	láng	láng
硡	hōng	hōng
硢	yú	yú
硣	xiāo	xiāo
硤	xiá	xiá
硥	mǎng	bàng|mǎng
硦	luò	luò|lòng
硧	yǒng	tóng|yǒng
硨	chē	chē
硩	chè	chè
硪	wò	wò|yǐ|é
硫	liú	chù|liú
硬	yìng	gěng|yìng
硭	máng	máng
确	què	què
硯	yàn	yàn
硰	shā	shā
硱	kǔn	kǔn
硲	yù	yù
硳	chì	chì
硴	huā	huā
硵	lǔ	lǔ
硶	chěn	chěn|cén
硷	jiǎn	jiǎn
硸	nüè	nüè
硹	sōng	sōng
硺	zhuó	zhuó
硻	kēng	kēng|kěng
硼	péng	péng|pēng
硽	yān	yān|yǎn
硾	zhuì	duǒ|zhuì
硿	kōng	kòng|kōng
碀	chéng	chéng
碁	qí	qí
碂	zòng	cóng|zòng
碃	qìng	qìng
碄	lín	lín
碅	jūn	jūn
碆	bō	bō
碇	dìng	dìng
碈	hūn	hūn|mín
碉	diāo	diāo
碊	jiān	jiān|zhàn
碋	hè	hè
碌	lù	liù|luò|lù
碍	ài	ài
碎	suì	suì
碏	què	què|xī
碐	léng	léng
碑	bēi	bēi
碒	yín	yín
碓	duì	duì|duī
碔	wǔ	wǔ
碕	qí	qí|qī|qǐ
碖	lǔn	lùn|lún|lǔn
碗	wǎn	wǎn
碘	diǎn	diǎn
碙	náo	gāng|náo
碚	bèi	bèi
碛	qì	qì
碜	chěn	chěn
碝	ruǎn	ruǎn
碞	yán	yán
碟	dié	dié|shé
碠	dìng	dìng
碡	zhóu	dú|zhóu
碢	tuó	tuó
碣	jié	jié|kě|yà
碤	yīng	yīng
碥	biǎn	biǎn
碦	kè	kè
碧	bì	bì
碨	wèi	wèi|wěi
碩	shuò	shuò
碪	zhēn	kàn|zhēn|ǎn
碫	duàn	duàn
碬	xiá	xiá
碭	dàng	dàng
碮	tí	dī|tí
碯	nǎo	nǎo
碰	pèng	pèng
碱	jiǎn	jiǎn|xián
碲	dì	dì
碳	tàn	tàn
碴	chá	chá|chā
碵	tián	tián
碶	qì	qì
碷	dùn	dùn
碸	fēng	fēng
碹	xuàn	xuàn
確	què	què
碻	què	qiāo|què
碼	mǎ	mǎ
碽	gōng	gōng
碾	niǎn	niǎn
碿	sù	sù|xiè
磀	é	é
磁	cí	cí
磂	liú	liù|liú
磃	sī	sī|tí
磄	táng	táng
磅	bàng	bàng|páng|pāng
磆	huá	gū|huá|kě
磇	pī	pī
磈	wěi	kuǐ|wěi
磉	sǎng	sǎng
磊	lěi	lěi
磋	cuō	cuō
磌	tián	tián
磍	xiá	qià|xiá|yà
磎	xī	qī|xī
磏	lián	lián|qiān
磐	pán	pán
磑	wéi	gài|wèi|wéi|ái
磒	yǔn	yǔn
磓	duī	duī|zhuì
磔	zhé	zhé
磕	kē	kē|kě
磖	lá	lá|lā
磗	zhuān	zhuān
磘	yáo	yáo
磙	gǔn	gǔn
磚	zhuān	tuán|tuó|zhuān
磛	chán	chán
磜	qì	qì|qī
磝	áo	qiāo|áo
磞	pēng	pēng
磟	liù	liù|lù
磠	lǔ	lǔ
磡	kàn	kàn
磢	chuǎng	chuǎng
磣	chěn	chěn|cà
磤	yǐn	yīn|yǐn
磥	lěi	léi|lěi
磦	biāo	biāo
磧	qì	qì
磨	mó	mo|mò|mó
磩	qì	qì|zhú
磪	cuī	cuī
磫	zōng	zōng
磬	qìng	qìng|qǐng
磭	chuò	chuò
磮	lún	lún
磯	jī	jī
磰	shàn	shàn
磱	láo	láo
磲	qú	qú
磳	zēng	zēng
磴	dèng	dèng|dēng
磵	jiàn	jiàn
磶	xì	xì
磷	lín	lìn|lín|líng|lǐn
磸	dìng	dìng
磹	tán	diàn|tán
磺	huáng	gǒng|huáng|kuàng
磻	pán	bō|pán
磼	zá	shé|zá
磽	qiāo	qiào|qiāo|qiǎo|áo
磾	dī	dī
磿	lì	lì
礀	jiàn	jiàn
礁	jiāo	jiāo
礂	xī	xī
礃	zhǎng	zhǎng
礄	qiáo	qiáo
礅	dūn	dūn
礆	jiǎn	jiǎn|xiǎn
礇	yù	yù
礈	zhuì	zhuì
礉	hé	hé|qiào|qiāo|áo
礊	kè	huò|kè
礋	zé	zé
礌	léi	lèi|léi|lěi
礍	jié	jié
礎	chǔ	chǔ
礏	yè	yè
礐	què	hú|què
礑	dàng	dàng
礒	yǐ	yǐ
礓	jiāng	jiāng
礔	pī	pī
礕	pī	pī
礖	yù	yù
礗	pīn	pīn
礘	è	qì|è
礙	ài	yí|ài
礚	kē	kē
礛	jiān	jiān
礜	yù	yù
礝	ruǎn	ruǎn
礞	méng	méng
礟	pào	pào
礠	cí	cí
礡	bó	bó
礢	yǎng	yǎng
礣	mà	mà
礤	cǎ	cǎ
礥	xián	xián|xín
礦	kuàng	gǒng|kuàng
礧	léi	lèi|léi|lěi
礨	lěi	lěi
礩	zhì	zhì
礪	lì	lì
礫	lì	luò|lì
礬	fán	fán
礭	què	què
礮	pào	pào
礯	yīng	yīng
礰	lì	lì
礱	lóng	lóng
礲	lóng	lóng
礳	mò	mò
礴	bó	bó
礵	shuāng	shuāng
礶	guàn	guàn
礷	lán	lán
礸	cǎ	cǎ
礹	yán	yán|yǎn
示	shì	qí|shì|shí|zhì
礻	shì	shì
礼	lǐ	lǐ
礽	réng	réng
社	shè	shè
礿	yuè	yuè
祀	sì	sì
祁	qí	qí|zhǐ
祂	tā	tā
祃	mà	mà
祄	xiè	xiè
祅	yāo	yāo
祆	xiān	xiān
祇	qí	chí|qí|zhī|zhǐ
祈	qí	guǐ|qí
祉	zhǐ	zhǐ
祊	bēng	bēng|fāng
祋	duì	duì
祌	zhòng	chōng|zhòng
祍	rèn	rèn
祎	yī	yī
祏	shí	shí
祐	yòu	yòu
祑	zhì	zhì
祒	tiáo	tiáo
祓	fú	fèi|fú
祔	fù	fù
祕	mì	bì|mì
祖	zǔ	jiē|zǔ
祗	zhī	zhī
祘	suàn	suàn
祙	mèi	mèi
祚	zuò	zuò
祛	qū	qū
祜	hù	hù
祝	zhù	chù|zhòu|zhù
神	shén	shen|shén|shēn
祟	suì	suì
祠	cí	cí|sì
祡	chái	chái
祢	mí	mí|nǐ
祣	lǚ	lǚ
祤	yǔ	yǔ
祥	xiáng	xiáng
祦	wú	wú
祧	tiāo	tiāo
票	piào	piào|piāo
祩	zhù	zhù
祪	guǐ	guǐ
祫	xiá	xiá
祬	zhī	zhī
祭	jì	jì|zhài
祮	gào	gào
祯	zhēn	zhēn
祰	gào	gào
祱	shuì	lèi|shuì
祲	jìn	jìn
祳	shèn	shèn
祴	gāi	gāi
祵	kǔn	kǔn
祶	dì	dì
祷	dǎo	dǎo
祸	huò	huò
祹	táo	táo
祺	qí	qí
祻	gù	gù
祼	guàn	guàn
祽	zuì	zuì
祾	líng	líng
祿	lù	lù
禀	bǐng	bǐng
禁	jìn	jìn|jīn
禂	dǎo	dǎo
禃	zhí	zhí
禄	lù	lù
禅	chán	chán|shàn
禆	bì	bì
禇	zhě	zhě
禈	huī	huī
禉	yǒu	yǒu
禊	xì	xì
禋	yīn	yīn
禌	zī	zī
禍	huò	huò
禎	zhēn	zhēn|zhēng
福	fú	fù|fú
禐	yuàn	yuàn
禑	wú	wú
禒	xiǎn	xiǎn
禓	yáng	shāng|yáng
禔	zhī	zhī
禕	yī	yī
禖	méi	méi
禗	sī	sī
禘	dì	dì
禙	bèi	bèi
禚	zhuó	zhuó
禛	zhēn	zhēn
禜	yǒng	yíng|yǒng
禝	jì	jì
禞	gào	gào
禟	táng	táng
禠	sī	sī
禡	mà	mà
禢	tà	tà
禣	fù	fù
禤	xuān	xuān
禥	qí	qí
禦	yù	yù
禧	xǐ	xī|xǐ
禨	jī	jì|jī|qí
禩	sì	sì
禪	chán	chán|shàn|tán
禫	dàn	dàn
禬	guì	guì
禭	suì	suì
禮	lǐ	lǐ
禯	nóng	nóng
禰	mí	mí|nǐ|xiǎn
禱	dǎo	dǎo
禲	lì	lì
禳	ráng	ráng
禴	yuè	yuè
禵	tí	tí
禶	zàn	zàn
禷	lèi	lèi
禸	róu	róu
禹	yǔ	yǔ
禺	yú	yù|yú
离	lí	chī|lí
禼	xiè	xiè
禽	qín	qín
禾	hé	hé
禿	tū	tū
秀	xiù	xiù
私	sī	sī
秂	rén	rén
秃	tū	tū
秄	zǐ	zì|zǐ
秅	chá	chá|ná
秆	gǎn	gǎn
秇	yì	yì|zhí
秈	xiān	xiān
秉	bǐng	bǐng
秊	nián	nián
秋	qiū	qiū
秌	qiū	qiū
种	zhǒng	chóng|zhòng|zhǒng
秎	fèn	fèn
秏	hào	hào|mào
秐	yún	yún
科	kē	kè|kē
秒	miǎo	miǎo
秓	zhī	zhī
秔	jīng	jīng
秕	bǐ	bǐ
秖	zhī	zhī
秗	yù	yù
秘	mì	bié|bì|mì
秙	kù	kù
秚	bàn	bàn
秛	pī	pī
秜	ní	nì|ní
秝	lì	lì
秞	yóu	yóu
租	zū	jū|zū
秠	pī	pī
秡	bó	bó
秢	líng	líng
秣	mò	mò
秤	chèng	chèng|chēng|píng
秥	nián	nián
秦	qín	qín
秧	yāng	yāng
秨	zuó	zuó
秩	zhì	zhì
秪	zhī	zhī
秫	shú	shú
秬	jù	jù
秭	zǐ	zǐ
秮	huó	huó
积	jī	jī|zhǐ
称	chēng	chèn|chèng|chēng
秱	tóng	tóng
秲	zhì	shì|zhì
秳	huó	huó|kuò
秴	hé	gé|hé
秵	yīn	yīn
秶	zī	zī
秷	zhì	zhì
秸	jiē	jiē|jí
秹	rěn	rěn
秺	dù	dù
移	yí	chǐ|yì|yí
秼	zhū	zhū
秽	huì	huì
秾	nóng	nóng
秿	fù	bū|fù|pū
稀	xī	xī
稁	gǎo	gǎo
稂	láng	láng
稃	fū	fū
稄	xùn	xùn|zè
稅	shuì	shuì
稆	lǚ	lǚ
稇	kǔn	kǔn
稈	gǎn	gǎn
稉	jīng	jīng
稊	tí	tí
程	chéng	chéng
稌	tú	shǔ|tú
稍	shāo	shào|shāo
税	shuì	shuì|tuàn|tuì|tuō
稏	yà	yà
稐	lǔn	lǔn
稑	lù	lù
稒	gù	gù
稓	zuó	zuó
稔	rěn	rěn
稕	zhùn	zhùn|zhǔn
稖	bàng	bàng
稗	bài	bài
稘	jī	jī|qí
稙	zhī	zhì|zhī
稚	zhì	zhì
稛	kǔn	kǔn
稜	léng	lèng|léng|líng
稝	péng	péng
稞	kē	huà|kē
稟	bǐng	bǐng|lǐn
稠	chóu	chóu|diào|tiáo
稡	zuì	sū|zuì|zú
稢	yù	yù
稣	sū	sū
稤	lüè	lüè
稥	xiāng	xiāng
稦	yī	yī
稧	xì	qiè|xì
稨	biǎn	biǎn
稩	jì	jì
稪	fú	fú
稫	pì	bì|pì
稬	nuò	nuò
稭	jiē	jiē
種	zhǒng	chóng|zhòng|zhǒng
稯	zōng	zōng|zǒng
稰	xǔ	xū|xǔ
稱	chēng	chèn|chèng|chēng
稲	dào	dào
稳	wěn	wěn
稴	xián	jiān|liàn|liǎn|xián
稵	zī	jiū|zī
稶	yù	yù
稷	jì	jì|zè
稸	xù	xù
稹	zhěn	biān|zhēn|zhěn
稺	zhì	zhì
稻	dào	dào
稼	jià	jia|jià
稽	jī	jī|qǐ
稾	gǎo	gào|gǎo|jiào|kào
稿	gǎo	gǎo
穀	gǔ	gǔ
穁	róng	róng
穂	suì	suì
穃	rong	rong
穄	jì	jì
穅	kāng	kāng
穆	mù	mù
穇	cǎn	cēn|cǎn|shān
穈	méi	méi|mén|mí
穉	zhì	chí|tí|zhì
穊	jì	jì
穋	lù	jiū|lù
穌	sū	sū
積	jī	jī
穎	yǐng	yǐng
穏	wěn	wěn
穐	qiū	qiū
穑	sè	sè
穒	hè	hè
穓	yì	yì
穔	huáng	huáng
穕	qiè	qiè
穖	jǐ	jì|jǐ
穗	suì	suì
穘	xiāo	rào|xiāo
穙	pú	pú
穚	jiāo	jiāo
穛	zhuō	bó|zhuō
穜	tóng	tóng|zhòng|zhǒng
穝	zui	zui
穞	lǚ	lǚ
穟	suì	suì
穠	nóng	nóng
穡	sè	sè
穢	huì	huì
穣	ráng	ráng
穤	nuò	nuò
穥	yù	yù|yǔ
穦	pīn	pīn
穧	jì	jì|zì
穨	tuí	tuí
穩	wěn	wěn
穪	chēng	bié|chēng
穫	huò	huò|hù
穬	kuàng	kuàng
穭	lǚ	lǚ
穮	biāo	biāo|pāo
穯	sè	sè
穰	ráng	ráng|réng|rǎng
穱	zhuō	jué|zhuō
穲	lí	lí
穳	cuán	cuán|zàn
穴	xué	jué|xué
穵	wā	wā|yà
究	jiū	jiu|jiù|jiū
穷	qióng	qióng
穸	xī	xī
穹	qióng	kōng|qióng|qiōng
空	kōng	kòng|kōng|kǒng
穻	yū	yū|yǔ
穼	shēn	shēn
穽	jǐng	jǐng
穾	yào	yào|yǎo
穿	chuān	chuàn|chuān|yuān
窀	zhūn	tún|zhūn
突	tū	tū
窂	láo	láo
窃	qiè	qiè
窄	zhǎi	zhǎi
窅	yǎo	yǎo
窆	biǎn	biǎn
窇	báo	báo
窈	yǎo	yào|yǎo
窉	bǐng	bǐng
窊	wā	wā
窋	zhú	kū|zhú
窌	jiào	jiào|liáo|liù|pào
窍	qiào	qiào
窎	diào	diào
窏	wū	wū
窐	guī	guī|wā
窑	yáo	yáo
窒	zhì	dié|zhì
窓	chuāng	chuāng
窔	yào	yào|yǎo
窕	tiǎo	tiāo|tiǎo
窖	jiào	jiào|zào
窗	chuāng	chuāng|cōng
窘	jiǒng	jiǒng
窙	xiāo	xiāo
窚	chéng	chéng
窛	kòu	kòu
窜	cuàn	cuàn
窝	wō	wō
窞	dàn	dàn
窟	kū	kū
窠	kē	kē
窡	zhuó	zhuó
窢	xū	xū
窣	sū	sū
窤	guān	guān
窥	kuī	kuī
窦	dòu	dòu
窧	zhuo	zhuo
窨	yìn	xūn|yìn|yīn
窩	wō	wō
窪	wā	wā
窫	yà	yà|yē
窬	yú	dōu|yú
窭	jù	jù
窮	qióng	qióng
窯	yáo	qiāo|yào|yáo
窰	yáo	yáo
窱	tiǎo	tiǎo
窲	cháo	cháo
窳	yǔ	yú|yǔ
窴	tián	tián
窵	diào	diào
窶	jù	jù|lóu
窷	liào	liào
窸	xī	xī
窹	wù	wù
窺	kuī	kuī|kuǐ
窻	chuāng	chuāng
窼	zhāo	kē|zhāo
窽	kuǎn	kuǎn
窾	kuǎn	cuàn|kuǎn
窿	lóng	long|lóng
竀	chēng	chèng|chēng
竁	cuì	cuì
竂	liáo	liáo
竃	zào	zào
竄	cuàn	cuàn|cuān
竅	qiào	qiào
竆	qióng	qióng
竇	dòu	dòu|dú
竈	zào	zào
竉	lǒng	lǒng
竊	qiè	qiè
立	lì	lì|wèi
竌	chù	chù
竍	shí	shí
竎	fù	fù
竏	qiān	qiān
竐	chù	chù
竑	hóng	hóng
竒	qí	qí
竓	háo	háo
竔	shēng	shēng
竕	fēn	fēn
竖	shù	shù
竗	miào	miào
竘	qǔ	kǒu|qǔ
站	zhàn	zhàn|zhān
竚	zhù	zhù
竛	líng	líng
竜	lóng	lóng|néng
竝	bìng	bìng
竞	jìng	jìng
竟	jìng	jìng
章	zhāng	zhàng|zhāng
竡	bǎi	bǎi
竢	sì	sì
竣	jùn	jùn
竤	hóng	hóng
童	tóng	tóng|zhōng
竦	sǒng	sǒng
竧	jìng	jìng|zhěn
竨	diào	diào
竩	yì	yì
竪	shù	shù
竫	jìng	jìng
竬	qǔ	qǔ
竭	jié	jié
竮	pīng	pīng
端	duān	duān
竰	lí	lí
竱	zhuǎn	zhuǎn
竲	céng	céng
竳	dēng	dēng
竴	cūn	cūn
竵	wāi	huā|wāi
競	jìng	jìng
竷	kǎn	kàn|kǎn
竸	jìng	jìng
竹	zhú	zhú
竺	zhú	dǔ|zhú
竻	lè	jīn|lè
竼	péng	péng
竽	yú	yú
竾	chí	chí
竿	gān	gàn|gān|gǎn
笀	máng	máng
笁	zhú	zhú
笂	wán	wán
笃	dǔ	dǔ
笄	jī	jī
笅	jiǎo	jiǎo
笆	bā	ba|bā
笇	suàn	suàn
笈	jí	jí
笉	qǐn	qǐn
笊	zhào	zhào
笋	sǔn	sǔn
笌	yá	yá
笍	zhuì	ruì|zhuì
笎	yuán	yuán
笏	hù	hù|wù|wěn
笐	háng	hàng|háng
笑	xiào	xiào
笒	cén	cén|hán|jìn
笓	bì	bì|bī|pí
笔	bǐ	bǐ
笕	jiǎn	jiǎn
笖	yǐ	yǐ
笗	dōng	dōng
笘	shān	shān
笙	shēng	shēng
笚	dā	dā|nà|xiá
笛	dí	dí
笜	zhú	zhú
笝	nà	nà
笞	chī	chī
笟	gū	gū
笠	lì	lì
笡	qiè	qiè
笢	mǐn	mǐn
笣	bāo	bāo
笤	tiáo	shào|tiáo
笥	sì	sì
符	fú	fú
笧	cè	cè|shàn
笨	bèn	bèn
笩	fá	fá
笪	dá	dá
笫	zǐ	zǐ
第	dì	dì
笭	líng	líng
笮	zé	zhà|zuó|zé
笯	nú	nú
笰	fú	fèi|fú
笱	gǒu	gǒu
笲	fán	fán
笳	jiā	jiā
笴	gǎn	gǎn
笵	fàn	fàn
笶	shǐ	shǐ
笷	mǎo	mǎo
笸	pǒ	pǒ
笹	tì	tì
笺	jiān	jiān
笻	qióng	qióng
笼	lóng	long|lóng|lǒng
笽	mǐn	mǐn
笾	biān	biān
笿	luò	luò
筀	guì	guì
筁	qū	qū
筂	chí	chí
筃	yīn	yīn
筄	yào	yào
筅	xiǎn	xiǎn
筆	bǐ	bǐ
筇	qióng	qióng
筈	kuò	kuò
等	děng	děng
筊	xiáo	jiào|jiǎo|xiáo
筋	jīn	jīn|qián
筌	quán	quán
筍	sǔn	sǔn|xùn|yún
筎	rú	rú
筏	fá	fá
筐	kuāng	kuāng
筑	zhù	zhù|zhú
筒	tǒng	dòng|tóng|tǒng
筓	jī	jī
答	dá	dá|dā
筕	háng	háng
策	cè	cè
筗	zhòng	zhòng
筘	kòu	kòu
筙	lái	lái
筚	bì	bì
筛	shāi	shāi
筜	dāng	dāng
筝	zhēng	zhēng
筞	cè	cè
筟	fū	fū
筠	yún	jūn|yún
筡	tú	tú
筢	pá	pá
筣	lí	lí
筤	láng	làng|láng
筥	jǔ	jǔ
筦	guǎn	guǎn
筧	jiǎn	jiǎn|xiàn
筨	hán	hán
筩	tóng	dòng|tóng|tǒng|yǒng
筪	xiá	xiá
筫	zhì	zhì|zhǐ
筬	chéng	chéng
筭	suàn	suàn
筮	shì	shì
筯	zhù	zhù
筰	zuó	zuó
筱	xiǎo	xiǎo
筲	shāo	shāo
筳	tíng	tíng
筴	cè	cè|jiā
筵	yán	yán
筶	gào	gào|gǎo
筷	kuài	kuài
筸	gān	gān
筹	chóu	chóu
筺	kuāng	kuāng
筻	gàng	gàng
筼	yún	yún
筽	ōu	wú|ōu
签	qiān	qiān
筿	xiǎo	xiǎo
简	jiǎn	jiǎn
箁	póu	bù|fú|póu|pú
箂	lái	lái
箃	zōu	zōu
箄	bǐ	bì|bēi|bī|bǐ|pái
箅	bì	bì
箆	bì	bì
箇	gè	gè
箈	tái	chí|tái
箉	guǎi	dài|guǎi
箊	yū	yū
箋	jiān	jiān
箌	dào	dào|zhào
箍	gū	gū
箎	chí	chí|hǔ
箏	zhēng	zhēng
箐	qìng	jīng|qiāng|qìng
箑	shà	shà|zhá
箒	zhǒu	zhǒu
箓	lù	lù
箔	bó	bó
箕	jī	jī
箖	lín	lín|lǐn
算	suàn	suan|suàn
箘	jùn	jùn|qūn
箙	fú	fú
箚	zhá	zhá
箛	gū	gū
箜	kōng	kōng
箝	qián	qián
箞	qiān	qiān
箟	jùn	jùn
箠	chuí	chuí|zhuī
管	guǎn	guǎn
箢	yuān	wǎn|yuān
箣	cè	cè
箤	zú	zú
箥	bǒ	bǒ
箦	zé	zé
箧	qiè	qiè
箨	tuò	tuò
箩	luó	luó
箪	dān	dān
箫	xiāo	xiāo
箬	ruò	nà|ruò
箭	jiàn	jiàn
箮	xuān	xuān
箯	biān	biān
箰	sǔn	sǔn
箱	xiāng	xiāng
箲	xiǎn	xiǎn
箳	píng	píng
箴	zhēn	jiǎn|zhēn
箵	xīng	shěng|xīng|xǐng
箶	hú	hú
箷	yí	shī|yí
箸	zhù	zhuó|zhù
箹	yuē	chuò|yuē|yào
箺	chūn	chūn
箻	lǜ	lǜ
箼	wū	wū
箽	dǒng	dǒng
箾	shuò	qiào|shuò|xiāo
箿	jí	jí
節	jié	jié|jiē
篁	huáng	huáng
篂	xīng	xīng
篃	mèi	mèi
範	fàn	fàn
篅	chuán	chuán|duān
篆	zhuàn	zhuàn
篇	piān	piān
篈	fēng	fēng
築	zhú	zhù|zhú
篊	huáng	huáng|hóng
篋	qiè	qiè
篌	hóu	hóu
篍	qiū	qiū
篎	miǎo	miǎo
篏	qiàn	qiàn
篐	gū	gū
篑	kuì	kuì
篒	shi	shi
篓	lǒu	lǒu
篔	yún	xūn|yún
篕	hé	hé
篖	táng	táng
篗	yuè	yuè
篘	chōu	chōu
篙	gāo	gāo
篚	fěi	fěi
篛	ruò	ruò
篜	zhēng	zhēng
篝	gōu	gōu
篞	niè	niè
篟	qiàn	qiàn
篠	xiǎo	xiǎo
篡	cuàn	cuàn
篢	lǒng	gōng|gǎn|lǒng
篣	péng	páng|péng
篤	dǔ	dǔ
篥	lì	lì
篦	bì	bì|pí
篧	zhuó	huò|zhuó
篨	chú	chú
篩	shāi	shāi|shī
篪	chí	chí
篫	zhù	zhù
篬	qiāng	cāng|qiāng
篭	lóng	lóng
篮	lán	lán
篯	jiān	jiān
篰	bù	bù
篱	lí	lí
篲	huì	huì|suì
篳	bì	bì
篴	dí	dí|zhú
篵	cōng	cōng
篶	yān	yān
篷	péng	peng|péng
篸	cǎn	cēn|cǎn|zān
篹	zhuàn	suǎn|zhuàn|zuǎn
篺	pí	pí
篻	piǎo	biāo|piǎo
篼	dōu	dōu
篽	yù	yù
篾	miè	miè
篿	tuán	tuán|zhuān
簀	zé	zhài|zé
簁	shāi	shāi
簂	guì	guì|guó
簃	yí	yí
簄	hù	hù
簅	chǎn	chǎn
簆	kòu	kòu
簇	cù	chuò|còu|cù
簈	píng	píng
簉	zào	chòu|zào
簊	jī	jī
簋	guǐ	guǐ
簌	sù	sù
簍	lǒu	jù|lǒu|lǚ
簎	cè	cè|jí
簏	lù	lù
簐	niǎn	niǎn
簑	suō	suō
簒	cuàn	cuàn
簓	diāo	diāo
簔	suō	suō
簕	lè	lè
簖	duàn	duàn
簗	zhù	zhù
簘	xiāo	xiāo
簙	bó	bó
簚	mì	mì
簛	shāi	shāi|sī
簜	dàng	dàng|tāng
簝	liáo	liáo
簞	dān	dān
簟	diàn	diàn
簠	fǔ	fǔ
簡	jiǎn	jiǎn
簢	mǐn	mǐn
簣	kuì	kuì
簤	dài	dài
簥	jiāo	jiāo
簦	dēng	dēng
簧	huáng	huáng
簨	sǔn	sǔn|zhuàn
簩	láo	láo
簪	zān	zān|zǎn
簫	xiāo	xiāo|xiǎo
簬	lù	lù
簭	shì	shì
簮	zān	zān
簯	qi	qi
簰	pái	pái
簱	qí	qí
簲	pái	pái
簳	gǎn	gàn|gǎn
簴	jù	jù
簵	lù	lù
簶	lù	lù
簷	yán	yán
簸	bǒ	bò|bǒ
簹	dāng	dāng
簺	sài	sài
簻	zhuā	kē|zhuā
簼	gōu	gōu
簽	qiān	qiān
簾	lián	lián
簿	bù	bó|bù
籀	zhòu	zhòu
籁	lài	lài
籂	shi	shi
籃	lán	lán
籄	kuì	kuì
籅	yú	yú
籆	yuè	yuè
籇	háo	háo
籈	zhēn	jiān|zhēn
籉	tái	tái
籊	tì	tì
籋	niè	mí|niè
籌	chóu	chóu|táo
籍	jí	jiè|jí
籎	yí	yí
籏	qí	qí
籐	téng	téng
籑	zhuàn	zhuàn|zuǎn
籒	zhòu	zhòu
籓	fān	bān|fān|pān
籔	sǒu	shǔ|sǒu
籕	zhòu	zhòu
籖	qian	qian
籗	zhuó	zhuó
籘	téng	téng
籙	lù	lù
籚	lú	lú
籛	jiǎn	jiān|jiǎn
籜	tuò	tuò
籝	yíng	yíng
籞	yù	yù
籟	lài	lài
籠	lóng	long|lóng|lǒng
籡	qiè	qiè
籢	lián	lián
籣	lán	lán
籤	qiān	qiān
籥	yuè	yuè
籦	zhōng	zhōng
籧	qú	jǔ|qú
籨	lián	lián
籩	biān	biān
籪	duàn	duàn
籫	zuǎn	zuǎn
籬	lí	lí
籭	sī	sī
籮	luó	luó
籯	yíng	yíng
籰	yuè	yuè
籱	zhuó	zhuó
籲	yù	yù
米	mǐ	mǐ
籴	dí	dí|zá
籵	fán	fán
籶	shēn	shēn
籷	zhé	zhé
籸	shēn	shēn
籹	nǚ	nǚ
籺	hé	hé
类	lèi	lèi
籼	xiān	xiān
籽	zǐ	zǐ
籾	ní	ní
籿	cùn	cùn
粀	zhàng	zhàng
粁	qiān	qiān
粂	zhāi	zhāi
粃	bǐ	bǐ|pī
粄	bǎn	bǎn
粅	wù	wù
粆	shā	chǎo|shā
粇	kāng	jīng|kāng
粈	róu	róu
粉	fěn	fěn
粊	bì	bì
粋	cuì	cuì
粌	yin	yin
粍	zhé	zhé
粎	mǐ	mǐ
粏	tai	tai
粐	hù	hù
粑	bā	bā
粒	lì	lì
粓	gān	gān
粔	jù	jù
粕	pò	pò
粖	mò	mò
粗	cū	cū
粘	zhān	nián|zhān
粙	zhòu	zhòu
粚	chī	chī
粛	sù	sù
粜	tiào	tiào
粝	lì	lì
粞	xī	xī
粟	sù	sù
粠	hóng	hóng
粡	tóng	tóng
粢	zī	cí|jì|zī
粣	cè	cè|sè
粤	yuè	yuè
粥	zhōu	yù|zhōu
粦	lín	lín
粧	zhuāng	zhuāng
粨	bǎi	bǎi
粩	lāo	lāo
粪	fèn	fèn
粫	ér	ér
粬	qū	qū
粭	hé	hé
粮	liáng	liáng
粯	xiàn	xiàn
粰	fú	fú|fū
粱	liáng	liáng
粲	càn	càn
粳	jīng	jīng
粴	lǐ	lǐ
粵	yuè	yuè
粶	lù	lù
粷	jú	jú
粸	qí	qí
粹	cuì	cuì|suì
粺	bài	bài
粻	zhāng	zhāng
粼	lín	lín|lǐn
粽	zòng	zòng
精	jīng	jìng|jīng|qíng
粿	guǒ	guǒ|huà
糀	huā	huā
糁	sǎn	shēn|sǎn
糂	sǎn	sǎn
糃	táng	táng
糄	biǎn	biān|biǎn
糅	róu	róu
糆	miàn	miàn
糇	hóu	hóu
糈	xǔ	xǔ
糉	zòng	zòng
糊	hú	hu|hù|hú|hū
糋	jiàn	jiàn
糌	zān	zān
糍	cí	cí
糎	lí	lí
糏	xiè	xiè
糐	fū	fū
糑	nuò	nuò
糒	bèi	bèi
糓	gǔ	gǔ
糔	xiǔ	xiǔ
糕	gāo	gāo
糖	táng	táng
糗	qiǔ	qiǔ
糘	jiā	jiā
糙	cāo	cāo
糚	zhuāng	zhuāng
糛	táng	táng
糜	mí	méi|mí
糝	sǎn	shēn|sān|sǎn
糞	fèn	fèn
糟	zāo	zāo
糠	kāng	kāng
糡	jiàng	jiàng
糢	mó	mó
糣	sǎn	sǎn
糤	sǎn	sǎn
糥	nuò	nuò
糦	xī	xī
糧	liáng	liáng
糨	jiàng	jiàng|jiāng
糩	kuài	kuài
糪	bò	bò
糫	huán	huán
糬	shǔ	shǔ
糭	zòng	zòng
糮	xiàn	xiàn
糯	nuò	nuò
糰	tuán	tuán
糱	niè	niè
糲	lì	lì
糳	zuò	zuò
糴	dí	dí
糵	niè	niè
糶	tiào	diào|tiào
糷	làn	làn
糸	mì	mì|sī
糹	sī	sī
糺	jiū	jiū|jiǔ
系	xì	jì|xi|xì
糼	gōng	gōng
糽	zhěng	zhēng|zhěng
糾	jiū	jiū|jiǎo
糿	yòu	yòu
紀	jì	jì|jǐ
紁	chà	chà
紂	zhòu	zhòu
紃	xún	xún
約	yuē	dì|yuē|yào|yāo
紅	hóng	gōng|hóng|jiàng
紆	yū	yū|ōu
紇	hé	gē|hé|jié
紈	wán	wán
紉	rèn	rèn
紊	wěn	wèn|wěn
紋	wén	wèn|wén
紌	qiú	qiú
納	nà	nà
紎	zī	zī
紏	tǒu	tǒu
紐	niǔ	niǔ
紑	fóu	fóu
紒	jì	jiè|jié|jì
紓	shū	shū
純	chún	chún|quán|tún|zhūn|zhǔn|zī
紕	pī	bì|bī|bǐ|chǐ|pí|pī
紖	zhèn	zhèn
紗	shā	miǎo|shā
紘	hóng	hóng
紙	zhǐ	zhǐ
級	jí	jí
紛	fēn	fēn
紜	yún	yún
紝	rèn	rèn
紞	dǎn	dǎn
紟	jīn	jìn|jīn
素	sù	sù
紡	fǎng	bǎng|fàng|fǎng
索	suǒ	suo|suǒ
紣	cuì	cuì
紤	jiǔ	jiǔ
紥	zā	zhā|zā
紦	ba	ba
紧	jǐn	jǐn
紨	fū	fù|fū
紩	zhì	zhì
紪	qī	qī
紫	zǐ	zǐ
紬	chóu	chóu|chōu|zhòu
紭	hóng	hóng
紮	zā	zhā|zā
累	lèi	liè|lèi|léi|lěi|lǜ
細	xì	xì
紱	fú	fú
紲	xiè	xiè|yì
紳	shēn	shēn
紴	bō	bì|bō
紵	zhù	shū|zhù
紶	qū	qū|qǔ
紷	líng	líng
紸	zhù	zhù
紹	shào	chāo|shào
紺	gàn	gàn
紻	yǎng	yǎng
紼	fú	fèi|fú
紽	tuó	tuó
紾	zhěn	jǐn|tiǎn|zhěn
紿	dài	dài
絀	chù	chù
絁	shī	shī
終	zhōng	zhōng
絃	xián	xián|xuàn
組	zǔ	qū|zǔ
絅	jiōng	jiōng|jiǒng
絆	bàn	bàn
絇	qú	qú
絈	mò	mò
絉	shù	shù
絊	zuì	zuì
絋	kuàng	kuàng
経	jīng	jīng
絍	rèn	rèn
絎	háng	háng
絏	xiè	xiè|yì
結	jié	jié|jiē|jì
絑	zhū	zhū
絒	chóu	chóu
絓	guà	guà|kuā
絔	bǎi	bǎi|mò
絕	jué	jué
絖	kuàng	kuàng
絗	hú	hú
絘	cì	cì
絙	huán	gēng|huán
絚	gēng	gēng
絛	tāo	tāo
絜	jié	jiá|jié|qià|qì|xié
絝	kù	kù
絞	jiǎo	jiào|jiǎo|xiáo
絟	quán	quán
絠	gǎi	gǎi|ǎi
絡	luò	luò|lào
絢	xuàn	xuàn|xún
絣	bēng	bēng|bīng|pēng
絤	xiàn	xiàn
絥	fú	fú
給	gěi	gěi|jǐ|xiá
絧	dòng	dòng|tóng|tōng
絨	róng	róng
絩	tiào	diào|dào|tiào
絪	yīn	yīn
絫	lěi	lěi
絬	xiè	xiè
絭	juàn	juàn
絮	xù	chù|nà|nǜ|xù
絯	gāi	gāi|hài
絰	dié	dié
統	tǒng	tǒng
絲	sī	sī
絳	jiàng	jiàng
絴	xiáng	xiáng
絵	huì	huì
絶	jué	jué
絷	zhí	zhí
絸	jiǎn	jiǎn
絹	juàn	juàn|xuàn
絺	chī	chī|zhǐ
絻	miǎn	miǎn|mán|wàn|wèn
絼	zhèn	zhèn
絽	lǚ	lǚ
絾	chéng	chéng
絿	qiú	qiú
綀	shū	shū
綁	bǎng	bǎng
綂	tǒng	tǒng
綃	xiāo	shāo|xiāo
綄	huán	huàn|huán|wàn
綅	qīn	qīn|xiān
綆	gěng	bǐng|gěng
綇	xiǔ	xiǔ
綈	tí	tì|tí
綉	tòu	tòu|xiù
綊	xié	xié
綋	hóng	hóng
綌	xì	xì
綍	fú	fú
綎	tīng	tīng
綏	suī	ruí|shuāi|suí|suī|tuǒ
綐	duì	duì
綑	kǔn	kǔn
綒	fū	fū
經	jīng	jing|jìng|jīng
綔	hù	hù
綕	zhī	zhī
綖	yán	xiàn|yán
綗	jiǒng	jiǒng
綘	féng	féng
継	jì	jì
続	xù	xù
綛	rěn	rěn
綜	zōng	zèng|zòng|zōng
綝	chēn	chēn|shēn
綞	duǒ	duǒ
綟	lì	liè|lì
綠	lǜ	lǜ
綡	liáng	liáng
綢	chóu	chóu|diào|tāo
綣	quǎn	quǎn
綤	shào	shào
綥	qí	qí
綦	qí	qì|qí
綧	zhǔn	zhùn|zhǔn
綨	qí	qí
綩	wǎn	wǎn
綪	qiàn	qiàn|qīng|zhēng
綫	xiàn	xiàn
綬	shòu	shòu
維	wéi	wéi|yí
綮	qìng	qìng|qǐ|qǐng
綯	táo	táo
綰	wǎn	wǎn
綱	gāng	gāng
網	wǎng	wǎng
綳	bēng	bēng
綴	zhuì	chuò|zhui|zhuì
綵	cǎi	cǎi
綶	guǒ	guǒ
綷	cuì	cuì|zú
綸	lún	guān|lún
綹	liǔ	liǔ
綺	qǐ	qǐ|yǐ
綻	zhàn	zhàn
綼	bì	bì
綽	chuò	chuò|chāo
綾	líng	líng
綿	mián	mián
緀	qī	qī
緁	qiè	qiè
緂	tián	chān|tián|tǎn
緃	zōng	zōng
緄	gǔn	gǔn|hùn|hún
緅	zōu	zōu
緆	xī	xī
緇	zī	zī
緈	xìng	xìng
緉	liǎng	liǎng
緊	jǐn	jǐn
緋	fēi	fēi
緌	ruí	ruí
緍	mín	mín
緎	yù	yù
総	zǒng	cōng|zǒng
緐	fán	fán
緑	lǜ	lù|lǜ
緒	xù	xù
緓	yīng	yīng
緔	shàng	shàng
緕	qi	qi
緖	xù	xù
緗	xiāng	xiāng
緘	jiān	jiān
緙	kè	kè
線	xiàn	xiàn
緛	ruǎn	ruàn|ruǎn
緜	mián	mián
緝	jī	jí|jī|qì|qī
緞	duàn	duàn
緟	chóng	chóng|zhòng
締	dì	dì
緡	mín	hún|mián|mín|mǐn
緢	miáo	miáo|máo
緣	yuán	yuàn|yuán
緤	xiè	xiè|yè
緥	bǎo	bǎo
緦	sī	sī
緧	qiū	qiū
編	biān	biàn|biān|biǎn
緩	huǎn	huǎn
緪	gēng	gèng|gēng
緫	cōng	cōng
緬	miǎn	miǎn
緭	wèi	wèi
緮	fù	fù
緯	wěi	wěi
緰	tóu	tóu|xū|yú
緱	gōu	gōu
緲	miǎo	miǎo
緳	xié	xié
練	liàn	liàn
緵	zōng	zòng|zōng
緶	biàn	biàn|biǎn|pián
緷	yùn	gǔn|yùn
緸	yīn	yīn
緹	tí	tí
緺	guā	guā
緻	zhì	zhì
緼	yùn	wēn|yùn
緽	chēng	chēng
緾	chán	chán
緿	dài	dài
縀	xiá	xiá
縁	yuán	yuán
縂	zǒng	zǒng
縃	xū	xū
縄	shéng	shéng
縅	wēi	wēi
縆	gēng	gēng
縇	xuān	xuān
縈	yíng	yíng
縉	jìn	jìn
縊	yì	yì
縋	zhuì	zhuì
縌	nì	nì
縍	bāng	bàng|bāng
縎	gǔ	gǔ|hú
縏	pán	pán
縐	zhòu	chào|cù|zhòu|zhōu
縑	jiān	jiān
縒	cī	cuò|cī|suǒ
縓	quán	quán
縔	shuǎng	shuǎng
縕	yùn	yùn
縖	xiá	xiá
縗	cuī	cuī|shuāi|suī
縘	xī	xī
縙	róng	ròng|róng|rǒng
縚	tāo	tāo
縛	fù	fù
縜	yún	yún
縝	chēn	chēn|zhěn
縞	gǎo	gǎo
縟	rù	rù|rǒng
縠	hú	hú
縡	zài	zài|zēng
縢	téng	téng
縣	xiàn	xiàn|xuán
縤	sù	sù
縥	zhěn	zhěn
縦	zòng	zòng
縧	tāo	tāo
縨	huǎng	huǎng
縩	cài	cài
縪	bì	bì
縫	fèng	fèng|féng
縬	cù	cù
縭	lí	lí
縮	suō	suō|sù
縯	yǎn	yǎn|yǐn
縰	xǐ	xǐ
縱	zòng	cóng|zòng|zǒng
縲	léi	léi
縳	juàn	juàn|zhuàn
縴	qiàn	qiàn|qiān
縵	màn	màn
縶	zhí	zhí
縷	lǚ	lǚ
縸	mù	mò|mù
縹	piǎo	piāo|piǎo
縺	lián	lián
縻	mí	mí
縼	xuàn	xuàn
總	zǒng	cōng|zōng|zǒng
績	jī	jī
縿	shān	cǎn|shān|sāo|xiān|xiāo
繀	suì	cuǐ|suì
繁	fán	fán|pán|pó
繂	lǜ	lǜ
繃	běng	bèng|bēng|běng
繄	yī	yì|yī
繅	sāo	sāo|zǎo
繆	móu	jiū|liào|liáo|liǎo|lù|miào|miù|móu|mù
繇	yáo	yáo|yóu|zhòu
繈	qiǎng	qiǎng
繉	hún	hún
繊	xiān	xiān
繋	jì	jì
繌	sha	sha
繍	xiù	xiù
繎	rán	rán
繏	xuàn	xuàn
繐	suì	suì
繑	qiāo	juē|qiāo
繒	zēng	céng|zèng|zēng
繓	zuǒ	zuǒ
織	zhī	zhì|zhī
繕	shàn	shàn
繖	sǎn	sǎn
繗	lín	lín
繘	yù	jué|yù
繙	fān	fán|fān
繚	liáo	liáo|rǎo
繛	chuò	chuò
繜	zūn	zūn
繝	jiàn	jiàn
繞	rào	rào|rǎo
繟	chǎn	chán|chǎn
繠	ruǐ	ruǐ
繡	xiù	xiù
繢	huì	huì|huí
繣	huà	huà
繤	zuǎn	zuǎn
繥	xī	xī
繦	qiǎng	qiǎng
繧	yun	yun
繨	da	da
繩	shéng	mǐn|sheng|shèng|shéng|yìng
繪	huì	guì|huì
繫	xì	jì|xì
繬	sè	sè
繭	jiǎn	jiǎn
繮	jiāng	jiāng
繯	huán	huán
繰	zǎo	qiāo|sāo|zǎo
繱	cōng	cōng
繲	xiè	xiè
繳	jiǎo	hé|jiào|jiǎo|zhuó
繴	bì	bì
繵	dàn	chán|dàn|tán
繶	yì	yì
繷	nǒng	nǒng
繸	suì	suì
繹	yì	shì|yì
繺	shǎi	shǎi
繻	xū	rú|xū
繼	jì	jì
繽	bīn	bīn
繾	qiǎn	qiǎn
繿	lán	lán
纀	pú	fú|pú
纁	xūn	xūn
纂	zuǎn	zuǎn
纃	qí	qí
纄	péng	péng
纅	yào	lì|yào
纆	mò	mò
纇	lèi	lèi
纈	xié	xié
纉	zuǎn	zuǎn
纊	kuàng	kuàng
纋	yōu	yōu
續	xù	xù
纍	léi	lèi|léi|lěi
纎	xiān	xiān
纏	chán	chán
纐	jiǎo	jiǎo
纑	lú	lú
纒	chán	chán
纓	yīng	yīng
纔	cái	cái|shān
纕	rǎng	rǎng|sāng|xiāng
纖	xiān	jiān|xiān
纗	zuī	zuī
纘	zuǎn	zuǎn
纙	luò	luò
纚	lí	lí|lǐ|sǎ|xǐ
纛	dào	dào|dú
纜	lǎn	lǎn
纝	léi	léi
纞	liàn	liàn
纟	sī	sī
纠	jiū	jiū
纡	yū	yū
红	hóng	gōng|hóng
纣	zhòu	zhòu
纤	xiān	qiàn|xiān
纥	hé	gē|hé
约	yuē	yuē|yāo
级	jí	jí
纨	wán	wán
纩	kuàng	kuàng
纪	jì	jì|jǐ
纫	rèn	rèn
纬	wěi	wěi
纭	yún	yún
纮	hóng	hóng
纯	chún	chún
纰	pī	pī
纱	shā	shā
纲	gāng	gāng
纳	nà	nà
纴	rèn	rèn
纵	zòng	zòng
纶	lún	guān|lún
纷	fēn	fēn
纸	zhǐ	zhǐ
纹	wén	wèn|wén
纺	fǎng	fǎng
纻	zhù	zhù
纼	zhèn	zhèn
纽	niǔ	niǔ
纾	shū	shū
线	xiàn	xiàn
绀	gàn	gàn
绁	xiè	xiè
绂	fú	fú
练	liàn	liàn
组	zǔ	zǔ
绅	shēn	shēn
细	xì	xì
织	zhī	zhī
终	zhōng	zhōng
绉	zhòu	zhòu
绊	bàn	bàn
绋	fú	fú
绌	chù	chù
绍	shào	shào
绎	yì	yì
经	jīng	jing|jìng|jīng
绐	dài	dài
绑	bǎng	bǎng
绒	róng	róng
结	jié	jié|jiē
绔	kù	kù
绕	rào	rào|rǎo
绖	dié	dié
绗	háng	háng
绘	huì	huì
给	gěi	gěi|jǐ
绚	xuàn	xuàn
绛	jiàng	jiàng
络	luò	luò|lào
绝	jué	jué
绞	jiǎo	jiǎo
统	tǒng	tǒng
绠	gěng	gěng
绡	xiāo	xiāo
绢	juàn	juàn
绣	xiù	xiù
绤	xì	xì
绥	suí	suí
绦	tāo	tāo
继	jì	jì
绨	tí	tì|tí
绩	jì	jì|jī
绪	xù	xù
绫	líng	líng
绬	yīng	yīng
续	xù	xù
绮	qǐ	qǐ
绯	fēi	fēi
绰	chuò	chuò|chāo
绱	shàng	shàng
绲	gǔn	gǔn
绳	shéng	sheng|shéng
维	wéi	wéi
绵	mián	mián
绶	shòu	shòu
绷	bēng	bèng|bēng|běng
绸	chóu	chóu
绹	táo	táo
绺	liǔ	liǔ
绻	quǎn	quǎn
综	zōng	zèng|zōng
绽	zhàn	zhàn
绾	wǎn	wǎn
绿	lǜ	lù|lǜ
缀	zhuì	zhui|zhuì
缁	zī	zī
缂	kè	kè
缃	xiāng	xiāng
缄	jiān	jiān
缅	miǎn	miǎn
缆	lǎn	lǎn
缇	tí	tí
缈	miǎo	miǎo
缉	jī	jī|qī
缊	yùn	yùn|yūn
缋	huì	huì
缌	sī	sī
缍	duǒ	duǒ
缎	duàn	duàn
缏	biàn	biàn|pián
缐	xiàn	xiàn
缑	gōu	gōu
缒	zhuì	zhuì
缓	huǎn	huǎn
缔	dì	dì
缕	lǚ	lǚ
编	biān	biān
缗	mín	mín
缘	yuán	yuán
缙	jìn	jìn
缚	fù	fù
缛	rù	rù
缜	zhěn	zhěn
缝	fèng	fèng|féng
缞	cuī	cuī
缟	gǎo	gǎo
缠	chán	chán
缡	lí	lí
缢	yì	yì
缣	jiān	jiān
缤	bīn	bīn
缥	piāo	piāo|piǎo
缦	màn	màn
缧	léi	léi
缨	yīng	yīng
缩	suō	suō|sù
缪	móu	miào|miù|móu
缫	sāo	sāo
缬	xié	xié
缭	liáo	liáo
缮	shàn	shàn
缯	zēng	zèng|zēng
缰	jiāng	jiāng
缱	qiǎn	qiǎn
缲	qiāo	qiāo|sāo
缳	huán	huán
缴	jiǎo	jiǎo|zhuó
缵	zuǎn	zuǎn
缶	fǒu	fǒu
缷	xiè	xiè
缸	gāng	gāng
缹	fǒu	fǒu
缺	quē	kuǐ|quē
缻	fǒu	fǒu
缼	qi	qi
缽	bō	bō
缾	píng	píng
缿	xiàng	xiàng
罀	zhao	zhao
罁	gāng	gāng
罂	yīng	yīng
罃	yīng	yīng
罄	qìng	qìng
罅	xià	xià
罆	guàn	guàn
罇	zūn	zūn
罈	tán	tán
罉	chēng	chēng
罊	qì	qì
罋	wèng	wèng
罌	yīng	yīng
罍	léi	léi
罎	tán	tán
罏	lú	lú
罐	guàn	guàn
网	wǎng	wǎng
罒	wǎng	wǎng
罓	gāng	gāng
罔	wǎng	wáng|wǎng
罕	hǎn	hàn|hǎn
罖	luó	luó
罗	luó	luó|luō
罘	fú	fú
罙	shēn	shēn
罚	fá	fá
罛	gū	gū
罜	zhǔ	dú|zhǔ
罝	jū	jiē|jū
罞	máo	máo
罟	gǔ	gǔ
罠	mín	mín
罡	gāng	gāng
罢	bà	ba|bà
罣	guà	guà
罤	tí	kūn|tí
罥	juàn	juàn
罦	fú	fú
罧	shèn	shèn
罨	yǎn	yǎn
罩	zhào	zhào
罪	zuì	zui|zuì
罫	guà	guà|guǎi|huà
罬	zhuó	zhuó
罭	yù	yù
置	zhì	zhi|zhì
罯	ǎn	ǎn
罰	fá	fá
罱	lǎn	lǎn|nǎn
署	shǔ	shǔ
罳	sī	sī
罴	pí	pí
罵	mà	mà
罶	liǔ	liǔ
罷	bà	ba|bà|bǎi|bǐ|pì|pí
罸	fá	fá
罹	lí	lí
罺	cháo	cháo
罻	wèi	wèi
罼	bì	bì
罽	jì	jì
罾	zēng	zēng
罿	chōng	chōng
羀	liǔ	liǔ
羁	jī	jī
羂	juàn	juàn
羃	mì	mì
羄	zhào	zhào
羅	luó	luo|luó|luō
羆	pí	pí
羇	jī	jī
羈	jī	jī
羉	luán	luán
羊	yáng	yáng
羋	mǐ	miē|mǐ
羌	qiāng	qiāng
羍	dá	dá
美	měi	měi
羏	yáng	xiáng|yáng
羐	yǒu	yǒu
羑	yǒu	yǒu
羒	fén	fén
羓	bā	bā
羔	gāo	gāo
羕	yàng	yàng
羖	gǔ	gǔ
羗	qiāng	qiāng|yǒu
羘	zāng	zāng
羙	gāo	gāo|měi
羚	líng	líng
羛	yì	xī|yì
羜	zhù	zhù
羝	dī	dī
羞	xiū	xiū
羟	qiǎng	qiǎng
羠	yí	yí
羡	xiàn	xiàn|yán|yí
羢	róng	róng
羣	qún	qún
群	qún	qún
羥	qiǎng	qiān|qiǎng
羦	huán	huán
羧	suō	suō|zuī
羨	xiàn	xiàn
義	yì	xī|yì|yí
羪	yang	yang
羫	qiāng	kàng|qiāng
羬	qián	qián|xián|yán
羭	yú	yú
羮	gēng	gēng
羯	jié	jié
羰	tāng	tāng
羱	yuán	yuán
羲	xī	xī
羳	fán	fán
羴	shān	shān
羵	fén	fén
羶	shān	shān
羷	liǎn	liǎn
羸	léi	lián|léi
羹	gēng	gēng|láng
羺	nóu	nóu
羻	qiàng	qiàng
羼	chàn	chàn
羽	yǔ	hù|yǔ
羾	gòng	gòng
羿	yì	yì
翀	chōng	chōng
翁	wēng	wēng|wěng
翂	fēn	fēn
翃	hóng	hóng
翄	chì	chì
翅	chì	chì
翆	cuì	cuì
翇	fú	fú
翈	xiá	xiá
翉	běn	běn
翊	yì	yì
翋	lā	lā
翌	yì	yì
翍	pī	bì|pī|pō
翎	líng	líng
翏	liù	liù|lù
翐	zhì	zhì
翑	qú	qú
習	xí	xí
翓	xié	xié
翔	xiáng	xiáng
翕	xī	xī
翖	xī	xī
翗	ké	ké
翘	qiào	qiào|qiáo
翙	huì	huì
翚	huī	huī
翛	xiāo	shū|xiāo
翜	shà	shà
翝	hóng	hóng
翞	jiāng	jiāng
翟	dí	dí|zhái
翠	cuì	cuì
翡	fěi	fěi
翢	dào	dào|zhōu
翣	shà	shà
翤	chì	chì
翥	zhù	zhù
翦	jiǎn	jiǎn
翧	xuān	xuān
翨	chì	chì
翩	piān	piān
翪	zōng	zōng
翫	wán	wàn|wán
翬	huī	huī
翭	hóu	hóu
翮	hé	hé|lì
翯	hè	hào|hè
翰	hàn	hàn
翱	áo	áo
翲	piāo	piāo
翳	yì	yì
翴	lián	lián
翵	hóu	hóu|qú
翶	áo	áo
翷	lín	lín
翸	pěn	pěn
翹	qiào	qiào|qiáo
翺	áo	áo
翻	fān	fān
翼	yì	yì
翽	huì	huì
翾	xuān	xuān
翿	dào	dào
耀	yào	yào
老	lǎo	lǎo
耂	lǎo	lǎo
考	kǎo	kǎo
耄	mào	mào
者	zhě	zhě
耆	qí	qí|shì|zhǐ
耇	gǒu	gǒu
耈	gǒu	gǒu
耉	gǒu	gǒu
耊	dié	dié
耋	dié	dié
而	ér	néng|ér
耍	shuǎ	shuǎ
耎	ruǎn	nuò|ruǎn
耏	nài	nài|ér
耐	nài	nài|néng
耑	duān	duān|zhuān
耒	lěi	lěi
耓	tīng	tīng
耔	zǐ	zǐ
耕	gēng	gēng
耖	chào	chào
耗	hào	hào|mào|máo
耘	yún	yún
耙	bà	bà|pá
耚	pī	pī
耛	yí	chí|yí
耜	sì	sì
耝	qù	chú|qù
耞	jiā	jiā
耟	jù	jù
耠	huō	huō
耡	chú	chú
耢	lào	lào
耣	lǔn	lún|lǔn
耤	jí	jiè|jí
耥	tāng	tāng|tǎng
耦	ǒu	ǒu
耧	lóu	lóu
耨	nòu	nòu
耩	jiǎng	jiǎng
耪	pǎng	pǎng
耫	zhá	zhá|zé
耬	lóu	lóu|lǒu
耭	jī	jī
耮	lào	lào
耯	huò	huò
耰	yōu	yōu
耱	mò	mò
耲	huái	huái
耳	ěr	réng|ěr
耴	yì	yì
耵	dīng	dīng
耶	yé	xié|yé|yē
耷	dā	dā|zhé
耸	sǒng	sǒng
耹	qín	qín
耺	yún	yíng|yún
耻	chǐ	chǐ
耼	dān	dān
耽	dān	dān
耾	hóng	hóng
耿	gěng	gěng
聀	zhí	zhí
聁	pàn	pàn
聂	niè	niè
聃	dān	dān
聄	zhěn	zhěn
聅	chè	chè
聆	líng	líng
聇	zhēng	zhēng
聈	yǒu	yǒu
聉	wà	tuǐ|wà|zhuó
聊	liáo	liáo|liú
聋	lóng	lóng
职	zhí	zhí
聍	níng	níng
聎	tiāo	tiāo
聏	ér	nǜ|ér
聐	yà	yà
聑	tiē	tiē|zhé
聒	guō	guā|guō
聓	xù	xù
联	lián	lián
聕	hào	hào
聖	shèng	shèng
聗	liè	liè
聘	pìn	pìn|pìng
聙	jīng	jīng
聚	jù	jù
聛	bǐ	bǐ
聜	dǐ	dǐ
聝	guó	guó
聞	wén	wèn|wén
聟	xù	xù
聠	pīng	pīng
聡	cōng	cōng
聢	dìng	dìng
聣	ní	ní
聤	tíng	tíng
聥	jǔ	jǔ
聦	cōng	cōng
聧	kuī	kuī
聨	lián	lián
聩	kuì	kuì
聪	cōng	cōng
聫	lián	lián
聬	wěng	wěng
聭	kuì	kuì
聮	lián	lián
聯	lián	lián
聰	cōng	cōng
聱	áo	yóu|áo
聲	shēng	sheng|shēng
聳	sǒng	sǒng
聴	tīng	tīng
聵	kuì	kuì
聶	niè	niè|shè|yè|zhé
職	zhí	tè|zhí
聸	dān	dān
聹	níng	níng
聺	qié	qié
聻	nǐ	jiàn|nǐ
聼	tīng	tīng
聽	tīng	ting|tīng
聾	lóng	lóng
聿	yù	yù
肀	yù	yù
肁	zhào	zhào
肂	sì	sì
肃	sù	sù
肄	yì	sì|yì
肅	sù	sù
肆	sì	sì|tì
肇	zhào	zhào
肈	zhào	zhào
肉	ròu	ròu|rù
肊	yì	yì
肋	lèi	jīn|lè|lèi|lē
肌	jī	jì|jī
肍	qiú	qiú
肎	kěn	kěn
肏	cào	cào
肐	gē	gē|qì
肑	bó	bó|dí
肒	huàn	huàn
肓	huāng	huāng
肔	chǐ	chǐ
肕	rèn	rèn
肖	xiào	xiào|xiāo
肗	rǔ	rǔ
肘	zhǒu	zhǒu
肙	yuàn	yuàn
肚	dù	dù|dǔ
肛	gāng	gāng
肜	róng	chēn|róng
肝	gān	gān
肞	chā	chā
肟	wò	wò
肠	cháng	cháng
股	gǔ	gu|gǔ
肢	zhī	shì|zhī
肣	hán	hàn|hán|qín
肤	fū	fū
肥	féi	bǐ|féi
肦	fén	fén
肧	pēi	pēi
肨	pàng	fēng|pàng|pāng
肩	jiān	jiān|xián
肪	fáng	fáng
肫	zhūn	chún|tún|zhuō|zhūn
肬	yóu	yóu
肭	nà	nà|nù
肮	āng	gāng|háng|āng
肯	kěn	kěn
肰	rán	rán
肱	gōng	gōng
育	yù	yù|yō|zhòu
肳	wěn	wěn
肴	yáo	yáo
肵	qí	qí
肶	pí	bì|pí
肷	qiǎn	qiǎn|xù
肸	xī	bì|xī
肹	xī	xī
肺	fèi	fèi|pèi
肻	kěn	kěn
肼	jǐng	jǐng
肽	tài	tài
肾	shèn	shèn
肿	zhǒng	zhǒng
胀	zhàng	zhàng
胁	xié	xié
胂	shèn	chēn|shèn|shēn
胃	wèi	wèi
胄	zhòu	zhòu
胅	dié	dié
胆	dǎn	dá|dǎn|tán|tǎn
胇	fèi	bì|fèi|fěi
胈	bá	bá
胉	bó	bó
胊	qú	qú
胋	tián	tián
背	bèi	bèi|bēi
胍	guā	guā|gū|hù
胎	tāi	tāi
胏	zǐ	fèi|zǐ
胐	fěi	fěi
胑	zhī	zhī
胒	nì	nì
胓	píng	píng|pēng
胔	zì	cí|jí|zì
胕	fǔ	fú|fū|fǔ|zhǒu
胖	pàng	pàn|pàng|pán
胗	zhēn	zhēn|zhěn|zhūn
胘	xián	xián
胙	zuò	zuò
胚	pēi	pēi
胛	jiǎ	jiǎ
胜	shèng	qìng|shèng|shēng|xīng
胝	zhī	chī|dì|zhī
胞	bāo	bāo|pào|páo
胟	mǔ	mǔ
胠	qū	qū
胡	hú	hú
胢	kē	kē
胣	chǐ	chǐ
胤	yìn	yìn
胥	xū	xū|xǔ
胦	yāng	yāng
胧	lóng	lóng
胨	dòng	dòng
胩	kǎ	kǎ
胪	lú	lú
胫	jìng	jìng
胬	nǔ	nǔ|nǚ
胭	yān	yān
胮	pāng	pāng
胯	kuà	kuà|kuǎ
胰	yí	yí
胱	guāng	guāng
胲	hǎi	gāi|gǎi|hǎi
胳	gē	gé|gā|gē
胴	dòng	dòng
胵	chī	chī|zhì
胶	jiāo	jiāo|xiáo
胷	xiōng	xiōng
胸	xiōng	xiōng
胹	ér	ér
胺	àn	àn|è
胻	héng	héng
胼	pián	pián
能	néng	nài|nái|néng|tái|xióng
胾	zì	zì
胿	guī	guī|kuì
脀	chéng	chéng|zhèng|zhēng
脁	tiǎo	tiǎo
脂	zhī	zhī|zhǐ
脃	cuì	cuì
脄	méi	méi
脅	xié	xiàn|xié|xī
脆	cuì	cuì
脇	xié	xié
脈	mài	mài|mò
脉	mài	mài|mò
脊	jǐ	jí|jǐ
脋	xié	xié
脌	nin	nin
脍	kuài	kuài
脎	sà	sà
脏	zàng	zàng|zāng
脐	qí	qí
脑	nǎo	nǎo
脒	mǐ	mǐ
脓	nóng	nóng
脔	luán	jī|luán
脕	wàn	wàn|wèn
脖	bó	bó|bō
脗	wěn	wěn
脘	wǎn	huàn|wǎn
脙	xiū	xiū
脚	jiǎo	jiǎo|jué
脛	jìng	jìng|kēng
脜	yǒu	yǒu
脝	hēng	hēng
脞	cuǒ	cuǒ|qiē
脟	liè	liè|luán|pāo
脠	shān	chān|shān
脡	tǐng	tǐng
脢	méi	méi
脣	chún	chún
脤	shèn	shèn
脥	qiǎn	jié|qiǎn|qū
脦	de	de|te|tè
脧	juān	juān|zuī
脨	cù	cù|jí
脩	xiū	tiáo|xiāo|xiū|yǒu
脪	xìn	chī|xìn
脫	tuō	tuō
脬	pāo	pāo
脭	chéng	chéng
脮	něi	něi|tuǐ
脯	pú	fǔ|pú
脰	dòu	dòu
脱	tuō	tuì|tuō
脲	niào	niào
脳	nǎo	nǎo
脴	pǐ	pǐ
脵	gǔ	gǔ
脶	luó	luó
脷	lì	lì
脸	liǎn	liǎn
脹	zhàng	cháng|zhàng
脺	cuì	cuì|suì
脻	jiē	jiē
脼	liǎng	liǎng|lǎng
脽	shuí	shuí
脾	pí	bì|pái|pì|pí
脿	biǎo	biào|biāo|biǎo
腀	lún	lún
腁	pián	pián
腂	lěi	guò|huà|lěi
腃	kuì	juàn|kuì|quán|quān
腄	chuí	chuái|chuí|hóu
腅	dàn	dàn
腆	tiǎn	tiǎn
腇	něi	něi
腈	jīng	jīng
腉	nái	nái
腊	là	là|xī
腋	yè	yè
腌	yān	yān|ā|āng
腍	rèn	diàn|rèn
腎	shèn	shèn
腏	chuò	chuò|zhuì
腐	fǔ	fu|fǔ
腑	fǔ	fǔ
腒	jū	jū
腓	féi	féi
腔	qiāng	kòng|qiāng
腕	wàn	wàn
腖	dòng	dòng
腗	pí	pí
腘	guó	guó
腙	zōng	zōng
腚	dìng	dìng
腛	wò	wò
腜	méi	méi
腝	ní	nào|nèn|ní|ruǎn|ér
腞	zhuàn	dùn|tú|zhuàn
腟	chì	chì
腠	còu	còu
腡	luó	luó
腢	ǒu	ǒu
腣	dì	dì
腤	ān	ān
腥	xīng	xīng
腦	nǎo	nào|nǎo
腧	shù	shù|yú
腨	shuàn	shuàn
腩	nǎn	nǎn
腪	yùn	yùn
腫	zhǒng	zhǒng
腬	róu	róu
腭	è	è
腮	sāi	sāi
腯	tú	dùn|tú
腰	yāo	yāo
腱	jiàn	jiàn|qián
腲	wěi	wěi
腳	jiǎo	jiǎo|jué
腴	yú	yú
腵	jiā	jiā
腶	duàn	duàn
腷	bì	bì
腸	cháng	cháng
腹	fù	fù
腺	xiàn	xiàn
腻	nì	nì
腼	miǎn	miǎn
腽	wà	wà
腾	téng	teng|téng
腿	tuǐ	tuǐ
膀	bǎng	bàng|bǎng|páng|pāng|pǎng
膁	qiǎn	qiǎn|xiàn|yán
膂	lǚ	lǚ
膃	wà	wà
膄	shòu	shòu
膅	táng	táng
膆	sù	sù
膇	zhuì	zhuì
膈	gé	gé
膉	yì	yì
膊	bó	bo|bó|liè|pò
膋	liáo	liáo
膌	jí	jí
膍	pí	pí
膎	xié	xié
膏	gāo	gào|gāo
膐	lǚ	lǚ
膑	bìn	bìn
膒	ōu	ōu
膓	cháng	cháng
膔	lù	biāo|lù
膕	guó	guó|huò
膖	pāng	pāng
膗	chuái	chuái
膘	biāo	biāo|piǎo
膙	jiǎng	jiǎng
膚	fū	fū|lú
膛	táng	táng|tāng
膜	mó	mó
膝	xī	xī
膞	zhuān	chuǎn|chún|zhuān|zhuǎn
膟	lǜ	lǜ
膠	jiāo	háo|jiāo|jiǎo|nǎo
膡	yìng	yìng
膢	lǘ	lǘ
膣	zhì	zhì
膤	xuě	xuě
膥	cūn	cūn
膦	lìn	liǎn|lìn
膧	tóng	tóng
膨	péng	pèng|péng
膩	nì	nì
膪	chuài	chuài|zhà|zhài
膫	liáo	liáo|liǎo
膬	cuì	cuì
膭	guī	duì|guī|kuì
膮	xiāo	xiāo
膯	tēng	tún|tēng
膰	fán	fán|pán
膱	zhí	zhí
膲	jiāo	jiāo
膳	shàn	shàn
膴	hū	hū|méi|wǔ
膵	cuì	cuì
膶	rùn	rùn
膷	xiāng	xiāng
膸	suǐ	suǐ|wěi
膹	fèn	fèn
膺	yīng	yīng
膻	shān	dàn|shān
膼	zhuā	zhuā
膽	dǎn	dǎn
膾	kuài	kuài
膿	nóng	nóng
臀	tún	tún
臁	lián	lián
臂	bì	bei|bì
臃	yōng	yōng
臄	jué	jué|jū
臅	chù	chù
臆	yì	yì|yǐ
臇	juǎn	juǎn
臈	là	gé|là
臉	liǎn	liǎn
臊	sāo	sào|sāo
臋	tún	tún
臌	gǔ	gǔ
臍	qí	qí
臎	cuì	cuì
臏	bìn	bìn
臐	xūn	xūn
臑	nào	nuǎn|nào|nèn|rú|ér
臒	wò	wò|yuè
臓	zàng	zàng
臔	xiàn	xiàn
臕	biāo	biāo
臖	xìng	xìng
臗	kuān	kuān
臘	là	liè|là
臙	yān	yān
臚	lú	lú|lǚ
臛	huò	huò
臜	zā	zā
臝	luǒ	luǒ
臞	qú	qú
臟	zàng	zàng|zāng
臠	luán	luán
臡	ní	luán|ní
臢	zā	zā|zān
臣	chén	chén
臤	qiān	qiān|qìn|xián
臥	wò	wò
臦	guàng	guàng|jiǒng
臧	zāng	cáng|zàng|zāng
臨	lín	lìn|lín
臩	guǎng	guǎng|jiǒng
自	zì	zì
臫	jiǎo	jiǎo
臬	niè	niè
臭	chòu	chòu|xiù
臮	jì	jì
臯	gāo	gāo
臰	chòu	chòu
臱	mián	biān|mián
臲	niè	niè
至	zhì	dié|zhì
致	zhì	zhuì|zhì
臵	gé	gé
臶	jiàn	jiàn
臷	dié	dié|zhí
臸	zhī	jìn|zhī
臹	xiū	xiū
臺	tái	tái
臻	zhēn	zhēn
臼	jiù	jiù
臽	xiàn	xiàn
臾	yú	kuì|yú|yǒng|yǔ
臿	chā	chā
舀	yǎo	yǎo
舁	yú	yú
舂	chōng	chuāng|chōng|zhōng
舃	xì	xì
舄	xì	què|tuō|xì
舅	jiù	jiu|jiù
舆	yú	yú
與	yǔ	yù|yú|yǔ
興	xìng	xìn|xìng|xīng
舉	jǔ	ju|jǔ
舊	jiù	jiù
舋	xìn	xìn
舌	shé	guā|shé
舍	shě	shè|shì|shě
舎	shè	shè
舏	jiǔ	jiǔ
舐	shì	shì
舑	tān	tān
舒	shū	shū|yù
舓	shì	shì
舔	tiǎn	tiǎn|tān
舕	tàn	tàn
舖	pù	pù
舗	pù	pù
舘	guǎn	guǎn
舙	huà	huà|qì
舚	tiàn	tiàn
舛	chuǎn	chuǎn
舜	shùn	shùn
舝	xiá	xiá
舞	wǔ	wǔ
舟	zhōu	zhōu
舠	dāo	dāo
舡	chuán	chuán|xiāng
舢	shān	shān
舣	yǐ	yǐ
舤	fán	fán
舥	pā	pā
舦	tài	tài
舧	fán	fán
舨	bǎn	bǎn
舩	chuán	chuán|fán
航	háng	háng
舫	fǎng	fǎng
般	bān	bān|bō|bǎn|pán
舭	bǐ	bǐ
舮	lú	lú
舯	zhōng	zhōng
舰	jiàn	jiàn
舱	cāng	cāng
舲	líng	líng
舳	zhú	zhú|zhǒu
舴	zé	zé
舵	duò	duò
舶	bó	bó
舷	xián	xián
舸	gě	gě
船	chuán	chuán
舺	xiá	xiá
舻	lú	lú
舼	qióng	hóng|qióng
舽	páng	féng|páng
舾	xī	xī
舿	kuā	kuā
艀	fú	fú
艁	zào	zào
艂	féng	féng
艃	lí	lí
艄	shāo	shào|shāo
艅	yú	yú
艆	láng	láng
艇	tǐng	tǐng
艈	yù	yù
艉	wěi	wěi
艊	bó	bó
艋	měng	měng
艌	niàn	niàn|qiàn
艍	jū	jū
艎	huáng	huáng
艏	shǒu	shǒu
艐	kè	jiè|kè|zōng
艑	biàn	biàn
艒	mù	mò|mù
艓	dié	dié
艔	dào	dào
艕	bàng	bàng
艖	chā	chā
艗	yì	yì
艘	sōu	sōu
艙	cāng	cāng
艚	cáo	cáo
艛	lóu	lóu
艜	dài	dài
艝	xuě	xuě
艞	yào	tiào|yào
艟	chōng	chōng|tóng|zhuàng
艠	dēng	dēng
艡	dāng	dāng
艢	qiáng	qiáng
艣	lǔ	lǔ
艤	yǐ	yǐ
艥	jí	jí
艦	jiàn	jiàn
艧	huò	huò|wò
艨	méng	méng
艩	qí	qí
艪	lǔ	lǔ
艫	lú	lú
艬	chán	chán
艭	shuāng	shuāng
艮	gěn	gèn|gěn|hén
良	liáng	liáng|liǎng
艰	jiān	jiān
艱	jiān	jiān
色	sè	shǎi|sè
艳	yàn	yàn
艴	fú	bó|fú|pèi
艵	pīng	pīng
艶	yàn	yàn
艷	yàn	yàn
艸	cǎo	cǎo
艹	cao	cao
艺	yì	yì
艻	lè	jí|lè
艼	tīng	dǐng|tīng
艽	jiāo	jiāo|qiú
艾	ài	yì|ài
艿	nǎi	nǎi|rèng|réng
芀	tiáo	tiáo
芁	jiāo	jiāo
节	jié	jié|jiē
芃	péng	péng
芄	wán	wán
芅	yì	yì
芆	chāi	chā|chāi
芇	mián	mián
芈	mǐ	mǐ
芉	gān	gān|gǎn
芊	qiān	qiàn|qiān
芋	yù	xū|yù|yú|yǔ
芌	yù	yù
芍	sháo	dì|què|sháo|xiào
芎	xiōng	qiōng|xiōng
芏	dù	dù
芐	hù	hù|xià
芑	qǐ	qǐ
芒	máng	huāng|huǎng|máng|wáng
芓	zì	zì|zī|zǐ
芔	huì	huì|hū
芕	suī	suī
芖	zhì	zhì
芗	xiāng	xiāng
芘	bǐ	bì|bǐ|pí
芙	fú	fú
芚	tún	chūn|tún
芛	wěi	wěi
芜	wú	wú
芝	zhī	zhī
芞	qì	qì
芟	shān	shān|wěi
芠	wén	wén
芡	qiàn	qiàn
芢	rén	rén
芣	fú	fú|fū|fǒu
芤	kōu	kōu
芥	jiè	gài|jiè
芦	lú	hù|lu|lú|lǔ
芧	xù	xù|zhù
芨	jī	jī
芩	qín	qín|yín
芪	qí	chí|qí
芫	yán	yuán|yán
芬	fēn	fēn
芭	bā	bā|pā
芮	ruì	ruì|ruò
芯	xīn	xìn|xīn
芰	jì	jì
花	huā	hua|huā
芲	huā	huā
芳	fāng	fāng
芴	wù	hū|wù
芵	jué	jué
芶	gǒu	gǒu
芷	zhǐ	zhǐ
芸	yún	yùn|yún
芹	qín	qín
芺	ǎo	ǎo
芻	chú	chú|zōu
芼	mào	mào
芽	yá	yá
芾	fèi	fèi|fú
芿	rèng	rèng
苀	háng	háng
苁	cōng	cōng
苂	yín	yín
苃	yǒu	yǒu
苄	biàn	biàn
苅	yì	yì
苆	qiē	qiē
苇	wěi	wěi
苈	lì	lì
苉	pǐ	pǐ
苊	è	è
苋	xiàn	xiàn
苌	cháng	cháng
苍	cāng	cāng
苎	zhù	zhù
苏	sū	sū
苐	tí	dì|tí
苑	yuàn	yuàn|yuān|yù|yùn
苒	rǎn	rǎn
苓	líng	lián|líng
苔	tái	tái|tāi
苕	sháo	sháo|tiáo
苖	dí	dí
苗	miáo	miáo
苘	qǐng	qǐng
苙	lì	jī|lì
苚	yòng	yòng
苛	kē	hē|kē
苜	mù	mù
苝	bèi	bèi
苞	bāo	biāo|bāo|páo
苟	gǒu	gōu|gǒu
苠	mín	mín
苡	yǐ	yǐ
苢	yǐ	yǐ
苣	jù	jù|qǔ
苤	piě	piě|pī
若	ruò	ruò|rè|ré|rě
苦	kǔ	gǔ|hù|kǔ
苧	níng	níng|zhù
苨	nǐ	nǐ
苩	bó	bó|pā
苪	bǐng	bǐng
苫	shān	chān|shàn|shān|tiān
苬	xiú	xiú
苭	yǎo	yǎo
苮	xiān	xiān
苯	běn	běn
苰	hóng	hóng
英	yīng	yāng|yīng
苲	zhǎ	zhà|zhǎ|zuó
苳	dōng	dōng
苴	jū	bāo|chá|jiē|jū|xié|zhǎ|zū
苵	dié	dié
苶	nié	niè|nié
苷	gān	gān
苸	hū	hū
苹	píng	píng|pēng
苺	méi	méi
苻	fú	fú|pú
苼	shēng	ruí|shēng
苽	gū	guā|gū
苾	bì	bié|bì|mì
苿	wèi	wèi
茀	fú	bèi|bì|bó|fèi|fú
茁	zhuó	zhuó|zhú
茂	mào	mào
范	fàn	fàn
茄	jiā	jiā|qié
茅	máo	máo
茆	máo	máo|mǎo
茇	bá	bá|fèi|pèi
茈	cí	chái|cí|cǐ|zǐ
茉	mò	mò
茊	zī	zī
茋	dǐ	dǐ
茌	chí	chí
茍	jì	jì
茎	jīng	jīng
茏	lóng	lóng
茐	cōng	cōng
茑	niǎo	niǎo
茒	yuán	yuán
茓	xué	xué
茔	yíng	yíng
茕	qióng	qióng
茖	gé	gé|luò
茗	míng	míng
茘	lì	lì
茙	róng	róng
茚	yìn	yìn
茛	gèn	gèn|jiàn
茜	qiàn	qiàn|xī
茝	chǎi	chǎi|zhǐ
茞	chén	chén
茟	yù	wěi|yù
茠	hāo	hāo|kòu|xiū
茡	zì	zì
茢	liè	liè
茣	wú	wú
茤	jì	duō|jì
茥	guī	guì|guī
茦	cì	cì
茧	jiǎn	chóng|jiǎn
茨	cí	cí
茩	gòu	gòu
茪	guāng	guāng
茫	máng	huǎng|máng|māng
茬	chá	chá|chí
茭	jiāo	jiāo|qiào|xiào
茮	jiāo	jiāo|niǎo
茯	fú	fú
茰	yú	yú
茱	zhū	zhū
茲	zī	cí|zī
茳	jiāng	jiāng
茴	huí	huí
茵	yīn	yīn
茶	chá	chá
茷	fá	bá|bó|fá|pèi
茸	róng	róng|rōng|rǒng
茹	rú	rú
茺	chōng	chōng
茻	mǎng	mǎng|mǔ
茼	tóng	tóng
茽	zhòng	zhòng
茾	qiān	qiān
茿	zhú	zhú
荀	xún	xún
荁	huán	huán
荂	fū	fū
荃	quán	chuò|quán
荄	gāi	gāi
荅	dā	dá|dā|tà
荆	jīng	jīng
荇	xìng	xìng
荈	chuǎn	chuǎn
草	cǎo	cǎo|zào
荊	jīng	jīng
荋	ér	ér
荌	àn	àn
荍	qiáo	qiáo
荎	chí	chí
荏	rěn	rěn
荐	jiàn	jiàn
荑	tí	tí|yí
荒	huāng	huáng|huāng|huǎng|kāng
荓	píng	píng|pēng
荔	lì	lì
荕	jīn	jīn
荖	lǎo	chā|lǎo
荗	shù	shù
荘	zhuāng	zhuāng
荙	dá	dá
荚	jiá	jiá
荛	ráo	ráo
荜	bì	bì
荝	cè	cè
荞	qiáo	qiáo
荟	huì	huì
荠	jì	jì|qí
荡	dàng	dàng
荢	zì	zì
荣	róng	róng
荤	hūn	hūn|xūn
荥	xíng	xíng|yíng
荦	luò	luò
荧	yíng	yíng
荨	xún	qián|xún
荩	jìn	jìn
荪	sūn	sūn
荫	yīn	yìn|yīn
荬	mǎi	mǎi
荭	hóng	hóng
荮	zhòu	zhòu
药	yào	yào
荰	dù	dù
荱	wěi	wèi|wěi
荲	lí	lí
荳	dòu	dòu
荴	fū	fū
荵	rěn	rěn
荶	yín	yín
荷	hé	hè|hé|hē
荸	bí	bí
荹	bù	bù|pú
荺	yǔn	yún|yǔn
荻	dí	dí
荼	tú	chá|shū|tú|yé
荽	suī	suī|wěi
荾	suī	suī
荿	chéng	chéng
莀	chén	chén|nóng
莁	wú	wú
莂	bié	bié
莃	xī	xī
莄	gěng	gěng
莅	lì	lì
莆	pú	fǔ|pú
莇	zhù	zhù
莈	mò	mò
莉	lì	chí|lì|lí
莊	zhuāng	zhuāng
莋	zuó	jí|zuó
莌	tuō	tuō
莍	qiú	qiú
莎	shā	shā|suī|suō
莏	suō	suō
莐	chén	chén
莑	péng	fēng|péng
莒	jǔ	jǔ
莓	méi	méi
莔	méng	méng|qǐng|xí
莕	xìng	xìng
莖	jīng	jīng|yīng
莗	chē	chē
莘	shēn	shēn|xīn
莙	jūn	jūn
莚	yán	yán
莛	tíng	tíng|tǐng
莜	yóu	diào|dí|yóu
莝	cuò	cuò
莞	guǎn	guān|guǎn|wǎn
莟	hàn	hàn
莠	yǒu	xiù|yǒu
莡	cuò	cuò
莢	jiá	jiá
莣	wáng	wáng
莤	sù	sù|yóu
莥	niǔ	niǔ|ròu
莦	shāo	shāo|xiāo
莧	xiàn	wàn|xiàn
莨	làng	liáng|làng|láng
莩	fú	fú|piǎo
莪	é	é
莫	mò	mo|mò|mù
莬	wèn	miǎn|wèn|wǎn
莭	jié	jié
莮	nán	nán
莯	mù	mù
莰	kǎn	kǎn
莱	lái	lái
莲	lián	lián
莳	shí	shì|shí
莴	wō	wō
莵	tù	tù
莶	xiān	xiān
获	huò	huò
莸	yóu	yóu
莹	yíng	yíng
莺	yīng	yīng
莻	gòng	gòng
莼	chún	chún
莽	mǎng	máng|mǎng
莾	mǎng	mǎng
莿	cì	cì
菀	wǎn	wǎn|yù|yùn
菁	jīng	jīng
菂	dì	dì
菃	qú	qú
菄	dōng	dōng
菅	jiān	guān|jiān
菆	zōu	chù|cuán|cóng|zōu
菇	gū	gu|gū
菈	lā	lā
菉	lù	lù|lǜ
菊	jú	jú
菋	wèi	wèi
菌	jūn	jùn|jūn
菍	niè	niè|rěn
菎	kūn	kūn
菏	hé	gē|hé
菐	pú	pú
菑	zāi	zì|zāi|zī
菒	gǎo	gǎo
菓	guǒ	guǒ
菔	fú	fú
菕	lún	lún
菖	chāng	chāng
菗	chóu	chóu
菘	sōng	sōng
菙	chuí	chuí
菚	zhàn	zhàn
菛	mén	mén
菜	cài	cài
菝	bá	bá
菞	lí	lí
菟	tù	tù|tú
菠	bō	bō
菡	hàn	hàn
菢	bào	bào
菣	qìn	qìn
菤	juǎn	juǎn
菥	xī	sī|xī
菦	qín	qín
菧	dǐ	dǐ
菨	jiē	jiē|shà
菩	pú	bèi|bó|pú
菪	dàng	dàng
菫	jǐn	jǐn
菬	qiáo	qiáo|zhǎo
菭	tái	chí|tái|zhī
菮	gēng	gēng
華	huá	huà|huá|huā|kuā
菰	gū	gū
菱	líng	líng
菲	fēi	fèi|fēi|fěi
菳	qín	jīn|qín|qīn
菴	ān	yǎn|ān
菵	wǎng	wǎng
菶	běng	běng
菷	zhǒu	zhǒu
菸	yān	yù|yān|yū
菹	zū	jù|jū|zū
菺	jiān	jiān
菻	lǐn	lǐn
菼	tǎn	tǎn
菽	shū	jiāo|shū
菾	tián	tiàn|tián
菿	dào	dào|dǎo
萀	hǔ	hǔ
萁	qí	jī|qí
萂	hé	hé
萃	cuì	cuì
萄	táo	táo
萅	chūn	chūn
萆	bì	bá|bì|bēi|pì
萇	cháng	cháng
萈	huán	huán
萉	fèi	fèi|féi|fú
萊	lái	lái
萋	qī	qī
萌	méng	méng|míng
萍	píng	píng
萎	wěi	wèi|wēi|wěi
萏	dàn	dàn
萐	shà	shà
萑	huán	huán|zhuī
萒	yǎn	juàn|yǎn
萓	yí	yí
萔	tiáo	tiáo
萕	qí	qí
萖	wǎn	wǎn
萗	cè	cè
萘	nài	nài
萙	zhěn	zhěn
萚	tuò	tuò
萛	jiū	jiū
萜	tiē	tiē
萝	luó	luó
萞	bì	bì
萟	yì	yì
萠	pān	pān
萡	bo	bo
萢	pāo	pāo
萣	dìng	dìng
萤	yíng	yíng
营	yíng	yíng
萦	yíng	yíng
萧	xiāo	xiāo
萨	sà	sà
萩	qiū	jiāo|qiū
萪	kē	kē
萫	xiàng	xiàng
萬	wàn	wàn
萭	yǔ	jǔ|yǔ
萮	yú	yù|yú|yǔ
萯	fù	bèi|fù
萰	liàn	liàn
萱	xuān	xuān
萲	xuān	xuān
萳	nán	nán|nǎn
萴	cè	cè
萵	wō	wō
萶	chǔn	chǔn
萷	xiāo	shuò|shāo|xiāo
萸	yú	yú
萹	biān	biān|biǎn|pián
萺	mào	mào|mù
萻	ān	ān
萼	è	è
落	luò	luò|luō|là|lào
萾	yíng	yíng
萿	kuò	huó|kuò
葀	kuò	kuò
葁	jiāng	jiāng
葂	miǎn	miǎn
葃	zuò	zuò|zé
葄	zuò	zuò
葅	zū	zū
葆	bǎo	bāo|bǎo
葇	róu	róu|rǒu
葈	xǐ	xǐ
葉	yè	shè|yè
葊	ān	ān
葋	qú	qú
葌	jiān	jiān
葍	fú	fú
葎	lǜ	lǜ
葏	jīng	jīng
葐	pén	fén|pén
葑	fēng	fèng|fēng
葒	hóng	hóng
葓	hóng	hóng
葔	hóu	hóu
葕	yàn	yàn
葖	tū	tū
著	zhù	chú|zhe|zhuó|zháo|zhù|zhāo
葘	zī	zī
葙	xiāng	xiāng
葚	rèn	rèn|shèn
葛	gé	gé|gě
葜	qiā	qiā
葝	qíng	jìng|qíng
葞	mǐ	mǐ
葟	huáng	huáng
葠	shēn	shān|shēn
葡	pú	bèi|pú
葢	gài	gài
董	dǒng	dǒng|zhǒng
葤	zhòu	zhòu
葥	jiàn	jiàn|qián
葦	wěi	wěi
葧	bó	bó
葨	wēi	wēi
葩	pā	pā
葪	jì	jì
葫	hú	hú
葬	zàng	zàng
葭	jiā	jiā|xiá
葮	duàn	duàn
葯	yào	yào
葰	jùn	jùn|suī|suǒ
葱	cōng	chuāng|cōng
葲	quán	quán
葳	wēi	wēi
葴	zhēn	qián|zhēn
葵	kuí	kuí
葶	tíng	dǐng|tíng
葷	hūn	hūn|xūn
葸	xǐ	xǐ
葹	shī	shī
葺	qì	qì
葻	lán	lán
葼	zōng	zōng
葽	yāo	yāo|yǎo
葾	yuān	yuān
葿	méi	méi
蒀	yūn	yūn
蒁	shù	shù
蒂	dì	dì
蒃	zhuàn	zhuàn
蒄	guān	guān
蒅	rǎn	rǎn
蒆	xuē	xuē
蒇	chǎn	chǎn
蒈	kǎi	kǎi
蒉	kuì	kuì
蒊	huā	huā
蒋	jiǎng	jiǎng
蒌	lóu	lóu
蒍	wěi	huā|kuī|wěi|é
蒎	pài	pài
蒏	you	you
蒐	sōu	huì|sōu
蒑	yīn	yīn
蒒	shī	shī
蒓	chún	chún
蒔	shí	shì|shí
蒕	yūn	yūn
蒖	zhēn	zhēn
蒗	làng	làng
蒘	rú	ná|rú
蒙	méng	méng|mēng|měng
蒚	lì	lì
蒛	quē	quē
蒜	suàn	suàn
蒝	yuán	huán|yuán
蒞	lì	lì
蒟	jǔ	jǔ
蒠	xī	xī
蒡	bàng	bàng|páng
蒢	chú	chú
蒣	xú	shú|xú
蒤	tú	tú
蒥	liú	liú
蒦	huò	huò|wò
蒧	diǎn	diǎn
蒨	qiàn	qiàn
蒩	zū	jí|jù|zū
蒪	pò	pò
蒫	cuó	cuó
蒬	yuān	yuān
蒭	chú	chú
蒮	yù	yù
蒯	kuǎi	kuài|kuǎi
蒰	pán	pán
蒱	pú	pú
蒲	pú	bó|pú
蒳	nà	nà
蒴	shuò	shuò
蒵	xí	xì|xí
蒶	fén	fén
蒷	yún	yún
蒸	zhēng	zhēng
蒹	jiān	jiān
蒺	jí	jí
蒻	ruò	ruò
蒼	cāng	cāng|cǎng
蒽	ēn	ēn
蒾	mí	mí
蒿	hāo	gǎo|hāo
蓀	sūn	sūn
蓁	zhēn	qín|zhēn
蓂	míng	mì|míng
蓃	sōu	sōu|sǒu
蓄	xù	xù
蓅	liú	liú
蓆	xí	xí
蓇	gū	gū|gǔ
蓈	láng	láng
蓉	róng	róng
蓊	wěng	wěng
蓋	gài	gai|gài|gě
蓌	cuò	cuò
蓍	shī	shī
蓎	táng	táng
蓏	luǒ	luǒ
蓐	rù	rù
蓑	suō	suī|suō
蓒	xuān	xuān
蓓	bèi	bèi
蓔	yǎo	yǎo|zhuó
蓕	guì	guì
蓖	bì	bì
蓗	zǒng	zǒng
蓘	gǔn	gǔn
蓙	zuò	zuò
蓚	tiáo	tiáo
蓛	cè	cè
蓜	pèi	pèi
蓝	lán	la|lán
蓞	dàn	dàn
蓟	jì	jì
蓠	lí	lí
蓡	shēn	shēn
蓢	lǎng	lǎng
蓣	yù	yù
蓤	líng	líng
蓥	yíng	yíng
蓦	mò	mò
蓧	diào	diào|dí|tiáo
蓨	tiáo	tiáo|xiū
蓩	mǎo	mǎo
蓪	tōng	tōng
蓫	chù	chù|zhú
蓬	péng	pèng|péng
蓭	ān	ān
蓮	lián	lián|liǎn
蓯	cōng	cōng|sǒng|zǒng
蓰	xǐ	xǐ
蓱	píng	píng
蓲	qiū	fū|qiū|xū|ōu
蓳	jǐn	jǐn
蓴	chún	chún|tuán
蓵	jié	jié
蓶	wéi	wéi
蓷	tuī	tuī
蓸	cáo	cáo
蓹	yù	yù
蓺	yì	yì
蓻	zí	jí|jú|zí
蓼	liǎo	liǎo|liǔ|lù|lǎo
蓽	bì	bì
蓾	lǔ	lǔ
蓿	xu	sù|xu
蔀	bù	bù
蔁	zhāng	zhāng
蔂	léi	léi
蔃	qiáng	jiàng|qiáng
蔄	màn	màn
蔅	yán	yán
蔆	líng	líng
蔇	jì	jì|xì
蔈	piào	biào|biāo|piào|piǎo
蔉	gǔn	gǔn
蔊	hǎn	hàn|hǎn
蔋	dí	dí
蔌	sù	sù
蔍	lù	cū|lù
蔎	shè	shè
蔏	shāng	shāng
蔐	dí	dí
蔑	miè	miè
蔒	xūn	xūn
蔓	màn	màn|mán|wàn
蔔	bó	bo|bó
蔕	dì	chài|dài|dì
蔖	cuó	cuó|cǔ|zhā
蔗	zhè	zhe|zhè
蔘	shēn	shēn|sān|sǎn
蔙	xuàn	xuàn
蔚	wèi	wèi|yù
蔛	hú	hú
蔜	áo	áo
蔝	mǐ	mǐ
蔞	lóu	jù|liǔ|lóu|lǚ
蔟	cù	chuò|còu|cù
蔠	zhōng	zhōng
蔡	cài	cài|cā|sà
蔢	pó	bò|pó
蔣	jiǎng	jiāng|jiǎng
蔤	mì	mì
蔥	cōng	cōng
蔦	niǎo	niǎo
蔧	huì	huì
蔨	juàn	juàn|jùn
蔩	yín	yín
蔪	jiàn	jiàn|jiān|shān
蔫	niān	niān|yàn|yān
蔬	shū	shū|shǔ
蔭	yīn	yìn|yīn
蔮	guó	guó
蔯	chén	chén
蔰	hù	hù
蔱	shā	shā
蔲	kòu	kòu
蔳	qiàn	qiàn
蔴	má	má
蔵	zāng	cáng|zāng
蔶	zé	zé
蔷	qiáng	qiáng
蔸	dōu	dōu
蔹	liǎn	liǎn
蔺	lìn	lìn
蔻	kòu	kòu
蔼	ǎi	ǎi
蔽	bì	biē|bì|piē
蔾	lí	lí
蔿	wěi	wěi
蕀	jí	jí
蕁	qián	qián|tán|xún
蕂	shèng	shèng
蕃	bō	bō|fán|fān|pí
蕄	méng	méng
蕅	ǒu	ǒu
蕆	chǎn	chǎn
蕇	diǎn	diǎn
蕈	xùn	tán|xùn
蕉	jiāo	jiāo|qiáo|qiāo
蕊	ruǐ	juǎn|ruǐ
蕋	ruǐ	ruǐ
蕌	lěi	lěi
蕍	yú	yú
蕎	qiáo	jiāo|qiáo
蕏	chú	chú
蕐	huá	huá
蕑	jiān	jiān
蕒	mǎi	mǎi
蕓	yún	yún
蕔	bāo	bāo
蕕	yóu	yóu
蕖	qú	qú
蕗	lù	lù
蕘	ráo	ráo|yáo
蕙	huì	huì
蕚	è	è
蕛	tí	tí
蕜	fěi	fěi
蕝	jué	jué|zuì
蕞	zuì	jué|zhuó|zuì
蕟	fà	fà|fèi
蕠	rú	rú
蕡	fén	fèi|fén
蕢	kuì	kuài|kuì
蕣	shùn	shùn
蕤	ruí	ruí
蕥	yǎ	yǎ
蕦	xū	xū
蕧	fù	fù
蕨	jué	jué
蕩	dàng	dàng|tàng|tāng
蕪	wú	wú|wǔ
蕫	dǒng	dǒng
蕬	sī	sī
蕭	xiāo	xiāo
蕮	xì	xì
蕯	lóng	lóng
蕰	wēn	wēn|yùn
蕱	shāo	shāo
蕲	qí	qí
蕳	jiān	jiān
蕴	yùn	yùn
蕵	sūn	sūn
蕶	líng	líng
蕷	yù	yù
蕸	xiá	xiá
蕹	wèng	wèng|yōng
蕺	jí	jí|qiè
蕻	hóng	hòng|hóng
蕼	sì	sì
蕽	nóng	nóng
蕾	lěi	lěi
蕿	xuān	xuān
薀	yùn	yùn
薁	ào	yù|ào
薂	xí	xiào|xí
薃	hào	hào
薄	báo	báo|bò|bó|bù
薅	hāo	hāo
薆	ài	ài
薇	wēi	wēi
薈	huì	huì
薉	huì	huì
薊	jì	jì
薋	cí	cí|zī
薌	xiāng	xiāng|xiǎng
薍	wàn	luàn|wàn
薎	miè	miè
薏	yì	yì
薐	léng	léng
薑	jiāng	jiāng
薒	càn	càn
薓	shēn	shēn
薔	qiáng	qiáng|sè
薕	lián	lián
薖	kē	kē
薗	yuán	yuán
薘	dá	dá
薙	tì	tì|zhì
薚	tāng	tāng
薛	xuē	xuē
薜	bì	bài|bì|bò|bó|pì
薝	zhān	zhān
薞	sūn	sūn
薟	xiān	kàn|liǎn|xiān|yán
薠	fán	fán
薡	dǐng	dǐng
薢	xiè	xiè
薣	gǔ	gǔ
薤	xiè	xiè
薥	shǔ	shǔ|zhú
薦	jiàn	jiàn
薧	hāo	hāo|kǎo
薨	hōng	hōng
薩	sà	sà
薪	xīn	xīn
薫	xūn	xūn
薬	yào	yào
薭	bài	bài
薮	sǒu	sǒu
薯	shǔ	shǔ
薰	xūn	xūn
薱	duì	duì
薲	pín	pín
薳	wěi	wěi|yuǎn
薴	níng	níng
薵	chóu	chóu|dào|zhòu
薶	mái	mái|wō
薷	rú	rú
薸	piáo	piáo
薹	tái	tái
薺	jì	cí|jì|qì|qí
薻	zǎo	zǎo
薼	chén	chén
薽	zhēn	zhēn
薾	ěr	ěr
薿	nǐ	nǐ
藀	yíng	yíng
藁	gǎo	gǎo
藂	cóng	còng|cóng
藃	xiāo	hào|hè|xiāo
藄	qí	qí
藅	fá	fá
藆	jiǎn	jiǎn
藇	xù	xù|xū|yù|yú|yǔ
藈	kuí	kuí
藉	jí	jiè|jí
藊	biǎn	biǎn
藋	diào	diào|dí|zhuó
藌	mì	mì
藍	lán	la|lán
藎	jìn	jìn
藏	cáng	cáng|zàng|zāng
藐	miǎo	miǎo|mò
藑	qióng	qióng
藒	qiè	qiè
藓	xiǎn	xiǎn
藔	liáo	liáo
藕	ǒu	ǒu
藖	xián	qiān|xián
藗	sù	sù
藘	lǘ	lǘ
藙	yì	yì
藚	xù	xù
藛	xiě	xiě
藜	lí	lí
藝	yì	yì
藞	lǎ	lǎ
藟	lěi	lěi
藠	jiào	jiào
藡	dí	dí
藢	zhǐ	zhǐ
藣	bēi	bēi
藤	téng	téng
藥	yào	lüè|shuò|yào
藦	mó	mò|mó
藧	huàn	huàn
藨	biāo	biāo|pāo
藩	fān	fán|fān
藪	sǒu	còu|shǔ|sǒu
藫	tán	tán
藬	tuī	tuī
藭	qióng	qióng
藮	qiáo	qiáo
藯	wèi	wèi
藰	liú	liú|liǔ
藱	huì	huì|huí
藲	ōu	ōu
藳	gǎo	gǎo
藴	yùn	wēn|yùn
藵	bǎo	bǎo
藶	lì	lì
藷	shǔ	shǔ|zhū
藸	chú	chú|zhā|zhū
藹	ǎi	ǎi
藺	lìn	lìn
藻	zǎo	zǎo
藼	xuān	xuān
藽	qìn	qìn
藾	lài	lài
藿	huò	huò|hé
蘀	tuò	tuò|zé
蘁	wù	wù|è
蘂	ruǐ	ruǐ
蘃	ruǐ	ruǐ
蘄	qí	jī|qí|qín
蘅	héng	héng
蘆	lú	lu|lú|lǔ
蘇	sū	sū
蘈	tuí	tuí
蘉	méng	máng|méng
蘊	yùn	yùn
蘋	píng	pín|píng
蘌	yǔ	yǔ
蘍	xūn	xūn
蘎	jì	jì
蘏	jiōng	jiōng
蘐	xuān	xuān
蘑	mó	mó
蘒	qiū	qiū
蘓	sū	sū
蘔	jiōng	jiōng
蘕	péng	péng
蘖	niè	bò|niè
蘗	bò	bì|bò
蘘	ráng	nāng|ráng|xiāng
蘙	yì	yì
蘚	xiǎn	xiǎn
蘛	yú	yú
蘜	jú	jú
蘝	liǎn	liǎn
蘞	liǎn	liǎn|xiān
蘟	yǐn	yǐn
蘠	qiáng	qiáng
蘡	yīng	yīng
蘢	lóng	lòng|lóng|lǒng
蘣	tǒu	tǒu
蘤	huā	huā
蘥	yuè	yuè
蘦	líng	líng
蘧	qú	jù|qú
蘨	yáo	yáo
蘩	fán	fán
蘪	méi	méi
蘫	hàn	hàn|làn
蘬	kuī	guī|huǐ|kuī
蘭	lán	lán
蘮	jì	jì
蘯	dàng	dàng
蘰	màn	màn
蘱	lèi	lèi
蘲	léi	léi
蘳	huī	huī
蘴	fēng	fēng|sōng
蘵	zhī	zhī
蘶	wèi	wèi
蘷	kuí	kuí
蘸	zhàn	zhàn
蘹	huái	huái
蘺	lí	lí
蘻	jì	jì
蘼	mí	mí
蘽	lěi	lěi
蘾	huài	huài
蘿	luó	luó
虀	jī	jī
虁	kuí	kuí
虂	lù	lù
虃	jiān	jiān
虄	sà	sà
虅	téng	téng
虆	léi	léi
虇	quǎn	quǎn
虈	xiāo	xiāo
虉	yì	yì
虊	luán	luán
虋	mén	mén
虌	biē	biē
虍	hū	hū
虎	hǔ	hu|hù|hǔ
虏	lǔ	lǔ
虐	nüè	nüè
虑	lǜ	bì|lǜ
虒	sī	sī|tí|xī|zhì
虓	xiāo	xiāo
虔	qián	qián
處	chù	chu|chù|chǔ|jù
虖	hū	hù|hú|hū
虗	xū	xū
虘	cuó	cuó
虙	fú	fú
虚	xū	xū
虛	xū	xū
虜	lǔ	lǔ
虝	hǔ	hǔ
虞	yú	yú
號	hào	hao|hào|háo
虠	jiāo	háo|jiāo
虡	jù	jù
虢	guó	guó
虣	bào	bào
虤	yán	yán
虥	zhàn	zhàn
虦	zhàn	zhàn
虧	kuī	kuī
虨	bīn	bīn
虩	xì	sè|xì
虪	shù	shù
虫	chóng	chóng|huǐ
虬	qiú	qiú
虭	diāo	diāo|dāo
虮	jǐ	jī|jǐ
虯	qiú	qiú
虰	dīng	chēng|dīng
虱	shī	shī
虲	xiā	xiā
虳	jué	jué
虴	zhé	zhé
虵	shé	shé|yě
虶	yū	yū
虷	hán	gān|hán
虸	zǐ	zǐ
虹	hóng	gòng|hòng|hóng|jiàng
虺	huǐ	huī|huǐ
虻	méng	méng
虼	gè	gè
虽	suī	suī
虾	xiā	há|xiā
虿	chài	chài
蚀	shí	shí
蚁	yǐ	yǐ
蚂	mǎ	mà|mā|mǎ
蚃	xiǎng	xiǎng
蚄	fāng	bàng|fāng
蚅	è	è
蚆	bā	bā
蚇	chǐ	chǐ
蚈	qiān	qiān
蚉	wén	wén
蚊	wén	wén
蚋	ruì	ruì
蚌	bàng	bàng|bèng|fēng|pí
蚍	pí	pí
蚎	yuè	yuè
蚏	yuè	yuè
蚐	jūn	jūn
蚑	qí	qí
蚒	tóng	tóng
蚓	yǐn	yǐn
蚔	qí	qí|zhǐ
蚕	cán	cán|tiǎn
蚖	yuán	wán|yuán
蚗	jué	jué|quē
蚘	huí	huì|huí|yóu
蚙	qín	qián|qín
蚚	qí	qí
蚛	zhòng	zhòng
蚜	yá	yá
蚝	háo	cì|háo
蚞	mù	mù
蚟	wáng	wáng
蚠	fén	fén
蚡	fén	fén
蚢	háng	háng
蚣	gōng	gong|gōng|zhōng
蚤	zǎo	zhǎo|zǎo
蚥	fù	fù|fǔ
蚦	rán	rán
蚧	jiè	jiè
蚨	fú	fú
蚩	chī	chī
蚪	dǒu	dǒu
蚫	bào	bào|páo
蚬	xiǎn	xiǎn
蚭	ní	ní
蚮	dài	dài
蚯	qiū	qiū
蚰	yóu	yóu|zhú
蚱	zhà	zhà
蚲	píng	píng
蚳	chí	chí|chī|dì
蚴	yòu	niù|yòu|yǒu
蚵	hé	hé|kè
蚶	hān	hán|hān
蚷	jù	jù
蚸	lì	lì
蚹	fù	fù
蚺	rán	rán|tiàn
蚻	zhá	zhá
蚼	gǒu	gǒu|qú|xù
蚽	pí	pí
蚾	pí	bǒ|pí
蚿	xián	xián
蛀	zhù	zhù
蛁	diāo	diāo
蛂	bié	bié
蛃	bǐng	bǐng
蛄	gū	gū|gǔ
蛅	zhān	zhān
蛆	qū	jū|qū
蛇	shé	chí|shé|tuó|yí
蛈	tiě	tiě
蛉	líng	líng
蛊	gǔ	gǔ
蛋	dàn	dàn
蛌	gǔ	gǔ
蛍	yíng	yíng
蛎	lì	lì
蛏	chēng	chēng
蛐	qū	qū
蛑	móu	máo|móu
蛒	gé	gé|luò
蛓	cì	cì
蛔	huí	huí
蛕	huí	huí|huǐ
蛖	máng	bàng|máng
蛗	fù	fù
蛘	yáng	yáng|yǎng
蛙	wā	jué|wā
蛚	liè	liè
蛛	zhū	zhū
蛜	yī	yī
蛝	xián	xián
蛞	kuò	kuò|shé
蛟	jiāo	jiāo
蛠	lì	lì
蛡	yì	xǔ|yì
蛢	píng	píng
蛣	qī	jié|qiè|qī
蛤	há	gé|há|hā|é
蛥	shé	shé
蛦	yí	yí
蛧	wǎng	wǎng
蛨	mò	mò
蛩	qióng	gǒng|qióng
蛪	qiè	ní|qiè
蛫	guǐ	guǐ
蛬	qióng	qióng
蛭	zhì	zhì
蛮	mán	mán
蛯	lǎo	lǎo
蛰	zhé	zhé
蛱	jiá	jiá
蛲	náo	náo
蛳	sī	sī
蛴	qí	qí
蛵	xīng	xīng
蛶	jiè	jiè
蛷	qiú	qiú
蛸	shāo	shāo|xiāo
蛹	yǒng	yǒng
蛺	jiá	jiá
蛻	tuì	tuì
蛼	chē	chē
蛽	bèi	bèi
蛾	é	yǐ|é
蛿	hàn	hàn
蜀	shǔ	shǔ
蜁	xuán	xuán
蜂	fēng	fēng
蜃	shèn	shèn
蜄	shèn	shèn|zhèn
蜅	fǔ	fǔ|pú
蜆	xiàn	xiàn|xiǎn
蜇	zhē	zhé|zhē
蜈	wú	wú
蜉	fú	fú
蜊	lí	lí
蜋	láng	liáng|láng
蜌	bì	bì
蜍	chú	chú|yú
蜎	yuān	xuān|yuān
蜏	yǒu	yǒu
蜐	jié	jié
蜑	dàn	dàn
蜒	yán	dàn|yàn|yán
蜓	tíng	diàn|tíng
蜔	diàn	diàn
蜕	tuì	tuì|yuè
蜖	huí	huí
蜗	wō	wō
蜘	zhī	zhī
蜙	sōng	sōng
蜚	fēi	bèi|fēi|fěi|pèi
蜛	jū	jū
蜜	mì	mì
蜝	qí	qí
蜞	qí	qí
蜟	yù	yù
蜠	jùn	jùn
蜡	là	jí|là|qù|zhà
蜢	měng	mèng|měng
蜣	qiāng	qiāng
蜤	sī	sī|xī
蜥	xī	xī
蜦	lún	lún|lǔn
蜧	lì	lì
蜨	dié	dié
蜩	tiáo	diào|tiáo
蜪	táo	táo
蜫	kūn	kūn
蜬	hán	hán
蜭	hàn	hàn
蜮	yù	guō|yù
蜯	bàng	bàng
蜰	féi	fèi|féi
蜱	pí	miáo|pí
蜲	wēi	wēi|wěi
蜳	dūn	dūn|tūn
蜴	yì	xí|yì
蜵	yuān	yuān|yūn
蜶	suò	suò
蜷	quán	juǎn|quán
蜸	qiǎn	qiǎn
蜹	ruì	ruì|wèi
蜺	ní	ní
蜻	qīng	jīng|qīng
蜼	wèi	tóng|wèi|wěi
蜽	liǎng	liǎng
蜾	guǒ	guǒ|luǒ
蜿	wān	wān|wǎn
蝀	dōng	dōng
蝁	è	è
蝂	bǎn	bǎn
蝃	dì	dì|zhuō
蝄	wǎng	wǎng
蝅	cán	cán
蝆	yǎng	yǎng
蝇	yíng	ying|yíng
蝈	guō	guō
蝉	chán	chán
蝊	dìng	dìng
蝋	là	là
蝌	kē	kē
蝍	jié	jié|jí
蝎	xiē	hé|xiē
蝏	tíng	tíng
蝐	mào	mào
蝑	xū	xiè|xū
蝒	mián	mián
蝓	yú	yú
蝔	jiē	jiē
蝕	shí	lì|lóng|shí
蝖	xuān	xuān
蝗	huáng	huáng
蝘	yǎn	yǎn
蝙	biān	biān|pián
蝚	róu	náo|róu
蝛	wēi	wēi
蝜	fù	fù
蝝	yuán	yuán|yuān
蝞	mèi	mèi
蝟	wèi	wei|wèi
蝠	fú	fú
蝡	rú	ruǎn|rú
蝢	xié	xié
蝣	yóu	yóu
蝤	qiú	jiū|qiú|yóu
蝥	máo	máo|wù|wú
蝦	xiā	há|jiǎ|xiā
蝧	yīng	yīng
蝨	shī	shī
蝩	chóng	chóng|zhōng
蝪	tāng	tāng
蝫	zhū	zhū
蝬	zōng	zōng
蝭	tí	chí|tí
蝮	fù	fù
蝯	yuán	yuán
蝰	kuí	kuí
蝱	méng	méng
蝲	là	là
蝳	dú	dài|dú
蝴	hú	hú
蝵	qiū	qiū
蝶	dié	dié|tiē
蝷	lì	lì|xí
蝸	wō	guǒ|luó|wō
蝹	yūn	yūn|ǎo
蝺	qǔ	qǔ|yǔ
蝻	nǎn	nǎn
蝼	lóu	lóu
蝽	chūn	chūn
蝾	róng	róng
蝿	yíng	yíng
螀	jiāng	jiāng
螁	ban	ban
螂	láng	láng
螃	páng	bǎng|páng
螄	sī	sī
螅	xī	cì|xī
螆	cì	cì
螇	xī	qī|xī
螈	yuán	yuán
螉	wēng	wēng
螊	lián	lián
螋	sōu	sōu
螌	bān	bān|huàn|pán
融	róng	róng
螎	róng	róng
螏	jí	jí
螐	wū	wū
螑	xiù	xiù
螒	hàn	hàn
螓	qín	qín
螔	yí	sī|yí
螕	bī	bī|pī
螖	huá	huá
螗	táng	táng
螘	yǐ	yǐ
螙	dù	dù
螚	nài	nài|nái|něng
螛	hé	hé|xiá
螜	hú	hú
螝	guī	guī|huǐ
螞	mǎ	mà|mā|mǎ
螟	míng	míng
螠	yì	yì
螡	wén	wén
螢	yíng	yíng
螣	téng	tè|téng
螤	zhōng	zhōng
螥	cāng	cāng
螦	sāo	sāo
螧	qí	qí
螨	mǎn	mǎn
螩	tiao	tiao
螪	shāng	shāng
螫	shì	shì
螬	cáo	cáo
螭	chī	chī
螮	dì	dài|dì
螯	áo	áo
螰	lù	lù
螱	wèi	wèi
螲	zhì	dié|zhì
螳	táng	táng
螴	chén	chén
螵	piāo	piāo
螶	qú	jù|qú
螷	pí	pí
螸	yú	yú
螹	jiàn	chán|jiàn
螺	luó	luó
螻	lóu	lóu
螼	qǐn	qǐn
螽	zhōng	zhōng
螾	yǐn	yín|yǐn
螿	jiāng	jiāng
蟀	shuài	shuài
蟁	wén	wén
蟂	xiāo	xiāo
蟃	wàn	wàn
蟄	zhé	zhé
蟅	zhè	zhè
蟆	má	ma|má|mò
蟇	má	má
蟈	guō	guō|yù
蟉	liú	liào|liú
蟊	máo	máo|méng
蟋	xī	xī
蟌	cōng	cōng
蟍	lí	lí
蟎	mǎn	mǎn
蟏	xiāo	xiāo
蟐	chang	chang
蟑	zhāng	zhāng
蟒	mǎng	měng|mǎng
蟓	xiàng	xiàng
蟔	mò	mò
蟕	zuī	zuī
蟖	sī	sī
蟗	qiū	qiū
蟘	tè	tè
蟙	zhí	zhí
蟚	péng	péng
蟛	péng	péng
蟜	jiǎo	jiǎo|qiáo
蟝	qú	qú
蟞	biē	bié|biē
蟟	liáo	liáo
蟠	pán	fán|pán
蟡	guǐ	guǐ
蟢	xǐ	xǐ
蟣	jǐ	jǐ|qí
蟤	zhuān	zhuān
蟥	huáng	huáng
蟦	féi	bēn|féi
蟧	láo	liáo|láo
蟨	jué	jué
蟩	jué	jué
蟪	huì	huì
蟫	yín	xún|yín
蟬	chán	chán|shàn|tí
蟭	jiāo	jiāo
蟮	shàn	shàn
蟯	náo	náo|rào
蟰	xiāo	xiāo
蟱	wú	móu|wú
蟲	chóng	chóng|tóng|zhòng
蟳	xún	xún
蟴	sī	sī
蟵	chú	chú
蟶	chēng	chēng
蟷	dāng	dāng
蟸	lǐ	lǐ
蟹	xiè	xiè
蟺	shàn	chán|dàn|shàn|tuó
蟻	yǐ	jǐ|yǐ
蟼	jǐng	jǐng
蟽	dá	dá
蟾	chán	chán
蟿	qì	jì|qì
蠀	cī	cī|jí
蠁	xiǎng	xiǎng
蠂	shè	shè
蠃	luǒ	guǒ|luó|luǒ
蠄	qín	qín
蠅	yíng	ying|yíng
蠆	chài	chài
蠇	lì	lì
蠈	zéi	zéi
蠉	xuān	xuān
蠊	lián	lián
蠋	zhú	zhú
蠌	zé	zé
蠍	xiē	xiē
蠎	mǎng	mǎng
蠏	xiè	xiè
蠐	qí	qí
蠑	róng	róng
蠒	jiǎn	jiǎn
蠓	měng	měng
蠔	háo	háo
蠕	rú	rú
蠖	huò	huò|yuè
蠗	zhuó	zhuó
蠘	jié	jié
蠙	pín	pín
蠚	hē	hē
蠛	miè	miè
蠜	fán	fán
蠝	lěi	lěi
蠞	jié	jié
蠟	là	là
蠠	mǐn	mián|mǐn
蠡	lí	luó|luǒ|lì|lí|lǐ
蠢	chǔn	chǔn
蠣	lì	lì
蠤	qiū	qiū
蠥	niè	niè
蠦	lú	lú
蠧	dù	dù
蠨	xiāo	xiāo
蠩	zhū	chú|zhū
蠪	lóng	lóng
蠫	lí	lí
蠬	lóng	lóng
蠭	fēng	fēng|páng
蠮	yē	yē
蠯	pí	pí
蠰	náng	náng|rǎng|shàng
蠱	gǔ	gǔ|yě
蠲	juān	juān
蠳	yīng	yīng
蠴	shǔ	shǔ
蠵	xī	xī
蠶	cán	cán
蠷	qú	qú
蠸	quán	huàn|quán
蠹	dù	dù
蠺	cán	cán
蠻	mán	mán
蠼	qú	jué|qú
蠽	jié	jié
蠾	zhú	shú|zhú
蠿	zhuō	zhuō
血	xuè	xiě|xuè
衁	huāng	huāng
衂	nǜ	nǜ
衃	pēi	fǒu|pēi
衄	nǜ	nǜ
衅	xìn	xìn
衆	zhòng	zhòng|zhōng
衇	mài	mài
衈	èr	èr
衉	kā	kā
衊	miè	miè
衋	xì	xì
行	xíng	hàng|háng|héng|xìng|xíng
衍	yǎn	yán|yǎn
衎	kàn	kàn|kǎn
衏	yuàn	yuàn
衐	qú	qú
衑	líng	líng
衒	xuàn	xuàn
術	shù	shù
衔	xián	xián
衕	tòng	dòng|tòng|tóng
衖	xiàng	lòng|xiàng
街	jiē	jiē
衘	xián	xián|yù
衙	yá	yá|yù|yú
衚	hú	hú
衛	wèi	wèi
衜	dào	dào
衝	chōng	chòng|chōng|chǒng
衞	wèi	wèi
衟	dào	dào
衠	zhūn	zhūn
衡	héng	héng
衢	qú	qú
衣	yī	yì|yī
衤	yī	yī
补	bǔ	bǔ
衦	gǎn	gǎn
衧	yú	yú
表	biǎo	biǎo
衩	chǎ	chà|chǎ
衪	yí	yí
衫	shān	shān
衬	chèn	chèn
衭	fū	fū
衮	gǔn	gǔn
衯	fēn	fēn|pén
衰	shuāi	cuī|shuāi|suō
衱	jié	jié
衲	nà	nà
衳	zhōng	zhōng
衴	dǎn	dǎn
衵	yì	yì
衶	zhòng	zhòng
衷	zhōng	zhòng|zhōng
衸	jiè	jiè
衹	zhǐ	qí|tǐ|zhī|zhǐ
衺	xié	xié
衻	rán	rán
衼	zhī	zhī
衽	rèn	rèn
衾	qīn	qīn
衿	jīn	jīn|qìn
袀	jūn	jūn
袁	yuán	yuán
袂	mèi	mèi|yì
袃	chài	chài
袄	ǎo	ǎo
袅	niǎo	niǎo
袆	huī	huī
袇	rán	rán
袈	jiā	jiā
袉	tuó	tuó|tuǒ
袊	lǐng	líng|lǐng
袋	dài	dai|dài
袌	bào	bào|pào|páo
袍	páo	bào|páo
袎	yào	yào
袏	zuò	zuò
袐	bì	bì
袑	shào	shào
袒	tǎn	tǎn|zhàn
袓	jù	jiě|jù
袔	hè	hè|kuǎ|kè
袕	xué	xué
袖	xiù	xiù
袗	zhěn	zhěn
袘	yí	tuó|yì|yí
袙	pà	pà
袚	bō	bō|fú
袛	dī	dī
袜	wà	mò|wà
袝	fù	fù
袞	gǔn	gǔn
袟	zhì	zhì
袠	zhì	zhì
袡	rán	rán
袢	pàn	fán|pàn
袣	yì	yì
袤	mào	mào|móu
袥	tuō	tuō
袦	nà	jué|nà
袧	gōu	gòu|gōu
袨	xuàn	xuàn
袩	zhé	chān|zhé
袪	qū	qū
被	bèi	bèi|bì|pì|pī
袬	yù	yù
袭	xí	xí
袮	mí	mí
袯	bó	bó
袰	bō	bō
袱	fú	fu|fú
袲	chǐ	chǐ|nuǒ
袳	chǐ	chǐ|duǒ|nuǒ|qǐ
袴	kù	kù
袵	rèn	rèn
袶	jiàng	jiàng
袷	qiā	jiá|jié|jiā|qiā
袸	jiàn	jiàn|zùn
袹	bó	bó|mò
袺	jié	jié
袻	ér	ér
袼	gē	gē|luò
袽	rú	rú
袾	zhū	zhū
袿	guī	guà|guī
裀	yīn	yīn
裁	cái	cái
裂	liè	liè|liě
裃	kǎ	kǎ
裄	xing	xing
装	zhuāng	zhuāng
裆	dāng	dāng
裇	xū	xū
裈	kūn	kūn
裉	kèn	kèn
裊	niǎo	niǎo
裋	shù	shù
裌	jiá	jiá|jiā|xié
裍	kǔn	kǔn
裎	chéng	chéng|chěng
裏	lǐ	li|lǐ
裐	juān	juān
裑	shēn	shēn
裒	póu	bāo|póu
裓	gé	gé|jiē
裔	yì	yì
裕	yù	yù
裖	zhěn	zhěn
裗	liú	liú
裘	qiú	qiú
裙	qún	qún
裚	jì	jì
裛	yì	yì
補	bǔ	bǔ
裝	zhuāng	zhuāng
裞	shuì	shuì
裟	shā	shā
裠	qún	qún
裡	lǐ	li|lǐ
裢	lián	lián|shāo
裣	liǎn	liǎn
裤	kù	kù
裥	jiǎn	jiǎn
裦	fóu	fóu
裧	chān	chàn|chān|tǎn
裨	bì	bì|pí
裩	kūn	kūn
裪	táo	táo
裫	yuàn	yuàn
裬	líng	líng
裭	chǐ	chǐ
裮	chāng	chāng
裯	chóu	chóu|dāo
裰	duō	duō
裱	biǎo	biǎo
裲	liǎng	liǎng
裳	shang	cháng|shang
裴	péi	féi|péi
裵	péi	péi
裶	fēi	fēi
裷	yuān	gǔn|yuān
裸	luǒ	luǒ
裹	guǒ	guǒ
裺	yǎn	yàn|yǎn|ān
裻	dú	dú
裼	tì	tì|xī
製	zhì	zhì
裾	jū	jù|jū
裿	yǐ	qǐ|yǐ
褀	qí	qí
褁	guǒ	guǒ
褂	guà	guà
褃	kèn	kèn
褄	qī	qī
褅	tì	tì
褆	tí	shì|tí
複	fù	fù|fú
褈	chóng	chóng|chōng|zhòng
褉	xiè	xiè
褊	biǎn	biǎn|pián
褋	dié	dié
褌	kūn	kūn
褍	duān	duān|tuān
褎	xiù	xiù|yòu
褏	xiù	xiù
褐	hè	hè
褑	yuàn	yuàn|yuán
褒	bāo	bāo
褓	bǎo	bǎo
褔	fù	fù
褕	yú	tóu|yú
褖	tuàn	tuàn
褗	yǎn	yǎn
褘	huī	huī|yī
褙	bèi	bèi
褚	chǔ	chǔ|zhě|zhǔ
褛	lǚ	lǚ
褜	páo	páo
褝	dān	dān
褞	yǔn	wēn|yǔn
褟	tā	tā
褠	gōu	gōu
褡	dā	dā
褢	huái	huái
褣	róng	róng
褤	yuàn	yuàn
褥	rù	nù|rù
褦	nài	nài
褧	jiǒng	jiǒng
褨	suǒ	chá|suǒ
褩	bān	bān|pán
褪	tuì	tuì|tùn
褫	chǐ	chǐ
褬	sǎng	sǎng
褭	niǎo	niǎo
褮	yīng	yìng|yīng
褯	jiè	jiè
褰	qiān	qiān
褱	huái	huái
褲	kù	kù
褳	lián	lián
褴	lán	lán
褵	lí	lí
褶	zhě	dié|xí|zhě
褷	shī	shī
褸	lǚ	lǚ
褹	yì	niè|yì
褺	diē	diē
褻	xiè	xiè
褼	xiān	xiān
褽	wèi	wèi
褾	biǎo	biǎo
褿	cáo	cáo
襀	jī	jì|jī
襁	qiǎng	qiǎng
襂	sēn	shān|sēn
襃	bāo	bāo|póu
襄	xiāng	xiāng
襅	bì	bì
襆	fú	fú|pú
襇	jiǎn	jiǎn
襈	zhuàn	juàn|zhuàn
襉	jiǎn	jiǎn
襊	cuì	cuì|cuō
襋	jí	jí
襌	dān	dān
襍	zá	zá
襎	fán	bò|fán
襏	bó	bó|fèi
襐	xiàng	xiàng
襑	xín	xín
襒	bié	bié
襓	ráo	ráo
襔	mǎn	mǎn
襕	lán	lán
襖	ǎo	ǎo
襗	zé	duó|yì|zé
襘	guì	guì|huì
襙	cào	cào
襚	suì	suì
襛	nóng	nóng
襜	chān	chàn|chān|dān
襝	liǎn	chān|liǎn
襞	bì	bì
襟	jīn	jīn
襠	dāng	dāng
襡	shǔ	dú|shǔ
襢	tǎn	chán|tǎn|zhàn|zhān
襣	bì	bì
襤	lán	lán
襥	fú	fú
襦	rú	rú
襧	zhǐ	zhǐ
襨	duì	duì
襩	shǔ	shǔ
襪	wà	wà
襫	shì	shì
襬	bǎi	bēi|bǎi
襭	xié	xié
襮	bó	bó
襯	chèn	chèn
襰	lài	lài
襱	lóng	lòng|lóng
襲	xí	xí
襳	xiān	shān|xiān
襴	lán	lán
襵	zhě	zhé|zhě
襶	dài	dài
襷	jǔ	jǔ
襸	zàn	cuán|zàn
襹	shī	shī
襺	jiǎn	jiǎn
襻	pàn	pàn
襼	yì	yì
襽	lán	lán
襾	yà	yà
西	xī	xi|xī
覀	xī	xī
要	yào	yào|yāo|yǎo
覂	fěng	bǎn|fěng
覃	tán	qín|tán|yǎn
覄	fù	fù
覅	fiào	fiào
覆	fù	fù
覇	bà	bà
覈	hé	hé
覉	jī	jī
覊	jī	jī
見	jiàn	jian|jiàn|xiàn
覌	guān	guān
覍	biàn	biàn
覎	yàn	yàn
規	guī	guì|guī|xù
覐	jué	jué
覑	piǎn	piǎn
覒	mào	mào
覓	mì	mì
覔	mì	mì
覕	miè	miè|piē
視	shì	shi|shì
覗	sì	sì
覘	chān	chān|dān|jī
覙	luó	luó
覚	jué	jué
覛	mì	mì
覜	tiào	tiào
覝	lián	lián
覞	yào	yào
覟	zhì	zhì
覠	jūn	jūn
覡	xí	xí
覢	shǎn	shǎn
覣	wēi	wēi
覤	xì	xì
覥	tiǎn	tiǎn
覦	yú	yú
覧	lǎn	lǎn
覨	è	è
覩	dǔ	dǔ
親	qīn	qin|qìng|qīn
覫	pǎng	pǎng
覬	jì	jì
覭	míng	míng
覮	yíng	yíng
覯	gòu	gòu
覰	qū	qù|qū
覱	zhàn	zhàn|zhān
覲	jìn	jìn
観	guān	guān
覴	dēng	dēng
覵	jiàn	biǎn|jiàn
覶	luó	luó|luǎn
覷	qù	qù
覸	jiān	jiān
覹	wéi	wéi
覺	jué	jiào|jué
覻	qū	qù|qū
覼	luó	luó
覽	lǎn	làn|lǎn
覾	shěn	shěn
覿	dí	dí|jí
觀	guān	guàn|guān
见	jiàn	jian|jiàn|xiàn
观	guān	guàn|guān
觃	yàn	yàn
规	guī	guī
觅	mì	mì
视	shì	shi|shì
觇	chān	chān
览	lǎn	lǎn
觉	jué	jiào|jué
觊	jì	jì
觋	xí	xí
觌	dí	dí
觍	tiǎn	tiǎn
觎	yú	yú
觏	gòu	gòu
觐	jìn	jìn
觑	qù	qù|qū
角	jiǎo	gǔ|jiǎo|jué|lù
觓	qiú	qiú
觔	jīn	jīn
觕	cū	chéng|chù|cū
觖	jué	guì|jué|kuì
觗	zhì	zhì
觘	chào	chào
觙	jí	jí
觚	gū	gū
觛	dàn	dàn
觜	zī	zuǐ|zī
觝	dǐ	dǐ|zhǐ
觞	shāng	shāng
觟	huà	huà|xiè
觠	quán	quán
觡	gé	gé
觢	shì	shì
解	jiě	jiè|jiě|xiè
觤	guǐ	guǐ
觥	gōng	gōng
触	chù	chù
觧	jiě	jiè|jiě
觨	hùn	hùn
觩	qiú	qiú
觪	xīng	xīng
觫	sù	sù
觬	ní	ní
觭	jī	jī|qí|qǐ
觮	lù	lù
觯	zhì	zhì
觰	zhā	dǎ|zhā|zhǎ
觱	bì	bì
觲	xīng	xīng
觳	hú	hú|jué|què
觴	shāng	shāng
觵	gōng	gōng
觶	zhì	zhì
觷	xué	hù|xué
觸	chù	chù
觹	xī	xī
觺	yí	yí
觻	lì	lì|lù
觼	jué	jué
觽	xī	xī
觾	yàn	yàn
觿	xī	wéi|xī
言	yán	yàn|yán|yín
訁	yán	yán
訂	dìng	dìng
訃	fù	fù
訄	qiú	kāo|qiú
訅	qiú	qiú
訆	jiào	jiào
訇	hōng	hēng|hōng|jùn
計	jì	ji|jì
訉	fàn	fàn
訊	xùn	xùn
訋	diào	diào
訌	hòng	hòng
訍	chài	chà|chài|chā
討	tǎo	tǎo
訏	xū	xū|xǔ
訐	jié	jié|jì
訑	yí	dàn|shī|tuó|tuǒ|yí
訒	rèn	rèn
訓	xùn	xun|xùn
訔	yín	yín
訕	shàn	shàn
訖	qì	qì
託	tuō	tuō
記	jì	ji|jì
訙	xùn	xùn
訚	yín	yín
訛	é	é
訜	fēn	bīn|fēn
訝	yà	yà
訞	yāo	yāo
訟	sòng	sòng
訠	shěn	shěn
訡	yín	yín
訢	xīn	xī|xīn|yín
訣	jué	jué
訤	xiáo	ná|xiáo
訥	nè	nè
訦	chén	chén
訧	yóu	yóu
訨	zhǐ	zhǐ
訩	xiōng	xiōng
訪	fǎng	fǎng
訫	xìn	xìn
訬	chāo	chāo|chǎo|miǎo
設	shè	shè
訮	yán	yán
訯	sǎ	sà|sǎ
訰	zhùn	zhùn|zhūn
許	xǔ	hǔ|xǔ
訲	yì	yì
訳	yì	yì
訴	sù	su|sù
訵	chī	chì|chī
訶	hē	hē
訷	shēn	shēn
訸	hé	hé
訹	xù	xù
診	zhěn	zhěn
註	zhù	zhù
証	zhèng	zhèng
訽	gòu	gòu
訾	zǐ	zī|zǐ
訿	zǐ	zǐ
詀	zhān	chè|diān|tiē|zhàn|zhān
詁	gǔ	gǔ
詂	fù	fù
詃	jiǎn	jiǎn
詄	dié	dié
詅	líng	líng
詆	dǐ	dǐ|tì
詇	yàng	yàng
詈	lì	lì
詉	náo	ná|náo|nù
詊	pàn	pàn
詋	zhòu	zhòu
詌	gàn	gàn
詍	yì	yì
詎	jù	jù
詏	yào	yào
詐	zhà	zhà
詑	yí	duò|tuó|xī|yí|yī
詒	yí	dài|tái|yí
詓	qǔ	qǔ
詔	zhào	zhào|zhāo
評	píng	píng
詖	bì	bì
詗	xiòng	xiòng
詘	qū	chù|qū
詙	bá	bá|bó
詚	dá	dá
詛	zǔ	zǔ
詜	tāo	tāo
詝	zhǔ	zhǔ
詞	cí	cí
詟	zhé	zhé
詠	yǒng	yǒng
詡	xǔ	xǔ
詢	xún	xún
詣	yì	yì
詤	huǎng	huǎng
詥	hé	gé|hé
試	shì	shì
詧	chá	chá|qiè
詨	xiào	xiào
詩	shī	shī
詪	hěn	hěn
詫	chà	chà|dù
詬	gòu	gòu|hòu
詭	guǐ	guǐ
詮	quán	quán
詯	huì	huì
詰	jié	jié
話	huà	hua|huà
該	gāi	gāi
詳	xiáng	xiáng|yáng
詴	wēi	wēi
詵	shēn	shēn
詶	zhòu	chóu|zhòu
詷	tóng	dòng|tóng
詸	mí	mí
詹	zhān	dàn|zhān
詺	mìng	mìng
詻	è	luò|lüè|è
詼	huī	huī
詽	yán	yán
詾	xiōng	xiōng
詿	guà	guà
誀	èr	chǐ|èr
誁	bìng	bìng
誂	tiǎo	diào|tiǎo
誃	yí	chì|chǐ|duò|yí
誄	lěi	lěi
誅	zhū	zhū
誆	kuāng	kuāng
誇	kuā	kuā|qù
誈	wū	wū
誉	yù	yù
誊	téng	téng
誋	jì	jì
誌	zhì	zhì
認	rèn	rèn
誎	cù	cù
誏	lǎng	làng|lǎng
誐	é	é|ě
誑	kuáng	kuáng
誒	éi	xī|yì|èi|éi|ê̄|ê̌|ēi|ěi|ế|ề
誓	shì	shì
誔	tǐng	tǐng
誕	dàn	dàn
誖	bèi	bèi
誗	chán	chán
誘	yòu	yòu
誙	kēng	kēng
誚	qiào	qiào
誛	qīn	qīn
誜	shuà	shuà
誝	ān	ān
語	yǔ	yù|yǔ
誟	xiào	xiào
誠	chéng	chéng
誡	jiè	jiè
誢	xiàn	xiàn
誣	wū	wū
誤	wù	wu|wù
誥	gào	gào
誦	sòng	sòng
誧	bū	bū
誨	huì	huì
誩	jìng	jìng
說	shuō	shuō
誫	zhèn	zhèn
説	shuō	shuì|shuō|tuō|yuè
読	dú	dú
誮	huā	huā
誯	chàng	chàng
誰	shuí	shuí|shéi
誱	jié	jié
課	kè	kè
誳	qū	juè|qū
誴	cóng	cóng
誵	xiáo	xiáo
誶	suì	suì
誷	wǎng	wǎng
誸	xián	xián
誹	fěi	fěi
誺	chī	chī|lài
誻	tà	tà
誼	yì	yì
誽	nì	ná|nì
誾	yín	yín
調	diào	diào|tiáo|zhōu
諀	pǐ	bēi|pǐ
諁	zhuó	zhuó
諂	chǎn	chǎn
諃	chēn	chēn
諄	zhūn	zhūn
諅	jì	jì|jī
諆	qī	qī
談	tán	tán
諈	zhuì	zhuì
諉	wěi	wěi
諊	jū	jū
請	qǐng	qìng|qíng|qǐng
諌	dǒng	dǒng
諍	zhèng	zhèng|zhēng
諎	zé	cuò|jiè|zhǎ|zuò|zé
諏	zōu	zhōu|zōu
諐	qiān	qiān
諑	zhuó	zhuó
諒	liàng	liàng|liáng
諓	jiàn	jiàn
諔	chù	chù|jí
諕	háo	huò|háo|xià
論	lùn	lùn|lún
諗	shěn	niè|shěn
諘	biǎo	biǎo
諙	huà	huà
諚	pián	pián
諛	yú	yú
諜	dié	dié|xiè
諝	xū	xū
諞	piǎn	pián|piǎn
諟	shì	dì|shì
諠	xuān	xuān
諡	shì	shì
諢	hùn	hùn
諣	huà	guā|huà
諤	è	è
諥	zhòng	zhòng
諦	dì	dì|tí
諧	xié	xié
諨	fú	fú
諩	pǔ	pǔ
諪	tíng	tíng
諫	jiàn	jiàn|làn
諬	qǐ	qǐ
諭	yù	tǒu|yù
諮	zī	zī
諯	zhuān	zhuān
諰	xǐ	shāi|xǐ|āi
諱	huì	huì
諲	yīn	yīn
諳	ān	tǒu|ān
諴	xián	gān|xián
諵	nán	nàn|nán
諶	chén	chén
諷	fěng	fèng|fěng
諸	zhū	chú|zhū
諹	yáng	yáng
諺	yàn	yàn
諻	huáng	huáng
諼	xuān	xuān
諽	gé	gé
諾	nuò	nuò
諿	qī	qī|xǔ
謀	móu	mou|móu
謁	yè	yè|ǎi
謂	wèi	wèi
謃	xīng	xīng
謄	téng	téng
謅	zhōu	chōu|chǎo|zhōu
謆	shàn	shàn
謇	jiǎn	jiǎn
謈	pó	páo|pó
謉	kuì	duǐ|guǐ|kuì|tuí
謊	huǎng	huǎng
謋	huò	huò
謌	gē	gē
謍	yíng	hōng|yíng|yīng
謎	mí	mí
謏	xiǎo	sòu|sǒu|xiǎo
謐	mì	mì
謑	xǐ	xià|xí|xǐ
謒	qiāng	qiāng
謓	chēn	chēn|zhèn
謔	xuè	xuè
謕	tí	sī|tí
謖	sù	sù
謗	bàng	bàng
謘	chí	chí
謙	qiān	qiān|zhàn
謚	shì	shì|xì|yì
講	jiǎng	jiǎng
謜	yuán	quán|yuán
謝	xiè	xie|xiè
謞	hè	hè|xiāo
謟	tāo	tāo
謠	yáo	yáo
謡	yáo	yáo
謢	lū	lū
謣	yú	xū|yú
謤	biāo	biāo|piāo
謥	còng	còng
謦	qìng	qìng|qǐng
謧	lí	lí
謨	mó	mó
謩	mó	mó
謪	shāng	shāng
謫	zhé	zhé|zé
謬	miù	miù
謭	jiǎn	jiǎn
謮	zé	zé
謯	jiē	jiē|zhā|zhǎ|zǔ
謰	lián	lián
謱	lóu	lóu|lǚ
謲	càn	chěn|càn|sān|zào
謳	ōu	xú|ōu
謴	gùn	gùn
謵	xí	chè|xí
謶	zhuó	shù|zhuó|zhē
謷	áo	ào|áo
謸	áo	áo
謹	jǐn	jǐn
謺	zhé	zhé
謻	yí	chí|yí
謼	hū	hū|xiāo
謽	jiàng	jiàng
謾	mán	màn|mán
謿	cháo	cháo
譀	hàn	hàn|xiàn
譁	huá	huá|wà
譂	chǎn	chǎn|dàn
譃	xū	xū
譄	zēng	zēng
譅	sè	sè
譆	xī	xī
譇	zhā	zhā
譈	duì	duì
證	zhèng	zhèng
譊	náo	náo|xiāo
譋	lán	lán
譌	é	guǐ|wá|é
譍	yīng	yìng|yīng
譎	jué	jué
譏	jī	jī
譐	zǔn	zǔn
譑	jiǎo	jiǎo|qiào
譒	bò	bò
譓	huì	huì
譔	zhuàn	quán|zhuàn
譕	wú	mó|wú
譖	zèn	jiàn|zèn
譗	zhá	zhá
識	shí	shi|shì|shí|zhì
譙	qiào	qiào|qiáo
譚	tán	tán
譛	zèn	zèn
譜	pǔ	pǔ
譝	shéng	shéng
譞	xuān	xuān
譟	zào	zào
譠	tán	tán
譡	dǎng	dǎng
譢	suì	suì
譣	xiǎn	xiǎn
譤	jī	jī
譥	jiào	jiào
警	jǐng	jǐng
譧	zhàn	lián|zhàn
譨	náng	náng|nóu
譩	yī	yī
譪	ǎi	ǎi
譫	zhān	zhān
譬	pì	pì
譭	huǐ	huǐ
譮	huà	huà|huì|xiè
譯	yì	yì
議	yì	yì
譱	shàn	shàn
譲	ràng	ràng
譳	nòu	nòu
譴	qiǎn	qiǎn
譵	duì	duì
譶	tà	tà
護	hù	hù
譸	zhōu	chóu|zhōu
譹	háo	háo
譺	ài	nǐ|yì|yí|yǐ|ài
譻	yīng	yīng
譼	jiàn	jiàn
譽	yù	yù
譾	jiǎn	jiǎn
譿	huì	huì
讀	dú	dòu|dú
讁	zhé	zhé
讂	xuàn	xuàn
讃	zàn	zàn
讄	lěi	lěi
讅	shěn	shěn
讆	wèi	wèi
讇	chǎn	chǎn
讈	lì	lì
讉	yí	tuī|yí
變	biàn	biàn
讋	zhé	zhé
讌	yàn	yàn
讍	è	è
讎	chóu	chóu
讏	wèi	wèi
讐	chóu	chóu
讑	yào	yào
讒	chán	chán
讓	ràng	ràng
讔	yǐn	yǐn
讕	lán	lán
讖	chèn	chàn|chèn
讗	xié	xié
讘	niè	niè
讙	huān	huàn|huān
讚	zàn	zàn
讛	yì	yì
讜	dǎng	dàng|dǎng
讝	zhān	zhán|zhān
讞	yàn	yàn
讟	dú	dú
讠	yán	yán
计	jì	ji|jì
订	dìng	dìng
讣	fù	fù
认	rèn	rèn
讥	jī	jī
讦	jié	jié
讧	hòng	hòng
讨	tǎo	tǎo
让	ràng	ràng
讪	shàn	shàn
讫	qì	qì
讬	tuō	tuō
训	xùn	xun|xùn
议	yì	yì
讯	xùn	xùn
记	jì	ji|jì
讱	rèn	rèn
讲	jiǎng	jiǎng
讳	huì	huì
讴	ōu	ōu
讵	jù	jù
讶	yà	yà
讷	nè	nè
许	xǔ	xǔ
讹	é	é
论	lùn	lùn|lún
讻	xiōng	xiōng
讼	sòng	sòng
讽	fěng	fèng|fěng
设	shè	shè
访	fǎng	fǎng
诀	jué	jué
证	zhèng	zhèng
诂	gǔ	gǔ
诃	hē	hē
评	píng	píng
诅	zǔ	zǔ
识	shí	shi|shì|shí|zhì
诇	xiòng	xiòng
诈	zhà	zhà
诉	sù	su|sù
诊	zhěn	zhěn
诋	dǐ	dǐ
诌	zhōu	zhōu
词	cí	cí
诎	qū	qū
诏	zhào	zhào
诐	bì	bì
译	yì	yì
诒	yí	yí
诓	kuāng	kuāng
诔	lěi	lěi
试	shì	shì
诖	guà	guà
诗	shī	shī
诘	jié	jié|jí
诙	huī	huī
诚	chéng	chéng
诛	zhū	zhū
诜	shēn	shēn
话	huà	hua|huà
诞	dàn	dàn
诟	gòu	gòu
诠	quán	quán
诡	guǐ	guǐ
询	xún	xún
诣	yì	yì
诤	zhèng	zhèng
该	gāi	gāi
详	xiáng	xiáng
诧	chà	chà
诨	hùn	hùn
诩	xǔ	xǔ
诪	zhōu	zhōu
诫	jiè	jiè
诬	wū	wū
语	yǔ	yù|yǔ
诮	qiào	qiào
误	wù	wu|wù
诰	gào	gào
诱	yòu	yòu
诲	huì	huì
诳	kuáng	kuáng
说	shuō	shuì|shuō|yuè
诵	sòng	sòng
诶	éi	èi|éi|ěi
请	qǐng	qǐng
诸	zhū	zhū
诹	zōu	zōu
诺	nuò	nuò
读	dú	dòu|dú
诼	zhuó	zhuó
诽	fěi	fěi
课	kè	kè
诿	wěi	wěi
谀	yú	yú
谁	shéi	shuí|shéi
谂	shěn	shěn
调	diào	diào|tiáo
谄	chǎn	chǎn
谅	liàng	liàng
谆	zhūn	zhūn
谇	suì	suì
谈	tán	tán
谉	shěn	shěn
谊	yì	yì
谋	móu	mou|móu
谌	chén	chén
谍	dié	dié
谎	huǎng	huǎng
谏	jiàn	jiàn
谐	xié	xié
谑	xuè	xuè
谒	yè	yè
谓	wèi	wèi
谔	è	è
谕	yù	yù
谖	xuān	xuān
谗	chán	chán
谘	zī	zī
谙	ān	ān
谚	yàn	yàn
谛	dì	dì
谜	mí	mèi|mí
谝	piǎn	piǎn
谞	xū	xū
谟	mó	mó
谠	dǎng	dǎng
谡	sù	sù
谢	xiè	xie|xiè
谣	yáo	yáo
谤	bàng	bàng
谥	shì	shì
谦	qiān	qiān
谧	mì	mì
谨	jǐn	jǐn
谩	màn	màn|mán
谪	zhé	zhé
谫	jiǎn	jiǎn
谬	miù	miù
谭	tán	tán
谮	zèn	zèn
谯	qiáo	qiào|qiáo
谰	lán	lán
谱	pǔ	pǔ
谲	jué	jué
谳	yàn	yàn
谴	qiǎn	qiǎn
谵	zhān	zhān
谶	chèn	chèn
谷	gǔ	gǔ|lù|yù
谸	qiān	qiān
谹	hóng	hóng
谺	xiā	xiā
谻	jí	jí
谼	hóng	hóng
谽	hān	hān
谾	hōng	hōng|lóng
谿	xī	jī|xī
豀	xī	xī
豁	huō	huá|huò|huō
豂	liáo	liáo
豃	hǎn	gǎn|hǎn
豄	dú	dú
豅	lóng	lòng|lóng
豆	dòu	dòu
豇	jiāng	jiāng
豈	qǐ	kǎi|qǐ
豉	chǐ	chǐ|shì
豊	lǐ	fēng|lǐ
豋	dēng	dēng
豌	wān	wān
豍	bī	biǎn|bī
豎	shù	shù
豏	xiàn	xiàn
豐	fēng	fēng
豑	zhì	zhì
豒	zhì	zhì
豓	yàn	yàn
豔	yàn	yàn
豕	shǐ	shǐ
豖	chù	chù
豗	huī	huī
豘	tún	tún
豙	yì	yì
豚	tún	dùn|dūn|tún
豛	yì	yì
豜	jiān	jiān
豝	bā	bā
豞	hòu	hòu
豟	è	è
豠	chú	chú
象	xiàng	xiàng
豢	huàn	huàn
豣	jiān	jiān|yàn
豤	kěn	kěn|kūn
豥	gāi	gāi
豦	jù	jù
豧	fū	fù|fū|pū
豨	xī	xī
豩	bīn	bīn|huān
豪	háo	háo
豫	yù	shū|xiè|yù
豬	zhū	zhū
豭	jiā	jiā
豮	fén	fén
豯	xī	xī
豰	bó	bó|gòu|huò|hù
豱	wēn	wēn
豲	huán	huán
豳	bīn	bān|bīn
豴	dí	dí
豵	zōng	zōng
豶	fén	fén
豷	yì	yì
豸	zhì	zhài|zhì
豹	bào	bào
豺	chái	chái
豻	àn	àn
豼	pí	pí
豽	nà	nà
豾	pī	pī
豿	gǒu	gǒu
貀	nà	duò|nà
貁	yòu	yòu
貂	diāo	diāo
貃	mò	mò
貄	sì	sì
貅	xiū	xiū
貆	huán	huán|huān
貇	kūn	kěn|kūn|mào
貈	hé	hé|mò
貉	háo	háo|hé|mà|mò
貊	mò	má|mò
貋	àn	àn
貌	mào	mào|mò
貍	lí	lí|mái|yù
貎	ní	ní
貏	bǐ	bǐ
貐	yǔ	yǔ
貑	jiā	jiā
貒	tuān	tuàn|tuān
貓	māo	máo|māo
貔	pí	pí
貕	xī	xī
貖	yì	yì
貗	jù	jù|yú
貘	mò	mò
貙	chū	chū
貚	tán	tán
貛	huān	huān
貜	jué	jué
貝	bèi	bèi
貞	zhēn	zhēn|zhēng
貟	yuán	yuán
負	fù	fu|fù
財	cái	cái
貢	gòng	gòng
貣	tè	tè
貤	yí	yì|yí
貥	háng	háng
貦	wán	wán
貧	pín	pín
貨	huò	huò
販	fàn	fàn
貪	tān	tān
貫	guàn	guàn|wān
責	zé	zhài|zé
貭	zhì	zhì
貮	èr	èr
貯	zhù	zhù
貰	shì	shì
貱	bì	bì
貲	zī	zī
貳	èr	èr
貴	guì	guì
貵	piǎn	piǎn
貶	biǎn	biǎn|fá
買	mǎi	mǎi
貸	dài	dài|tè
貹	shèng	shèng
貺	kuàng	kuàng
費	fèi	bì|fèi|fú
貼	tiē	tiē
貽	yí	yí
貾	chí	chí
貿	mào	mào
賀	hè	hè
賁	bì	bì|bān|bēn|fèn|féi|fén|lù|pān
賂	lù	lù
賃	lìn	lìn
賄	huì	huì
賅	gāi	gāi
賆	pián	pián
資	zī	zì|zī
賈	jiǎ	gǔ|jià|jiǎ
賉	xù	xù
賊	zéi	zéi
賋	jiǎo	jiǎo
賌	gāi	gāi
賍	zāng	zāng
賎	jiàn	jiàn
賏	yīng	yīng
賐	xùn	xùn
賑	zhèn	zhèn
賒	shē	shā|shē
賓	bīn	bīn
賔	bīn	bīn
賕	qiú	qiú
賖	shē	shē
賗	chuàn	chuàn
賘	zāng	zāng
賙	zhōu	zhōu
賚	lài	lài
賛	zàn	zàn
賜	cì	cì
賝	chēn	chēn
賞	shǎng	shǎng
賟	tiǎn	tiǎn
賠	péi	péi
賡	gēng	gēng
賢	xián	xiàn|xián
賣	mài	mai|mài
賤	jiàn	jiàn
賥	suì	suì
賦	fù	fù
賧	tàn	tàn
賨	cóng	cóng
賩	cóng	cóng
質	zhì	zhì
賫	jī	jī
賬	zhàng	zhàng
賭	dǔ	dǔ
賮	jìn	jìn
賯	xiōng	xiōng
賰	chǔn	chǔn
賱	yǔn	yǔn
賲	bǎo	bǎo
賳	zāi	zāi
賴	lài	lài
賵	fèng	fèng
賶	càng	càng
賷	jī	jī
賸	shèng	shèng
賹	yì	yì|ài
賺	zhuàn	zhuàn|zuàn
賻	fù	fù
購	gòu	gòu
賽	sài	sài
賾	zé	zé
賿	liáo	liáo
贀	yì	yì
贁	bài	bài
贂	chěn	chěn
贃	wàn	wàn
贄	zhì	zhì|zhí
贅	zhuì	zhuì
贆	biāo	biāo
贇	yūn	bīn|yūn
贈	zèng	zèng
贉	dàn	dàn
贊	zàn	zàn
贋	yàn	yàn
贌	pú	pú
贍	shàn	dàn|shàn
贎	wàn	wàn
贏	yíng	yíng
贐	jìn	jìn
贑	gàn	gàn
贒	xián	xián
贓	zāng	zāng
贔	bì	bì
贕	dú	dú
贖	shú	shù|shú
贗	yàn	yàn|yán
贘	shǎng	shǎng
贙	xuàn	xuàn
贚	lòng	lòng
贛	gàn	gàn|gòng|zhuàng
贜	zāng	zāng
贝	bèi	bèi
贞	zhēn	zhēn
负	fù	fu|fù
贠	yuán	yuán
贡	gòng	gòng
财	cái	cái
责	zé	zé
贤	xián	xián
败	bài	bài
账	zhàng	zhàng
货	huò	huò
质	zhì	zhì
贩	fàn	fàn
贪	tān	tān
贫	pín	pín
贬	biǎn	biǎn
购	gòu	gòu
贮	zhù	zhù
贯	guàn	guàn
贰	èr	èr
贱	jiàn	jiàn
贲	bēn	bì|bēn
贳	shì	shì
贴	tiē	tiē
贵	guì	guì
贶	kuàng	kuàng
贷	dài	dài
贸	mào	mào
费	fèi	fèi
贺	hè	hè
贻	yí	yí
贼	zéi	zéi
贽	zhì	zhì
贾	jiǎ	gǔ|jiǎ
贿	huì	huì
赀	zī	zī
赁	lìn	lìn
赂	lù	lù
赃	zāng	zāng
资	zī	zī
赅	gāi	gāi
赆	jìn	jìn
赇	qiú	qiú
赈	zhèn	zhèn
赉	lài	lài
赊	shē	shē
赋	fù	fù
赌	dǔ	dǔ
赍	jī	jī
赎	shú	shú
赏	shǎng	shǎng
赐	cì	cì
赑	bì	bì
赒	zhōu	zhōu
赓	gēng	gēng
赔	péi	péi
赕	dǎn	dǎn
赖	lài	lài
赗	fèng	fèng
赘	zhuì	zhuì
赙	fù	fù
赚	zhuàn	zhuàn|zuàn
赛	sài	sài
赜	zé	zé
赝	yàn	yàn
赞	zàn	zàn
赟	yūn	yūn
赠	zèng	zèng
赡	shàn	shàn
赢	yíng	yíng
赣	gàn	gàn
赤	chì	chì
赥	xī	xī
赦	shè	cè|shè
赧	nǎn	nǎn
赨	tóng	tóng|xióng
赩	xì	xì
赪	chēng	chēng
赫	hè	hè|shì
赬	chēng	chēng
赭	zhě	zhě
赮	xiá	xiá
赯	táng	táng
走	zǒu	zǒu
赱	zǒu	zǒu
赲	lì	lì
赳	jiū	jiù|jiū
赴	fù	fù
赵	zhào	zhào
赶	gǎn	gǎn|qián
起	qǐ	qǐ
赸	shàn	shàn
赹	qióng	qióng
赺	yǐn	qǐn|yǐn
赻	xiǎn	xiǎn
赼	zī	zī
赽	jué	guì|jué
赾	qǐn	qǐn
赿	chí	chí|dì
趀	cī	cī
趁	chèn	chèn|chén|niǎn|zhēn|zhěn
趂	chèn	chèn
趃	dié	dié|tú
趄	jū	jū|qiè
超	chāo	chào|chāo|chǎo|tiào
趆	dī	dī
趇	xì	xì
趈	zhān	zhān
趉	jué	jué|jú
越	yuè	huó|yuè
趋	qū	qū
趌	jí	jié|jí
趍	chí	chí|qū
趎	chú	chú
趏	guā	guā|huó
趐	xuè	chì|xuè
趑	zī	cì|zī
趒	tiáo	tiào|tiáo|tiǎo
趓	duǒ	duǒ
趔	liè	liè
趕	gǎn	gǎn
趖	suō	suō
趗	cù	cù
趘	xí	xí
趙	zhào	diào|zhào
趚	sù	sù
趛	yǐn	yǐn
趜	jú	jú|qiú|qū
趝	jiàn	jiàn
趞	què	jí|què|qì
趟	tàng	chéng|tàng|tāng|zhèng|zhēng
趠	chuò	chuò|chào|tiào|zhuó
趡	cuǐ	cuǐ|jù|wěi
趢	lù	lù
趣	qù	cù|cǒu|qù|qū|zōu
趤	dàng	dàng
趥	qiū	cù|qiū
趦	zī	zī
趧	tí	tí
趨	qū	cù|cǒu|qù|qū
趩	chì	chì
趪	huáng	guāng|huáng
趫	qiáo	chǎo|jiào|qiáo
趬	qiāo	qiāo
趭	jiào	jiào
趮	zào	zào
趯	tì	tì|yuè|yào
趰	ěr	ěr
趱	zǎn	zǎn
趲	zǎn	zū|zǎn
足	zú	jù|zú
趴	pā	pā
趵	bào	bào|bō|chuò|páo|zhuó
趶	kù	kù|wū
趷	kē	kē
趸	dǔn	dǔn
趹	jué	guì|jué
趺	fū	fū
趻	chěn	chěn
趼	jiǎn	jiān|jiǎn|yàn|yán
趽	fàng	fàng|fāng|páng
趾	zhǐ	zhǐ
趿	tā	qì|sà|tā
跀	yuè	yuè
跁	bà	bà|pá
跂	qí	jī|qì|qí|qǐ|zhī
跃	yuè	yuè
跄	qiàng	qiàng|qiāng
跅	tuò	chì|tuò
跆	tái	tái
跇	yì	yì
跈	niǎn	chén|jiàn|niǎn|tiàn
跉	líng	líng
跊	mèi	mèi
跋	bá	bá|bèi
跌	diē	dié|diē|tú
跍	kū	kū
跎	tuó	tuó
跏	jiā	jiā
跐	cī	cī|cǐ|zǐ
跑	pǎo	bó|páo|pǎo
跒	qiǎ	qiǎ
跓	zhù	zhù
跔	jū	jū|qǔ
跕	diǎn	dié|diē|diǎn|tiē|zhàn
跖	zhí	zhí
跗	fū	fù|fū
跘	pán	bàn|pán
跙	jù	jù|qiè|qiě|qū|zhù
跚	shān	shān
跛	bǒ	bì|bǒ|pō
跜	ní	ní
距	jù	jù
跞	lì	luò|lì
跟	gēn	gēn
跠	yí	yí
跡	jī	jī
跢	duò	chí|duò|duō|dài
跣	xiǎn	sǔn|xiān|xiǎn
跤	jiāo	jiāo|qiāo
跥	duò	duò
跦	zhū	chú|zhū
跧	quán	quán|zūn
跨	kuà	kuà|kuā|kuǎ|kù
跩	zhuǎi	shì|zhuǎi
跪	guì	guì
跫	qióng	qióng|qiāng|qiōng
跬	kuǐ	kuǐ|xiè
跭	xiáng	xiáng
跮	chì	chì|dié
路	lù	luò|lù
跰	pián	bèng|bǐng|pián
跱	zhì	zhì
跲	jiá	jiá|jié
跳	tiào	diào|tiào|táo
跴	cǎi	cǎi
践	jiàn	jiàn
跶	da	da
跷	qiāo	qiāo
跸	bì	bì
跹	xiān	xiān
跺	duò	duò
跻	jī	jī
跼	jú	jú|qù
跽	jì	jì
跾	shū	chōu|shū
跿	tú	chuō|duó|tú
踀	chù	chù|cù
踁	jìng	jìng|kēng
踂	niè	niè
踃	xiāo	qiào|xiāo
踄	bù	bù
踅	xué	chì|xué
踆	cūn	cún|cūn|qiù|qūn|zhūn|zūn
踇	mǔ	mǔ
踈	shū	shū
踉	liàng	liàng|liáng|làng|láng
踊	yǒng	yǒng
踋	jiǎo	jiǎo
踌	chóu	chóu
踍	qiāo	qiāo
踎	móu	móu
踏	tà	tà|tā
踐	jiàn	jiàn
踑	qí	jì|jī|qí
踒	wō	ruí|wēi|wō
踓	wěi	cù|wěi
踔	chuō	chuò|chuō|diào|tiào|zhuō
踕	jié	jié
踖	jí	jí|què|qì
踗	niè	niè
踘	jū	jū
踙	niè	niè
踚	lún	lún
踛	lù	lù
踜	lèng	chěng|lèng|léng
踝	huái	huái
踞	jù	jù
踟	chí	chí
踠	wǎn	wò|wǎn
踡	quán	juǎn|quán
踢	tī	dié|tī
踣	bó	bó|pòu
踤	zú	cuì|cù|zú
踥	qiè	qiè
踦	yǐ	jī|jǐ|qī|yì|yǐ
踧	cù	cù|dí
踨	zōng	zōng
踩	cǎi	cǎi|kuí
踪	zōng	zōng
踫	pèng	pán|pèng
踬	zhì	zhì
踭	zhēng	zhēng
踮	diǎn	diǎn
踯	zhí	zhí
踰	yú	chū|yáo|yú
踱	duó	chuò|duó
踲	dùn	dùn
踳	chuǎn	chuǎn|chūn|chǔn
踴	yǒng	yǒng
踵	zhǒng	zhòng|zhǒng
踶	dì	chí|dì|shì|tí|zhì
踷	zhǎ	zhǎ
踸	chěn	chěn
踹	chuài	chuài|chuǎn|duàn|shuàn
踺	jiàn	jiàn
踻	guā	guā|guǎ|tuó
踼	táng	shāng|táng|tǎng
踽	jǔ	jǔ
踾	fú	bì|fú
踿	zú	zú
蹀	dié	dié
蹁	pián	pián
蹂	róu	róu|rǒu
蹃	nuò	nuò|nà|rè
蹄	tí	dì|tí
蹅	chǎ	chǎ|zhā
蹆	tuǐ	tuǐ
蹇	jiǎn	jiǎn
蹈	dǎo	dǎo
蹉	cuō	cuō
蹊	qī	qī|xī
蹋	tà	tà
蹌	qiāng	qiàng|qiāng
蹍	niǎn	chán|niǎn|zhǎn
蹎	diān	diān
蹏	tí	tí
蹐	jí	jí
蹑	niè	niè
蹒	pán	pán
蹓	liū	liù|liū
蹔	zàn	cán|zàn
蹕	bì	bì
蹖	chōng	chōng
蹗	lù	lù
蹘	liáo	liáo
蹙	cù	cù
蹚	tāng	chēng|tàng|tāng
蹛	dài	diē|dài|dān|zhì
蹜	sù	sù
蹝	xǐ	xǐ
蹞	kuǐ	kuǐ
蹟	jī	jī
蹠	zhí	zhuó|zhí
蹡	qiāng	qiàng|qiāng
蹢	dí	dí|zhí
蹣	pán	liǎng|mán|pán
蹤	zōng	zōng
蹥	lián	lián
蹦	bèng	bèng
蹧	zāo	zāo
蹨	niǎn	niǎn|rǎn
蹩	bié	bié
蹪	tuí	tuí
蹫	jú	jú
蹬	dēng	dèng|dēng
蹭	cèng	cèng|céng
蹮	xiān	xiān
蹯	fán	fán
蹰	chú	chú
蹱	zhōng	chòng|zhōng
蹲	dūn	cuán|cún|cǔn|dūn|qǔn|zún|zūn
蹳	bō	bō
蹴	cù	cù|jiu|zú
蹵	cù	cù
蹶	jué	guì|jué|juě
蹷	jué	jué
蹸	lìn	lìn|lín
蹹	tá	tá
蹺	qiāo	qiào|qiāo
蹻	juē	jiǎo|jué|juē|jú|qiāo|xuè
蹼	pǔ	pǔ
蹽	liāo	liāo
蹾	dūn	dūn
蹿	cuān	cuān
躀	guàn	guàn
躁	zào	zào
躂	dá	dá
躃	bì	bì
躄	bì	bì
躅	zhú	zhuó|zhú
躆	jù	jù
躇	chú	chuò|chú
躈	qiào	qiào
躉	dǔn	dǔn
躊	chóu	chóu
躋	jī	jī
躌	wǔ	wǔ
躍	yuè	tì|yuè
躎	niǎn	niǎn
躏	lìn	lìn
躐	liè	liè
躑	zhí	zhí
躒	lì	luò|lì|yuè
躓	zhì	zhì|zhī
躔	chán	chán|zhàn
躕	chú	chú
躖	duàn	duàn
躗	wèi	wèi
躘	lóng	lóng|lǒng
躙	lìn	lìn
躚	xiān	xiān
躛	wèi	wèi
躜	zuān	zuān
躝	lán	lán
躞	xiè	xiè
躟	ráng	ráng
躠	sǎ	sǎ|xiè
躡	niè	niè
躢	tà	tà
躣	qú	qú
躤	jí	jí
躥	cuān	cuān
躦	cuó	cuó|zuān
躧	xǐ	xǐ
躨	kuí	kuí
躩	jué	jué|qì
躪	lìn	lìn
身	shēn	juān|shēn
躬	gōng	gōng
躭	dān	dān
躮	fēn	fēn
躯	qū	qū
躰	tǐ	tǐ
躱	duǒ	duǒ
躲	duǒ	duǒ
躳	gōng	gōng
躴	láng	láng
躵	rěn	rěn
躶	luǒ	luǒ
躷	ǎi	ǎi
躸	jī	jī
躹	jú	jú
躺	tǎng	tàng|tǎng
躻	kōng	kōng
躼	lào	lào
躽	yǎn	yàn|yǎn
躾	měi	měi
躿	kāng	kāng
軀	qū	qū
軁	lóu	lóu|lǚ
軂	lào	lào
軃	duǒ	duǒ|tuǒ
軄	zhí	zhí
軅	yàn	yàn
軆	tǐ	tǐ
軇	dào	dào
軈	yīng	yīng
軉	yù	yù
車	chē	chē|jū
軋	yà	gá|yà|zhá
軌	guǐ	guǐ
軍	jūn	jūn
軎	wèi	wèi
軏	yuè	yuè
軐	xìn	xiàn|xìn
軑	dài	dài
軒	xuān	hǎn|jiān|xiàn|xiǎn|xuān
軓	fàn	fàn
軔	rèn	rèn
軕	shān	shān
軖	kuáng	kuáng
軗	shū	shū
軘	tún	tún
軙	chén	chén|qí
軚	dài	dài
軛	è	è
軜	nà	nà
軝	qí	qí
軞	máo	máo
軟	ruǎn	ruǎn
軠	kuáng	kuáng
軡	qián	qián
転	zhuǎn	zhuǎn
軣	hōng	hōng
軤	hū	hū
軥	qú	gòu|gōu|jū|qú
軦	kuàng	kuàng
軧	dǐ	chí|dǐ
軨	líng	líng|lǐng
軩	dài	dài
軪	āo	ào|āo
軫	zhěn	zhěn
軬	fàn	bèn|fàn
軭	kuāng	kuāng
軮	yǎng	yǎng
軯	pēng	pēng
軰	bèi	bèi
軱	gū	gū
軲	gū	gū
軳	páo	páo
軴	zhù	zhù
軵	rǒng	fù|fǔ|róng|rǒng
軶	è	è
軷	bá	bá
軸	zhóu	zhòu|zhóu|zhú
軹	zhǐ	zhǐ
軺	yáo	diāo|yáo
軻	kē	kē
軼	yì	dié|yì|zhé
軽	zhì	qīng|zhì
軾	shì	shì
軿	píng	píng
輀	ér	ér
輁	gǒng	gǒng
輂	jú	jú
較	jiào	jiào|jué|xiào
輄	guāng	guāng
輅	lù	hé|lù|yà
輆	kǎi	kài|kǎi
輇	quán	chūn|quán
輈	zhōu	zhōu
載	zài	dài|zài|zāi|zī|zǎi
輊	zhì	zhì
輋	shē	shē
輌	liàng	liàng
輍	yù	yù
輎	shāo	shāo
輏	yóu	yóu
輐	wàn	wàn|yuǎn
輑	yǐn	qūn|yǐn
輒	zhé	zhé
輓	wǎn	wǎn
輔	fǔ	fǔ
輕	qīng	qìng|qīng
輖	zhōu	zhōu
輗	ní	ní|yì
輘	léng	lèng|léng|líng
輙	zhé	zhé
輚	zhàn	zhàn
輛	liàng	liàng
輜	zī	zì|zī
輝	huī	huī
輞	wǎng	wǎng
輟	chuò	chuò
輠	guǒ	guǒ|huà|huì
輡	kǎn	kǎn
輢	yǐ	yǐ
輣	péng	péng
輤	qiàn	qiàn
輥	gǔn	gǔn
輦	niǎn	liǎn|niǎn
輧	píng	píng|pēng
輨	guǎn	guǎn
輩	bèi	bèi
輪	lún	lún
輫	pái	pái
輬	liáng	liáng
輭	ruǎn	ruǎn|ér
輮	róu	róu|rǒu
輯	jí	ji|jí
輰	yáng	yáng
輱	xián	kàn|xián
輲	chuán	chuán
輳	còu	còu
輴	chūn	chūn|shǔn
輵	gé	gé|qiè|yà|è
輶	yóu	yóu
輷	hōng	hōng
輸	shū	shù|shū
輹	fù	bú|fù
輺	zī	zī
輻	fú	fú
輼	wēn	wēn|yūn
輽	bèn	bèn
輾	zhǎn	niǎn|zhǎn
輿	yú	yù|yú
轀	wēn	wēn
轁	tāo	kǎn|tāo
轂	gǔ	gū|gǔ
轃	zhēn	zhēn
轄	xiá	hé|xiá
轅	yuán	yuán
轆	lù	lù
轇	jiāo	jiāo|xiǎo
轈	cháo	cháo
轉	zhuǎn	zhuàn|zhuǎi|zhuǎn
轊	wèi	wèi
轋	hún	hún
轌	xuě	xuě
轍	zhé	zhé
轎	jiào	jiào
轏	zhàn	zhàn
轐	bú	bú
轑	lǎo	liào|liáo|liǎo|láo|lǎo
轒	fén	fén
轓	fān	fān
轔	lín	lìn|lín
轕	gé	gé
轖	sè	sè
轗	kǎn	kǎn
轘	huán	huàn|huán
轙	yǐ	yǐ
轚	jí	jí
轛	zhuì	zhuì
轜	ér	ér
轝	yù	yù
轞	jiàn	jiàn
轟	hōng	hōng
轠	léi	léi
轡	pèi	pèi
轢	lì	lì
轣	lì	lì
轤	lú	lú
轥	lìn	lìn
车	chē	chē|jū
轧	yà	gá|yà|zhá
轨	guǐ	guǐ
轩	xuān	xuān
轪	dài	dài
轫	rèn	rèn
转	zhuǎn	zhuàn|zhuǎi|zhuǎn
轭	è	è
轮	lún	lún
软	ruǎn	ruǎn
轰	hōng	hōng
轱	gū	gū
轲	kē	kē|kě
轳	lú	lú
轴	zhóu	zhòu|zhóu
轵	zhǐ	zhǐ
轶	yì	yì
轷	hū	hū
轸	zhěn	zhěn
轹	lì	lì
轺	yáo	yáo
轻	qīng	qīng
轼	shì	shì
载	zài	zài|zǎi
轾	zhì	zhì
轿	jiào	jiào
辀	zhōu	zhōu
辁	quán	quán
辂	lù	lù
较	jiào	jiào
辄	zhé	zhé
辅	fǔ	fǔ
辆	liàng	liàng
辇	niǎn	niǎn
辈	bèi	bèi
辉	huī	huī
辊	gǔn	gǔn
辋	wǎng	wǎng
辌	liáng	liáng
辍	chuò	chuò
辎	zī	zī
辏	còu	còu
辐	fú	fú
辑	jí	ji|jí
辒	wēn	wēn
输	shū	shū
辔	pèi	pèi
辕	yuán	yuán
辖	xiá	xiá
辗	zhǎn	niǎn|zhǎn
辘	lù	lù
辙	zhé	zhé
辚	lín	lín
辛	xīn	xīn
辜	gū	gū
辝	cí	cí
辞	cí	cí
辟	pì	bì|mǐ|pì|pī
辠	zuì	zuì|zuī
辡	biàn	biàn
辢	là	là
辣	là	là
辤	cí	cí
辥	xuē	xuē|yì
辦	bàn	bàn
辧	biàn	biàn
辨	biàn	biàn|biǎn|bàn|piàn
辩	biàn	biàn
辪	xuē	xuē
辫	biàn	biàn
辬	bān	bān
辭	cí	cí
辮	biàn	biàn
辯	biàn	biàn|biǎn|bàn|pián
辰	chén	chén
辱	rǔ	rǔ
農	nóng	nóng
辳	nóng	nóng
辴	chǎn	chǎn|zhěn
辵	chuò	chuò
辶	chuò	chuò
辷	yī	yī
辸	réng	réng
边	biān	bian|biān
辺	biān	biān
辻	shí	shí
込	yū	yū
辽	liáo	liáo
达	dá	dá|tà|tì
辿	chān	chán|chān
迀	gān	gān
迁	qiān	qiān
迂	yū	yū
迃	yū	yū
迄	qì	qì
迅	xùn	xùn
迆	yí	tuó|yí|yǐ
过	guò	guo|guò|guō
迈	mài	mài
迉	qī	qī
迊	zā	zā
迋	wàng	guàng|kuáng|wàng
迌	tù	tù
迍	zhūn	zhūn
迎	yíng	yìng|yíng
迏	dá	dá
运	yùn	yùn|yǔn
近	jìn	jìn
迒	háng	háng|xiáng
迓	yà	yà
返	fǎn	fǎn
迕	wǔ	wǔ
迖	dá	dá
迗	é	é
还	hái	fú|huán|hái
这	zhè	zhè|zhèi
迚	dá	dá
进	jìn	jìn
远	yuǎn	yuǎn
违	wéi	wéi
连	lián	lián
迟	chí	chí
迠	chè	chè
迡	nì	chí|nì
迢	tiáo	tiáo
迣	zhì	chì|zhì
迤	yí	tuó|yí|yǐ
迥	jiǒng	jiǒng
迦	jiā	jiā|xiè
迧	chén	chén
迨	dài	dài
迩	ěr	ěr
迪	dí	dí
迫	pò	pò|pǎi
迬	zhù	wǎng|zhù
迭	dié	dié|dá|yì
迮	zé	zuò|zé
迯	táo	táo
述	shù	shù
迱	tuó	tuó|yí
迲	qu	qu
迳	jìng	jìng
迴	huí	huí
迵	dòng	dòng
迶	yòu	yòu
迷	mí	mì|mí
迸	bèng	bèng
迹	jì	jì|jī
迺	nǎi	nǎi
迻	yí	yí
迼	jié	jié
追	zhuī	duī|tuī|zhuī
迾	liè	liè
迿	xùn	xùn
退	tuì	tuì
送	sòng	sòng
适	shì	kuò|shì
逃	táo	táo
逄	páng	féng|páng
逅	hòu	hòu
逆	nì	nì
逇	dùn	dùn
逈	jiǒng	jiǒng
选	xuǎn	xuǎn
逊	xùn	xùn
逋	bū	bū
逌	yōu	yóu|yōu
逍	xiāo	xiāo
逎	qiú	qiú
透	tòu	shū|tòu
逐	zhú	dí|tún|zhòu|zhú
逑	qiú	qiú
递	dì	dì
逓	dì	dì
途	tú	tú
逕	jìng	jìng
逖	tì	tì
逗	dòu	dòu|qí|tóu|zhù
逘	yǐ	sì|yǐ
這	zhè	yàn|zhè|zhèi
通	tōng	tòng|tōng
逛	guàng	guàng|kuáng
逜	wù	wù|wǔ
逝	shì	shì
逞	chěng	chěng|yíng
速	sù	sù
造	zào	cào|cāo|zào
逡	qūn	qūn|suō|xùn
逢	féng	féng|páng|péng
連	lián	liàn|lián|liǎn|làn
逤	suò	suò
逥	huí	huí
逦	lǐ	lǐ
逧	gǔ	gǔ
逨	lái	lài|lái
逩	bèn	bèn|bēn
逪	cuò	cuò
逫	jué	jué|zhú
逬	bèng	bèng|pēng
逭	huàn	huàn
逮	dǎi	dài|dì|dǎi
逯	lù	dài|lù
逰	yóu	yóu
週	zhōu	zhōu
進	jìn	jìn
逳	yù	yù
逴	chuō	chuò|chuō
逵	kuí	kuí|kuǐ
逶	wēi	wēi
逷	tì	tì
逸	yì	yì
逹	dá	dá
逺	yuǎn	yuǎn
逻	luó	luó
逼	bī	bī
逽	nuò	nuò
逾	yú	dòu|yú
逿	dàng	dàng|táng
遀	suí	suí
遁	dùn	dùn|qūn|xún
遂	suì	suì|suí
遃	yǎn	yǎn|àn
遄	chuán	chuán
遅	chí	chí
遆	tí	tí
遇	yù	yóng|yù|ǒu
遈	shí	shí
遉	zhēn	zhēn
遊	yóu	yóu
運	yùn	yùn
遌	è	è
遍	biàn	biàn
過	guò	guo|guò|guō|huò
遏	è	è
遐	xiá	xiá
遑	huáng	huáng
遒	qiú	qiú|qiū
道	dào	dao|dào|dǎo
達	dá	dá|tà
違	wéi	huí|wéi
遖	nán	nán
遗	yí	wèi|yí
遘	gòu	gòu
遙	yáo	yáo
遚	chòu	chòu
遛	liù	liù|liú
遜	xùn	xùn
遝	tà	tà
遞	dì	dài|dì|shì
遟	chí	chí|xī|zhì
遠	yuǎn	yuàn|yuǎn
遡	sù	sù
遢	ta	ta|tà|tā
遣	qiǎn	qiàn|qiǎn
遤	mǎ	mǎ
遥	yáo	yáo
遦	guàn	guàn
遧	zhāng	zhāng
遨	áo	áo
適	shì	dí|shì|tì|zhé
遪	cà	cà
遫	chì	chì
遬	sù	sù
遭	zāo	zāo
遮	zhē	zhē
遯	dùn	dùn
遰	dì	dài|dì|shì
遱	lóu	lóu
遲	chí	chí|zhì
遳	cuō	cuō
遴	lín	lìn|lín
遵	zūn	zūn
遶	rào	rào
遷	qiān	qiān
選	xuǎn	shuā|suàn|xuàn|xuǎn
遹	yù	yù
遺	yí	suí|wèi|yí
遻	è	è
遼	liáo	liáo
遽	jù	jù|qú
遾	shì	shì
避	bì	bì
邀	yāo	yāo
邁	mài	mài
邂	xiè	xiè
邃	suì	suì
還	hái	huán|hái|xuán
邅	zhān	zhàn|zhān
邆	téng	téng
邇	ěr	ěr
邈	miǎo	miáo|miǎo
邉	biān	biān
邊	biān	bian|biān
邋	lā	liè|lā
邌	lí	chí|lí
邍	yuán	yuán
邎	yáo	yáo
邏	luó	luò|luó
邐	lǐ	lǐ
邑	yì	yì|è
邒	tíng	tíng
邓	dèng	dèng|shān
邔	qǐ	qǐ
邕	yōng	yōng|yǒng
邖	shān	shān
邗	hán	hán
邘	yú	yú
邙	máng	máng
邚	rú	fù|rú
邛	qióng	qióng
邜	xī	xī
邝	kuàng	kuàng
邞	fū	fū
邟	kàng	háng|kàng|kāng
邠	bīn	bīn
邡	fāng	fàng|fāng
邢	xíng	gěng|xíng
那	nà	nuò|nuó|nà|nè|nèi|né|nā|něi|nǎ|nǎi
邤	xīn	xīn
邥	shěn	shěn
邦	bāng	bāng
邧	yuán	yuán
邨	cūn	cūn
邩	huǒ	huǒ
邪	xié	shé|xié|xú|yá|yé
邫	bāng	bāng
邬	wū	wū
邭	jù	jù
邮	yóu	yóu
邯	hán	hàn|hán
邰	tái	tái
邱	qiū	qiū
邲	bì	biàn|bì
邳	pī	pī
邴	bǐng	bǐng
邵	shào	shào
邶	bèi	bèi
邷	wǎ	wǎ
邸	dǐ	dǐ
邹	zōu	zōu
邺	yè	qiū|yè
邻	lín	lín
邼	kuāng	kuāng
邽	guī	guī
邾	zhū	zhū
邿	shī	shī
郀	kū	kū
郁	yù	yù
郂	gāi	gāi|hái
郃	hé	hé|xiá
郄	qiè	qiè|xì
郅	zhì	jí|zhì
郆	jí	jí
郇	huán	huán|xún
郈	hòu	hòu
郉	xíng	xíng
郊	jiāo	jiāo
郋	xí	xí
郌	guī	guī
郍	nuó	fú|nuó|nǎ
郎	láng	làng|láng
郏	jiá	jiá
郐	kuài	kuài
郑	zhèng	zhèng
郒	láng	láng
郓	yùn	yùn
郔	yán	yán
郕	chéng	chéng
郖	dòu	dòu
郗	xī	chī|xī
郘	lǚ	lǚ
郙	fǔ	fǔ
郚	wú	wú|yú
郛	fú	fú
郜	gào	gào
郝	hǎo	hǎo|shì
郞	láng	láng
郟	jiá	jiá
郠	gěng	gěng
郡	jùn	jùn
郢	yǐng	chéng|yǐng
郣	bó	bó
郤	xì	xì
郥	bèi	bèi
郦	lì	lì
郧	yún	yún
部	bù	bù|pǒu
郩	xiáo	xiáo|ǎo
郪	qī	qī
郫	pí	pí
郬	qīng	qīng
郭	guō	guó|guō
郮	zhōu	zhōu
郯	tán	tán
郰	zōu	jǔ|zōu
郱	píng	píng
郲	lái	lái|lěi
郳	ní	ní
郴	chēn	chēn|lán
郵	yóu	chuí|yóu
郶	bù	bù
郷	xiāng	xiāng
郸	dān	dān
郹	jú	jú
郺	yōng	yōng
郻	qiāo	qiāo
郼	yī	yī
都	dōu	dōu|dū
郾	yǎn	yān|yǎn
郿	méi	méi
鄀	ruò	ruò
鄁	bèi	bèi
鄂	è	è
鄃	shū	shū
鄄	juàn	juàn
鄅	yǔ	yǔ
鄆	yùn	yùn
鄇	hóu	hóu
鄈	kuí	kuí
鄉	xiāng	xiàng|xiāng|xiǎng
鄊	xiāng	xiāng
鄋	sōu	sōu
鄌	táng	táng
鄍	míng	míng
鄎	xī	xī
鄏	rǔ	rǔ
鄐	chù	chù
鄑	zī	zī
鄒	zōu	jù|zōu
鄓	yè	yè
鄔	wū	wū
鄕	xiāng	xiāng
鄖	yún	yún
鄗	hào	hào|jiāo|qiāo
鄘	yōng	yōng
鄙	bǐ	bǐ
鄚	mào	mào|mò
鄛	cháo	cháo
鄜	fū	fū|lù
鄝	liǎo	liǎo
鄞	yín	yín
鄟	zhuān	zhuān
鄠	hù	hù
鄡	qiāo	qiāo
鄢	yān	yān
鄣	zhāng	zhàng|zhāng
鄤	màn	màn|wàn
鄥	qiāo	qiāo
鄦	xǔ	xǔ
鄧	dèng	dèng
鄨	bì	bì
鄩	xún	xún
鄪	bì	bì
鄫	zēng	céng|zēng
鄬	wéi	wéi
鄭	zhèng	zhèng
鄮	mào	mào
鄯	shàn	shàn
鄰	lín	lìn|lín
鄱	pó	pán|pí|pó
鄲	dān	duō|dān
鄳	méng	méng
鄴	yè	yè
鄵	cào	cào|sāo
鄶	kuài	kuài
鄷	fēng	fēng
鄸	méng	méng
鄹	zōu	jù|zōu
鄺	kuàng	kuàng|kuò
鄻	liǎn	liǎn
鄼	zàn	zàn
鄽	chán	chán
鄾	yōu	yōu
鄿	jī	jī|qí
酀	yàn	yàn|yǎn
酁	chán	chán
酂	zàn	cuó|zàn
酃	líng	líng
酄	huān	huān|quān
酅	xī	xī
酆	fēng	fēng
酇	zàn	cuó|zàn
酈	lì	lì|lí|zhí
酉	yǒu	yǒu
酊	dīng	dīng|dǐng
酋	qiú	qiú
酌	zhuó	zhuó
配	pèi	pèi
酎	zhòu	zhòu
酏	yǐ	yí|yǐ
酐	gān	gān|hàng
酑	yú	yú
酒	jiǔ	jiǔ
酓	yǎn	yàn|yǎn|yǐn
酔	zuì	zuì
酕	máo	máo
酖	zhèn	dān|zhèn
酗	xù	xù
酘	dòu	dòu
酙	zhēn	zhēn
酚	fēn	fēn
酛	yuán	yuán
酜	fu	fu
酝	yùn	yùn
酞	tài	tài
酟	tiān	tiān
酠	qiǎ	qiǎ
酡	tuó	duò|tuó
酢	zuò	cù|zuò
酣	hān	hàn|hān
酤	gū	gū
酥	sū	sū
酦	pō	fā|pō
酧	chóu	chóu
酨	zài	zuì|zài
酩	mǐng	mǐng
酪	lào	luò|lào|lù
酫	chuò	chuò
酬	chóu	chou|chóu
酭	yòu	yòu
酮	tóng	chóng|dòng|tóng
酯	zhǐ	zhǐ
酰	xiān	xiān
酱	jiàng	jiàng
酲	chéng	chéng
酳	yìn	yìn
酴	tú	tú
酵	jiào	jiào
酶	méi	méi
酷	kù	kù
酸	suān	suān
酹	lèi	lèi
酺	pú	pú
酻	zuì	fú|zuì
酼	hǎi	hǎi
酽	yàn	yàn
酾	shī	shāi|shī
酿	niàng	niàng|niáng
醀	wéi	wéi|zhuì
醁	lù	lù
醂	lǎn	lǎn
醃	yān	yān|āng
醄	táo	táo
醅	pēi	pēi
醆	zhǎn	zhǎn
醇	chún	chún
醈	tán	dàn|tán
醉	zuì	zuì
醊	zhuì	zhuì
醋	cù	cù|zuò
醌	kūn	kūn
醍	tí	tí|tǐ
醎	xián	jiǎn|xián
醏	dū	dū
醐	hú	hú
醑	xǔ	xǔ
醒	xǐng	chéng|jīng|xǐng
醓	tǎn	tǎn
醔	qiú	chōu|qiú
醕	chún	chún
醖	yùn	yùn
醗	pò	pò
醘	kē	kē
醙	sōu	sōu
醚	mí	mí
醛	quán	chuò|quán
醜	chǒu	chǒu
醝	cuō	cuō|cuǒ
醞	yùn	yùn
醟	yòng	yòng
醠	àng	àng
醡	zhà	zhà
醢	hǎi	hǎi
醣	táng	táng
醤	jiàng	jiàng
醥	piǎo	piǎo
醦	chěn	chěn|chǎn
醧	yù	yù|ōu
醨	lí	lí
醩	zāo	zāo
醪	láo	láo
醫	yī	yī|yǐ
醬	jiàng	jiàng
醭	bú	bú
醮	jiào	jiào|qiáo|zhàn
醯	xī	xī
醰	tán	tán
醱	fā	fā|pò|pō
醲	nóng	nóng
醳	yì	shì|yì
醴	lǐ	lǐ
醵	jù	jù
醶	yàn	jiǎn|liǎn|xiān|yàn
醷	yì	yì|yǐ|ài
醸	niàng	niàng
醹	rú	rú
醺	xūn	xūn
醻	chóu	chóu|dào|shòu
醼	yàn	yàn
醽	líng	líng
醾	mí	mí
醿	mí	mí
釀	niàng	niàng|niáng
釁	xìn	xìn
釂	jiào	jiào
釃	shāi	lí|shāi|shī
釄	mí	mí
釅	yàn	yàn
釆	biàn	biàn|biǎn
采	cǎi	cài|cǎi
釈	shì	shì
釉	yòu	yòu
释	shì	shì
釋	shì	shì|yì
里	lǐ	li|lǐ
重	zhòng	chóng|tóng|zhòng
野	yě	shù|yě
量	liàng	liang|liàng|liáng
釐	xī	lài|lái|lí|tāi|xī|xǐ
金	jīn	jìn|jīn
釒	jīn	jīn
釓	gá	gá|qiú
釔	yǐ	yǐ
釕	liǎo	liào|liǎo
釖	dāo	dāo
釗	zhāo	zhāo
釘	dīng	dìng|dīng|líng
釙	pò	pò|pō
釚	qiú	qiú
釛	bā	bā
釜	fǔ	fǔ
針	zhēn	zhēn
釞	zhí	zhí
釟	bā	bā
釠	luàn	luàn
釡	fǔ	fǔ
釢	nǎi	nǎi
釣	diào	diào
釤	shàn	shàn|shān|xiān
釥	qiǎo	jiǎo|qiǎo
釦	kòu	kòu
釧	chuàn	chuàn|chuān
釨	zǐ	zǐ
釩	fǎn	fàn|fán|fǎn
釪	huá	huá|yú
釫	huá	huá|wū
釬	hàn	gān|hàn
釭	gāng	gāng|gōng
釮	qí	qí
釯	máng	máng
釰	rì	jiàn|rèn|rì
釱	dì	dì
釲	sì	sì
釳	xì	xì
釴	yì	yì
釵	chāi	chā|chāi
釶	shī	shī|yí|yě
釷	tǔ	tǔ
釸	xī	xī
釹	nǚ	nǚ
釺	qiān	qiān
釻	qiú	qiú
釼	jiàn	jiàn
釽	pì	pì|pī|zhāo
釾	yé	yá|yé
釿	jīn	jīn|yín|yǐn
鈀	bǎ	bā|bǎ|pá
鈁	fāng	fāng
鈂	chén	chén|qín|zhèn
鈃	xíng	xíng
鈄	dǒu	dǒu
鈅	yuè	yuè
鈆	qiān	qiān|zhōng
鈇	fū	fū|fǔ
鈈	bù	bù|pī
鈉	nà	nà|ruì
鈊	xīn	qìn|xīn
鈋	é	é
鈌	jué	jué
鈍	dùn	dùn
鈎	gōu	gōu
鈏	yǐn	yǐn
鈐	qián	hán|qián
鈑	bǎn	bǎn
鈒	sà	sà|xì
鈓	rén	rén
鈔	chāo	chāo|chǎo
鈕	niǔ	chǒu|niǔ
鈖	fēn	fēn
鈗	yǔn	duì|yǔn
鈘	yǐ	yǐ
鈙	qín	qín
鈚	pī	bī|bǐ|pī
鈛	guō	guō
鈜	hóng	hóng
鈝	yín	yín
鈞	jūn	jūn
鈟	diào	diào
鈠	yì	yì
鈡	zhōng	zhōng
鈢	xǐ	xǐ
鈣	gài	gài
鈤	rì	rì
鈥	huǒ	huǒ
鈦	tài	tài
鈧	kàng	kàng
鈨	yuán	yuán
鈩	lú	lú
鈪	è	è
鈫	qín	qín
鈬	duó	duó
鈭	zī	zī
鈮	nǐ	ní|nǐ
鈯	tú	tú
鈰	shì	shì
鈱	mín	mín|mǐn
鈲	gū	gū|pì
鈳	kē	kē
鈴	líng	líng
鈵	bǐng	bǐng
鈶	sì	cí|sì|tái
鈷	gǔ	gù|gǔ|hú
鈸	bó	bó
鈹	pī	pí|pī
鈺	yù	yù
鈻	sì	sì
鈼	zuó	zuó
鈽	bū	bū
鈾	yóu	yóu|zhòu
鈿	tián	diàn|tián
鉀	jiǎ	gé|jiǎ
鉁	zhēn	zhèn|zhēn
鉂	shǐ	shǐ
鉃	shì	shì|zú
鉄	zhí	tiě|zhí
鉅	jù	jù
鉆	chān	chān|qián|tiē
鉇	shī	shī|yí
鉈	shī	shé|shī|tuó|tā|yí
鉉	xuàn	xuàn
鉊	zhāo	zhāo
鉋	bào	bào|báo|páo
鉌	hé	hé
鉍	bì	bì|sè
鉎	shēng	shēng
鉏	chú	chá|chú|jǔ|xú|zhù|zū
鉐	shí	shí|zú
鉑	bó	bó
鉒	zhù	zhù
鉓	chì	chì
鉔	zā	zā
鉕	pō	pō|pǒ
鉖	tóng	tóng
鉗	qián	qián|ān
鉘	fú	fú
鉙	zhǎi	zhǎi
鉚	mǎo	liǔ|mǎo
鉛	qiān	qiān|yán
鉜	fú	fú
鉝	lì	lì
鉞	yuè	yuè
鉟	pī	pī
鉠	yāng	yāng
鉡	bàn	bàn
鉢	bō	bō
鉣	jié	jié
鉤	gōu	gòu|gōu|qú
鉥	shù	shù|xù
鉦	zhēng	zhēng
鉧	mǔ	mǔ
鉨	xǐ	niě|nǐ|xǐ
鉩	xǐ	niè|xǐ
鉪	dì	dì
鉫	jiā	jiā
鉬	mù	mù
鉭	tǎn	tǎn
鉮	huán	huán|shén|shēn
鉯	yǐ	yǐ
鉰	sī	sī
鉱	kuàng	kuàng
鉲	kǎ	kǎ
鉳	běi	běi
鉴	jiàn	jiàn
鉵	tóng	tóng|zhuó
鉶	xíng	xíng
鉷	hóng	hóng
鉸	jiǎo	jiǎo
鉹	chǐ	chǐ
鉺	èr	kēng|èr|ěr
鉻	gè	gè|gē|luò
鉼	bǐng	bǐng|píng
鉽	shì	shì
鉾	móu	máo|móu
鉿	jiā	gē|hā|jiā|kē
銀	yín	yín
銁	jūn	jūn
銂	zhōu	zhōu
銃	chòng	chòng
銄	xiǎng	jiōng|xiǎng
銅	tóng	tóng
銆	mò	mò
銇	lèi	lèi
銈	jī	jī
銉	yù	sì|yù
銊	xù	huì|xù
銋	rén	rén|rěn
銌	zùn	zùn
銍	zhì	zhì
銎	qióng	qióng|qiōng
銏	shàn	shuò|shàn
銐	chì	chì|lì
銑	xiǎn	xiān|xiǎn|xǐ
銒	xíng	jiān|xíng
銓	quán	quán
銔	pī	pī
銕	tiě	tiě|yí
銖	zhū	zhū
銗	xiàng	hóu|xiàng
銘	míng	míng
銙	kuǎ	kuǎ
銚	yáo	diào|qiāo|tiáo|yào|yáo
銛	xiān	guā|tiǎn|xiān
銜	xián	xián
銝	xiū	xiū
銞	jūn	jūn
銟	chā	chā
銠	lǎo	lǎo
銡	jí	jí
銢	pǐ	pǐ
銣	rú	rú
銤	mǐ	mǐ
銥	yī	yī
銦	yīn	yīn
銧	guāng	guāng
銨	ǎn	ǎn
銩	diū	diū
銪	yǒu	yǒu
銫	sè	sè
銬	kào	kào
銭	qián	qián
銮	luán	luán
銯	sī	sī
銰	āi	āi
銱	diào	diào
銲	hàn	hàn
銳	ruì	ruì
銴	shì	shì|zhì
銵	kēng	kēng
銶	qiú	qiú
銷	xiāo	xiāo
銸	zhé	niè|zhé
銹	xiù	xiù|yòu
銺	zàng	zàng
銻	tí	tí|tī
銼	cuò	cuò
銽	guā	guā
銾	hòng	gǒng|hòng
銿	zhōng	yōng|zhōng
鋀	tōu	dòu|tù|tōu
鋁	lǚ	lǚ|lǜ
鋂	méi	méi|méng
鋃	láng	láng
鋄	wàn	wàn
鋅	xīn	xīn|zǐ
鋆	yún	jūn|yún
鋇	bèi	bèi
鋈	wù	wù
鋉	sù	sù
鋊	yù	yù
鋋	chán	chán|yán
鋌	dìng	dìng|tǐng
鋍	bó	bó
鋎	hàn	hàn
鋏	jiá	jiá
鋐	hóng	hóng
鋑	cuān	cuān|jiān|juān
鋒	fēng	fēng
鋓	chān	chān
鋔	wǎn	wǎn
鋕	zhì	zhì
鋖	sī	sī|tuó
鋗	xuān	juàn|juān|xuān
鋘	huá	huá|hú|wú
鋙	yǔ	wú|yú|yǔ
鋚	tiáo	tiáo
鋛	kuàng	kuàng
鋜	zhuó	chuò|zhuó
鋝	lüè	lüè
鋞	xíng	jīng|xìng|xíng
鋟	qǐn	jìn|qiān|qīn|qǐn
鋠	shèn	shèn
鋡	hán	hán
鋢	lüè	lüè
鋣	yé	yé
鋤	chú	chú|jǔ
鋥	zèng	zèng
鋦	jū	jú|jū
鋧	xiàn	xiàn
鋨	é	tiě|é
鋩	máng	máng
鋪	pù	pu|pù|pū
鋫	lí	lí
鋬	pàn	pàn
鋭	ruì	duì|ruì|yuè
鋮	chéng	chéng
鋯	gào	gào
鋰	lǐ	lǐ
鋱	tè	tè
鋲	bīng	bīng
鋳	zhù	zhù
鋴	zhèn	zhèn
鋵	tū	tū
鋶	liǔ	liǔ
鋷	zuì	niè|zuì
鋸	jù	jù|jū
鋹	chǎng	chǎng
鋺	yuǎn	wān|wǎn|yuān|yuǎn
鋻	jiàn	jiàn|jiān
鋼	gāng	gàng|gāng
鋽	diào	diào
鋾	táo	táo
鋿	cháng	cháng
錀	lún	fēn|lún
錁	guǒ	guǒ|kuǎ|kè
錂	líng	líng
錃	pī	pī
錄	lù	lù
錅	lí	lí
錆	qiāng	qiāng
錇	póu	fú|péi|póu
錈	juǎn	juǎn
錉	mín	mín
錊	zuì	zuì|zū
錋	péng	bèng|péng
錌	àn	àn
錍	pī	bēi|bī|pí|pī
錎	xiàn	gàn|qiàn|xiàn
錏	yā	yà|yā
錐	zhuī	zhuī
錑	lèi	lèi|lì
錒	ā	kē|ā
錓	kōng	kōng
錔	tà	tà
錕	kūn	gǔn|kūn
錖	dú	dú
錗	nèi	nèi|wèi|zhuì
錘	chuí	chuí
錙	zī	zī
錚	zhēng	zhēng
錛	bēn	bēn
錜	niè	niè
錝	zòng	zòng
錞	chún	chún|duì|duò
錟	tán	tán|xiān|yǎn
錠	dìng	dìng
錡	qí	qí|yǐ
錢	qián	jiǎn|qian|qián
錣	zhuì	chuò|zhuì
錤	jī	jī
錥	yù	yù
錦	jǐn	jǐn
錧	guǎn	guǎn
錨	máo	máo
錩	chāng	chāng
錪	tiǎn	tiǎn|tǔn
錫	xī	tì|xī
錬	liàn	liàn
錭	táo	diāo|táo
錮	gù	gù
錯	cuò	cuò|cù|xī
錰	shù	shù
錱	zhēn	zhēn
録	lù	lù|lǜ
錳	měng	měng
錴	lù	lù
錵	huā	huā
錶	biǎo	biǎo
錷	gá	gá
錸	lái	lái
錹	kěn	kěn
錺	fāng	fāng
錻	wu	wu
錼	nài	nài
錽	wàn	jiǎn|wàn
錾	zàn	zàn
錿	hǔ	hǔ
鍀	dé	dé
鍁	xiān	xiān
鍂	piān	piān
鍃	huō	huō
鍄	liàng	liàng
鍅	fǎ	fǎ
鍆	mén	mén
鍇	kǎi	jiē|jiě|kǎi
鍈	yīng	yīng
鍉	dī	chí|dí|dī|shì
鍊	liàn	jiàn|liàn
鍋	guō	guō|guǒ
鍌	xiǎn	xiǎn
鍍	dù	dù
鍎	tú	tú
鍏	wéi	wéi
鍐	zōng	zōng
鍑	fù	fù
鍒	róu	róu
鍓	jí	jí
鍔	è	è
鍕	jūn	jūn
鍖	chěn	chěn|zhēn
鍗	tí	tí
鍘	zhá	zhá
鍙	hù	hù
鍚	yáng	yáng
鍛	duàn	duàn
鍜	xiá	xiá
鍝	yú	yú
鍞	kēng	kēng
鍟	shēng	shēng
鍠	huáng	huáng
鍡	wěi	wěi
鍢	fù	fù
鍣	zhāo	zhāo
鍤	chā	chā
鍥	qiè	qiè
鍦	shī	shé|shī
鍧	hōng	hōng
鍨	kuí	kuí
鍩	tiǎn	nuò|tiǎn
鍪	móu	móu
鍫	qiāo	qiāo
鍬	qiāo	qiāo
鍭	hóu	hóu
鍮	tōu	tōu
鍯	cōng	cōng
鍰	huán	huán
鍱	yè	xié|yè
鍲	mín	mín
鍳	jiàn	jiàn
鍴	duān	duān
鍵	jiàn	jiàn
鍶	sōng	sī|sōng
鍷	kuí	kuí
鍸	hú	hú
鍹	xuān	xuān
鍺	zhě	duǒ|dǔ|zhě
鍻	jié	jié
鍼	zhēn	qián|zhēn
鍽	biān	biān
鍾	zhōng	zhōng
鍿	zī	zī
鎀	xiū	xiū
鎁	yé	yé
鎂	měi	měi
鎃	pài	pài
鎄	āi	āi
鎅	jiè	jiè
鎆	qian	qian
鎇	méi	méi
鎈	suǒ	chā|suǒ
鎉	dá	dá|tà
鎊	bàng	bàng|pāng
鎋	xiá	xiá
鎌	lián	lián
鎍	suǒ	suǒ|sè
鎎	kài	kài
鎏	liú	liú
鎐	yáo	yáo|zú
鎑	yè	gé|tà|yè
鎒	nòu	hāo|nòu
鎓	wēng	wēng
鎔	róng	róng
鎕	táng	táng
鎖	suǒ	suǒ
鎗	qiāng	chēng|qiàng|qiāng
鎘	lì	gé|lì
鎙	shuò	shuò
鎚	chuí	chuí|duī|zhuì
鎛	bó	bó
鎜	pán	pán
鎝	dā	dā|sà
鎞	bī	bī|pī
鎟	sǎng	sǎng
鎠	gāng	gāng
鎡	zī	zī
鎢	wū	wū
鎣	yíng	jiǒng|yíng|yīng
鎤	huàng	huàng
鎥	tiáo	tiáo
鎦	liú	liù|liú
鎧	kǎi	kǎi
鎨	sǔn	sǔn
鎩	shā	shì|shā|sè
鎪	sōu	sōu
鎫	wàn	wàn
鎬	hào	gǎo|hào
鎭	zhèn	zhèn
鎮	zhèn	tián|zhèn|zhēn
鎯	láng	luǒ|láng
鎰	yì	yì
鎱	yuán	yuán
鎲	tǎng	tǎng
鎳	niè	niè
鎴	xí	xí
鎵	jiā	jiā
鎶	gē	gē
鎷	mǎ	mǎ
鎸	juān	juān
鎹	sòng	sòng
鎺	zǔ	zǔ
鎻	suǒ	suǒ
鎼	xià	xià
鎽	fēng	fēng
鎾	wēn	wēn
鎿	ná	ná
鏀	lǔ	lǔ
鏁	suǒ	suǒ
鏂	ōu	kōu|ōu
鏃	zú	chuò|zú
鏄	tuán	tuán
鏅	xiū	xiù|xiū
鏆	guàn	guàn
鏇	xuàn	xuàn|xuán
鏈	liàn	liàn|lián
鏉	shòu	shòu|sōu
鏊	ào	ào
鏋	mǎn	mǎn
鏌	mò	mò
鏍	luó	luó
鏎	bì	bì
鏏	wèi	wèi
鏐	liú	liáo|liù|liú
鏑	dí	dí|dī
鏒	sǎn	càn|qiāo|sǎn
鏓	zǒng	cōng|zǒng
鏔	yí	yí
鏕	lù	lù|áo
鏖	áo	biāo|áo
鏗	kēng	kēng
鏘	qiāng	qiāng
鏙	cuī	cuī
鏚	qī	qī
鏛	cháng	cháng
鏜	tāng	táng|tāng
鏝	màn	màn
鏞	yōng	yōng
鏟	chǎn	chǎn
鏠	fēng	fēng
鏡	jìng	jìng
鏢	biāo	biāo
鏣	shù	shù
鏤	lòu	lòu|lǘ
鏥	xiù	xiù
鏦	cōng	cōng
鏧	lóng	lóng
鏨	zàn	zàn
鏩	jiàn	jiàn|zàn
鏪	cáo	cáo
鏫	lí	lí
鏬	xià	xià
鏭	xī	xī
鏮	kāng	kāng
鏯	shuǎng	shuǎng
鏰	bèng	bèng
鏱	zhang	zhang
鏲	qian	qian
鏳	chēng	chēng
鏴	lù	lù
鏵	huá	huá
鏶	jí	jí
鏷	pú	pú
鏸	huì	huì|ruì|suì
鏹	qiǎng	qiāng|qiǎng
鏺	pō	pō
鏻	lín	lín
鏼	sè	sè
鏽	xiù	xiù
鏾	sǎn	sà|sǎn|xiàn
鏿	chēng	chēng
鐀	kuì	kuì
鐁	sī	sī
鐂	liú	liú
鐃	náo	nào|náo
鐄	huáng	huáng
鐅	piě	piě
鐆	suì	suì
鐇	fán	fán
鐈	qiáo	qiáo
鐉	quān	quān
鐊	yáng	yáng
鐋	tāng	tàng|tāng
鐌	xiàng	xiàng
鐍	jué	jué|yù
鐎	jiāo	jiāo
鐏	zūn	zūn
鐐	liáo	liáo
鐑	qiè	qiè
鐒	láo	láo
鐓	duì	duì|duī|dūn
鐔	xín	xín
鐕	zān	zān
鐖	jī	jī|qí
鐗	jiǎn	jiǎn
鐘	zhōng	zhōng
鐙	dèng	dèng|dēng
鐚	yā	yā
鐛	yǐng	yǐng
鐜	duī	duī|dūn
鐝	jué	jué
鐞	nòu	nòu
鐟	zān	tì|zān
鐠	pǔ	pǔ
鐡	tiě	tiě
鐢	fán	fán
鐣	chēng	chēng
鐤	dǐng	dǐng
鐥	shàn	shàn
鐦	kāi	kāi
鐧	jiān	jiān|jiǎn
鐨	fèi	fèi
鐩	suì	suì
鐪	lǔ	lǔ
鐫	juān	juān
鐬	huì	huì
鐭	yù	yù
鐮	lián	lián
鐯	zhuó	zhuó
鐰	qiāo	cáo|qiāo|sào
鐱	jiàn	jiàn|qiān
鐲	zhuó	shǔ|zhuó
鐳	léi	léi
鐴	bì	bèi|bì
鐵	tiě	dié|tiě
鐶	huán	huán|xuàn
鐷	yè	yè
鐸	duó	duó
鐹	guǒ	guō|guǒ
鐺	dāng	chēng|dang|dāng|tāng
鐻	jù	jù|qú
鐼	fén	bēn|fén
鐽	dá	dá
鐾	bèi	bèi
鐿	yì	yì
鑀	ài	ài
鑁	zōng	zōng
鑂	xùn	xùn
鑃	diào	diào
鑄	zhù	zhù
鑅	héng	héng
鑆	zhuì	zhuì
鑇	jī	jī
鑈	niè	niè|nǐ
鑉	hé	hé
鑊	huò	huò
鑋	qīng	qīng
鑌	bīn	bīn
鑍	yīng	yīng
鑎	kuì	kuì
鑏	níng	níng|nǐng
鑐	xū	róu|rú|xū
鑑	jiàn	jiàn
鑒	jiàn	jiàn
鑓	qiǎn	qiǎn
鑔	chǎ	chǎ
鑕	zhì	zhì
鑖	miè	miè|mì
鑗	lí	lí
鑘	léi	léi|lěi
鑙	jī	jī
鑚	zuàn	zuàn
鑛	kuàng	gǒng|kuàng
鑜	shǎng	shǎng
鑝	péng	péng
鑞	là	là
鑟	dú	dú
鑠	shuò	lì|shuò|yuè
鑡	chuò	chuò
鑢	lǜ	lǜ
鑣	biāo	biāo
鑤	bào	bào
鑥	lǔ	lǔ
鑦	xian	xian
鑧	kuān	kuān
鑨	lóng	lóng
鑩	è	è
鑪	lú	lú
鑫	xīn	xùn|xīn
鑬	jiàn	jiàn
鑭	làn	làn|lán
鑮	bó	bó
鑯	jiān	jiān|qiān
鑰	yào	yuè|yào
鑱	chán	chán
鑲	xiāng	ráng|xiāng
鑳	jiàn	jiàn
鑴	xī	huī|xī
鑵	guàn	guàn
鑶	cáng	cáng
鑷	niè	niè
鑸	lěi	lěi
鑹	cuān	cuàn|cuān
鑺	qú	qú
鑻	pàn	pàn
鑼	luó	luó
鑽	zuān	zuàn|zuān
鑾	luán	luán
鑿	záo	zuò|zào|záo|zú
钀	niè	niè|yǐ
钁	jué	jué
钂	tǎng	tǎng
钃	zhú	zhú
钄	lán	lán
钅	jīn	jīn
钆	gá	gá
钇	yǐ	yǐ
针	zhēn	zhēn
钉	dīng	dìng|dīng
钊	zhāo	zhāo
钋	pō	pō
钌	liǎo	liào|liǎo
钍	tǔ	tǔ
钎	qiān	qiān
钏	chuàn	chuàn
钐	shān	shàn|shān
钑	sà	sà
钒	fán	fán
钓	diào	diào
钔	mén	mén
钕	nǚ	nǚ
钖	yáng	yáng
钗	chāi	chāi
钘	xíng	xíng
钙	gài	gài
钚	bù	bù
钛	tài	tài
钜	jù	jù
钝	dùn	dùn
钞	chāo	chāo
钟	zhōng	zhōng
钠	nà	nà
钡	bèi	bèi
钢	gāng	gàng|gāng
钣	bǎn	bǎn
钤	qián	qián
钥	yào	yuè|yào
钦	qīn	qīn
钧	jūn	jūn
钨	wū	wū
钩	gōu	gōu
钪	kàng	kàng
钫	fāng	fāng
钬	huǒ	huǒ
钭	dǒu	dǒu|tǒu
钮	niǔ	niǔ
钯	bǎ	bǎ|pá
钰	yù	yù
钱	qián	qian|qián
钲	zhēng	zhēng
钳	qián	qián
钴	gǔ	gǔ
钵	bō	bō
钶	kē	kē
钷	pǒ	pǒ
钸	bū	bū
钹	bó	bó
钺	yuè	yuè
钻	zuān	zuàn|zuān
钼	mù	mù
钽	tǎn	tǎn
钾	jiǎ	jiǎ
钿	diàn	diàn|tián
铀	yóu	yóu
铁	tiě	tiě
铂	bó	bó
铃	líng	líng
铄	shuò	shuò
铅	qiān	qiān|yán
铆	mǎo	mǎo
铇	bào	bào
铈	shì	shì
铉	xuàn	xuàn
铊	tā	tuó|tā
铋	bì	bì
铌	ní	ní
铍	pí	pí|pī
铎	duó	duó
铏	xíng	xíng
铐	kào	kào
铑	lǎo	lǎo
铒	ěr	ěr
铓	máng	máng
铔	yā	yā
铕	yǒu	yǒu
铖	chéng	chéng
铗	jiá	jiá
铘	yé	yé
铙	náo	náo
铚	zhì	zhì
铛	dāng	chēng|dang|dāng
铜	tóng	tóng
铝	lǚ	lǚ
铞	diào	diào
铟	yīn	yīn
铠	kǎi	kǎi
铡	zhá	zhá
铢	zhū	zhū
铣	xǐ	xiǎn|xǐ
铤	tǐng	dìng|tǐng
铥	diū	diū
铦	xiān	xiān
铧	huá	huá
铨	quán	quán
铩	shā	shā
铪	hā	hā
铫	diào	diào|yáo
铬	gè	gè
铭	míng	míng
铮	zhēng	zhèng|zhēng
铯	sè	sè
铰	jiǎo	jiǎo
铱	yī	yī
铲	chǎn	chǎn
铳	chòng	chòng
铴	tāng	tāng
铵	ǎn	ǎn
银	yín	yín
铷	rú	rú
铸	zhù	zhù
铹	láo	láo
铺	pù	pu|pù|pū
铻	wú	wú|yǔ
铼	lái	lái
铽	tè	tè
链	liàn	liàn
铿	kēng	kēng
销	xiāo	xiāo
锁	suǒ	suǒ
锂	lǐ	lǐ
锃	zèng	zèng
锄	chú	chú
锅	guō	guō
锆	gào	gào
锇	é	é
锈	xiù	xiù
锉	cuò	cuò
锊	lüè	lüè
锋	fēng	fēng
锌	xīn	xīn
锍	liǔ	liǔ
锎	kāi	kāi
锏	jiǎn	jiàn|jiǎn
锐	ruì	ruì
锑	tī	tī
锒	láng	láng
锓	qǐn	qǐn
锔	jū	jú|jū
锕	ā	ā
锖	qiāng	qiāng
锗	zhě	zhě
锘	nuò	nuò
错	cuò	cuò
锚	máo	máo
锛	bēn	bēn
锜	qí	qí
锝	dé	dé
锞	kè	kè
锟	kūn	kūn
锠	chāng	chāng
锡	xī	xī
锢	gù	gù
锣	luó	luó
锤	chuí	chuí
锥	zhuī	zhuī
锦	jǐn	jǐn
锧	zhì	zhì
锨	xiān	xiān
锩	juǎn	juǎn
锪	huō	huō
锫	péi	péi
锬	tán	tán|xiān
锭	dìng	dìng
键	jiàn	jiàn
锯	jù	jù|jū
锰	měng	měng
锱	zī	zī
锲	qiè	qiè
锳	yīng	yīng
锴	kǎi	kǎi
锵	qiāng	qiāng
锶	sī	sī
锷	è	è
锸	chā	chā
锹	qiāo	qiāo
锺	zhōng	zhōng
锻	duàn	duàn
锼	sōu	sōu
锽	huáng	huáng
锾	huán	huán
锿	āi	āi
镀	dù	dù
镁	měi	měi
镂	lòu	lòu
镃	zī	zī
镄	fèi	fèi
镅	méi	méi
镆	mò	mò
镇	zhèn	zhèn
镈	bó	bó
镉	gé	gé
镊	niè	niè
镋	tǎng	tǎng
镌	juān	juān
镍	niè	niè
镎	ná	ná
镏	liú	liù|liú
镐	gǎo	gǎo|hào
镑	bàng	bàng
镒	yì	yì
镓	jiā	jiā
镔	bīn	bīn
镕	róng	róng
镖	biāo	biāo
镗	tāng	táng|tāng
镘	màn	màn
镙	luó	luó
镚	bèng	bèng
镛	yōng	yōng
镜	jìng	jìng
镝	dī	dí|dī
镞	zú	zú
镟	xuàn	xuàn
镠	liú	liú
镡	chán	chán|tán|xín
镢	jué	jué
镣	liào	liào
镤	pú	pú
镥	lǔ	lǔ
镦	dūn	duì|dūn
镧	lán	lán
镨	pǔ	pǔ
镩	cuān	cuān
镪	qiāng	qiāng|qiǎng
镫	dèng	dèng
镬	huò	huò
镭	léi	léi
镮	huán	huán
镯	zhuó	zhuó
镰	lián	lián
镱	yì	yì
镲	chǎ	chǎ
镳	biāo	biāo
镴	là	là
镵	chán	chán
镶	xiāng	xiāng
長	zhǎng	cháng|zhàng|zhǎng
镸	cháng	cháng
镹	jiǔ	jiǔ
镺	ǎo	ǎo
镻	dié	dié
镼	qū	qū
镽	liǎo	liáo|liǎo
镾	mí	mí
长	zhǎng	cháng|zhǎng
門	mén	men|mén
閁	mà	mà
閂	shuān	shuān
閃	shǎn	shǎn
閄	huò	huò|shǎn
閅	mén	mén
閆	yán	yán
閇	bì	bì
閈	hàn	bì|hàn
閉	bì	bì
閊	shān	shān
開	kāi	kāi|qiān
閌	kàng	kàng
閍	bēng	bēng
閎	hóng	hóng
閏	rùn	rùn
閐	sàn	sàn
閑	xián	xián
閒	xián	jiàn|jiān|jiǎn|xián
間	jiān	jian|jiàn|jiān|jiǎn
閔	mǐn	mín|mǐn
閕	xiā	xiā|xiǎ
閖	shui	shui
閗	dòu	dòu
閘	zhá	gē|yā|zhá
閙	nào	nào
閚	zhān	zhān
閛	pēng	pèng|pēng
閜	xiǎ	xiǎ|ě
閝	líng	líng
閞	biàn	biàn|guān
閟	bì	bì
閠	rùn	rùn
閡	ài	gāi|hài|hé|kǎi|ài
関	guān	guān
閣	gé	gé
閤	gé	gé|gē
閥	fá	fá
閦	chù	chù
閧	hòng	hòng|xiàng
閨	guī	guī
閩	mǐn	mǐn
閪	sē	sē
閫	kǔn	kǔn
閬	làng	liǎng|làng|lǎng
閭	lǘ	lǘ
閮	tíng	tíng|tǐng
閯	shà	shà
閰	jú	jú
閱	yuè	yuè
閲	yuè	yuè
閳	chǎn	chǎn
閴	qù	qù
閵	lìn	lìn
閶	chāng	chāng|tāng
閷	shài	shài|shā
閸	kǔn	kǔn
閹	yān	yān
閺	wén	wén
閻	yán	yàn|yán|yǎn
閼	è	yù|yān|è
閽	hūn	hūn
閾	yù	yù
閿	wén	wén
闀	hòng	hòng
闁	bāo	bāo
闂	hòng	hòng|juǎn|xiàng
闃	qù	qù
闄	yǎo	yǎo
闅	wén	wén
闆	bǎn	bǎn|pǎn
闇	àn	yīn|yǐn|àn|ān|ǎn
闈	wéi	wéi
闉	yīn	yīn
闊	kuò	kuò
闋	què	jué|kuí|què
闌	lán	làn|lán
闍	dū	dū|shé
闎	quán	quán
闏	fēng	fēng
闐	tián	tián
闑	niè	niè
闒	tà	tà
闓	kǎi	kǎi
闔	hé	hé
闕	què	jué|què|quē
闖	chuǎng	chuǎng|chèn
闗	guān	guān
闘	dòu	dòu
闙	qǐ	qǐ
闚	kuī	kuī
闛	táng	chāng|táng|tāng
關	guān	guān|wān|wǎn
闝	piáo	piáo
闞	kàn	hǎn|kàn|xiàn
闟	xì	sè|tà|xì
闠	huì	huì
闡	chǎn	chǎn
闢	pì	pì|pī
闣	dàng	dàng|tāng
闤	huán	huán
闥	tà	tà
闦	wén	wén
闧	tā	tā
门	mén	men|mén
闩	shuān	shuān
闪	shǎn	shǎn
闫	yán	yán
闬	hàn	hàn
闭	bì	bì
问	wèn	wen|wèn
闯	chuǎng	chuǎng
闰	rùn	rùn
闱	wéi	wéi
闲	xián	xián
闳	hóng	hóng
间	jiān	jian|jiàn|jiān
闵	mǐn	mǐn
闶	kàng	kàng|kāng
闷	mèn	mèn|mēn
闸	zhá	zhá
闹	nào	nao|nào
闺	guī	guī
闻	wén	wén
闼	tà	tà
闽	mǐn	mǐn
闾	lǘ	lǘ
闿	kǎi	kǎi
阀	fá	fá
阁	gé	gé
阂	hé	hé
阃	kǔn	kǔn
阄	jiū	jiū
阅	yuè	yuè
阆	làng	làng|láng
阇	dū	dū|shé
阈	yù	yù
阉	yān	yān
阊	chāng	chāng
阋	xì	xì
阌	wén	wén
阍	hūn	hūn
阎	yán	yán
阏	yān	yān|è
阐	chǎn	chǎn
阑	lán	lán
阒	qù	qù
阓	huì	huì
阔	kuò	kuò
阕	què	què
阖	hé	hé
阗	tián	tián
阘	tà	dá|tà
阙	quē	què|quē
阚	kàn	hǎn|kàn
阛	huán	huán
阜	fù	fù
阝	fù	fù
阞	lè	lè
队	duì	duì
阠	xìn	xìn
阡	qiān	qiān
阢	wù	wéi|wù
阣	gài	gài|yì
阤	zhì	tuó|yí|zhì
阥	yīn	yīn
阦	yáng	yáng
阧	dǒu	dǒu
阨	è	ài|è
阩	shēng	shēng
阪	bǎn	bǎn
阫	péi	péi
阬	kēng	gāng|kàng|kēng
阭	yǔn	yǎn|yǔn
阮	ruǎn	ruǎn|yuán
阯	zhǐ	zhǐ
阰	pí	pí
阱	jǐng	jǐng
防	fáng	fáng
阳	yáng	yáng
阴	yīn	yīn
阵	zhèn	zhèn
阶	jiē	jiē
阷	chēng	chēng
阸	è	ài|è
阹	qū	qū
阺	dǐ	dǐ
阻	zǔ	zhù|zǔ
阼	zuò	zuò
阽	diàn	diàn|yán
阾	lǐng	líng|lǐng
阿	ā	a|à|ā|ē|ě|ǎ
陀	tuó	duò|tuó
陁	tuó	tuó|yǐ|zhì
陂	pí	bì|bēi|pí|pō
陃	bǐng	bǐng
附	fù	bù|fù|fū
际	jì	jì
陆	lù	liù|lù
陇	lǒng	lǒng
陈	chén	chén
陉	xíng	xíng
陊	duò	duò
陋	lòu	lòu
陌	mò	mò
降	jiàng	jiàng|xiàng|xiáng
陎	shū	shū
陏	duò	duò|suí
限	xiàn	wěn|xiàn
陑	ér	ér
陒	guǐ	guǐ
陓	yū	yū
陔	gāi	gāi
陕	shǎn	shǎn
陖	jùn	jùn
陗	qiào	qiào
陘	xíng	jìng|xíng
陙	chún	chún
陚	fù	fù|wǔ
陛	bì	bì
陜	xiá	xiá
陝	shǎn	shǎn
陞	shēng	shēng
陟	zhì	dé|zhì
陠	pū	bù|bū|pū
陡	dǒu	dǒu
院	yuàn	yuàn
陣	zhèn	zhèn
除	chú	chú|shū|zhù
陥	xiàn	xiàn
陦	dǎo	dǎo
陧	niè	niè
陨	yǔn	yǔn
险	xiǎn	xiǎn
陪	péi	péi
陫	fèi	fèi|péi
陬	zōu	zhé|zōu
陭	yì	yì|yǐ
陮	duì	duì
陯	lún	lùn|lún
陰	yīn	yìn|yīn|ān
陱	jū	jū
陲	chuí	chuí
陳	chén	chén|zhèn
陴	pí	bì|pí
陵	líng	líng
陶	táo	dào|táo|yáo
陷	xiàn	xiàn
陸	lù	liù|lù
陹	shēng	shēng
険	xiǎn	xiǎn
陻	yīn	yīn
陼	zhǔ	dǔ|zhǔ
陽	yáng	yáng
陾	réng	réng|ér
陿	xiá	xiá
隀	chóng	chóng
隁	yàn	yàn|yǎn
隂	yīn	yīn
隃	shù	shù|yáo|yú
隄	dī	dī|tí
隅	yú	yú
隆	lóng	lóng|lōng
隇	wēi	wēi
隈	wēi	wēi
隉	niè	niè
隊	duì	duì|suì|zhuì
隋	suí	duò|suí|tuō|tuǒ
隌	ǎn	ǎn
隍	huáng	huáng
階	jiē	jiē
随	suí	suí
隐	yǐn	yǐn
隑	gài	gài|gāi|qí|ái
隒	yǎn	yǎn
隓	huī	duò|huī
隔	gé	gé|jī|rǒng
隕	yǔn	yuán|yǔn
隖	wù	wù
隗	wěi	guī|kuí|wěi
隘	ài	ài|è
隙	xì	xì
隚	táng	táng
際	jì	jì
障	zhàng	zhàng|zhāng
隝	dǎo	dǎo
隞	áo	áo
隟	xì	xì
隠	yǐn	yǐn
隡	sà	sà
隢	rǎo	rǎo
隣	lín	lín
隤	tuí	tuí
隥	dèng	dèng
隦	jiǎo	jiǎo|pí
隧	suì	suì|zhuì
隨	suí	suí
隩	ào	yù|ào
險	xiǎn	jiǎn|xiǎn|yán
隫	fén	fén
隬	nǐ	nǐ
隭	ér	ér
隮	jī	jī
隯	dǎo	dǎo
隰	xí	xiè|xí
隱	yǐn	yìn|yǐn
隲	zhì	zhì
隳	huī	huī
隴	lǒng	lǒng
隵	xī	xī
隶	lì	dài|dì|lì|yì
隷	lì	lì
隸	lì	lì
隹	zhuī	cuī|wéi|zhuī
隺	hè	hè|hú|què
隻	zhī	huò|zhī
隼	sǔn	sǔn
隽	juàn	juàn|jùn
难	nán	nan|nàn|nán
隿	yì	yì
雀	què	qiāo|qiǎo|què
雁	yàn	yàn
雂	qín	qín
雃	qiān	jiè|qiān
雄	xióng	xióng
雅	yǎ	yá|yā|yǎ
集	jí	jí
雇	gù	gù|hù
雈	huán	huán
雉	zhì	kǎi|sì|yǐ|zhì
雊	gòu	gòu
雋	juàn	juàn|jùn|zuì
雌	cí	cí
雍	yōng	yōng
雎	jū	jū
雏	chú	chú
雐	hū	hū
雑	zá	zá
雒	luò	luò
雓	yú	yú
雔	chóu	chóu
雕	diāo	diāo
雖	suī	suī
雗	hàn	hàn
雘	wò	wò
雙	shuāng	shuāng
雚	guàn	guàn|huán
雛	chú	chú|jù|jú
雜	zá	zá
雝	yōng	yōng
雞	jī	jī
雟	xī	xī
雠	chóu	chóu
雡	liù	liù
離	lí	chī|gǔ|lì|lí|lǐ
難	nán	nan|nuó|nàn|nán
雤	xué	xué
雥	zá	zá
雦	jí	jí
雧	jí	jí
雨	yǔ	yù|yǔ
雩	yú	xū|yù|yú
雪	xuě	xuě
雫	nǎ	nǎ
雬	fǒu	fǒu
雭	sè	sè|xí
雮	mù	mù
雯	wén	wén
雰	fēn	fēn
雱	pāng	fāng|páng|pāng
雲	yún	yún
雳	lì	lì
雴	chì	chì
雵	yāng	yāng
零	líng	lián|líng
雷	léi	lèi|léi
雸	án	án
雹	báo	báo
雺	wù	méng|wù
電	diàn	diàn
雼	dàng	dàng
雽	hù	hù|hū
雾	wù	wù
雿	diào	diào
需	xū	nuò|ruǎn|rú|xū
霁	jì	jì
霂	mù	mù
霃	chén	chén
霄	xiāo	xiào|xiāo
霅	zhà	shà|sà|yì|zhà|zhá
霆	tíng	tíng
震	zhèn	shēn|zhèn
霈	pèi	pèi
霉	méi	méi
霊	líng	líng
霋	qī	qī
霌	zhōu	zhōu
霍	huò	huò|hè|suǒ
霎	shà	shà
霏	fēi	fēi
霐	hóng	hóng
霑	zhān	zhān
霒	yīn	yīn
霓	ní	ní
霔	zhù	zhù
霕	tún	tún
霖	lín	lín
霗	líng	líng
霘	dòng	dòng
霙	yīng	yāng|yīng
霚	wù	wù
霛	líng	líng
霜	shuāng	shuāng
霝	líng	líng
霞	xiá	xiá
霟	hóng	hóng
霠	yīn	yīn
霡	mài	mài
霢	mài	mài
霣	yǔn	yǔn
霤	liù	liù
霥	mèng	mèng
霦	bīn	bīn
霧	wù	méng|wù
霨	wèi	wèi
霩	kuò	kuò
霪	yín	yín
霫	xí	xí
霬	yì	yì
霭	ǎi	ǎi
霮	dàn	dàn
霯	tèng	tèng
霰	xiàn	sǎn|xiàn
霱	yù	yù
露	lù	lòu|lù
霳	lóng	lóng
霴	dài	dài
霵	jí	jí
霶	pāng	pāng
霷	yáng	yáng
霸	bà	bà|pò
霹	pī	pī
霺	wéi	wéi
霻	fēng	fēng
霼	xì	xì
霽	jì	jì
霾	mái	lí|mái
霿	méng	mào|méng|wù
靀	méng	méng
靁	léi	léi
靂	lì	lì
靃	huò	huò|suǐ|suǒ
靄	ǎi	ǎi
靅	fèi	fèi
靆	dài	dài
靇	lóng	líng|lóng
靈	líng	ling|líng
靉	ài	yǐ|ài
靊	fēng	fēng
靋	lì	lì
靌	bǎo	bǎo
靍	hè	hè
靎	hè	hè
靏	hè	hè
靐	bìng	bìng
靑	qīng	qīng
青	qīng	jīng|qīng
靓	jìng	jìng|liàng
靔	tiān	tiān
靕	zhēn	zhēn
靖	jìng	jìng
靗	chēng	chēng
靘	qìng	jìng|qìng|qīng
静	jìng	jing|jìng
靚	jìng	jìng|liáng
靛	diàn	diàn
靜	jìng	jing|jìng
靝	tiān	tiān
非	fēi	fēi|fěi
靟	fēi	fēi
靠	kào	kào
靡	mí	má|mí|mǐ
面	miàn	mian|miàn
靣	miàn	miàn
靤	bào	bào
靥	yè	yè
靦	tiǎn	miǎn|tiǎn
靧	huì	huì
靨	yè	yè|yǎn
革	gé	gé|jí
靪	dīng	dīng
靫	chá	chá
靬	qián	hàn|jiān|kān|qián
靭	rèn	rèn
靮	dí	dí
靯	dù	dù
靰	wù	wù
靱	rèn	rèn
靲	qín	qín
靳	jìn	jìn
靴	xuē	xuē
靵	niǔ	niǔ
靶	bǎ	bà|bǎ
靷	yǐn	yǐn
靸	sǎ	sǎ|tā
靹	nà	nà
靺	mò	mò|wà
靻	zǔ	zǔ
靼	dá	dá
靽	bàn	bàn
靾	yì	yì
靿	yào	yào
鞀	táo	táo
鞁	bèi	bài|bèi|bì
鞂	jiē	jiē
鞃	hóng	hóng
鞄	páo	páo
鞅	yāng	yàng|yāng|yǎng
鞆	bǐng	bǐng
鞇	yīn	yīn
鞈	gé	gé|sǎ|tà
鞉	táo	táo
鞊	jié	jié|jí
鞋	xié	wā|xié
鞌	ān	ān
鞍	ān	ān
鞎	hén	hén
鞏	gǒng	gǒng
鞐	qiǎ	qiǎ
鞑	dá	dá
鞒	qiáo	qiáo
鞓	tīng	tīng
鞔	mán	mán|mèn
鞕	yìng	biān|yìng
鞖	suī	suī
鞗	tiáo	tiáo
鞘	qiào	qiào|shāo
鞙	xuàn	juān|xuàn
鞚	kòng	kòng
鞛	běng	běng
鞜	tà	tà
鞝	shàng	shàng|zhǎng
鞞	bǐng	bì|bēi|bǐng|pí
鞟	kuò	kuò
鞠	jū	jū|qiōng|qū
鞡	la	la
鞢	xiè	dié|xiè|zhá
鞣	róu	róu
鞤	bāng	bāng
鞥	ēng	ēng
鞦	qiū	qiū
鞧	qiū	qiū
鞨	hé	hé|mò|shé
鞩	qiào	qiào
鞪	mù	móu|mù
鞫	jū	jū|qū
鞬	jiān	jiàn|jiān
鞭	biān	biān
鞮	dī	dī
鞯	jiān	jiān
鞰	wēn	wēn
鞱	tāo	tāo
鞲	gōu	gōu
鞳	tà	tà
鞴	bèi	bài|bèi|bù|fú
鞵	xié	xié
鞶	pán	pán
鞷	gé	gé
鞸	bì	bì|bǐng
鞹	kuò	kuò
鞺	tāng	tāng
鞻	lóu	lóu
鞼	guì	guì|huì
鞽	qiáo	juē|qiáo|qiāo
鞾	xuē	xuē
鞿	jī	jī
韀	jiān	jiān
韁	jiāng	jiāng
韂	chàn	chàn
韃	dá	dá|tà
韄	hù	hù
韅	xiǎn	xiǎn
韆	qiān	qiān
韇	dú	dú
韈	wà	wà
韉	jiān	jiān
韊	lán	lán
韋	wéi	huí|wéi
韌	rèn	rèn
韍	fú	fú
韎	mèi	mèi
韏	quàn	juàn|quàn
韐	gé	gé
韑	wěi	wěi
韒	qiào	qiào|shāo
韓	hán	hán
韔	chàng	chàng
韕	kuò	kuò
韖	rǒu	rǒu
韗	yùn	yùn
韘	shè	shè
韙	wěi	wěi
韚	gé	gé
韛	bài	bài|fú
韜	tāo	tào|tāo
韝	gōu	gōu
韞	yùn	wēn|yùn
韟	gāo	gāo
韠	bì	bì
韡	wěi	wěi|xuē
韢	suì	huì|suì
韣	dú	dú
韤	wà	wà
韥	dú	dú
韦	wéi	wéi
韧	rèn	rèn
韨	fú	fú
韩	hán	hán
韪	wěi	wěi
韫	yùn	yùn
韬	tāo	tāo
韭	jiǔ	jiǔ
韮	jiǔ	jiǔ
韯	xiān	xiān
韰	xiè	xiè
韱	xiān	xiān
韲	jī	jī
音	yīn	yīn
韴	zá	zá
韵	yùn	yùn
韶	sháo	sháo
韷	lè	lè
韸	péng	péng
韹	huáng	huáng|yīng
韺	yīng	yīng
韻	yùn	yùn
韼	péng	péng
韽	ān	ān
韾	yīn	yīn
響	xiǎng	xiǎng
頀	hù	hù
頁	yè	xié|yè
頂	dǐng	dǐng
頃	qǐng	kuǐ|qīng|qǐng
頄	kuí	kuí
項	xiàng	xiàng
順	shùn	shùn
頇	hān	hān|àn
須	xū	xū
頉	yí	yí
頊	xū	xū
頋	ě	ě
頌	sòng	róng|sòng
頍	kuǐ	kuǐ
頎	qí	kěn|qí
頏	háng	gāng|hàng|háng
預	yù	yù
頑	wán	kūn|wán
頒	bān	bān|fén
頓	dùn	dùn|dú
頔	dí	dí
頕	dān	diàn|dān
頖	pàn	pàn
頗	pō	pí|pò|pō|pǒ
領	lǐng	lǐng
頙	chè	chè
頚	jǐng	jǐng
頛	lèi	lèi
頜	hé	gé|hán|hé|qīn
頝	qiāo	qiāo
頞	è	àn|è
頟	é	é
頠	wěi	wěi
頡	xié	jiá|jié|xié
頢	kuò	kuò
頣	shěn	shěn
頤	yí	yí
頥	yí	yí
頦	hái	hái|ké|kē
頧	duǐ	duī|duǐ
頨	yǔ	biàn|yǔ
頩	pīng	pīng|pǐng
頪	lèi	lèi
頫	fǔ	fǔ|tiào|tāo
頬	jiá	jiá
頭	tóu	tou|tóu
頮	huì	huì
頯	kuí	kuí
頰	jiá	jiá
頱	luō	luō
頲	tǐng	tǐng
頳	chēng	chēng
頴	yǐng	jǐng|yǐng
頵	yūn	yūn
頶	hú	hú
頷	hàn	hàn
頸	jǐng	gěng|jǐng
頹	tuí	tuí
頺	tuí	tuí
頻	pín	bīn|pín
頼	lài	lài
頽	tuí	tuí
頾	zī	zī
頿	zī	zī
顀	chuí	chuí
顁	dìng	dìng|dǐng
顂	lài	lài|lái
顃	tán	shǎn|tán
顄	hàn	hàn
顅	qiān	qiān
顆	kē	kuǎn|kē|kě
顇	cuì	cuì|zú
顈	xuǎn	jiōng|jiǒng|xiàn|xuǎn
顉	qīn	qīn
顊	yí	yí
顋	sāi	sāi
題	tí	dì|tí
額	é	é
顎	è	è
顏	yán	yán
顐	wèn	hùn|hún|wèn
顑	kǎn	kǎn|yàn
顒	yóng	yóng|yú
顓	zhuān	zhuān
顔	yán	yá|yán
顕	xiǎn	xiǎn
顖	xìn	xìn
顗	yǐ	yǐ
願	yuàn	yuàn|yuǎn
顙	sǎng	sǎng
顚	diān	diān|tiàn|tián
顛	diān	diān
顜	jiǎng	jiǎng
顝	kuī	kuī|kuǎ
類	lèi	lèi
顟	láo	láo
顠	piǎo	piǎo
顡	wài	wài|zhuài
顢	mán	mán|mān
顣	cù	cù
顤	yáo	qiào|yáo
顥	hào	hào
顦	qiáo	qiáo
顧	gù	gù
顨	xùn	xùn
顩	yǎn	hàn|qiǎn|qìn|yǎn
顪	huì	huì
顫	chàn	chàn|shān|zhàn
顬	rú	rú
顭	méng	méng
顮	bīn	bīn
顯	xiǎn	xiàn|xiǎn
顰	pín	pín
顱	lú	lú
顲	lǎn	lǎn|lǐn
顳	niè	niè
顴	quán	quán
页	yè	yè
顶	dǐng	dǐng
顷	qǐng	qǐng
顸	hān	hān
项	xiàng	xiàng
顺	shùn	shùn
须	xū	xū
顼	xū	xū
顽	wán	wán
顾	gù	gù
顿	dùn	dùn|dú
颀	qí	qí
颁	bān	bān
颂	sòng	sòng
颃	háng	háng
预	yù	yù
颅	lú	lú
领	lǐng	lǐng
颇	pō	pō
颈	jǐng	gěng|jǐng
颉	jié	jié|xié
颊	jiá	jiá
颋	tǐng	tǐng
颌	hé	gé|hé
颍	yǐng	yǐng
颎	jiǒng	jiǒng
颏	kē	ké|kē
颐	yí	yí
频	pín	pín
颒	huì	huì
颓	tuí	tuí
颔	hàn	hàn
颕	yǐng	yǐng
颖	yǐng	yǐng
颗	kē	kē
题	tí	tí
颙	yóng	yóng
颚	è	è
颛	zhuān	zhuān
颜	yán	yán
额	é	é
颞	niè	niè
颟	mān	mān
颠	diān	diān
颡	sǎng	sǎng
颢	hào	hào
颣	lèi	lèi
颤	chàn	chàn|zhàn
颥	rú	rú
颦	pín	pín
颧	quán	quán
風	fēng	fèng|fēng|fěng
颩	biāo	biāo|diū
颪	guā	guā
颫	fú	fú
颬	xiā	xiā
颭	zhǎn	zhǎn
颮	biāo	biāo|páo
颯	sà	lì|sà
颰	bá	bá|fú
颱	tái	tái
颲	liè	liè
颳	guā	guā|jǐ
颴	xuàn	xuàn
颵	shāo	shāo|xiāo
颶	jù	jù
颷	biāo	biāo
颸	sī	sī
颹	wěi	wěi
颺	yáng	yáng
颻	yáo	yào|yáo
颼	sōu	sōu
颽	kǎi	kǎi
颾	sōu	sāo|sōu
颿	fān	fān
飀	liú	liú
飁	xí	xí
飂	liù	liáo|liù
飃	piāo	piào|piāo
飄	piāo	piāo
飅	liú	liú
飆	biāo	biāo
飇	biāo	biāo
飈	biāo	biāo
飉	liáo	liáo
飊	biāo	biāo
飋	sè	sè
飌	fēng	fēng
飍	xiū	xiū
风	fēng	fēng
飏	yáng	yáng
飐	zhǎn	zhǎn
飑	biāo	biāo
飒	sà	sà
飓	jù	jù
飔	sī	sī
飕	sōu	sōu
飖	yáo	yáo
飗	liú	liú
飘	piāo	piāo
飙	biāo	biāo
飚	biāo	biāo
飛	fēi	fēi
飜	fān	fān
飝	fēi	fēi
飞	fēi	fēi
食	shí	shi|shí|sì|yì
飠	shí	shí
飡	cān	cān
飢	jī	jī
飣	dìng	dìng
飤	sì	sì
飥	tuō	tuō
飦	zhān	gān|zhān
飧	sūn	sūn
飨	xiǎng	xiǎng
飩	tún	tún|zhùn
飪	rèn	rèn
飫	yù	yù
飬	juàn	juàn|yǒng
飭	chì	chì|shì
飮	yǐn	yǐn
飯	fàn	fàn
飰	fàn	fàn
飱	sūn	cān|sūn
飲	yǐn	yìn|yǐn
飳	tǒu	tǒu|zhù
飴	yí	sì|yí
飵	zuò	zuò|zé
飶	bì	bì
飷	jiě	jiě
飸	tāo	tāo
飹	bǎo	bǎo
飺	cí	cí
飻	tiè	tiè
飼	sì	sì
飽	bǎo	bǎo
飾	shì	chì|shì
飿	duò	duò
餀	hài	hài
餁	rèn	rèn
餂	tiǎn	tián|tiǎn
餃	jiǎo	jiào|jiǎo
餄	jiá	hé|jiá
餅	bǐng	bing|bǐng
餆	yáo	yáo
餇	tóng	tóng
餈	cí	cí
餉	xiǎng	xiǎng
養	yǎng	yàng|yǎng
餋	juàn	juàn
餌	ěr	ěr
餍	yàn	yàn
餎	le	le
餏	xī	xī
餐	cān	cān|sūn
餑	bō	bō
餒	něi	něi
餓	è	è
餔	bù	bù|bū
餕	jùn	jùn
餖	dòu	dòu
餗	sù	sù
餘	yú	yé|yú
餙	shì	shì|xī
餚	yáo	yáo
餛	hún	hún|kūn
餜	guǒ	guǒ
餝	shì	shì
餞	jiàn	jiàn
餟	zhuì	zhuì
餠	bǐng	bǐng
餡	xiàn	kàn|xiàn
餢	bù	bù
餣	yè	yè
餤	tán	dàn|tán
餥	fēi	fēi
餦	zhāng	zhāng
餧	wèi	něi|wèi
館	guǎn	guǎn
餩	è	è
餪	nuǎn	nuàn|nuǎn
餫	yùn	hún|yùn
餬	hú	hú
餭	huáng	huáng
餮	tiè	tiè
餯	huì	huì
餰	jiān	jiān|zhān
餱	hóu	hóu
餲	ài	hé|ài
餳	táng	táng|xíng
餴	fēn	fēn
餵	wèi	wèi
餶	gǔ	gǔ
餷	chā	chā
餸	sòng	sòng
餹	táng	táng
餺	bó	bó
餻	gāo	gāo
餼	xì	xì
餽	kuì	kuì
餾	liù	liù|liú
餿	sōu	sōu
饀	táo	táo|tāo|xiàn
饁	yè	yè
饂	wēn	wēn
饃	mó	mó
饄	táng	táng
饅	mán	mán
饆	bì	bì
饇	yù	yù
饈	xiū	xiū
饉	jǐn	jǐn
饊	sǎn	sǎn
饋	kuì	kuì|tuí
饌	zhuàn	xuǎn|zhuàn
饍	shàn	shàn
饎	chì	chì
饏	dàn	dàn
饐	yì	yì|yē|èn
饑	jī	jī|qí
饒	ráo	ráo
饓	chēng	chēng
饔	yōng	yōng
饕	tāo	tāo
饖	wèi	wèi
饗	xiǎng	xiǎng
饘	zhān	zhān
饙	fēn	fēn
饚	hài	hài
饛	méng	méng
饜	yàn	yàn
饝	mó	mó
饞	chán	chán
饟	xiǎng	xiǎng
饠	luó	luó
饡	zàn	zàn
饢	náng	náng|nǎng
饣	shí	shí
饤	dìng	dìng
饥	jī	jī
饦	tuō	tuō
饧	xíng	táng|xíng
饨	tún	tún
饩	xì	xì
饪	rèn	rèn
饫	yù	yù
饬	chì	chì
饭	fàn	fàn
饮	yǐn	yìn|yǐn
饯	jiàn	jiàn
饰	shì	shì
饱	bǎo	bǎo
饲	sì	sì
饳	duò	duò
饴	yí	yí
饵	ěr	ěr
饶	ráo	ráo
饷	xiǎng	xiǎng
饸	hé	hé
饹	le	gē|le
饺	jiǎo	jiǎo
饻	xī	xī
饼	bǐng	bing|bǐng
饽	bō	bō
饾	dòu	dòu
饿	è	è
馀	yú	yú
馁	něi	něi
馂	jùn	jùn
馃	guǒ	guǒ
馄	hún	hún
馅	xiàn	xiàn
馆	guǎn	guǎn
馇	chā	chā|zha
馈	kuì	kuì
馉	gǔ	gǔ
馊	sōu	sōu
馋	chán	chán
馌	yè	yè
馍	mó	mó
馎	bó	bó
馏	liú	liù|liú
馐	xiū	xiū
馑	jǐn	jǐn
馒	mán	mán
馓	sǎn	sǎn
馔	zhuàn	zhuàn
馕	náng	náng|nǎng
首	shǒu	shǒu
馗	kuí	kuí|qiú
馘	guó	guó|xù
香	xiāng	xiāng
馚	fén	fén
馛	bó	bó
馜	nǐ	nǐ
馝	bì	bì
馞	bó	bó|pò
馟	tú	tú
馠	hān	hān
馡	fēi	fēi
馢	jiān	jiān
馣	ān	ān
馤	ài	ài
馥	fù	bì|fù
馦	xiān	xiān
馧	yūn	wò|yūn
馨	xīn	xīn
馩	fén	fén
馪	pīn	pīn
馫	xīn	xīn
馬	mǎ	mǎ
馭	yù	yù
馮	féng	féng|píng
馯	hàn	hàn|hán|qián
馰	dí	dí
馱	tuó	duò|dài|tuó
馲	zhé	tuō|zhé
馳	chí	chí
馴	xún	xún
馵	zhù	zhù
馶	zhī	shì|zhī
馷	pèi	pèi
馸	xìn	jìn|xìn
馹	rì	rì
馺	sà	sà
馻	yǔn	yǔn
馼	wén	wén
馽	zhí	zhí
馾	dàn	dàn|dǎn
馿	lǘ	lǘ
駀	yóu	yóu
駁	bó	bó
駂	bǎo	bǎo
駃	jué	jué|kuài
駄	tuó	tuó
駅	yì	yì
駆	qū	qū
駇	wén	wén
駈	qū	qū
駉	jiōng	jiōng
駊	pǒ	pǒ
駋	zhāo	zhāo
駌	yuān	yuān
駍	péi	péi|pēng
駎	zhòu	zhòu
駏	jù	jù
駐	zhù	zhù
駑	nú	nú
駒	jū	jù|jū
駓	pī	pī
駔	zǎng	zù|zǎng|zǔ
駕	jià	jià|jiā
駖	líng	líng
駗	zhěn	zhěn
駘	tái	dài|tái|tāi|zhài
駙	fù	fù
駚	yǎng	yǎng
駛	shǐ	shǐ
駜	bì	bì
駝	tuó	tuo|tuó
駞	tuó	tuó
駟	sì	sì
駠	liú	liú
駡	mà	mà
駢	pián	pián
駣	táo	táo
駤	zhì	zhì
駥	róng	róng
駦	téng	téng
駧	dòng	dòng
駨	xūn	xuàn|xūn
駩	quān	quān
駪	shēn	shēn
駫	jiōng	jiōng
駬	ěr	ěr
駭	hài	hài
駮	bó	bó
駯	zhū	zhū
駰	yīn	yīn
駱	luò	jià|luò
駲	zhōu	zhōu
駳	dàn	dàn
駴	hài	hài
駵	liú	liú
駶	jú	jú
駷	sǒng	sǒng
駸	qīn	qīn
駹	máng	máng
駺	láng	liáng|láng
駻	hàn	hàn
駼	tú	tú
駽	xuān	xuān
駾	tuì	tuì
駿	jùn	jùn
騀	ě	é|ě
騁	chěng	chěng
騂	xīng	xīng
騃	ái	sì|tǎi|ái
騄	lù	lù
騅	zhuī	zhuī
騆	zhōu	dòng|zhōu
騇	shè	shè
騈	pián	pián
騉	kūn	kūn
騊	táo	táo
騋	lái	lái
騌	zōng	zōng
騍	kè	kè
騎	qí	jì|qí
騏	qí	qí
騐	yàn	yàn
騑	fēi	fēi
騒	sāo	sāo
験	yàn	yàn
騔	gé	gé
騕	yǎo	yǎo
騖	wù	wù
騗	piàn	piàn
騘	cōng	cōng
騙	piàn	piàn
騚	qián	qián
騛	fēi	fēi
騜	huáng	huáng
騝	qián	qián
騞	huō	huō
騟	yú	yú
騠	tí	tí
騡	quán	quán
騢	xiá	xiá
騣	zōng	zōng
騤	kuí	jué|kuí
騥	róu	róu
騦	sī	sī
騧	guā	guā
騨	tuó	tuó
騩	guī	guī|tuí
騪	sōu	sōu
騫	qiān	jiǎn|qiān
騬	chéng	chéng
騭	zhì	zhì
騮	liú	liú
騯	péng	bǎng|péng
騰	téng	teng|téng
騱	xí	xí
騲	cǎo	cǎo
騳	dú	dú
騴	yàn	yàn
騵	yuán	yuán
騶	zōu	qū|zhòu|zhū|zōu
騷	sāo	sāo|sǎo|xiāo
騸	shàn	shàn
騹	qí	qí
騺	zhì	chì|zhì
騻	shuāng	shuāng
騼	lù	lù
騽	xí	xí
騾	luó	luó
騿	zhāng	zhāng
驀	mò	mà|mò
驁	ào	yào|ào
驂	cān	cān
驃	biāo	biāo|piào
驄	cōng	cōng
驅	qū	qū
驆	bì	bì
驇	zhì	zhì
驈	yù	yù
驉	xū	xū
驊	huá	huá
驋	bō	bō
驌	sù	sù
驍	xiāo	xiāo
驎	lín	lín
驏	zhàn	zhàn
驐	dūn	dūn
驑	liú	liú
驒	tuó	tuó
驓	céng	céng
驔	diàn	diàn
驕	jiāo	jiāo|jū|qiáo|xiāo
驖	tiě	tiě
驗	yàn	yàn
驘	luó	luó
驙	zhān	zhàn|zhān
驚	jīng	jīng
驛	yì	yì
驜	yè	yè
驝	tuō	tuō
驞	pīn	pīn
驟	zhòu	zhòu
驠	yàn	yàn
驡	lóng	lóng|zǎng
驢	lǘ	lǘ
驣	téng	téng
驤	xiāng	xiāng
驥	jì	jì
驦	shuāng	shuāng
驧	jú	jú
驨	xí	xí
驩	huān	huān
驪	lí	chí|lí
驫	biāo	biāo|piāo
马	mǎ	mǎ
驭	yù	yù
驮	tuó	duò|tuó
驯	xùn	xùn|xún
驰	chí	chí
驱	qū	qū
驲	rì	rì
驳	bó	bó
驴	lǘ	lǘ
驵	zǎng	zǎng
驶	shǐ	shǐ
驷	sì	sì
驸	fù	fù
驹	jū	jū
驺	zōu	zōu
驻	zhù	zhù
驼	tuó	tuo|tuó
驽	nú	nú
驾	jià	jià
驿	yì	yì
骀	dài	dài|tái
骁	xiāo	xiāo
骂	mà	mà
骃	yīn	yīn
骄	jiāo	jiāo
骅	huá	huá
骆	luò	luò
骇	hài	hài
骈	pián	pián
骉	biāo	biāo
骊	lí	lí
骋	chěng	chěng
验	yàn	yàn
骍	xīng	xīng
骎	qīn	qīn
骏	jùn	jùn
骐	qí	qí
骑	qí	qí
骒	kè	kè
骓	zhuī	zhuī
骔	zōng	zōng
骕	sù	sù
骖	cān	cān
骗	piàn	piàn
骘	zhì	zhì
骙	kuí	kuí
骚	sāo	sāo
骛	wù	wù
骜	ào	ào
骝	liú	liú
骞	qiān	qiān
骟	shàn	shàn
骠	biāo	biāo|piào
骡	luó	luó
骢	cōng	cōng
骣	chǎn	chǎn
骤	zhòu	zhòu
骥	jì	jì
骦	shuāng	shuāng
骧	xiāng	xiāng
骨	gǔ	gú|gū|gǔ
骩	wěi	wěi
骪	wěi	wěi
骫	wěi	wán|wěi
骬	yú	yú
骭	gàn	gàn
骮	yì	yì
骯	āng	kǎng|āng
骰	tóu	gǔ|tóu
骱	jiè	jiá|jiè|xiè
骲	bào	bào
骳	bèi	bèi
骴	cī	cī|zhài
骵	tǐ	tǐ
骶	dǐ	dǐ
骷	kū	kū
骸	hái	gāi|hái
骹	qiāo	jiāo|qiāo|xiāo
骺	hóu	hóu
骻	kuà	kuà
骼	gé	gé
骽	tuǐ	tuǐ
骾	gěng	gěng
骿	pián	pián
髀	bì	bì
髁	kē	kuà|kē
髂	qià	gé|qià
髃	yú	yú
髄	suǐ	suǐ
髅	lóu	lóu
髆	bó	bó|pò
髇	xiāo	xiāo
髈	bǎng	bǎng|páng|pǎng
髉	bó	bó|jué
髊	cī	cuō|cī
髋	kuān	kuān
髌	bìn	bìn
髍	mó	mó
髎	liáo	liáo
髏	lóu	lóu
髐	xiāo	xiāo
髑	dú	dú
髒	zāng	zāng|zǎng
髓	suǐ	suǐ
體	tǐ	tī|tǐ
髕	bìn	bìn
髖	kuān	kuān
髗	lú	lú
高	gāo	gào|gāo
髙	gāo	gāo
髚	qiào	qiào
髛	kāo	kāo
髜	qiǎo	qiǎo
髝	láo	láo
髞	sào	sào
髟	biāo	biāo|piào|shān
髠	kūn	kūn
髡	kūn	kūn
髢	dí	dí
髣	fǎng	fǎng
髤	xiū	xiū
髥	rán	rán
髦	máo	máo
髧	dàn	dàn
髨	kūn	kūn
髩	bìn	bìn
髪	fà	fà|fǎ
髫	tiáo	tiáo
髬	pī	pī
髭	zī	zī
髮	fà	fà|fǎ
髯	rán	rán
髰	tì	tì
髱	bào	bào
髲	bì	bì
髳	máo	máo|méng|róu
髴	fú	fèi|fú
髵	ér	ér
髶	róng	róng|èr
髷	qū	qū
髸	gōng	gōng
髹	xiū	xiū
髺	kuò	kuò|yuè
髻	jì	jié|jì
髼	péng	péng
髽	zhuā	zhuā
髾	shāo	shào|shāo|shǎo
髿	suō	suō
鬀	tì	tì
鬁	lì	lì
鬂	bìn	bìn
鬃	zōng	zōng
鬄	dí	dí|tì
鬅	péng	péng
鬆	sōng	sòng|sóng|sōng
鬇	zhēng	zhēng
鬈	quán	quán
鬉	zōng	zōng
鬊	shùn	shùn
鬋	jiǎn	jiǎn
鬌	tuǒ	chuí|duǒ|tuǒ
鬍	hú	hú
鬎	là	là
鬏	jiū	jiū
鬐	qí	qí
鬑	lián	lián
鬒	zhěn	zhěn
鬓	bìn	bìn
鬔	péng	péng
鬕	mà	mà
鬖	sān	sàn|sān
鬗	mán	mán
鬘	mán	mán
鬙	sēng	sēng
鬚	xū	xū
鬛	liè	liè
鬜	qiān	qiān
鬝	qiān	qiān
鬞	náng	nàng|náng
鬟	huán	huán
鬠	kuò	kuài|kuò
鬡	níng	níng
鬢	bìn	bìn
鬣	liè	liè
鬤	ráng	níng|ráng
鬥	dòu	dòu
鬦	dòu	dòu
鬧	nào	nao|nào
鬨	hòng	hòng|xiàng
鬩	xì	hè|xì
鬪	dòu	dòu
鬫	hǎn	hǎn
鬬	dòu	dòu
鬭	dòu	dòu
鬮	jiū	jiū
鬯	chàng	chàng
鬰	yù	yù
鬱	yù	yù
鬲	gé	gé|lì|è
鬳	yàn	yàn
鬴	fǔ	fǔ|lì
鬵	qín	qín|xín
鬶	guī	guī
鬷	zōng	zěng|zōng
鬸	liù	liù
鬹	guī	guī|xié
鬺	shāng	shāng
鬻	yù	jū|yù|zhōu
鬼	guǐ	guǐ
鬽	mèi	mèi
鬾	jì	jì|qí
鬿	qí	qí
魀	gà	gà
魁	kuí	kuài|kuí|kuǐ
魂	hún	hún
魃	bá	bá
魄	pò	bó|pò|tuò
魅	mèi	mèi
魆	xū	xū
魇	yǎn	yǎn
魈	xiāo	xiāo
魉	liǎng	liǎng
魊	yù	yù
魋	tuí	chuí|tuí
魌	qī	qī
魍	wǎng	wǎng
魎	liǎng	liǎng
魏	wèi	wèi|wéi|wēi
魐	gān	gān
魑	chī	chī
魒	piāo	piāo
魓	bì	bì
魔	mó	mó
魕	jǐ	jǐ
魖	xū	xū
魗	chǒu	chóu|chǒu
魘	yǎn	yǎn
魙	zhān	zhān
魚	yú	yú
魛	dāo	dāo
魜	rén	rén
魝	jié	jié|jì
魞	bā	bā
魟	hóng	gōng|hóng
魠	tuō	tuō
魡	diào	diào|dí
魢	jǐ	jǐ
魣	xù	xù|yú
魤	é	huà|é
魥	è	jì|qiè|è
魦	shā	shā|suō
魧	háng	háng
魨	tún	tún
魩	mò	mò
魪	jiè	jiè
魫	shěn	shěn
魬	bǎn	bǎn
魭	yuán	wǎn|yuán
魮	pí	bǐ|pí
魯	lǔ	lǔ|lǚ
魰	wén	wén
魱	hú	hù|hú
魲	lú	lú
魳	zā	shī|zā
魴	fáng	fáng
魵	fén	fèn|fén
魶	nà	nà
魷	yóu	yóu
魸	piàn	piàn
魹	mó	mó
魺	hé	gě|hé
魻	xiá	xiá|xiā
魼	qū	qū|xié
魽	hán	hán|hān
魾	pī	pí|pī
魿	líng	lín|líng
鮀	tuó	tuó
鮁	bō	bà|bō
鮂	qiú	qiú
鮃	píng	píng
鮄	fú	fú
鮅	bì	bì
鮆	cǐ	cǐ|jì
鮇	wèi	wèi
鮈	jū	gǒu|jū|qú
鮉	diāo	diāo
鮊	bà	bà|bó
鮋	yóu	chóu|yóu
鮌	gǔn	gǔn
鮍	pī	jù|pí|pī
鮎	nián	nián
鮏	xīng	xīng|zhēng
鮐	tái	tái
鮑	bào	bào|bāo|pāo
鮒	fù	fù
鮓	zhǎ	zhà|zhǎ
鮔	jù	jù
鮕	gū	gū
鮖	shí	shí
鮗	dōng	dōng
鮘	dai	dai
鮙	tà	tà
鮚	jié	jié|qià
鮛	shū	shū
鮜	hòu	hòu
鮝	xiǎng	xiǎng|zhèn
鮞	ér	ér
鮟	àn	àn|ān
鮠	wéi	wéi
鮡	zhào	zhào
鮢	zhū	zhū
鮣	yìn	yìn
鮤	liè	liè
鮥	luò	gé|luò
鮦	tóng	tóng
鮧	tǐ	tǐ|yí
鮨	yì	qí|yì
鮩	bìng	bì|bìng
鮪	wěi	wěi
鮫	jiāo	jiāo
鮬	kū	kù|kū
鮭	guī	guī|huà|kuí|wā|xié
鮮	xiān	xian|xiàn|xiān|xiǎn
鮯	gé	gé
鮰	huí	huí
鮱	lǎo	lǎo
鮲	fú	fú
鮳	kào	kào
鮴	xiū	xiū
鮵	duó	duó
鮶	jūn	jūn
鮷	tí	tí
鮸	miǎn	miǎn
鮹	shāo	shāo
鮺	zhǎ	zhǎ
鮻	suō	suō
鮼	qīn	qīn
鮽	yú	yú
鮾	něi	něi
鮿	zhé	zhé
鯀	gǔn	gǔn
鯁	gěng	gěng
鯂	sū	sū
鯃	wú	wú
鯄	qiú	qiú
鯅	shān	shān|shěn
鯆	pū	bū|pū
鯇	huàn	huàn
鯈	tiáo	chóu|tiáo|yóu
鯉	lǐ	lǐ
鯊	shā	shā
鯋	shā	shā
鯌	kào	kào
鯍	méng	méng
鯎	chéng	chéng
鯏	lí	lí
鯐	zǒu	zǒu
鯑	xī	xī
鯒	yǒng	yǒng
鯓	shēn	shēn
鯔	zī	zī
鯕	qí	qí
鯖	zhēng	qīng|zhēng
鯗	xiǎng	xiǎng
鯘	něi	něi
鯙	chún	chún
鯚	jì	jì
鯛	diāo	diāo
鯜	qiè	qiè
鯝	gù	gù
鯞	zhǒu	zhǒu
鯟	dōng	dōng
鯠	lái	lái
鯡	fèi	fèi|fēi
鯢	ní	ní
鯣	yì	yì
鯤	kūn	kūn
鯥	lù	lù
鯦	jiù	jiù|ǎi
鯧	chāng	chāng
鯨	jīng	jīng|qíng
鯩	lún	lún
鯪	líng	líng
鯫	zōu	zōu
鯬	lí	lí
鯭	měng	měng
鯮	zōng	zōng
鯯	zhì	zhì
鯰	nián	nián
鯱	hǔ	hǔ
鯲	yú	yú
鯳	dǐ	dǐ
鯴	shī	shī
鯵	shēn	shēn
鯶	huàn	huàn
鯷	tí	tí
鯸	hóu	hóu
鯹	xīng	xīng
鯺	zhū	zhū
鯻	là	là
鯼	zōng	zōng
鯽	zéi	jì|zéi
鯾	biān	biān
鯿	biān	biān
鰀	huàn	huàn
鰁	quán	quán
鰂	zéi	zé|zéi
鰃	wēi	wēi
鰄	wēi	wēi
鰅	yú	yú
鰆	chūn	chūn
鰇	róu	róu
鰈	dié	dié|qiè|zhá
鰉	huáng	huáng
鰊	liàn	liàn
鰋	yǎn	yǎn
鰌	qiū	qiū
鰍	qiū	qiū
鰎	jiǎn	jiǎn
鰏	bī	bī
鰐	è	è
鰑	yáng	yáng
鰒	fù	fù
鰓	sāi	sāi|xí
鰔	gǎn	gǎn|jiān|xián
鰕	xiā	xiā
鰖	tuǒ	tuǒ|wěi
鰗	hú	hú
鰘	shì	shì
鰙	ruò	ruò
鰚	xuān	xuān
鰛	wēn	wēn
鰜	qiàn	jiān|qiàn
鰝	hào	hào
鰞	wū	wū
鰟	fáng	fáng|páng
鰠	sāo	sāo
鰡	liú	liú
鰢	mǎ	mǎ
鰣	shí	shí
鰤	shī	shī
鰥	guān	guàn|guān|gǔn|kūn
鰦	zī	zī
鰧	téng	téng
鰨	tǎ	dié|tǎ
鰩	yáo	yáo
鰪	é	gé|é
鰫	yóng	yóng
鰬	qián	qián
鰭	qí	qí
鰮	wēn	wēn
鰯	ruò	ruò
鰰	shén	shén
鰱	lián	lián
鰲	áo	áo
鰳	lè	lè
鰴	huī	huī
鰵	mǐn	mǐn
鰶	jì	jì
鰷	tiáo	tiáo
鰸	qū	qū
鰹	jiān	jiān
鰺	shēn	cān|shēn|sāo
鰻	mán	mán
鰼	xí	xí
鰽	qiú	qiú
鰾	biào	biào
鰿	jì	jì
鱀	jì	jì
鱁	zhú	zhú
鱂	jiāng	jiāng
鱃	xiū	qiū|xiū
鱄	zhuān	liàn|tuán|zhuān
鱅	yōng	yóng|yōng
鱆	zhāng	zhāng
鱇	kāng	kāng
鱈	xuě	xuě
鱉	biē	biē
鱊	yù	yù
鱋	qū	qū
鱌	xiàng	xiàng
鱍	bō	bō
鱎	jiǎo	jiǎo
鱏	xún	xún
鱐	sù	sù
鱑	huáng	huáng
鱒	zūn	zùn|zūn
鱓	shàn	shàn|tuó
鱔	shàn	shàn
鱕	fān	fān
鱖	guì	guì|jué
鱗	lín	lín
鱘	xún	xún
鱙	miáo	miáo
鱚	xǐ	xī|xǐ
鱛	zēng	zēng
鱜	xiāng	xiāng
鱝	fèn	fèn
鱞	guān	guān
鱟	hòu	hòu
鱠	kuài	kuài
鱡	zéi	zéi
鱢	sāo	sāo
鱣	zhān	shàn|zhān
鱤	gǎn	gǎn
鱥	guì	guì
鱦	yìng	měng|shéng|yìng
鱧	lǐ	lǐ
鱨	cháng	cháng
鱩	léi	léi
鱪	shǔ	shǔ
鱫	ài	ài
鱬	rú	rú
鱭	jì	jì
鱮	xù	xù|yú
鱯	hù	hù
鱰	shǔ	shǔ
鱱	lì	lì
鱲	liè	liè|là
鱳	lì	luò|lì|lù
鱴	miè	miè
鱵	zhēn	zhēn
鱶	xiǎng	xiǎng
鱷	è	è
鱸	lú	lú
鱹	guàn	guàn
鱺	lí	lí|lǐ
鱻	xiān	xiān|xiǎn
鱼	yú	yú
鱽	dāo	dāo
鱾	jǐ	jǐ
鱿	yóu	yóu
鲀	tún	tún
鲁	lǔ	lǔ
鲂	fáng	fáng
鲃	bā	bā
鲄	hé	hé
鲅	bà	bà|bō
鲆	píng	píng
鲇	nián	nián
鲈	lú	lú
鲉	yóu	yóu
鲊	zhǎ	zhǎ
鲋	fù	fù
鲌	bó	bà|bó
鲍	bào	bào
鲎	hòu	hòu
鲏	pí	pí
鲐	tái	tái
鲑	guī	guī|xié
鲒	jié	jié
鲓	kào	kào
鲔	wěi	wěi
鲕	ér	ér
鲖	tóng	tóng
鲗	zéi	zéi
鲘	hòu	hòu
鲙	kuài	kuài
鲚	jì	jì
鲛	jiāo	jiāo
鲜	xiān	xian|xiān|xiǎn
鲝	zhǎ	zhǎ
鲞	xiǎng	xiǎng
鲟	xún	xún
鲠	gěng	gěng
鲡	lí	lí
鲢	lián	lián
鲣	jiān	jiān
鲤	lǐ	lǐ
鲥	shí	shí
鲦	tiáo	tiáo
鲧	gǔn	gǔn
鲨	shā	shā
鲩	huàn	huàn
鲪	jūn	jūn
鲫	jì	jì
鲬	yǒng	yǒng
鲭	qīng	qīng|zhēng
鲮	líng	líng
鲯	qí	qí
鲰	zōu	zōu
鲱	fēi	fēi
鲲	kūn	kūn
鲳	chāng	chāng
鲴	gù	gù
鲵	ní	ní
鲶	nián	nián
鲷	diāo	diāo
鲸	jīng	jīng
鲹	shēn	shēn
鲺	shī	shī
鲻	zī	zī
鲼	fèn	fèn
鲽	dié	dié
鲾	bī	bī
鲿	cháng	cháng
鳀	tí	tí
鳁	wēn	wēn
鳂	wēi	wēi
鳃	sāi	sāi
鳄	è	è
鳅	qiū	qiū
鳆	fù	fù
鳇	huáng	huáng
鳈	quán	quán
鳉	jiāng	jiāng
鳊	biān	biān
鳋	sāo	sāo
鳌	áo	áo
鳍	qí	qí
鳎	tǎ	tǎ
鳏	guān	guān
鳐	yáo	yáo
鳑	páng	páng
鳒	jiān	jiān
鳓	lè	lè
鳔	biào	biào
鳕	xuě	xuě
鳖	biē	biē
鳗	mán	mán
鳘	mǐn	mǐn
鳙	yōng	yōng
鳚	wèi	wèi
鳛	xí	xí
鳜	guì	guì
鳝	shàn	shàn
鳞	lín	lín
鳟	zūn	zūn
鳠	hù	hù
鳡	gǎn	gǎn
鳢	lǐ	lǐ
鳣	zhān	zhān
鳤	guǎn	guǎn
鳥	niǎo	diǎo|dǎo|niǎo|què
鳦	yǐ	yǐ
鳧	fú	fú
鳨	lì	lì
鳩	jiū	jiū|qiú|zhì
鳪	bú	bú
鳫	yàn	yàn
鳬	fǔ	fǔ
鳭	diāo	diāo|zhāo
鳮	jī	jī
鳯	fèng	fèng
鳰	rù	rù
鳱	gān	gān|hàn|yàn
鳲	shī	shī
鳳	fèng	fèng
鳴	míng	míng
鳵	bǎo	bǎo
鳶	yuān	yuān
鳷	zhī	chì|zhī
鳸	hù	hù
鳹	qín	qín
鳺	fū	fū|guī
鳻	bān	bān|fén
鳼	wén	wén
鳽	jiān	jiān|qiān|zhān
鳾	shī	shī
鳿	yù	yù
鴀	fǒu	fǒu
鴁	yāo	yāo|ǎo
鴂	jué	guī|jué
鴃	jué	jué
鴄	pǐ	pǐ
鴅	huān	huān
鴆	zhèn	zhèn
鴇	bǎo	bǎo
鴈	yàn	yàn
鴉	yā	yā|yǎ
鴊	zhèng	zhèng
鴋	fāng	fāng|fǎng
鴌	fèng	fèng
鴍	wén	wén
鴎	ōu	ōu
鴏	dài	dài
鴐	gē	gē
鴑	rú	rú
鴒	líng	líng
鴓	miè	bì|miè
鴔	fú	fú
鴕	tuó	tuó
鴖	mín	mín|wén
鴗	lì	lì
鴘	biǎn	biǎn
鴙	zhì	zhì
鴚	gē	gē
鴛	yuān	yuān
鴜	cí	cí
鴝	qú	gòu|gōu|qú
鴞	xiāo	xiāo
鴟	chī	chī
鴠	dàn	dàn
鴡	jū	jū
鴢	yǎo	yǎo|āo
鴣	gū	gū
鴤	zhōng	zhōng
鴥	yù	yù
鴦	yāng	yāng
鴧	yù	yù
鴨	yā	yā
鴩	tiě	hú|tiě
鴪	yù	yù
鴫	tián	tián
鴬	yīng	yīng
鴭	duī	duī
鴮	wū	wū
鴯	ér	ér
鴰	guā	guā
鴱	ài	ài
鴲	zhī	zhī
鴳	yàn	yàn|è|ān
鴴	héng	héng
鴵	xiāo	xiāo
鴶	jiá	jiá
鴷	liè	liè
鴸	zhū	zhū
鴹	yáng	xiáng|yáng
鴺	tí	tí|yí
鴻	hóng	hòng|hóng
鴼	luò	luò
鴽	rú	rú
鴾	móu	móu
鴿	gē	gē
鵀	rén	rén
鵁	jiāo	jiāo|xiāo
鵂	xiū	xiū
鵃	zhōu	diǎo|zhōu
鵄	chī	chī
鵅	luò	gé|luò
鵆	héng	héng
鵇	nián	nián
鵈	ě	ě
鵉	luán	luán
鵊	jiá	jiá
鵋	jì	jì
鵌	tú	tú
鵍	huān	guàn|huān|juān
鵎	tuǒ	tuǒ
鵏	bǔ	bū|bǔ|pú|pū
鵐	wú	wú
鵑	juān	juān
鵒	yù	yù
鵓	bó	bó
鵔	jùn	jùn
鵕	jùn	jùn
鵖	bī	bī
鵗	xī	xī
鵘	jùn	jùn
鵙	jú	jú
鵚	tū	tū
鵛	jīng	jīng
鵜	tí	tí|tī
鵝	é	é
鵞	é	é
鵟	kuáng	kuáng
鵠	hú	gǔ|hè|hú
鵡	wǔ	wǔ
鵢	shēn	shēn
鵣	lài	chì|lài
鵤	jiao	jiao
鵥	pàn	pàn
鵦	lù	lù
鵧	pí	pí
鵨	shū	shū
鵩	fú	fú
鵪	ān	yā|ān
鵫	zhuó	zhuó
鵬	péng	fèng|péng
鵭	qín	qín
鵮	qiān	qiān
鵯	bēi	bēi
鵰	diāo	diāo
鵱	lù	lù
鵲	què	que|què
鵳	jiān	jiān
鵴	jú	jú
鵵	tù	tù
鵶	yā	yā
鵷	yuān	yuān
鵸	qí	qí
鵹	lí	lí
鵺	yè	yè
鵻	zhuī	zhuī
鵼	kōng	kōng
鵽	duò	duò
鵾	kūn	kūn
鵿	shēng	shēng
鶀	qí	qí
鶁	jīng	jīng
鶂	yì	yì
鶃	yì	yì
鶄	jīng	jīng|qīng
鶅	zī	zī
鶆	lái	lái
鶇	dōng	dōng
鶈	qī	qī
鶉	chún	chun|chún|tuán
鶊	gēng	gēng
鶋	jū	jū
鶌	jué	jué|qū
鶍	yì	yì
鶎	zūn	zūn
鶏	jī	jī
鶐	shù	shù
鶑	yīng	yīng
鶒	chì	chì
鶓	miáo	miáo
鶔	róu	róu
鶕	ān	ān
鶖	qiū	qiū
鶗	tí	chí|tí
鶘	hú	hú
鶙	tí	tí
鶚	è	è
鶛	jiē	jiè|jiē
鶜	máo	máo
鶝	fú	bì|fú
鶞	chūn	chūn
鶟	tú	tú
鶠	yǎn	yǎn
鶡	hé	hè|hé
鶢	yuán	yuán
鶣	piān	biǎn|piān
鶤	kūn	kūn
鶥	méi	méi
鶦	hú	hú
鶧	yīng	yīng
鶨	chuàn	chuàn|zhì
鶩	wù	mù|wù
鶪	jú	jú
鶫	dōng	dōng
鶬	cāng	cāng|qiāng
鶭	fǎng	fǎng
鶮	hè	hè|hú
鶯	yīng	yīng
鶰	yuán	yuán
鶱	xiān	xiān
鶲	wēng	wēng
鶳	shī	shī
鶴	hè	hè
鶵	chú	chú
鶶	táng	táng
鶷	xiá	xiá
鶸	ruò	ruò
鶹	liú	liú
鶺	jí	jí
鶻	gú	gú|hú
鶼	jiān	jiān|qiān
鶽	sǔn	sǔn|xùn
鶾	hàn	hàn
鶿	cí	cí
鷀	cí	cí
鷁	yì	yì
鷂	yào	yào|yáo
鷃	yàn	yàn
鷄	jī	jī
鷅	lì	lì
鷆	tián	tián
鷇	kòu	kòu
鷈	tī	tī
鷉	tī	sī|tī
鷊	yì	yì
鷋	tú	tú
鷌	mǎ	mǎ
鷍	xiāo	xiāo
鷎	gāo	gāo
鷏	tián	tián
鷐	chén	chén
鷑	jí	jí
鷒	tuán	tuán
鷓	zhè	zhè
鷔	áo	ào|áo
鷕	yǎo	xiào|yǎo
鷖	yī	yì|yī
鷗	ōu	ōu
鷘	chì	chì
鷙	zhì	zhé|zhì
鷚	liù	liù
鷛	yōng	yōng
鷜	lǘ	lǘ|lǚ
鷝	bì	bì
鷞	shuāng	shuāng|shuǎng
鷟	zhuó	zhuó
鷠	yú	yú
鷡	wú	wú
鷢	jué	jué
鷣	yín	yín
鷤	tí	tán|tí
鷥	sī	sī
鷦	jiāo	jiāo
鷧	yì	yì
鷨	huá	huá
鷩	bì	bì
鷪	yīng	yīng
鷫	sù	sù
鷬	huáng	huáng
鷭	fán	fán
鷮	jiāo	jiāo
鷯	liáo	liáo
鷰	yàn	yàn
鷱	gāo	gāo
鷲	jiù	jiù
鷳	xián	xián
鷴	xián	xián
鷵	tú	tú
鷶	mǎi	mǎi
鷷	zūn	zūn
鷸	yù	shù|yù
鷹	yīng	yīng
鷺	lù	lù
鷻	tuán	tuán
鷼	xián	xián
鷽	xué	xué
鷾	yì	yì
鷿	pì	pì
鸀	shǔ	chù|shǔ|zhú
鸁	luó	luó
鸂	xī	qī|xī
鸃	yí	yí
鸄	jī	jī
鸅	zé	zé
鸆	yú	yú
鸇	zhān	zhān
鸈	yè	yè
鸉	yáng	yáng
鸊	pì	bì|pì
鸋	níng	níng
鸌	hù	hù
鸍	mí	mí
鸎	yīng	yīng
鸏	méng	máng|méng
鸐	dí	dí
鸑	yuè	yuè
鸒	yù	yù
鸓	lěi	lěi
鸔	bǔ	bǔ
鸕	lú	lú
鸖	hè	hè
鸗	lóng	lóng
鸘	shuāng	shuāng
鸙	yuè	yuè
鸚	yīng	yīng
鸛	guàn	guàn|huān|quán
鸜	qú	qú
鸝	lí	lí
鸞	luán	luán
鸟	niǎo	diǎo|niǎo
鸠	jiū	jiū
鸡	jī	jī
鸢	yuān	yuān
鸣	míng	míng
鸤	shī	shī
鸥	ōu	ōu
鸦	yā	yā
鸧	cāng	cāng
鸨	bǎo	bǎo
鸩	zhèn	zhèn
鸪	gū	gū
鸫	dōng	dōng
鸬	lú	lú
鸭	yā	yā
鸮	xiāo	xiāo
鸯	yāng	yāng
鸰	líng	líng
鸱	chī	chī
鸲	qú	qú
鸳	yuān	yuān
鸴	xué	xué
鸵	tuó	tuó
鸶	sī	sī
鸷	zhì	zhì
鸸	ér	ér
鸹	guā	guā
鸺	xiū	xiū
鸻	héng	héng
鸼	zhōu	zhōu
鸽	gē	gē
鸾	luán	luán
鸿	hóng	hóng
鹀	wú	wú
鹁	bó	bó
鹂	lí	lí
鹃	juān	juān
鹄	gǔ	gǔ|hú
鹅	é	é
鹆	yù	yù
鹇	xián	xián
鹈	tí	tí
鹉	wǔ	wǔ
鹊	què	que|què
鹋	miáo	miáo
鹌	ān	ān
鹍	kūn	kūn
鹎	bēi	bēi
鹏	péng	péng
鹐	qiān	qiān
鹑	chún	chun|chún
鹒	gēng	gēng
鹓	yuān	yuān
鹔	sù	sù
鹕	hú	hú
鹖	hé	hé
鹗	è	è
鹘	gǔ	gǔ|hú
鹙	qiū	qiū
鹚	cí	cí
鹛	méi	méi
鹜	wù	wù
鹝	yì	yì
鹞	yào	yào
鹟	wēng	wēng
鹠	liú	liú
鹡	jí	jí
鹢	yì	yì
鹣	jiān	jiān
鹤	hè	hè
鹥	yī	yī
鹦	yīng	yīng
鹧	zhè	zhè
鹨	liù	liù
鹩	liáo	liáo
鹪	jiāo	jiāo
鹫	jiù	jiù
鹬	yù	yù
鹭	lù	lù
鹮	huán	huán
鹯	zhān	zhān
鹰	yīng	yīng
鹱	hù	hù
鹲	méng	méng
鹳	guàn	guàn
鹴	shuāng	shuāng
鹵	lǔ	lú|lǔ
鹶	jīn	jīn
鹷	líng	líng
鹸	jiǎn	jiǎn
鹹	xián	jiǎn|xián
鹺	cuó	cuó
鹻	jiǎn	jiǎn
鹼	jiǎn	jiǎn
鹽	yán	yàn|yán
鹾	cuó	cuó
鹿	lù	lù|lǘ
麀	yōu	yōu
麁	cū	cū
麂	jǐ	jǐ
麃	páo	biāo|piǎo|páo
麄	cū	cū
麅	páo	páo
麆	zhù	cū|zhù
麇	jūn	jūn|qún
麈	zhǔ	zhǔ
麉	jiān	jiān
麊	mí	mí
麋	mí	mí
麌	yǔ	yǔ
麍	liú	liú
麎	chén	chén
麏	jūn	jūn
麐	lín	lín
麑	ní	ní
麒	qí	qí
麓	lù	lù
麔	jiù	jiù
麕	jūn	jūn|qún
麖	jīng	jīng
麗	lì	lì|lí|lǐ|sī
麘	xiāng	xiāng
麙	xián	xián|yán
麚	jiā	jiā
麛	mí	mí
麜	lì	lì
麝	shè	shè
麞	zhāng	zhāng
麟	lín	lín
麠	jīng	jīng
麡	qí	qí
麢	líng	líng
麣	yán	yán
麤	cū	cū
麥	mài	mài
麦	mài	mài
麧	hé	hé
麨	chǎo	chǎo
麩	fū	fū
麪	miàn	miàn
麫	miàn	miàn
麬	fū	fū
麭	pào	pào
麮	qù	qù
麯	qū	qū
麰	móu	móu
麱	fū	fū
麲	xiàn	xiàn|yàn
麳	lái	lái
麴	qū	qū
麵	miàn	miàn
麶	chi	chi
麷	fēng	fēng
麸	fū	fū
麹	qū	qū
麺	miàn	miàn
麻	má	ma|má|mā
麼	me	me
麽	mó	ma|me|má|mó
麾	huī	huī
麿	mo	mo
黀	zōu	zōu
黁	nún	nún
黂	fén	fén
黃	huáng	huáng
黄	huáng	huáng
黅	jīn	jīn
黆	guāng	guāng
黇	tiān	tiān
黈	tǒu	tǒu
黉	hóng	hóng
黊	huà	huà
黋	kuàng	kuàng
黌	hóng	hóng
黍	shǔ	shǔ
黎	lí	lí
黏	nián	nián
黐	chī	chī|lí
黑	hēi	hēi
黒	hēi	hēi
黓	yì	yì
黔	qián	qián
黕	dǎn	dǎn
黖	xì	xì
黗	tūn	tūn
默	mò	mò
黙	mò	mò
黚	qián	jiān|qián
黛	dài	dài
黜	chù	chù
黝	yǒu	yī|yǒu
點	diǎn	diǎn|duò|zhān
黟	yī	yī
黠	xiá	xiá
黡	yǎn	yǎn
黢	qū	qū
黣	měi	měi
黤	yǎn	yǎn
黥	qíng	qíng
黦	yuè	yuè|yè
黧	lí	lái|lí
黨	dǎng	chèng|dǎng|tǎng
黩	dú	dú
黪	cǎn	cǎn
黫	yān	yān
黬	yán	jiān|yán|yǎn
黭	yǎn	yǎn
黮	dǎn	dǎn|shèn|tàn|zhèn
黯	àn	àn|ān
黰	zhěn	yān|zhěn
黱	dài	dài|zhèn
黲	cǎn	cǎn
黳	yī	wā|yī
黴	méi	mèi|méi
黵	zhǎn	dǎn|zhǎn
黶	yǎn	yǎn
黷	dú	dú
黸	lú	lú
黹	zhǐ	xiàn|zhǐ
黺	fěn	fěn
黻	fú	fú
黼	fǔ	fǔ
黽	miǎn	miǎn|méng|měng|mǐn
黾	mǐn	miǎn|mǐn
黿	yuán	yuán
鼀	cù	cù
鼁	qù	qù
鼂	cháo	cháo|zhāo
鼃	wā	wā
鼄	zhū	zhū
鼅	zhī	zhī
鼆	méng	méng|měng
鼇	áo	áo
鼈	biē	biē
鼉	tuó	tuó
鼊	bì	bì
鼋	yuán	yuán
鼌	cháo	cháo
鼍	tuó	tuó
鼎	dǐng	dǐng|zhēn
鼏	mì	mì
鼐	nài	nài
鼑	dǐng	dǐng
鼒	zī	zī
鼓	gǔ	gǔ
鼔	gǔ	gǔ
鼕	dōng	dōng|tóng
鼖	fén	fén
鼗	táo	táo
鼘	yuān	yuān
鼙	pí	pí
鼚	chāng	chāng
鼛	gāo	gāo
鼜	qì	cào|qì
鼝	yuān	yuān
鼞	tāng	tāng
鼟	tēng	tēng
鼠	shǔ	shǔ
鼡	shǔ	shǔ
鼢	fén	fén
鼣	fèi	fèi
鼤	wén	wèn|wén
鼥	bá	bá|fèi
鼦	diāo	diāo
鼧	tuó	tuó
鼨	zhōng	zhōng
鼩	qú	qú
鼪	shēng	shēng
鼫	shí	shí
鼬	yòu	yòu
鼭	shí	shí
鼮	tíng	tíng
鼯	wú	wú
鼰	jú	jú
鼱	jīng	jīng
鼲	hún	hún
鼳	jú	jú|xí
鼴	yǎn	yǎn
鼵	tū	tū
鼶	sī	sī
鼷	xī	xī
鼸	xiàn	xiàn
鼹	yǎn	yǎn
鼺	léi	léi
鼻	bí	bí
鼼	yào	yào
鼽	qiú	qiú
鼾	hān	hān
鼿	wù	huī|wù
齀	wù	wù
齁	hōu	hōu|kù
齂	xiè	xiè
齃	è	hè|è
齄	zhā	zhā
齅	xiù	xiù
齆	wèng	wèng
齇	zhā	zhā
齈	nòng	nòng
齉	nàng	nàng
齊	qí	jiǎn|jì|jī|qí|zhāi|zī
齋	zhāi	zhāi
齌	jì	jì
齍	zī	jì|zī
齎	jī	jī
齏	jī	jī
齐	qí	jì|qí
齑	jī	jī
齒	chǐ	chǐ
齓	chèn	chèn
齔	chèn	chèn
齕	hé	hé
齖	yá	yà|yá
齗	yín	yín|yǎn|yǐn
齘	xiè	xiè
齙	bāo	bāo
齚	zé	zé
齛	xiè	shì|xiè
齜	chái	chái|zī
齝	chī	chī
齞	yǎn	yǎn
齟	jǔ	jǔ|zhā
齠	tiáo	tiáo
齡	líng	líng
齢	líng	líng
齣	chū	chū|chǐ
齤	quán	quán
齥	xiè	xiè
齦	kěn	kěn|kǔn|qiǎn|yín
齧	niè	niè
齨	jiù	jiù
齩	yǎo	yǎo
齪	chuò	chuò
齫	yǔn	yǔn
齬	yǔ	wú|yǔ
齭	chǔ	chǔ
齮	yǐ	qǐ|yǐ
齯	ní	ní
齰	zé	cè|zhà|zé
齱	zōu	chuò|zōu
齲	qǔ	qǔ
齳	yǔn	yǔn
齴	yǎn	yǎn
齵	óu	yú|óu
齶	è	è
齷	wò	wò
齸	yì	yì
齹	cī	cuó|cī
齺	zōu	zōu
齻	diān	diān
齼	chǔ	chǔ
齽	jìn	jìn
齾	yà	yà|è
齿	chǐ	chǐ
龀	chèn	chèn
龁	hé	hé
龂	yín	yín
龃	jǔ	jǔ
龄	líng	líng
龅	bāo	bāo
龆	tiáo	tiáo
龇	zī	zī
龈	yín	kěn|yín
龉	yǔ	yǔ
龊	chuò	chuò
龋	qǔ	qǔ
龌	wò	wò
龍	lóng	lóng|máng
龎	páng	páng
龏	gōng	gōng|wò
龐	páng	lóng|páng
龑	yǎn	yǎn
龒	lóng	lóng
龓	lǒng	lóng|lǒng
龔	gōng	gōng
龕	kān	kè|kān
龖	dá	dá
龗	líng	líng
龘	dá	dá
龙	lóng	lóng
龚	gōng	gōng
龛	kān	kān
龜	guī	guī|jūn|qiū
龝	qiū	qiū
龞	biē	biē
龟	guī	guī|jūn|qiū
龠	yuè	yuè
龡	chuī	chuī
龢	hé	hé
龣	jué	jué
龤	xié	xié
龥	yù	yù
龪	zhān	zhān
龬	wǎng	wǎng
龰	zǒu	zǒu
龵	shǒu	shǒu
龻	luán	luán
鿃	shǎn	shǎn
鿄	liáng	liáng
鿇	zhēng	zhēng
鿌	liáng	liáng
鿍	gàng	gàng
鿎	tǎ	dá|tǎ
鿏	mài	mài
鿔	gē	gē
鿕	dān	dān
鿫	ào	ào
鿬	tián	tián
鿭	nǐ	nǐ|xǐ
鿰	hán	hán
鿱	bā	bā
鿲	láo	láo
鿳	tuò	tuò
鿴	dōng	dōng
鿵	zhì	zhì
鿶	láng	láng
鿷	àn	àn
鿸	tuò	tuò
鿹	mì	mì
鿺	mài	mài
鿻	bù	bù
鿼	jiā	jiā
鿾	làng	làng
鿿	xìng	xìng
礼	lǐ	lǐ
𠀀	hē	hē
𠀁	qī	qī
𠀃	qiě	jī|qiě
𠀅	hài	hài
𠀉	qiū	qiū
𠀊	cāo	cāo
𠀍	shì	shì
𠀓	sī	sī
𠀔	jué	jué
𠀛	yù	yù
𠀝	kōng	kōng
𠀢	zī	zī
𠀦	xíng	xíng
𠀱	mǒu	mǒu
𠀷	jī	jī
𠀸	yè	yè
𠀹	jūn	jūn
𠀼	qián	qián|xià
𠀽	lù	lù
𠁁	dòu	dòu
𠁉	chū	chū
𠁗	shì	hè|shì
𠁠	qiè	qiè
𠁥	gǎ	gǎ
𠁭	qí	qí
𠁷	chǎn	chǎn
𠂄	huān	huān
𠂆	yì	yì
𠂇	zuǒ	zuǒ
𠂈	jié	jié|tiǎn
𠂑	zōu	zōu
𠂔	zǐ	zǐ
𠂝	zā	zā
𠂟	jīn	jīn
𠂢	pài	pài
𠂤	duī	duī
𠂥	cóng	cóng
𠂧	shèn	shèn
𠂸	huáng	huáng
𠃊	yǐn	yǐn
𠃌	gǔn	gǔn
𠃓	yáng	yáng
𠃖	jiū	jiū
𠃫	shēn	shēn
𠃺	jiù	jiù
𠄅	yè	yè
𠄉	dòng	dòng
𠄌	jué	jué|zhuì
𠄍	jié	jié
𠄏	diǎo	diǎo
𠄑	jué	jué
𠄒	chuí	chuí|shā
𠄖	líng	líng
𠄚	tīng	tīng
𠄣	gèn	gèn
𠄮	yà	mǒ|yà
𠄱	yí	yí
𠄿	wéi	wéi
𠅂	jié	jié
𠅌	yí	yí
𠅗	diè	diè
𠅚	qí	qí
𠅤	xí	xí
𠅬	bāo	bāo
𠅱	xiè	xiè
𠅹	zhàng	zhàng
𠆌	yōng	yōng
𠆐	xù	xù
𠆙	diè	diè
𠆛	dān	dān
𠆟	wěi	wěi
𠆣	guǎ	guǎ|zhuǎ
𠆩	fàn	fàn
𠆮	mò	mò
𠆱	xī	xī
𠆲	yǎn	yǎn
𠆵	ní	ní
𠆶	dàn	dàn
𠇋	dǎn	dǎn
𠇏	tāo	tāo
𠇐	yú	yú
𠇒	gōng	gōng
𠇗	kuā	kuā
𠇘	chù	chù
𠇯	qù	qù
𠇱	mò	mò
𠇳	shī	shī
𠇵	gǎn	gǎn
𠇷	shēng	shēng
𠇹	jìng	jìng
𠈁	tuō	tuō
𠈅	shōu	shōu
𠈊	niě	niě
𠈤	yùn	yùn
𠈥	guǎ	guǎ
𠈬	xiāo	xiāo
𠈭	láo	láo
𠈰	dàn	dàn
𠈱	suō	suō
𠈵	mǎng	mǎng
𠈶	yí	yí
𠈸	tè	tè
𠈺	bì	bì
𠉂	tà	tà
𠉗	luò	luò
𠉢	xǐ	xǐ
𠉣	hūn	hùn|hūn
𠉤	dá	dá
𠉧	jù	jù
𠉩	dú	dú
𠉬	ǎn	yǎn|ǎn
𠊉	mèi	mèi
𠊌	rán	rán
𠊎	ái	ái
𠊏	yù	xián|yù
𠊒	jiàn	jiàn
𠊔	qì	qì
𠊟	mǐn	mǐn
𠊣	zhòu	zhòu
𠊤	zhì	zhì
𠊥	zhǒng	zhǒng
𠊦	nǎo	nǎo
𠊧	bìng	bìng
𠊩	zhuàn	zhuàn
𠊪	shù	shù
𠊫	xùn	qióng|xùn
𠊬	jué	jué
𠊭	qiǎn	qiǎn
𠊰	guǎ	guǎ
𠊲	tū	tū
𠊶	yìng	yìng
𠊷	zhì	zhì
𠊾	kuí	kuí
𠋆	chèn	chèn
𠋖	liàn	liàn
𠋗	yā	yā
𠋜	guò	guò
𠋝	miǎo	miǎo
𠋞	shé	shé
𠋟	yǔ	yǔ
𠋡	sì	sì
𠋢	sǒu	sǒu|zhòu
𠋤	zhì	zhì
𠋧	qiē	qiē
𠋩	fù	fù
𠋬	jú	jú
𠋭	bèi	bèi
𠋯	bì	bì
𠋲	suǒ	suǒ
𠋵	qiǎn	qiǎn
𠋶	mǐng	mǐng
𠋷	chǎn	chǎn
𠋺	sāo	sāo
𠋻	jī	jī
𠌕	gòng	gòng
𠌖	qióng	qióng
𠌚	ròng	nòng|ròng
𠌞	sǒu	sǒu
𠌟	sǒu	sǒu
𠌠	yáo	yáo
𠌪	chōu	chōu|tāo
𠌭	shuài	shuài
𠌮	zhē	zhē
𠌯	lì	lì|lí
𠌰	gài	gài
𠌱	suī	suī
𠌲	zhān	zhān
𠌴	zhuàng	zhuàng
𠌽	fù	fù
𠍃	jī	jī
𠍄	dōu	dōu
𠍗	huì	huì
𠍚	jiǎn	jiǎn
𠍛	yǎn	yǎn
𠍜	zhì	zhì
𠍨	měi	měi
𠍩	yào	yào
𠍪	dī	dī
𠍫	yí	yí
𠍯	bié	bié
𠍲	qú	qú
𠍳	yì	yì
𠍵	yàng	yàng
𠍹	zhá	zhá
𠍽	shà	shà
𠎙	lái	lái
𠎮	jué	jué
𠎰	qī	qī
𠎳	yú	yú
𠎶	zǎi	zǎi
𠎷	sà	sà
𠎸	sè	sè
𠎻	dùn	dùn
𠎿	jiě	jiě
𠏀	kē	kē
𠏃	yuē	yuē
𠏇	jiǎn	jiǎn
𠏈	yáo	yáo
𠏓	xiān	xiān
𠏕	xiào	xiào
𠏖	qiāo	qiāo
𠏚	yù	yù
𠏛	qú	qú
𠏡	xiān	líng|xiān
𠏢	luò	luò
𠏤	guǎng	guǎng
𠏧	chēng	chēng
𠏨	chuǎng	chuǎng
𠏩	yí	yí
𠏫	zhěng	zhěng
𠏭	zòng	zòng
𠏮	duì	duì
𠏰	zhǎi	zhǎi
𠏿	fěi	fěi
𠐀	yí	yí
𠐁	méng	méng
𠐈	biān	biān|pián
𠐉	jié	jié
𠐊	shù	shù
𠐋	liáo	liáo
𠐌	bǐ	bà|bǐ
𠐍	sú	sú
𠐑	dì	dì
𠐡	bèi	bèi
𠐢	wèn	wèn
𠐧	méng	méng
𠐩	chǎn	chǎn
𠐵	dǎo	dǎo
𠐺	pín	pín
𠐻	jiǎn	jiǎn
𠐼	lìn	lìn
𠐽	guì	guì|guī
𠐾	qī	qī
𠐿	hōng	hōng
𠑃	jí	jí
𠑄	xiè	xiè
𠑅	zhēng	zhēng
𠑆	chǎn	chǎn
𠑐	yáo	yáo
𠑑	chǎn	chǎn
𠑘	diān	diān
𠑙	chòng	chòng
𠑚	néi	néi
𠑛	néi	néi
𠑞	zhài	zhài
𠑟	biān	biān|pián
𠑡	chǎn	chǎn
𠑪	xiāo	xiāo
𠑯	cù	cù
𠑰	xīn	xīn
𠑱	jǐng	jǐng
𠑲	qiān	qiān
𠑴	qīng	qīng
𠑹	gǔ	gǔ
𠒄	wù	wù
𠒜	yuǎn	yuǎn
𠒝	bǐng	bǐng
𠒢	wán	wán
𠒰	niǎo	niǎo|ní
𠒵	liàn	liàn
𠒸	rǎo	rǎo
𠒾	fàn	fàn
𠒿	dí	dí
𠓊	huī	dān|huī
𠓋	yì	yì
𠓌	xián	xián
𠓖	lán	lán
𠓗	fù	fù
𠓙	xiòng	xiòng
𠓜	liǎng	liǎng
𠓝	tāo	tāo
𠓞	jí	jí
𠓢	jiè	jiè
𠓣	zhá	zhá
𠓤	shī	shī
𠓪	qí	qí
𠓫	biǎn	biǎn
𠓭	lǎn	lǎn
𠓮	lǐn	lǐn
𠓶	zhì	zhì
𠓷	bì	bì|chéng
𠓸	shèng	shèng
𠓽	shèng	shèng
𠓿	qín	qín
𠔂	biāo	biāo
𠔃	xī	xī
𠔉	juàn	juàn
𠔋	jī	jī|xìn
𠔍	xī	xī
𠔎	qǐn	qǐn
𠔑	hài	hài
𠔕	lún	lún
𠔠	yuè	yuè
𠔨	lián	lián
𠔯	bān	bān
𠔲	héng	héng
𠔶	qī	qī
𠔺	qiān	qiān
𠔻	zhèng	zhèng
𠔼	mǎo	mǎo
𠕁	cóng	cóng
𠕄	nà	nà
𠕊	tǐng	tǐng
𠕌	zōng	zōng
𠕕	jiōng	jiōng
𠕖	zhǎo	zhǎo
𠕟	niǎn	niǎn
𠕠	chéng	chéng
𠕣	qià	qià
𠕦	yù	yù
𠕧	jiǎo	jiǎo
𠕭	zhào	zhào
𠕳	dí	dí
𠕴	jiū	jiū
𠕸	suǐ	suǐ
𠕻	yāo	yāo
𠕿	wāng	wāng
𠖂	liáo	liáo
𠖄	tóng	tóng
𠖆	mèng	mèng
𠖋	yǒu	yǒu
𠖓	sī	sī
𠖛	lòu	lòu
𠖟	yīn	yīn
𠖥	chǒng	chǒng
𠖫	gǎn	gǎn
𠖬	jiū	jiū
𠖶	qìn	qìn
𠖷	jiǒng	jiǒng
𠖹	xié	xiá|xié
𠗂	hè	hè
𠗆	tāo	tāo
𠗈	qiú	qiú
𠗉	xié	xié
𠗊	jìng	jìng
𠗋	niǎn	niǎn
𠗌	jìng	jìng
𠗏	jí	jí
𠗘	tiǎn	tiǎn
𠗚	cuì	cuì
𠗛	dié	dié
𠗝	qǐng	qǐng
𠗥	pìng	pìng
𠗦	píng	píng
𠗨	dié	dié
𠗩	lòu	lòu
𠗳	liǎn	liǎn
𠗴	hán	hán
𠗵	pāng	pāng
𠗶	táng	táng
𠗺	yí	yí
𠗻	xuán	xuán
𠗼	suò	suò
𠗽	liú	liú
𠗾	shuǎng	shuǎng
𠗿	shèn	shèn
𠘁	bù	bù
𠘂	sōu	sōu
𠘅	qín	qín
𠘆	shěn	shěn
𠘊	nòng	nòng
𠘋	tǐng	tǐng
𠘌	jiāng	jiāng
𠘕	xī	xī
𠘖	zhì	zhì
𠘝	lài	lài
𠘞	lì	lì
𠘟	lì	lì
𠘢	hé	hé
𠘣	jiào	jiào
𠘥	yán	yán
𠘧	shū	shū
𠘪	shǐ	shǐ
𠘱	zhěn	zhěn
𠘳	yōu	yōu
𠘺	suò	suò
𠘻	wú	wú
𠙁	cháng	cháng
𠙂	cóng	cóng
𠙆	jù	jù
𠙎	shū	shū
𠙔	jiù	jiù
𠙕	wéi	wéi
𠙞	huò	huò
𠙤	jiē	jiē
𠙬	zǎo	zǎo
𠙶	ǒu	ǒu
𠙼	guǎ	guǎ
𠚃	háo	háo
𠚄	lǐ	lǐ
𠚅	zhì	zhì
𠚆	xiàn	xiàn
𠚉	bū	bū
𠚊	chàng	chàng
𠚓	yūn	yūn
𠚔	hé	hé
𠚜	tāo	tāo
𠚠	biāo	biāo
𠚥	diāo	diāo
𠚧	èr	èr
𠚨	jiū	jiū
𠚭	dì	dì
𠚮	yì	yì
𠚯	kūn	kūn
𠚱	zhé	zhé
𠚳	kuò	kuò
𠚴	zhōu	zhōu
𠚵	jù	jù
𠚹	shàn	shàn
𠚺	shà	shà
𠚻	diāo	diāo
𠚼	bān	bān
𠚽	jī	jī
𠛀	zhōng	zhōng
𠛃	yí	yí
𠛅	kōu	kōu
𠛆	wū	wū
𠛊	gē	gē
𠛋	bā	bā
𠛎	gōu	gōu
𠛑	xián	xián
𠛒	guā	guā
𠛓	liǔ	liǔ
𠛔	chǐ	chǐ
𠛕	guāi	guāi
𠛖	chuān	chuān
𠛘	lí	lí
𠛙	cù	cù
𠛚	shuā	shuā
𠛡	bǐ	bǐ
𠛥	bǐng	bǐng
𠛦	lì	lì
𠛩	jiǔ	jiǔ
𠛪	tiāo	diāo|tiāo
𠛫	duǒ	duǒ
𠛭	yān	yuān|yān
𠛮	quān	quān
𠛱	liè	liè|zā
𠛳	kè	hé|kè
𠛵	gēn	gēn
𠛶	zhēn	zhēn
𠛸	fén	fén
𠜁	yí	yí
𠜃	jiù	jiù
𠜄	xù	xù
𠜅	jiǎo	jiǎo
𠜈	lǜ	lǜ
𠜉	jiǔ	jiǔ
𠜋	chǒu	chǒu
𠜎	xiàn	xiàn
𠜐	kuài	kuài
𠜑	duì	duì
𠜖	luō	luō
𠜗	xī	xì|xī
𠜘	qìn	qìn
𠜙	bù	bù
𠜤	qià	qià
𠜱	pī	pī
𠜲	yā	yā
𠜳	bēng	bēng
𠜴	guǒ	guǒ
𠜵	guā	guā
𠜹	jú	jú
𠜼	qiā	qiā
𠜾	jué	guì|jué
𠝄	lì	lì
𠝐	huā	huā
𠝑	jiāo	jiāo
𠝘	qià	qià
𠝚	zhá	zhá|zhé
𠝛	qiā	qiā
𠝝	zhé	zhá|zhé
𠝞	chā	chā
𠝟	yǐng	yǐng
𠝢	yān	yān
𠝤	chōng	chōng
𠝨	chǐ	chǐ
𠝪	wān	wān
𠝬	sōu	sōu
𠝲	kǎn	kǎn
𠝳	yuán	yuán
𠝽	chóu	chóu
𠝿	suǒ	suǒ
𠞀	tū	tū
𠞃	zhé	zhé
𠞄	tī	chǐ|tī
𠞆	wū	wū
𠞈	dā	dā
𠞉	lì	lì
𠞊	chā	chá|chā|chāi
𠞕	róng	róng
𠞖	gòng	gòng
𠞗	què	què
𠞙	lí	lí
𠞞	tāo	tāo
𠞤	lì	lì
𠞧	mí	mí
𠞩	chì	chì|shuài
𠞬	gùn	gùn
𠞭	lóu	lòu|lóu
𠞮	chuǎng	chuǎng
𠞯	suǒ	suǒ
𠞰	jiǎo	jiǎo
𠞱	jìn	jìn
𠞵	fá	fá
𠞶	zhāi	zhāi
𠞾	jìn	jìn
𠞿	cuì	cuì
𠟂	cèng	cèng
𠟃	zǔn	zǔn
𠟅	zhào	rì|zhào|zhì
𠟈	piē	piē
𠟉	zhǎn	chàn|zhǎn
𠟊	xī	xī
𠟋	yào	yào
𠟌	fǔ	fǔ|pǒu
𠟍	chōng	chōng
𠟓	cuì	cuì
𠟗	guā	guā
𠟣	jī	jī
𠟦	sè	sè
𠟧	zhān	zhān
𠟨	lìng	lìng|líng
𠟩	sè	sè
𠟪	yè	yè
𠟰	jū	jū
𠟶	tū	tū
𠟺	rú	ruǎn|rú
𠟻	zé	bài|zé
𠟼	huán	huán
𠠁	xiǎn	xiǎn
𠠃	qiān	qiān
𠠄	zhào	zhào
𠠋	cán	cán
𠠎	kuò	kuò
𠠏	lì	lì
𠠐	róu	róu
𠠔	dú	dú
𠠗	liè	liè
𠠜	yīng	yīng
𠠝	lì	lì
𠠠	dú	dú
𠠢	líng	líng
𠠪	wān	wān
𠠯	dié	dié
𠠳	jiū	jiū
𠠵	lì	lì
𠠶	kū	kū
𠠷	kēng	kēng
𠠹	zhěn	zhěn
𠡀	hè	hè
𠡂	bì	bì|fú
𠡄	pī	pī
𠡊	hāng	hāng
𠡑	zhuó	zhuó
𠡒	duǐ	duǐ
𠡔	yì	yì
𠡜	kè	kè
𠡝	yì	yì
𠡞	mò	mò
𠡠	chì	chì
𠡡	cán	cán
𠡣	gěng	gěng
𠡤	kè	kè
𠡥	shì	shì
𠡭	líng	lìng|líng
𠡮	bēng	bēng|kēng
𠡱	duàn	duàn
𠡶	juān	juān
𠡷	nǎo	nǎo
𠡸	zǐ	zǐ
𠡻	zòng	zòng
𠢃	táng	táng
𠢆	xiá	xiá
𠢇	hàn	hàn
𠢌	lüè	lüè
𠢍	qián	qián
𠢓	mò	mò
𠢔	ōu	ōu
𠢕	háo	háo
𠢙	zhá	zhá
𠢚	juàn	juàn
𠢛	cóng	cóng
𠢠	lì	jí|lì
𠢡	zhá	zhá
𠢢	yǒu	yǒu
𠢣	diàn	diàn
𠢤	jué	jué
𠢥	bèi	bèi
𠢩	yǎo	yǎo
𠢪	piē	piē
𠢱	jìn	jìn
𠢲	kǎi	kǎi|xiè
𠢳	sè	sè
𠢴	yǎng	yǎng
𠢵	jìn	jìn
𠢹	kè	kè
𠣄	chān	chān
𠣇	niǎn	niǎn
𠣉	wàn	wàn
𠣊	lǜ	lǜ
𠣐	yún	yún
𠣑	yāo	yāo
𠣒	bāo	bāo
𠣕	jūn	jūn
𠣖	xuán	xuán
𠣘	zhōu	zhōu
𠣠	kuì	kuì
𠣪	qú	qú
𠣫	shào	shào
𠣬	sǔn	sǔn
𠣰	dū	dū
𠣲	kuǎi	kuǎi
𠣳	pào	pào
𠣺	bào	bào
𠣾	fù	fù
𠣿	jiù	jiù
𠤀	rán	rán
𠤄	jū	jū
𠤊	qióng	qióng
𠤍	zhōu	zhōu
𠤎	huà	huà
𠤏	bǎo	bǎo
𠤕	yí	xián|yí
𠤗	yí	yí
𠤘	yí	yí|yǐ
𠤝	mào	mào
𠤦	ruǎn	ruǎn|rú
𠤫	cí	cí
𠤮	hán	hán
𠤰	cóng	cóng|xuán
𠤴	xì	xì
𠤹	quán	quán
𠤺	tiáo	tiáo
𠤼	diào	diào
𠤾	hán	hán
𠥇	yě	yě
𠥍	ē	ē
𠥎	wéi	wéi
𠥐	cāng	cāng
𠥑	diào	diào
𠥕	è	è
𠥖	dì	dì
𠥘	suǎn	suǎn
𠥙	quán	quán
𠥜	è	è
𠥝	ōu	ōu|ǒu
𠥞	xuán	xuán
𠥢	wǔ	wǔ
𠥦	yì	yì
𠥨	móu	móu
𠥰	hū	hū
𠥴	hán	gān|hán
𠥿	shí	shí
𠦃	sà	sà
𠦈	bì	bì
𠦊	hán	hán
𠦋	jìng	jìng
𠦌	xì	xì
𠦎	qìn	qìn
𠦏	cuó	cuó
𠦐	cì	cì
𠦒	bān	bān
𠦗	duī	duī
𠦜	xì	shù|xì
𠦧	zhī	zhī
𠦨	luàn	luàn
𠦪	hū	hū
𠦫	jí	jí
𠦬	guāi	guāi
𠦲	pāng	pāng
𠧀	zhū	zhū
𠧅	bǐ	bǐ
𠧇	yú	yú
𠧒	qǐ	qǐ
𠧕	hé	hé
𠧖	chǔ	chǔ
𠧙	shào	shào
𠧚	chì	chì
𠧛	bó	bó
𠧟	réng	nǎi|réng
𠧠	yóu	yóu
𠧤	nǎi	nǎi
𠧩	huì	huì|huǐ
𠧪	tiáo	tiáo|yǒu
𠧫	bǎn	bǎn
𠧰	xū	xū
𠧴	yóu	yòu|yóu
𠧵	chì	chì
𠧿	héng	héng
𠨃	wài	wài
𠨆	xiè	xiè
𠨊	jué	jué
𠨌	suī	suī
𠨍	qīng	qīng
𠨎	zhuàn	zhuàn
𠨕	jì	jì
𠨘	bì	bì
𠨚	xī	xī
𠨠	jí	jí
𠨢	jùn	jùn
𠨥	liáo	liáo
𠨦	yōu	yōu
𠨭	jú	jú
𠨲	yuè	yuè
𠨵	bàng	bàng
𠨸	pí	pí
𠨻	zè	zè
𠨾	yì	yì
𠨿	dǐ	dǐ
𠩂	qiè	qiè
𠩄	suǒ	suǒ
𠩆	cì	cì
𠩈	zhù	zhù
𠩉	yuè	jú|yuè
𠩏	jiāo	jiāo
𠩔	shí	shí
𠩗	yí	yí
𠩘	xiá	xiá
𠩠	yuán	yuán
𠩥	guó	guó
𠩧	kè	kè
𠩪	cuì	cuì
𠩫	yì	yì
𠩵	lì	lì
𠩷	diǎn	diǎn
𠩺	xī	chí|xī
𠩿	bì	bì
𠪂	biǎn	biǎn
𠪃	méi	méi
𠪄	lì	lì
𠪇	sǒu	sǒu
𠪐	liú	liú
𠪑	guì	guì
𠪒	kè	kè
𠪗	yí	yí
𠪙	xǐ	xǐ
𠪚	yín	kǎn|yín|ǎn
𠪟	kè	kè
𠪣	shè	shè
𠪧	wǒ	wǒ
𠪮	pì	pì
𠪶	yuè	yuè
𠪷	hóng	hóng
𠪺	lì	lì
𠪻	fù	fù
𠫃	jué	jué
𠫄	xiān	xiān
𠫉	diān	diān
𠫌	lì	lì
𠫓	tū	tū
𠫘	jiān	jiān
𠫛	bǎi	bǎi
𠫜	dì	dì
𠫝	zhǎng	zhǎng
𠫣	yù	yù
𠫨	duì	duì
𠫭	cān	cān
𠫮	tú	tú
𠫶	tān	tān
𠫷	jí	jí
𠫸	qí	qí|zhāi
𠫹	shàn	shàn
𠫺	nián	nián|shì
𠬆	guàn	guàn
𠬈	bǐ	bǐ
𠬋	xīng	nián|xīng
𠬓	zhěn	zhěn
𠬙	sā	sā
𠬛	mò	mò
𠬝	fú	fú
𠬢	tāo	tāo
𠬣	bàng	bàng
𠬤	yì	yì
𠬪	biào	biào
𠬬	xī	xī
𠬮	jié	jié
𠬶	jìn	jìn
𠬾	qiān	qiān
𠭈	sì	sì
𠭉	jǐng	jǐng
𠭋	chǐ	chǐ
𠭗	jǐng	jǐng
𠭥	suì	suì
𠭯	zhā	zhā
𠭰	lí	lí
𠭴	zhuō	zhuō
𠭹	biàn	biàn
𠭿	tún	tún
𠮃	bì	bì
𠮆	fèi	fèi
𠮊	dé	dé
𠮌	zhú	zhú
𠮑	jū	jū
𠮙	yǐ	yǐ
𠮜	yà	yà|yīn
𠮟	chì	chì
𠮠	guǎ	bǎi|guǎ
𠮡	zhǐ	zhǐ
𠮨	réng	réng
𠮫	yōu	yōu
𠮭	bó	bó
𠮯	jǐ	jǐ
𠮰	pǐn	pǐn
𠮳	yīng	yīng
𠮴	yāng	yāng
𠮵	màng	màng
𠮽	lòng	lòng
𠮾	ǹ	ǹ|ǹg
𠮿	sa	sa|san
𠯀	chuān	chuān
𠯂	cí	cí
𠯃	wǔ	wǔ
𠯄	rèn	rèn
𠯈	dài	dài
𠯉	jí	jí
𠯋	yǐ	yǐ
𠯍	rán	rán
𠯐	huò	huò
𠯑	guā	guā
𠯓	zhé	zhé
𠯔	pì	pì
𠯗	zā	zā
𠯘	bàn	bàn
𠯙	jié	jié
𠯜	hōu	hōu|xǔ
𠯟	xiàn	xiàn
𠯠	huī	huī
𠯩	zhā	zhā
𠯪	dāi	dāi|dǎi|è
𠯫	gē	gē
𠯭	pì	pì
𠯯	piàn	piàn
𠯰	shí	shí
𠯱	liǎng	liǎng
𠯲	yuè	yuè
𠯳	hù	hù|wěn
𠯴	biàn	biàn
𠯷	réng	réng
𠯹	réng	réng
𠰄	yī	yī
𠰅	zhī	zhī
𠰇	jīn	jīn
𠰈	wēng	wēng
𠰉	chāo	chāo
𠰋	qiū	qiū
𠰍	zhǔ	zhù|zhǔ
𠰏	zhá	zhá
𠰐	pǒ	pǒ
𠰑	àn	àn
𠰓	hé	hé
𠰕	chū	chū
𠰖	yán	yán
𠰚	shì	shì
𠰛	hù	gào|hù
𠰜	è	è
𠰴	shí	shí
𠰷	lú	lú
𠰹	tuō	tuō
𠰺	dài	dài
𠰻	wài	wai|wài
𠰼	pō	pō
𠰽	rǒng	rǒng
𠰾	jū	jū
𠱀	bō	bō
𠱐	yǔ	yǔ
𠱑	dōu	dōu
𠱓	guǐ	guǐ
𠱔	shòu	shòu
𠱗	suō	suō
𠱘	nì	nì
𠱙	zhōu	cù|jì|yù|zhōu
𠱚	lòng	lòng
𠱛	bǐng	bǐng
𠱜	zùn	zùn
𠱝	yè	yè
𠱞	rǎn	rǎn
𠱠	líng	líng
𠱡	sà	shài|sà
𠱤	lěi	lěi
𠱥	è	huì|zá|è
𠱧	zhòng	zhòng
𠱨	jǐ	jǐ
𠱫	è	è
𠱯	zuò	zuò
𠱲	nà	nà
𠱳	yǔn	yǔn
𠲊	xiè	xiè
𠲋	zuǐ	zuǐ
𠲌	shù	shù
𠲍	diū	diū
𠲎	fa	fa|fá|fèi|wa
𠲏	rěn	rěn
𠲑	bāng	bāng
𠲒	hán	hán
𠲓	hóng	hóng
𠲔	yī	yī
𠲖	yī	yī
𠲙	kē	kē
𠲚	yì	yì
𠲛	huí	huí
𠲜	zhēng	zhēng
𠲮	jìng	jìng
𠲱	gé	gé
𠲴	nóu	nóu
𠲵	qiè	jié|qiè
𠲷	dié	dié
𠲹	jì	jì
𠲺	yì	yì
𠲻	yí	yí
𠲽	fú	fú
𠲾	shuò	shuò
𠲿	shuò	shuò
𠳀	yǒng	yǒng
𠳁	kěn	kěn
𠳂	huá	huá
𠳃	hòng	hòng
𠳇	hé	hé
𠳊	hē	hē
𠳋	qiǎn	qiǎn
𠳌	qià	qià
𠳎	sì	sì
𠳐	bāng	bāng
𠳞	què	què
𠳬	jīng	jīng
𠳭	kè	kè
𠳳	āi	āi
𠳴	lóu	lóu
𠳶	tū	tū
𠳹	chuáng	chuáng
𠳼	sòng	sòng
𠳽	chéng	chéng
𠳿	wēi	wēi
𠴂	nǔ	nǔ
𠴄	jiǔ	jiǔ
𠴇	bīn	bīn
𠴡	xiào	xiào
𠴢	shēng	shēng
𠴣	hǒu	hǒu
𠴦	zhù	zhù
𠴨	guān	guān
𠴩	jī	jī|qǐ
𠴫	jì	cù|jì|yù|zhù
𠴭	xī	xī
𠴯	shè	shè
𠴰	ǒu	ǒu
𠴱	hú	hú
𠴲	tà	tà
𠴳	xiáo	xiáo
𠴵	zào	zào
𠴸	bò	bò
𠴹	qì	qì
𠴺	wā	wā
𠴻	tuō	tuō
𠴼	dào	dào
𠴾	nà	nà
𠵠	zhāi	zhāi
𠵣	yà	yà
𠵦	wǔ	wǔ
𠵧	zhén	chún|zhén
𠵨	de	de
𠵩	hē	hē
𠵫	āng	āng
𠵬	pí	pí
𠵭	sè	sè
𠵮	fěn	fěn
𠵯	guā	guā
𠵳	pǒ	pǒ
𠵷	xuàn	xuàn
𠵸	hān	hān|mí
𠵹	gāng	gāng
𠵺	bā	bā
𠵻	zōng	zōng
𠵼	mèng	mèng
𠵾	huò	huò
𠶧	diān	diān
𠶨	xī	xī
𠶫	dà	dà
𠶬	nàng	nàng
𠶰	diāo	diāo
𠶱	luò	luò
𠶲	kè	kè
𠶷	yì	yì
𠶸	jué	jué
𠶹	hé	hé
𠶻	jí	jí
𠶾	hè	hè
𠶿	niè	niè|zá
𠷀	rǔn	rǔn
𠷁	qián	jiān|qián
𠷂	dài	dài
𠷃	shāo	shòu|shāo|sù
𠷄	kè	kè
𠷅	zhú	zhú
𠷇	shī	shī
𠷈	lǜ	liè|lǜ
𠷉	jiā	jiā
𠷊	pián	pián
𠷋	hòu	hòu
𠷌	jī	jī|zé
𠷍	tà	tà
𠷎	chóu	chóu|shòu
𠷏	wō	wō
𠷐	jìng	jiàng|jìng
𠷑	pō	pō
𠷒	zhāi	zhāi
𠷓	xīn	xīn
𠷖	biàn	biàn
𠷙	xù	xù
𠷞	gū	gū
𠷟	jiè	jiè
𠷢	xián	xián
𠷸	é	yóng|é
𠷺	bó	bó
𠷻	piāo	piāo
𠷿	zǎ	zǎ
𠸁	pài	pài
𠸂	tū	tū
𠸄	yīng	yīng
𠸮	xiǎng	xiǎng
𠸱	nuò	nuò
𠸲	gē	gē
𠸳	bó	bó
𠸴	xiè	xiè
𠸸	zhēn	chún|zhēn
𠸹	yú	yú
𠸺	nì	nì
𠹀	xùn	xùn
𠹁	wà	wà
𠹃	àng	àng
𠹄	hàn	hàn
𠹅	hōng	hōng
𠹆	dān	dān
𠹈	nuó	nuó
𠹊	cǎo	cǎo
𠹋	jí	jí
𠹌	něng	něng
𠹍	yǒng	róng|yǒng
𠹎	xiāo	xiāo
𠹐	chuǎ	chuǎ
𠹑	yào	yào
𠹓	gé	gé
𠹔	táng	táng
𠹕	bào	bào
𠹖	chǎn	chǎn
𠹘	xù	xù
𠹛	hái	hái
𠹝	chóu	chóu
𠹟	jiǎn	jiǎn
𠹠	zuō	zuō
𠹤	wèi	wèi
𠹥	dā	dā
𠹦	pī	pī
𠺐	huàn	huàn
𠺒	xī	xī
𠺔	pèn	pèn
𠺕	liū	liáo|liū
𠺖	mǔ	mǔ|yīng
𠺗	miē	miē
𠺘	làng	làng
𠺙	tuì	tuì
𠺚	bān	bān
𠺝	gē	gē
𠺟	kù	kù
𠺢	jiā	jiā
𠺣	bō	bō
𠻍	huàn	huàn
𠻏	zú	zú
𠻐	luò	luò
𠻗	lí	lí
𠻙	hé	hé
𠻚	mó	mó
𠻜	shuì	lǜ|shuì|sū
𠻝	shēn	shēn
𠻞	kǎng	kǎng
𠻟	chì	chì
𠻠	líng	líng
𠻡	luǒ	luǒ
𠻤	yǎn	yǎn
𠻥	zhào	zhào
𠻦	chuǎ	chuǎ
𠻧	gǔ	gǔ
𠻨	qǐn	qǐn
𠻪	tán	tán
𠻫	fèn	fèn
𠻬	tú	tú
𠻱	líng	líng
𠻴	lǎng	lǎng
𠼖	lán	lán
𠼗	zàn	zàn
𠼘	wù	wù
𠼝	lí	lí
𠼞	ā	ā
𠼟	lüè	lüè
𠼠	zhǐ	zhǐ
𠼡	chóu	chóu
𠼢	jiàng	jiàng|qiàng
𠼤	jiān	jiān
𠼩	lún	lún
𠼪	yí	yí
𠼬	shāng	shāng
𠼻	jī	jī
𠽜	yì	yì
𠽝	nín	nín
𠽡	huì	huì
𠽣	zhā	zhā
𠽦	hǎn	hǎn
𠽨	yǐn	yǐn
𠽩	bì	bì
𠽪	ān	ān
𠽫	xiā	xiā|xiǎ
𠽬	ní	ní
𠽰	dī	dī
𠽱	jiǎn	jiǎn
𠽲	pán	pán
𠽵	yù	yù
𠽶	chuài	chuài|chuò|cuì
𠽷	zā	zā
𠽹	chá	chá
𠽻	zhé	zhé
𠽼	sè	sè
𠽾	pēn	pēn|pǔ
𠽿	gū	gū
𠾀	zhé	zhé
𠾆	lí	lí
𠾇	dōu	dōu
𠾉	chóu	chóu
𠾋	zuǐ	zuǐ
𠾌	pò	pò
𠾏	shē	shē
𠾐	lóng	lóng
𠾢	shù	shù
𠾤	jìn	jìn
𠾥	líng	líng
𠾨	kāng	kāng
𠾩	là	là
𠾫	xū	xū
𠾬	jìn	jìn
𠾮	chuān	chuān
𠾲	yuè	yuè
𠿆	mǎi	mǎi
𠿇	xiè	xiè
𠿈	jiū	jiū
𠿉	jì	jì
𠿋	yuè	yuè
𠿏	jiān	jiān
𠿑	hán	gǎn|hán|hǎn|ǎn
𠿓	sà	sà
𠿔	huì	huì
𠿕	qiào	qiào
𠿗	sè	sè
𠿘	zuǐ	zuǐ
𠿛	lǔ	lǔ
𠿜	huà	huà
𠿝	chū	chū
𠿞	shǎn	shǎn
𠿟	wò	wò
𠿠	jí	jí
𠿡	zhuó	zhuó
𠿢	xián	xiàn|xián
𠿣	yī	yī
𠿤	guó	guó
𠿥	kuì	guì|kuì
𡀑	zhōu	zhōu
𡀔	lù	lou|lù
𡀖	bō	bō
𡀗	shí	shí
𡀘	yìng	yìng
𡀙	kū	kū
𡀹	zhì	zhì
𡀺	xié	xié
𡀽	yè	hè|yè
𡀾	è	è
𡀿	lǜ	lǜ
𡁀	hàn	hàn
𡁁	yè	kài|yè
𡁆	luò	luò
𡁇	chuò	chuò
𡁈	fàn	fàn
𡁉	zhí	zhí
𡁊	yìng	yìng
𡁋	wěn	wěn
𡁌	wā	wā
𡁍	ài	ài
𡁎	yú	yú
𡁑	huā	huā
𡁓	liè	liè
𡁔	jīng	jīng
𡁕	zá	zá
𡁧	zāng	zāng
𡁨	duì	duì
𡁪	jì	jì
𡁮	wō	wō
𡁰	jí	jí
𡁱	xī	xī
𡁳	zhàn	zhàn
𡁴	tuán	tuán
𡂊	yú	yú
𡂏	liè	liè
𡂒	zhì	zhì
𡂓	shī	shī
𡂕	lǎo	lǎo
𡂖	lài	lài|tà
𡂗	wěi	wěi
𡂘	páo	páo
𡂙	chí	chí
𡂚	yǐng	yǐng
𡂛	dòu	dòu
𡂝	dòu	dòu
𡂟	bào	bào
𡂠	qiè	qiè
𡂡	shù	shù
𡂣	zhí	zhí
𡂩	liè	liè
𡂫	péng	péng
𡂭	zhē	zhē
𡂿	ōu	ou|ōu
𡃂	xiè	xiè
𡃃	jí	jí
𡃄	lài	lài
𡃅	yíng	yíng
𡃆	cēng	cēng
𡃖	lē	lē
𡃝	lùn	lùn
𡃡	lóng	lóng
𡃢	xì	xì
𡃦	lìn	lìn
𡃩	guī	guī
𡃳	xīng	xīng
𡃷	lí	lí
𡃸	cī	cī
𡄇	qǐng	qǐng
𡄑	jiān	jiān
𡄒	dào	dào
𡄓	jiǎn	jiǎn
𡄔	qìng	qìng
𡄕	xiè	xiè
𡄖	yìng	yìng
𡄟	há	há
𡄡	zhe	zhe
𡄢	shē	shē
𡄣	mí	mí
𡄤	huán	huán
𡄱	cù	cù
𡄲	rú	rú
𡄳	sǎ	sǎ
𡄴	huò	huò
𡄵	yī	yī
𡄷	dī	dī
𡄹	luàn	luàn
𡄻	yì	yì
𡅂	bò	bò
𡅃	páng	páng
𡅄	tán	tán
𡅅	é	é|éi
𡅆	zāng	zāng
𡅇	cóng	cóng
𡅓	zhāi	zhāi
𡅕	xǐ	xǐ
𡅖	mǎng	mǎng
𡅘	là	là
𡅙	yùn	yùn
𡅡	è	è
𡅥	dié	dié
𡅭	guān	guān
𡅱	huàn	huàn
𡅵	shì	shì
𡅶	jiǎn	jiǎn
𡅹	zhān	zhān
𡅺	jí	jí
𡅻	huàn	huàn
𡆅	wàn	wàn
𡆆	luǒ	luǒ
𡆏	dòu	dòu
𡆕	liàn	liàn
𡆣	niè	dí|niè
𡆤	nǎn	nǎn
𡆥	jiù	jiù
𡆦	yuè	yuè
𡆩	yāo	jiǒng|yāo
𡆪	chuāng	chuāng
𡆮	cǎn	cǎn
𡆯	lǐ	lǐ
𡆰	dùn	dùn
𡆱	nǎn	nǎn
𡆲	nǎn	nǎn
𡆸	rì	guó|rì
𡆽	yuè	yuè
𡇀	yóu	yóu
𡇂	yīn	yīn
𡇄	guó	guó|niè
𡇈	dàng	dàng|tuó
𡇑	zhēn	zhēn
𡇒	mí	mí
𡇓	dié	dié
𡇖	zhēn	zhēn
𡇚	kuā	kuā
𡇜	hán	hán
𡇝	sòng	sòng
𡇞	hé	hé
𡇟	jī	jī
𡇠	zhé	zhé
𡇤	bǐng	bǐng
𡇦	wéi	wéi
𡇧	tōu	tōu
𡇩	tú	tú
𡇬	gāng	gāng
𡇭	lóu	lóu
𡇮	quán	quán
𡇯	hùn	hùn
𡇰	zhuǎn	zhuǎn
𡇱	què	què
𡇳	hóng	hóng
𡇵	dàng	dàng
𡇶	hé	hé
𡇷	tài	tài
𡇸	guāi	guāi
𡇺	yù	yù
𡇼	yà	yà
𡇿	wān	wān
𡈀	qūn	qūn
𡈅	jué	jué
𡈆	ōu	ōu
𡈉	quān	quān
𡈊	zhí	zhí
𡈍	líng	líng
𡈎	wū	rì|wū
𡈏	xìn	xìn
𡈐	dá	dá
𡈒	yuān	yuān
𡈓	yuàn	yuàn
𡈗	mò	mò
𡈙	yóu	yóu
𡈛	yuān	yuān
𡈞	wǔ	wǔ
𡈠	zhāng	zhāng
𡈣	xuān	xuān
𡈦	rǎo	rǎo
𡈧	gǔn	gǔn
𡈨	yù	yù
𡈮	xiá	xiá
𡈯	biǎn	biǎn
𡈰	yóu	yóu
𡈲	yīn	yīn
𡈴	xuán	rǔ|xuán
𡈵	yóu	yóu
𡈶	léi	léi
𡈼	tǐng	tíng|tǐng|zhēng|zhǐ
𡈿	zhēn	zhēn
𡉄	zài	kū|zài
𡉅	gā	gā
𡉆	lá	lá
𡉉	què	què
𡉎	jú	jú
𡉐	chūn	chūn
𡉑	dā	dā
𡉒	tún	tún
𡉓	āi	āi
𡉗	zǐ	zǐ
𡉚	huáng	fēng|huáng
𡉛	yì	yì
𡉩	bào	bào
𡉪	chí	chí
𡉭	rì	rì
𡉴	lú	hù|lú
𡉷	jié	jié
𡉸	shì	shì
𡉺	zuān	zuān
𡊁	yì	yì
𡊄	fèn	fèn
𡊅	fèn	biàn|fèn
𡊉	mò	mò
𡊍	shù	shù
𡊑	xǐ	xǐ
𡊛	áo	áo
𡊝	pǐ	pǐ
𡊞	píng	pìng|píng
𡊟	pō	pō
𡊠	jiá	jiá
𡊡	zhóu	zhóu
𡊣	qiū	qiū
𡊧	yǒu	yǒu
𡊨	tán	tán
𡊫	rǒng	rǒng
𡊭	mì	mì
𡊶	yì	yì
𡊸	rǒng	rǒng
𡊻	liè	liè
𡊼	qióng	qióng
𡋙	huí	huí
𡋚	jì	jì
𡋟	gào	gào
𡋤	jìn	jìn
𡋧	yóu	yóu
𡋨	chā	chā
𡋩	dé	dé
𡋪	yīn	yīn
𡋬	yù	yù
𡋭	bèi	bèi
𡋯	bó	bó
𡌔	qiāo	qiāo
𡌚	chǎ	chǎ
𡌜	xīn	xīn
𡌞	chí	chí
𡌣	zào	zào
𡌤	kuí	kuí
𡌦	fèi	fèi
𡌩	tā	dá|tā
𡌪	guài	guài
𡌭	duō	duō
𡌲	guī	guī
𡌴	zhí	zhí
𡍌	chǎn	chǎn
𡍍	nǎo	nǎo
𡍐	hú	hú
𡍒	táo	táo
𡍡	yì	yì
𡍤	niè	niè
𡍥	zhài	zhài
𡍦	huán	huán
𡍨	dù	dù
𡍪	qì	qì
𡍫	cè	cè
𡍮	chuí	chuí
𡍲	dā	dā
𡍶	zhì	zhì
𡍷	gèng	gèng
𡍻	wèng	wèng
𡎉	dù	dù
𡎍	chí	chí
𡎑	àn	àn
𡎒	kuò	kuò
𡎔	wò	wò
𡎘	yīng	yīng
𡎚	piǎn	piǎn
𡎫	zhá	qì|zhá
𡎬	zhuǎ	zhuǎ
𡎮	sù	sù
𡎳	nì	nì
𡎺	zhú	zhú
𡎻	chán	chán
𡎾	bèng	bèng
𡎿	ní	ní
𡏀	zhí	zhí
𡏁	huì	huì
𡏘	xià	xià
𡏚	zhì	zhì
𡏛	xī	xī
𡏞	jiǎng	jiǎng
𡏩	duī	duī
𡏪	fū	fū
𡏭	jiāo	jiāo
𡏮	cháo	cháo
𡏯	bài	bài
𡏵	liè	liè
𡏼	áo	áo
𡐋	zāo	zāo
𡐌	chù	chù
𡐏	tuǒ	tuǒ
𡐒	háo	hào|háo
𡐓	kāng	kāng
𡐔	yín	yín
𡐖	xiàn	xiàn
𡐝	fù	fù|fú
𡐞	biē	biē
𡐠	kuī	kuī
𡐤	qiè	qiè
𡐥	sà	sà
𡐿	dā	da|dā
𡑀	yě	shù|yě
𡑄	zhǎng	zhǎng
𡑆	liáng	liáng
𡑈	duǐ	duǐ
𡑍	láo	láo
𡑎	xūn	xūn
𡑘	zhì	zhì
𡑚	kū	kū
𡑞	suì	suì
𡑟	wō	wō
𡑣	kū	kū
𡑯	jiǎn	jiǎn
𡑶	jiǎng	jiǎng
𡑻	zhuì	zhuì
𡑽	shuǎng	shuǎng
𡑾	yú	yú
𡒁	sà	sà
𡒃	yù	yù|ào
𡒄	lǎn	lǎn
𡒊	yù	yù
𡒌	qiǎn	qiǎn
𡒍	jù	jù
𡒏	liè	liè
𡒒	shú	shú
𡒓	xiàn	xiàn
𡒖	gài	gài
𡒢	tái	tái
𡒧	tiǎn	tiǎn
𡒯	mèng	mèng
𡒱	dí	dí
𡒳	mián	mián
𡒾	huī	huī|kuì
𡓉	duò	duò
𡓍	liè	liè
𡓒	lài	lài
𡓓	yín	yín|yīn
𡓔	lǎn	lǎn
𡓖	jiāo	jiāo
𡓘	huò	huò
𡓣	guō	guō
𡓦	zhàn	zhàn
𡓭	mǐ	mǐ
𡓰	kuī	kuī
𡓷	duò	duò
𡓿	yín	yín
𡔇	lèi	lèi
𡔕	gòng	gòng
𡔛	tǐng	tǐng
𡔜	yáo	yáo
𡔞	wǎng	wǎng
𡔣	jié	jié|qiè
𡔨	xiū	xiū
𡔪	shù	shù
𡔱	wèi	wèi
𡔴	yù	yù
𡕁	zhān	zhān
𡕉	āng	āng
𡕏	sǎng	sǎng
𡕐	chóu	chóu
𡕒	kuà	kuà
𡕖	jǔ	féng|jǔ
𡕗	hài	hài
𡕢	miǎn	miǎn|mǎn
𡕧	hàng	hàng
𡕪	chóu	chóu
𡕮	líng	líng
𡕰	zōng	zōng
𡖉	kūn	kūn
𡖌	zhōng	zhōng
𡖎	zhāo	zhāo
𡖐	diě	diě
𡖑	gǒu	gǒu
𡖒	yún	yún
𡖓	dān	dān
𡖔	nuǒ	nuó|nuǒ
𡖛	bǐng	bǐng
𡖝	rán	rán
𡖞	chān	chān
𡖢	rǒng	rǒng
𡖣	yīn	yīn
𡖤	chān	chān
𡖧	zhì	zhì
𡖪	guài	guài
𡖫	nuó	nuó
𡖬	shēn	shēn
𡖯	sù	sù
𡖲	wǒ	wǒ
𡖳	chǐ	chǐ
𡖺	miè	miè
𡖻	zhí	zhí
𡖾	qī	qī
𡗁	gōu	gōu
𡗆	lǒu	lǒu
𡗈	zī	zī
𡗍	dǎng	dǎng
𡗏	xiǎn	xiǎn
𡗑	rǒu	rǒu
𡗗	pěng	pěng
𡗞	xī	xī
𡗢	kuā	běn|kuā
𡗤	guì	guì
𡗥	chún	chún
𡗦	jiè	jiè
𡗲	jiè	bēn|jiè
𡗳	xī	xī
𡗵	kū	kū
𡗷	gū	gū
𡗸	zhà	kuā|zhà
𡗹	fàn	fàn
𡗼	xiè	xiè
𡘍	huán	huán|qié
𡘏	niǎo	niǎo
𡘐	xì	xì
𡘛	cū	cū
𡘝	gǔn	gǔn
𡘡	xī	xī
𡘧	qiá	qiá
𡘪	māng	māng
𡘭	zhé	zhé
𡘰	juàn	juàn
𡘴	biē	biē
𡙀	biē	biē
𡙅	quán	quán
𡙋	xì	xì
𡙎	jiǎo	jiǎo|miǎo
𡙐	quán	quán
𡙑	zhǐ	zhǐ
𡙒	tiān	tiān
𡙓	kāi	kāi
𡙘	sǎn	sǎn|yì
𡙛	zī	zī
𡙣	jié	jié
𡙪	bié	bié
𡙬	dòu	dòu
𡙭	zuī	zuī
𡙶	yǎn	yǎn
𡚁	bì	bì
𡚅	kuǎi	kuǎi
𡚇	yàn	yàn
𡚈	wéi	wéi
𡚊	huān	huān
𡚌	hào	hào
𡚑	gōng	gōng
𡚔	méng	méng
𡚗	lěi	lěi
𡚙	dì	dì
𡚛	bǐng	bǐng
𡚜	huān	huān|kàn
𡚟	wā	wā
𡚠	jué	jué
𡚨	chì	chì
𡚭	bā	bā
𡚮	jiǔ	jiǔ
𡚷	dì	dì
𡚹	zhàng	zhàng
𡚻	dà	dà
𡚼	shí	shí
𡚽	hào	hào
𡛌	yè	yè
𡛗	bì	bì
𡛘	pǐ	pǐ
𡛙	yǎo	yāo|yǎo
𡛜	dī	dī
𡛝	càn	càn
𡛞	pín	pín
𡛟	yuè	yuè
𡛠	qiē	qiē
𡛡	pī	pī
𡛵	tuǒ	tuǒ
𡛶	xiè	xiè
𡛽	yè	yè
𡜀	fàn	fàn
𡜁	guā	guā
𡜂	hù	hù
𡜃	rǔ	rǔ
𡜉	rǎn	ràn|rǎn
𡜊	fǒu	fǒu
𡜋	huāng	huāng
𡜚	rú	rú
𡜢	mǎo	mǎo
𡜥	duī	duī
𡜦	huì	huì
𡜧	xì	xì
𡜨	xiū	xiū
𡜫	rǎn	rǎn
𡜬	yī	yī
𡜯	zhé	zhé
𡜱	jì	jì
𡜲	gào	gào
𡜳	yòu	yòu
𡜵	pū	pū
𡝈	chù	chù
𡝉	cū	cū
𡝊	zhé	zhé
𡝋	niǎo	niǎo
𡝍	qiè	qiè
𡝐	chá	chá
𡝒	niǎo	niǎo
𡝓	suī	suī
𡝙	chá	chá
𡝚	chéng	chéng
𡝛	yáo	yáo
𡝜	dù	dù
𡝝	wāng	wāng
𡝟	niàn	niàn
𡝠	mí	mí
𡝦	nǒu	nǒu
𡝧	xì	xì
𡝩	yāo	yāo
𡝫	chān	chān
𡞋	cān	cān
𡞘	xiè	xiè
𡞙	miè	miè
𡞚	kěng	kěng
𡞜	cù	cù
𡞞	shěng	shěng
𡞟	pàn	pàn
𡞠	hù	hù
𡞢	kè	kè
𡞣	xiàn	xiàn
𡞥	hóu	hóu
𡞦	qióng	qióng
𡞧	zōng	zōng
𡞪	fú	fú
𡞫	nài	nài
𡞭	nì	nì
𡞯	kǔ	kǔ
𡞾	nèn	nèn
𡟍	gē	gē
𡟑	hóu	hóu
𡟓	āi	āi
𡟕	shī	shī
𡟞	xiū	xiū
𡟟	cōng	cōng
𡟠	jiāo	jiāo
𡟢	zhá	zhá
𡟣	xiāo	xiāo
𡟤	liàn	liàn
𡟥	qǔ	qǔ
𡟨	shǎn	shǎn
𡟩	xiè	xiè
𡟫	gòng	gòng
𡟬	miè	miè
𡟭	chái	chái
𡟯	ēn	ēn
𡟳	dòu	dòu
𡠆	kòu	kòu
𡠊	tiáo	tiáo
𡠋	shī	shī
𡠏	sāng	sāng
𡠒	guān	guān
𡠖	hào	hào
𡠗	zhì	zhì
𡠘	yàng	yàng
𡠙	tōng	tōng
𡠚	bì	bì
𡠜	mó	mò|mó
𡠞	fú	fú
𡠟	zhú	zhú
𡠥	qiáng	qiáng
𡠹	zhì	zhì
𡠼	sōu	sōu
𡠿	niǎo	niǎo
𡡀	juàn	juàn
𡡂	yàng	yàng
𡡄	huāng	huāng
𡡈	bēng	bēng
𡡉	mó	mó
𡡊	cháo	cháo
𡡎	lǚ	lóu|lǚ
𡡏	shāo	shāo
𡡐	bǔ	bǔ
𡡑	zēng	zēng
𡡒	sī	sī|xī
𡡔	zuì	zuì
𡡕	yuē	yuē
𡡖	zān	cān|zān
𡡗	luǎn	luàn|luǎn
𡡥	qú	qú
𡡺	miǎo	miǎo
𡢀	zhuàn	zhuàn
𡢈	dàng	dàng
𡢊	yuān	yuān
𡢒	jǔ	jǔ
𡢕	huǐ	huǐ
𡢖	qì	qì
𡢘	yùn	yíng|yùn
𡢚	màn	màn
𡢜	mǒ	mǒ
𡢱	piāo	piāo
𡢳	jìn	jìn
𡢹	yāo	yāo
𡣀	chì	chì
𡣁	nì	nì
𡣂	sōu	sōu
𡣈	shù	shù
𡣋	piāo	piāo
𡣔	hàn	hàn
𡣠	yāo	yāo
𡣢	néi	néi
𡣪	shì	shì
𡣬	yuān	yuān
𡣮	cài	cài
𡣯	jié	jié
𡣹	xiè	xiè
𡣽	yán	yán
𡣾	xiāo	xiāo
𡤋	xiè	xiè
𡤌	lì	lì
𡤎	fàn	fàn
𡤗	zhù	zhù
𡤙	nà	nà
𡤛	zhuǎn	zhuǎn
𡤞	kuī	kuī
𡤢	luó	luó
𡤫	qiā	qiā
𡤶	wān	wān
𡤽	shǔ	shǔ
𡤿	chèng	chèng|kǒng
𡥁	yì	yì
𡥆	hǎo	hào|hǎo
𡥈	jiào	jiào
𡥋	huì	huì
𡥍	xiào	xiào
𡥎	cí	cí|zǐ
𡥞	jì	bèi|jì
𡥦	nǐ	jìn|nǐ
𡥧	jìn	jìn
𡥨	nǐ	jìn|nǐ
𡥩	tǐ	tǐ
𡥶	jù	jù|rú
𡥸	mìng	mìng
𡥽	lí	lí
𡥿	zhòng	zhòng
𡦁	xù	xù
𡦃	qióng	qióng
𡦄	fú	fú
𡦆	bìn	bìn
𡦊	jì	jì
𡦍	qí	qí
𡦎	xì	xì
𡦔	dèng	dèng
𡦕	ér	ér
𡦛	shú	shú
𡦜	tóng	tóng
𡦝	xiáo	xiáo|xiāo
𡦟	pí	pí
𡦨	dǎn	dǎn
𡦪	jí	jí
𡦳	xiào	xiào
𡦷	cóng	cóng
𡦻	bīn	bīn
𡦼	rǒng	rǒng
𡧍	miàn	bīn|miàn
𡧒	miàn	miàn
𡧔	shū	shū
𡧕	xiáo	shǒu|xiáo
𡧖	bǎo	bǎo
𡧗	wà	wà
𡧙	pào	pào
𡧣	gǎi	gǎi
𡧥	hū	hū
𡧦	héng	héng
𡧨	zhú	zhú
𡧩	guāi	guāi
𡧭	guì	guì|guǐ
𡧹	dài	dài
𡧼	bīn	bīn
𡧽	huǎng	huāng|huǎng
𡨀	chá	chá
𡨄	xià	sāi|xià
𡨅	jú	jú
𡨇	yǎo	xiǎng|yǎo
𡨖	fěn	fěn
𡨗	zào	zào
𡨛	fēng	fēng
𡨢	jū	jū
𡨣	yù	yù
𡨩	hūn	hūn
𡨲	jié	jié
𡨳	xiòng	hùn|xiòng
𡨵	nài	nài
𡨻	nǒu	nǒu
𡨽	shěng	shěng
𡨿	yù	yù
𡩂	huán	huán
𡩃	gěng	gěng
𡩄	wǎn	wǎn
𡩆	tuó	tuó
𡩇	qiāo	qiāo
𡩘	yìn	yìn
𡩚	jiā	jiā|zhuàn
𡩡	suǒ	suǒ
𡩣	jié	jié
𡩤	xī	xī
𡩥	wěng	wěng
𡩩	máng	máng
𡩶	yáng	yáng
𡩸	yáo	yáo
𡩽	máng	máng
𡩾	ōu	ōu
𡪁	án	án
𡪅	lòu	lòu
𡪑	è	è
𡪒	zǐ	zǐ
𡪗	è	è
𡪙	àn	àn
𡪞	huò	huò
𡪠	céng	céng
𡪰	xiòng	xiòng
𡪱	jì	jì
𡪳	zuó	zuó
𡪵	qí	qí
𡪺	zhēng	zhēng
𡫀	jī	jī
𡫁	qī	chèn|qī
𡫂	juǎn	juǎn
𡫃	níng	níng
𡫟	sè	sè
𡫥	hè	hè
𡫦	rǒng	rǒng
𡫧	qǐn	qǐn
𡫬	jū	jū
𡫯	lì	lì
𡫵	shí	shí
𡫸	nì	nì
𡫹	xián	xián
𡫺	fū	fū
𡫽	rǔ	rǔ|yù
𡬁	xiòng	xiòng
𡬂	guì	guì
𡬄	jì	jì
𡬆	měng	mèng|měng
𡬇	fū	fū
𡬉	sài	sài
𡬊	yù	yù
𡬋	jiào	jiào
𡬌	mèng	mèng
𡬍	lóng	lóng|mí|mǐ
𡬎	qiāng	qiāng
𡬐	mí	mí|yí
𡬓	yí	yí
𡬕	lóng	lóng
𡬖	hān	hān
𡬗	nì	nì
𡬘	lào	lào
𡬙	sèng	sèng
𡬜	lǐn	lǐn
𡬞	yù	yù
𡬥	nuó	nuó
𡬫	wù	wù
𡬯	biǎn	biǎn
𡬲	biǎn	biǎn
𡬳	xuān	shòu|xuān
𡬵	jiān	jiān
𡬸	biǎn	biǎn
𡭂	dé	dé
𡭇	zhuān	zhuān
𡭋	rǒng	rǒng
𡭐	shuàn	shuàn
𡭘	jiā	jiā
𡭛	huǐ	huǐ
𡭞	zhān	zhān
𡭢	bài	bài
𡭣	liè	liè
𡭥	xiē	xiē
𡭭	jiǎn	jiǎn
𡭮	shǒu	shǒu
𡭳	kào	kào
𡭷	guān	guān
𡭸	luàn	luàn
𡭾	nǒu	nǒu
𡭿	chǎng	chǎng
𡮎	liáng	liáng
𡮙	nài	nài
𡮚	rǔ	rǔ
𡮞	zhì	zhì
𡮦	cáo	cáo
𡮰	lì	lì
𡮻	lán	lán
𡮿	chān	chān
𡯁	wāng	wāng
𡯄	lì	lì
𡯇	wù	wù
𡯈	páo	páo
𡯉	yòu	yòu
𡯋	gān	gān
𡯏	ān	ān
𡯐	xiū	xiū
𡯑	shuǐ	shuǐ|zhuǐ
𡯒	ruǐ	ruǐ
𡯘	bǎn	bǎn
𡯙	yóu	yóu
𡯢	huó	huó
𡯥	huī	huī
𡯨	zuò	zuò
𡯩	xiāo	xiāo
𡯫	mián	mián
𡯰	gà	gà
𡯱	yuǎn	yuǎn
𡯳	bò	bò
𡯴	chào	chào
𡯵	tuǐ	kuì|tuǐ
𡯷	bò	bò|kòu
𡯽	gà	gà
𡯿	tiāo	tiāo
𡰀	ná	ná
𡰅	hú	hú
𡰆	niè	niè
𡰋	huí	huí
𡰌	lǒu	lǒu
𡰎	tí	tí
𡰐	qiào	qiào
𡰑	qiáo	qiáo
𡰒	zhǒng	zhǒng
𡰖	dī	dī
𡰚	lín	lín
𡰝	quán	quán
𡰞	zhuān	zhuān
𡰠	léi	luán|léi
𡰢	xié	xié
𡰥	rén	rén|yí
𡰨	dāng	dāng
𡰪	dū	dū
𡰫	niǎn	niǎn
𡰯	shǐ	běi|diǎo|shǐ
𡰲	xián	xián
𡰹	zhí	zhí
𡰽	ài	ài
𡰾	cī	cī
𡰿	pú	pú
𡱁	shǐ	shǐ
𡱅	qū	qū
𡱆	shǔ	shǔ
𡱇	diān	diān
𡱉	xiǎo	xiǎo
𡱊	shuǐ	shuǐ
𡱌	huán	huán
𡱐	yí	yí
𡱑	juān	juān
𡱔	zhǐ	qì|zhǐ
𡱜	zhào	zhào
𡱣	xù	xù
𡱯	lòng	lòng
𡱱	zhù	zhù
𡱳	suǒ	suǒ
𡱷	dié	dié
𡱺	qú	qú
𡱼	kè	kuà|kè
𡱽	hū	hū
𡱾	jū	jū
𡲀	qǐng	qǐng
𡲍	bīng	bīng
𡲕	tì	tì
𡲗	jué	jué
𡲚	qiú	qiú
𡲣	jiàng	jiàng
𡲪	yùn	yùn
𡲭	mèi	mèi
𡲮	pī	pī
𡲰	qú	qú
𡲼	mì	mì
𡲿	tì	tì
𡳂	kài	kài
𡳄	bǐ	bǐ
𡳆	qū	qù|qū
𡳏	tiāo	tiāo
𡳑	chù	chù
𡳘	jú	jú
𡳚	xī	xī
𡳞	lìn	lìn
𡳭	chǐ	chǐ
𡳮	jī	jī
𡳴	lú	lú
𡳸	lì	lì
𡳾	jué	jué
𡴅	zhū	zhū
𡴆	lù	lù
𡴎	niè	niè
𡴔	quán	quán
𡴭	yà	yà
𡴯	è	è
𡴱	hù	hù|jié
𡵀	máng	máng
𡵉	wù	wù
𡵌	chā	chā
𡵑	qīn	qīn
𡵒	jié	jié|qǐ
𡵓	hóng	hóng
𡵕	dān	dān
𡵖	ěn	ěn
𡵗	zè	zè
𡵘	hù	hù
𡵙	àng	àng
𡵚	jiè	jiè
𡵛	fù	fù
𡵜	yòng	yòng
𡵝	zōng	zōng
𡵞	fēng	fēng
𡵬	mù	mù
𡵶	sè	sè
𡵷	cóng	cóng
𡵻	kāng	kāng
𡶂	yào	yào
𡶃	ài	ài
𡶄	bāo	bāo
𡶆	pǒ	pǒ
𡶈	shǐ	shǐ
𡶉	fàn	fàn
𡶋	jú	jú
𡶌	pí	pí
𡶎	wèi	wèi
𡶏	kū	kū
𡶐	qié	qié
𡶑	gān	gān
𡶢	kuàng	kuàng
𡶣	suì	suì
𡶤	bēng	bēng|yòng
𡶥	jiā	jiā
𡶦	yà	yà
𡶪	kàn	kàn
𡶫	niè	niè
𡶭	xíng	xíng
𡶯	xì	xì
𡶱	lìn	lìn
𡶲	duǒ	duǒ
𡶴	chǎn	chǎn
𡷈	shì	shì
𡷋	duì	duì
𡷍	jiāng	jiāng
𡷎	yǔ	yǔ
𡷏	lù	lù
𡷐	ěn	ěn
𡷓	gǔ	gǔ
𡷕	wěi	wěi
𡷖	chē	chē
𡷗	huàn	huàn|huán
𡷘	bié	bié
𡷛	hàn	hàn
𡷜	tuí	tuí
𡷝	nà	nà
𡷞	qǐ	qǐ
𡷠	tóu	tóu
𡷡	yuān	yuān
𡷢	wáng	wáng
𡷤	wú	wú
𡷥	gào	gào
𡷨	kēng	kēng|xíng
𡷪	yí	níng|yí
𡷸	xiāo	xiāo
𡷺	guǐ	guǐ
𡷻	yà	yà
𡷼	suì	suì
𡷽	sǒng	sǒng
𡷿	zhuó	zhuó
𡸂	tū	tú|tū
𡸃	xiǎn	jiǎn|xiǎn
𡸈	zè	zè
𡸉	lì	lì
𡸌	zhù	zhù
𡸎	jié	jié
𡸑	tì	tì
𡸔	xié	xié
𡸕	qióng	qióng
𡸗	yà	yà
𡸘	jū	jū
𡸛	yín	yín
𡸜	zhí	zhí
𡸞	kǎn	kǎn
𡸟	zī	zī
𡸡	kē	kē
𡸣	niè	niè
𡸤	qiáng	qiáng
𡸥	wǎn	wǎn
𡸦	zé	zé
𡸨	jū	jū
𡸪	zì	zì
𡹄	yà	yà
𡹇	lín	lín
𡹉	qí	qí
𡹎	huí	huí
𡹓	qì	qì
𡹕	yáng	yáng
𡹖	suì	suì
𡹘	qǐ	qǐ
𡹙	guī	guī
𡹢	qìn	qìn
𡹣	ē	ē
𡹥	zuò	zuò
𡹨	zè	zè
𡹩	qì	qì
𡹪	jí	jí
𡹬	tuó	tuó
𡹭	dié	dié
𡹯	huì	huì
𡹰	máo	máo
𡹲	xǔ	xǔ
𡹵	hóu	hóu
𡹶	yǎn	yǎn
𡹷	xiáng	xiáng
𡹸	cōng	cōng
𡹹	hú	hú
𡹼	àn	yǎn|àn
𡹾	bǐng	bǐng
𡺃	qiāng	qiāng
𡺇	duǒ	duǒ
𡺐	zhǔ	zhǔ
𡺑	dié	dié
𡺒	yōu	yōu
𡺓	qǐ	qǐ
𡺔	shí	shí
𡺕	xūn	xūn
𡺖	yōu	yōu
𡺗	kān	kān
𡺘	qiǎo	qiǎo
𡺛	qiāng	huà|qiāng
𡺜	pén	pén
𡺟	quán	quán
𡺡	yíng	yíng
𡺧	shā	shā
𡺫	tāo	tāo
𡺭	hòng	hòng
𡺮	pǐ	pǐ
𡺯	yáo	yáo
𡺴	tú	tú
𡺵	chái	chái
𡺷	xià	xià
𡺸	qí	qí
𡺺	qióng	qióng
𡺽	jìn	jìn
𡻈	zhēn	zhēn
𡻌	zhū	zhū
𡻎	xī	xī
𡻐	wēng	wēng
𡻑	zhǒng	zhǒng
𡻕	suì	suì
𡻘	kē	kē
𡻙	kuò	kuò
𡻚	kǎng	kǎng
𡻝	cháo	cháo
𡻞	bì	bì
𡻟	mò	mò
𡻠	zhù	zhù
𡻡	hàn	hàn|yán
𡻢	yǔ	yǔ
𡻣	yí	yí
𡻤	má	má
𡻧	qì	qì
𡻨	gùn	gùn
𡻩	màn	màn
𡻪	liáo	liáo|liù
𡻫	lín	lín
𡻬	zú	zú
𡻭	lěi	lěi
𡻮	hù	hù
𡻯	chuǎng	chuǎng
𡻰	qì	qì
𡻱	léi	léi
𡼁	chī	chī
𡼃	pó	pó
𡼄	dié	dié
𡼊	lěi	lěi
𡼎	yǐ	yǐ
𡼓	diàn	diàn
𡼖	dūn	dūn
𡼗	gāo	gāo
𡼘	hū	hū
𡼚	xiāo	xiāo
𡼛	gá	gá
𡼜	pēng	pēng
𡼬	shěn	shěn
𡼱	wéi	wéi
𡼻	duì	duì
𡼼	cháo	cháo
𡼽	yǐn	yǐn
𡼾	kuài	kuài
𡼿	kū	kū
𡽁	zuì	zuì
𡽂	gǔ	gǔ
𡽅	yùn	yùn
𡽆	zhì	zhì
𡽉	jì	jì
𡽊	chēng	chēng
𡽖	xiè	xiè
𡽗	xiǎn	xiǎn
𡽛	zuǐ	zuǐ
𡽜	án	án
𡽝	hāo	hāo
𡽠	pǒ	pǒ
𡽢	dí	dí
𡽣	yè	yè
𡽧	náo	náo
𡽱	jié	jié
𡽲	bàng	bàng
𡽳	lǎn	lǎn
𡽴	cáng	cáng
𡽶	bì	bì
𡽻	zhǎn	zhǎn
𡽼	qì	qì
𡾂	náo	náo
𡾅	lǜ	lǜ
𡾇	kuàng	kuàng
𡾉	mó	mó
𡾋	lěi	léi|lěi
𡾌	páo	páo
𡾒	lì	lì
𡾓	céng	céng
𡾕	dàng	dàng
𡾖	lěi	lěi
𡾙	è	è
𡾛	bèng	bèng
𡾜	jué	huò|jué
𡾥	xuán	xuán
𡾦	niè	niè
𡾨	hài	hài
𡾮	xiǎn	xiǎn
𡾰	jiǎn	jiǎn
𡾱	mí	mí
𡾲	niè	niè
𡾻	cáng	cáng
𡾼	sǒng	sǒng
𡾽	zēng	zēng
𡾾	yì	yì
𡿂	chóng	chóng
𡿄	cáng	cáng
𡿉	lěi	lěi
𡿊	nuó	nuó
𡿋	lì	lì
𡿎	lí	lí
𡿏	luó	luó
𡿓	tǎng	tǎng
𡿖	niè	niè|yà
𡿗	niè	niè
𡿙	jī	jī
𡿛	lěi	lěi
𡿝	nàng	nàng
𡿠	lín	lín
𡿡	líng	líng
𡿤	xián	xián
𡿥	yù	yù
𡿧	zāi	zāi
𡿨	quǎn	quǎn
𡿩	liè	liè
𡿯	yù	yù
𡿰	huāng	huāng
𡿺	nǎo	nǎo
𡿼	xùn	xùn
𡿾	jú	jú
𡿿	huò	huò
𢀁	yì	yì
𢀊	xī	xī
𢀋	sè	sè
𢀌	jiǎo	jiǎo
𢀍	yōng	yōng
𢀕	shī	shī
𢀖	jīng	jīng
𢀗	wàn	wàn
𢀘	yě	yě
𢀙	jiū	jiū
𢀜	gǒng	gǒng
𢀡	huī	huī|zuǒ
𢀪	ěr	ěr
𢀵	hàn	hàn
𢀼	fú	fú
𢁀	fú	fú
𢁁	zhuó	zhuó
𢁂	jī	jì|jī
𢁏	bāng	bāng
𢁒	qí	qí
𢁓	shǐ	hài|shǐ
𢁕	diǎo	diǎo
𢁖	pèi	pèi
𢁗	xiǎn	gàn|xiǎn
𢁘	sān	sān
𢁝	cháng	cháng
𢁞	yuē	yuē
𢁠	gōng	gōng
𢁢	wū	wū
𢁤	fēn	fēn
𢁧	chǎn	chǎn
𢁩	nèi	nèi
𢁪	jué	jué
𢁬	zhǎo	zhǎo
𢁮	qián	qián
𢁱	ǎo	ǎo
𢁶	wǎng	wǎng
𢁷	zhōng	zhōng
𢁹	huāng	huāng
𢁻	bù	bù
𢁼	zhǔ	zhǔ
𢁽	bì	bì
𢁾	chāo	chāo
𢁿	zhēng	zhēng
𢂀	fú	fú
𢂁	kōu	kōu|qú
𢂃	zuó	zuó
𢂄	xuàn	xuàn
𢂆	fù	fù
𢂊	yǎo	yǎo
𢂍	bō	bō
𢂏	bèi	bèi
𢂐	xié	xié
𢂑	shì	shì
𢂒	yí	yí
𢂔	hóng	hóng
𢂕	cuì	cuì
𢂗	yì	yì
𢂘	zhuān	zhuān
𢂝	chì	chì
𢂤	pō	lù|pō
𢂨	yín	yín
𢂱	yuàn	yuàn
𢂶	jiōng	jiōng
𢂹	mào	mào
𢂺	qiàn	qiàn
𢂼	yì	yì
𢃀	wú	wú
𢃍	bēi	bēi
𢃎	huò	huò
𢃏	cóng	cóng
𢃐	kōng	kōng
𢃕	tà	tà
𢃗	hàn	hàn
𢃘	qiàn	qiàn
𢃜	zhí	zhí
𢃢	sè	sè
𢃥	qiān	qiān
𢃦	guǒ	guǒ
𢃩	gǔn	gǔn|juǎn
𢃬	jiān	jiān
𢃭	zhōng	zhōng
𢃮	miǎn	miǎn
𢃯	guǐ	guǐ
𢃰	shì	shì
𢃱	móu	móu
𢃲	è	è
𢃳	bǎ	bǎ
𢃴	là	là
𢃸	zhòu	zhòu
𢃺	jí	jí
𢄀	zǎo	zǎo
𢄄	zhā	zhā
𢄅	yì	yì
𢄇	gǒu	gǒu
𢄊	guī	guī
𢄋	yīng	yīng
𢄌	shǎi	shǎi
𢄍	hé	gé|hé
𢄎	bàng	bàng
𢄏	mò	mò
𢄐	méng	méng
𢄓	wù	wù
𢄔	dài	dài
𢄗	jiǒng	jiǒng
𢄜	hàn	hàn
𢄟	tōng	tōng
𢄠	kōu	kōu
𢄡	lí	lí
𢄢	zhì	zhì
𢄣	huì	huì
𢄤	zǎn	zǎn
𢄦	diǎo	diǎo
𢄧	cù	cù
𢄱	zhì	zhì
𢄳	kuǎ	kuǎ
𢄵	xiàng	xiàng
𢄶	huà	huà
𢄷	liáo	liáo
𢄸	cuì	cuì
𢄹	qiāo	qiāo
𢄺	jiǎo	jiǎo
𢄼	xū	xū
𢄽	èr	èr
𢄿	tuō	tuō
𢅀	tán	tán
𢅁	zhì	zhì
𢅈	nǎo	nǎo
𢅉	mào	mào
𢅊	dì	dì
𢅋	céng	céng
𢅎	jiǎo	jiǎo
𢅏	lián	lián
𢅑	shā	shā
𢅒	dàn	dàn
𢅕	suì	suì
𢅖	lián	lián
𢅗	guò	guò
𢅚	biǎo	biāo|biǎo
𢅜	cì	cì
𢅝	diàn	diàn
𢅞	lǜ	lǜ
𢅟	nǐ	nǐ
𢅠	yǎn	yǎn
𢅡	lán	lán
𢅤	gài	gài
𢅥	chú	chú
𢅩	bì	bì
𢅪	zú	zú
𢅫	huì	huì
𢅭	lǎi	lǎi
𢅮	xián	xián
𢅯	fèn	fèn
𢅰	hè	hè
𢅹	yào	yào
𢅺	zhǎn	zhǎn
𢅼	néi	néi
𢅾	luǒ	luǒ
𢆀	yuán	yuán
𢆂	néng	néng
𢆉	rěn	rěn
𢆜	gé	gé
𢆞	jiǎn	jiǎn
𢆟	píng	píng
𢆣	biè	biè
𢆦	jiàn	jiàn
𢆩	bìng	bìng
𢆯	mì	mì|xuán
𢆰	hù	hù
𢆴	diǎo	diǎo
𢆶	yōu	yōu|zī
𢆷	yāo	miào|yāo
𢆸	bēng	bēng
𢆺	chén	chén
𢆻	jī	duì|jī
𢆽	yāo	yāo
𢇇	guān	guān
𢇈	yàn	yàn
𢇕	chǐ	chǐ
𢇗	shà	shà
𢇘	yǎn	yǎn
𢇙	yì	yì
𢇚	yì	yì
𢇛	chè	chè|chǐ
𢇞	hàn	hàn
𢇟	huāng	huāng
𢇤	shuì	shuì
𢇥	suì	suì
𢇦	rén	rén
𢇧	tán	tán
𢇨	zhǐ	zhǐ
𢇪	fàn	fàn
𢇫	fěng	fěng
𢇰	tán	tán
𢇲	mí	mí
𢇳	pí	pí
𢇴	bù	bù
𢇵	nà	nà
𢇶	tián	tián
𢇷	bá	bá
𢇸	yì	yì
𢈂	yǎn	yǎn
𢈄	tiāo	tiāo
𢈆	yáo	yáo
𢈇	shěn	shěn
𢈈	kē	kē|wā
𢈉	tóng	tóng
𢈋	xuǎn	xuǎn
𢈓	yòu	yòu
𢈕	bài	bài
𢈙	xiá	xiá
𢈚	lǚ	lǚ
𢈛	kùn	kùn
𢈜	zāng	zāng
𢈝	qiú	qiú
𢈠	cù	cù|là
𢈡	zuī	zuī
𢈢	lǒu	lǒu
𢈤	xiá	xiá
𢈯	shēn	shēn
𢈲	pú	pú
𢈴	jīng	jīng
𢈵	qiāng	qiāng
𢈶	yì	sī|yì
𢈸	niè	niè
𢈹	duī	duī|tuí
𢈻	jié	jié
𢈼	suì	suì
𢈽	zhàn	zhàn
𢈾	cōu	cōu
𢉁	bēng	bēng
𢉂	guān	guān
𢉃	shě	shě
𢉅	jìn	jìn
𢉆	dì	dì
𢉑	dān	dān
𢉓	nǎi	nǎi
𢉕	nóu	nóu
𢉗	jí	jí
𢉘	yán	yán
𢉚	nòu	nòu
𢉜	dù	dù|tú
𢉝	wèi	wèi
𢉞	piān	piān
𢉢	hú	hú
𢉤	jià	jià
𢉥	yè	yè
𢉦	jǔn	jǔn
𢉧	lán	lián|lán
𢉨	là	là
𢉩	yīn	yīn
𢉭	tuí	tuí
𢉵	nǎo	nǎo
𢉺	zǔ	zǔ
𢉿	mà	mà
𢊀	sī	mà|sī
𢊁	zhì	zhì
𢊄	huī	huī
𢊅	zhuì	zhuì
𢊇	huì	huì
𢊍	chú	chú
𢊏	chè	chè
𢊒	xiū	xiū
𢊓	lán	lán
𢊕	cōng	cōng
𢊖	shèn	shèn
𢊗	mò	mò
𢊘	yī	yī
𢊙	yáo	yáo
𢊚	xǐ	xǐ
𢊛	zuǐ	zuǐ
𢊜	bìng	bìng
𢊧	yú	yú
𢊩	lù	lù
𢊮	tuí	tuí
𢊯	wěi	wěi
𢊱	fén	fén
𢊲	shěn	shěn
𢊻	liáo	liáo
𢋂	shǔ	shǔ
𢋃	dǎn	dǎn
𢋄	juǎn	juǎn
𢋅	yú	yú
𢋆	xìn	xìn
𢋇	yáo	yáo
𢋈	sū	sū
𢋒	huó	huó
𢋔	qiān	qiān
𢋚	má	má
𢋝	kǎi	kǎi
𢋡	lǔ	lǔ
𢋣	yōu	yōu
𢋮	xiàn	xiàn
𢋹	wú	wú
𢋻	yǐn	yǐn
𢋼	xī	xī
𢋿	zhāi	zhāi
𢌀	xiè	xiè
𢌄	qú	qú
𢌈	lí	lí
𢌍	qiān	qiān
𢌔	líng	líng
𢌕	luán	luán
𢌚	chān	chān
𢌦	zhèng	zhèng
𢌨	yán	yán
𢌲	yìn	yìn
𢌳	kuí	kuí
𢌷	qū	qū
𢌹	fú	fú
𢌻	yù	yù
𢍁	qí	bì|qí
𢍆	qì	qiè|qì
𢍇	jì	jì
𢍈	yuān	yuān|zàng
𢍎	gào	gào
𢍏	juàn	juàn
𢍑	qí	qí
𢍓	gǎi	gǎi
𢍕	quàn	quàn
𢍚	wèi	wèi
𢍧	zhì	zhì
𢍫	jiǎn	jiǎn
𢍭	sì	sì
𢍰	yì	yì|zé
𢍱	qiān	qiān
𢍼	lì	lì
𢍿	zāng	zāng
𢎀	yì	yì
𢎂	cái	cái
𢎃	yì	yì
𢎄	gē	gē
𢎆	dié	dié
𢎈	zhī	zhī
𢎉	yì	yì
𢎋	zāi	zāi
𢎌	dài	dài
𢎎	sù	sù
𢎔	jié	jié
𢎕	chèn	chèn
𢎖	qú	qú
𢎘	hàn	hàn
𢎙	xián	xián
𢎠	quán	juàn|quán
𢎡	jié	jié
𢎥	juàn	juàn
𢎪	dàn	dàn
𢎭	jīn	jīn
𢎴	bīng	bīng
𢎵	hú	hú
𢎹	jué	jué
𢎻	yú	yú
𢏃	lǐ	lǐ
𢏄	qiáng	qiáng
𢏅	shuǐ	shuǐ
𢏆	kū	kū
𢏈	zhěn	zhěn
𢏍	fú	fú
𢏎	shēn	shēn
𢏒	chuí	chuí
𢏕	tóng	tóng
𢏗	yì	yì
𢏙	yáng	yáng
𢏜	tuó	tuó
𢏝	zhōu	zhōu
𢏞	jí	jí
𢏤	xùn	xùn
𢏦	shěn	shěn
𢏧	xuān	xuān
𢏭	liú	liú
𢏮	yuān	yuān
𢏯	hú	hú|shǐ
𢏰	zhèng	zhèng
𢏳	pēng	bēng|pēng
𢏷	jué	jué
𢐂	zhì	zhì
𢐃	piān	piān
𢐄	yuàn	yuàn
𢐆	jiān	jiān
𢐊	páng	páng
𢐎	zhuàn	zhuàn
𢐐	xián	xián
𢐒	bēng	bēng
𢐔	cōng	cōng
𢐖	mò	mò
𢐚	guó	guó
𢐞	chéng	chéng
𢐟	qiāo	qiāo
𢐦	bì	bì
𢐩	qiǎng	qiǎng
𢐫	zhōu	zhōu
𢐲	fán	fán
𢐳	biē	biē
𢐾	bó	bó
𢐿	rǒng	rǎng|rǒng
𢑅	dǐng	dǐng
𢑆	quán	quán
𢑇	jiù	jiù
𢑈	yáo	yáo
𢑓	xiá	xiá
𢑖	zǎo	zǎo
𢑝	dān	dān
𢑟	wǔ	wǔ
𢑠	tuó	tuó
𢑢	hū	hū
𢑧	xī	xī
𢑬	lái	lái
𢑮	fēi	fēi
𢑹	hú	hú
𢒆	xiān	xiān
𢒉	shǎn	shǎn
𢒍	fèi	fèi
𢒐	cuò	cuò
𢒒	fú	fú
𢒔	chù	chù
𢒝	diū	diū
𢒞	làn	làn
𢒩	xǐ	xǐ
𢒯	biāo	biāo
𢒰	yù	yù
𢒱	suì	suì
𢒲	xǐ	xǐ
𢒷	póu	póu
𢒹	shǎn	shǎn
𢒾	jiào	jiào
𢓀	yì	yì
𢓃	wán	wán
𢓄	jǐ	jǐ
𢓆	wán	wán
𢓇	tuì	nà|tuì
𢓋	àng	àng
𢓍	tiān	tiān
𢓎	chí	chí
𢓒	rán	rán
𢓔	sà	sà
𢓕	yín	yín
𢓖	pī	pī
𢓗	cǐ	cǐ
𢓘	tóng	tóng|tāo
𢓙	yǐn	yǐn
𢓜	gé	gé
𢓝	tiāo	tiāo
𢓞	zhēng	zhēng
𢓟	zhòu	zhòu
𢓡	yí	tí|yí
𢓢	kuà	kuà
𢓣	sōng	sōng
𢓧	dì	dì
𢓬	xié	xié
𢓮	xiāo	xiāo
𢓯	guàng	guàng|wǎng
𢓰	tuǒ	tuǒ
𢓱	fēng	fèng|fēng
𢓲	wú	hú|wú
𢓵	xiù	xiù
𢓿	yóu	yóu
𢔁	líng	líng
𢔂	yàn	yàn
𢔅	dōng	dōng
𢔆	qì	qì
𢔇	táo	táo
𢔈	hán	hán
𢔊	chí	chí
𢔋	sōng	sōng
𢔑	quǎn	quǎn
𢔔	hàn	hàn|jí
𢔟	rǒu	niǔ|rǒu
𢔠	qì	qì
𢔡	kāi	kāi
𢔢	yú	yú
𢔣	chā	chā|shà
𢔤	chèng	chèng
𢔥	yù	yù
𢔧	bìng	bìng
𢔩	cōng	cōng|sǒng
𢔪	zhū	zhū
𢔬	yù	yù
𢔱	jué	jué|què
𢔲	liù	liù
𢔳	sāo	sāo
𢔴	yù	yù
𢕅	shuài	shuài
𢕋	yuàn	yuàn
𢕎	zhāng	zhāng
𢕑	shuài	shuài
𢕓	chǔ	chǔ
𢕔	zhāng	zhàng|zhāng
𢕕	sǎn	sàn|sǎn
𢕖	xiān	xiān
𢕘	cuī	cuī
𢕙	měng	měng
𢕚	dí	dí
𢕞	zhì	zhì
𢕟	ào	ào
𢕦	xiū	xiū
𢕨	pián	pián
𢕪	jiào	jiào
𢕫	kuǎn	kuǎn
𢕬	sà	sà
𢕭	xiàn	xiàn
𢕮	zhà	zhà
𢕯	diàn	diàn
𢕷	yí	yí
𢕺	huì	huì
𢕻	shàn	shàn
𢖄	chóng	chóng
𢖅	yí	yí
𢖆	xiè	xiè
𢖇	zhì	zhì
𢖈	tiào	tiào
𢖊	pīng	pīng
𢖋	xián	xián
𢖎	xiān	xiān
𢖏	sù	sù
𢖑	cuán	cuán
𢖗	sǒng	sǒng
𢖛	hēi	hēi
𢖝	xiàn	xiàn
𢖟	yóu	yóu
𢖡	yù	yù
𢖤	tái	tái
𢖦	jué	jué
𢖧	nàng	nàng
𢖩	diān	diān
𢖫	yì	yì
𢖬	bì	bì
𢖳	xū	xū
𢖴	yì	yì
𢖵	rù	rù
𢖷	gōng	gōng
𢖺	yì	yì
𢖿	zhì	zhì
𢗀	xīn	xīn
𢗂	jì	jì
𢗄	xià	xià
𢗈	zhāo	zhāo
𢗉	nè	nè
𢗊	xiè	jiá|xiè
𢗎	yì	yì
𢗓	yǔ	yǔ
𢗫	fǔ	fǔ
𢗭	shè	shè
𢗯	yuán	yuán
𢗰	fǎn	fǎn
𢗲	fū	fū
𢗳	wù	wù
𢗴	xī	xī
𢗵	hǒng	hǒng
𢗹	jì	jì
𢗺	chàng	chàng
𢗿	mò	mò
𢘀	pèi	pèi
𢘃	mú	mú|wǔ
𢘄	qiú	qiú
𢘅	mào	mào|róu
𢘇	dá	dàn|dá
𢘉	xiá	xiá
𢘊	shēn	shēn
𢘋	tè	tè
𢘌	hóng	hóng
𢘍	bì	bì|fú
𢘙	lǒng	lǒng
𢘝	nǐ	nǐ
𢘟	qiáo	qiáo
𢘧	ruǎn	ruǎn
𢘸	jiàng	jiàng
𢘹	chā	chā
𢘺	mǐ	mí|mǐ
𢘽	yì	yì
𢘿	suō	suō
𢙁	wù	wù
𢙂	xuān	xuān
𢙅	xí	xí
𢙇	yǐ	yǐ
𢙐	náo	náo
𢙑	mái	mái
𢙒	xiāo	xiāo
𢙓	wèi	wèi
𢙮	kàn	kàn
𢙱	lòng	lòng
𢙲	lǚ	lǚ
𢙳	zhuǎng	zhuǎng
𢙺	zhì	zhì
𢙼	xìng	xìng
𢙾	gěng	gěng
𢙿	jìn	jìn
𢚀	xiàn	xiàn
𢚁	jì	jì
𢚂	cuò	cuò
𢚄	láo	láo
𢚅	fěn	fěn
𢚆	jù	jù
𢚋	miào	miào
𢚌	xiá	xiá
𢚑	sù	sù
𢚨	zhì	zhì
𢚪	hù	hù
𢚫	kòu	kòu
𢚭	suǒ	suǒ
𢚮	nì	nì
𢚺	tēng	tēng
𢚻	zhù	zhù
𢛁	dá	chè|dá
𢛃	qiú	qiú
𢛄	yà	yà
𢛆	xián	xián
𢛉	nèi	nèi
𢛍	zhǐ	zhǐ
𢛎	bié	bié
𢛒	chǒng	chǒng
𢛓	lán	lán
𢛔	dōng	dōng
𢛕	qūn	qūn
𢛖	xiàng	xiàng
𢛘	xiáo	xiáo
𢛙	wǎn	wǎn
𢛚	rù	rù
𢛛	wàng	wàng
𢛜	nì	nì
𢛞	bāi	bāi
𢛟	yà	yà
𢛥	sī	sī
𢛦	yǐn	yǐn
𢛨	yù	yù
𢛮	lí	lí
𢛯	huò	huò
𢜗	bàng	bàng
𢜣	xī	xī
𢜥	jiū	jiū
𢜨	xiè	dié|xiè
𢜩	qiān	qiān
𢜪	nuò	nuò|ruò
𢜫	xǐng	xǐng
𢜬	duó	duó
𢜭	jǐ	jǐ
𢜮	wǔ	wǔ
𢜯	mú	móu|mú|mǔ
𢜰	yàn	yàn|yǎn
𢜱	qì	qì
𢜲	ná	ná
𢜳	chì	chì
𢜴	hóu	hóu
𢜶	sào	sào
𢜸	náo	náo
𢜻	chěng	chěng
𢜼	chěng	chěng
𢜽	kuǐ	kuí|kuǐ
𢜿	jià	jià
𢝀	tú	tú
𢝁	hōng	hōng
𢝂	dú	dú
𢝅	xiá	xiá
𢝆	zhòng	zhòng
𢝇	huò	huò
𢝈	chóng	chóng
𢝉	dá	dá
𢝌	mào	mào
𢝍	yào	yào
𢝓	juān	juān
𢝬	shì	shì
𢝯	yín	yín
𢝳	gǔ	gǔ
𢝴	wù	wù
𢝸	guò	guò
𢝹	tì	tì
𢝻	hū	hū
𢞇	rě	rě
𢞉	yí	yí
𢞋	tǔn	tǔn
𢞏	qióng	qióng
𢞐	hài	hài
𢞒	qì	qì
𢞕	huò	huò
𢞖	tì	tì
𢞗	pī	bī|pī
𢞚	gěng	gěng
𢞜	xiè	xiè
𢞞	mì	mì|mí
𢞟	gào	gào
𢞠	tā	tā
𢞡	xiǎng	xiǎng
𢞣	shū	shū
𢞦	fú	fú
𢞬	zhuān	zhuān
𢞭	liù	liù
𢟅	yóu	yóu
𢟊	chěng	chěng
𢟋	duī	duī
𢟢	lí	lí
𢟣	yàng	yàng
𢟤	lí	lí
𢟧	lǔ	lǔ
𢟨	mǔ	mǔ
𢟩	suì	suì
𢟪	ài	xì|ài
𢟭	kòu	kòu
𢟯	zhé	shì|zhé
𢟰	ài	ài
𢟱	téng	téng
𢟳	lǜ	lǜ
𢟴	tuí	tuí
𢟵	bī	bī
𢟼	méng	méng
𢟾	huì	huì
𢟿	huán	huán
𢠛	kuò	kuò
𢠝	xīn	xīn
𢠡	sào	sào
𢠫	shù	shù
𢠬	què	què
𢠭	bā	bā
𢠮	tuì	tuì
𢠲	fù	fù
𢠳	biē	biē
𢠵	tǎng	tǎng
𢠷	xiàng	xiàng
𢠹	sī	sī|xī
𢠺	bó	bó
𢠼	mái	mái
𢠽	dàng	dàng
𢠿	guì	guì
𢡀	hēi	hēi
𢡁	xī	xī
𢡂	dàng	dàng
𢡃	yì	yì
𢡅	bī	bī
𢡇	gū	gū
𢡈	cuì	cuì
𢡉	sè	sè
𢡍	gé	gé
𢡎	yù	yù
𢡏	nǎ	nǎ
𢡑	lì	lì
𢡒	zhì	zhì
𢡰	zhào	zhào
𢡴	jī	jī
𢡵	ruǎn	ruǎn
𢡹	chòng	chòng
𢢂	jié	jié
𢢌	chàng	chàng
𢢍	zhé	zhé
𢢒	sù	sù|sū
𢢓	yōng	yōng
𢢖	qì	qì
𢢗	zhuó	zhuó
𢢚	kài	kài
𢢜	yè	yè
𢢞	qì	jì|kuài|qì
𢢹	xiòng	xiòng
𢣉	yī	yī
𢣊	chǒu	chǒu
𢣎	tuǎn	tuǎn
𢣏	ài	ài
𢣐	pīn	pīn
𢣓	liè	liè
𢣔	mián	mián
𢣕	ài	chī|ài
𢣗	mǒ	mǒ
𢣘	wèi	wèi
𢣙	yìng	yìng
𢣚	nǐ	nǐ
𢣞	bó	bó
𢣠	liù	liù
𢣳	ruì	ruì
𢣻	lǘ	lǘ
𢣼	chá	chá
𢣿	chù	chù
𢤁	sào	sào
𢤂	lí	lí
𢤄	sōng	sōng
𢤆	lì	là|lì
𢤋	xì	xì
𢤍	yān	yān
𢤎	cuō	cuō|zuǒ
𢤐	liú	liú
𢤘	méng	méng
𢤚	zhàn	zhàn
𢤤	zhuàng	zhuàng
𢤧	miǎo	miǎo
𢤩	lì	lì
𢤫	jǔ	jǔ
𢤯	xiè	xiè
𢤰	xiè	xiè
𢤱	lǒng	lǒng
𢤲	lóng	lóng
𢥂	téng	téng
𢥃	zhù	zhù
𢥋	chán	chán
𢥌	xiǎn	xiǎn
𢥏	yíng	yíng
𢥐	pèi	pèi
𢥘	xié	xié
𢥚	jiào	jiào
𢥞	chōng	chōng
𢥳	hē	hē
𢥽	tǔn	tǔn
𢦅	hǒng	hǒng|zhuàng
𢦈	mán	mán
𢦊	jīn	jīn
𢦌	qú	qú
𢦍	dǒu	dǒu
𢦎	qiú	qiú
𢦏	zāi	zāi
𢦑	shēng	shēng
𢦒	zāi	zāi
𢦕	yǐ	yǐ|zhí
𢦚	huà	huà
𢦟	kān	kān
𢦰	yuè	yuè
𢦱	nì	nì
𢦲	sī	sī
𢦴	wǒ	wǒ
𢦸	cán	cán
𢦺	jiān	jiān
𢦼	miè	miè
𢦽	sháo	qī|sháo
𢦿	rǒng	rǒng
𢧀	gān	gān
𢧅	qiáng	qiáng
𢧇	shú	shú
𢧈	zhuó	zhuó
𢧏	shī	shī
𢧐	zhàn	zhàn
𢧑	tì	tì
𢧖	zhá	zhá
𢧗	zhān	zhān
𢧝	fèn	fèn
𢧞	miè	miè
𢧠	zè	zè
𢧤	zhì	zhì
𢧥	qiān	qiān
𢧦	hàn	hàn
𢧧	gé	gé
𢧮	cán	cán
𢧰	guó	guó
𢧱	jiāo	jiāo
𢧳	yōng	yōng
𢧴	áo	áo
𢧻	zhá	zhá
𢧽	xì	xì
𢨁	xū	xū
𢨂	wǔ	wǔ
𢨏	jué	jué
𢨐	jī	jí|jī
𢨒	chì	chì
𢨔	wǎn	wǎn
𢨖	miè	miè
𢨗	zéi	zéi
𢨜	jié	jié
𢨝	shí	shí
𢨟	xī	xì|xī
𢨡	è	è
𢨥	hù	hù
𢨦	hù	hù
𢨨	lì	lì
𢨫	chù	chù
𢨮	yī	yī
𢨯	mǎo	mǎo
𢨰	xū	xū
𢨱	zhōng	zhōng
𢨳	yì	yì
𢨺	liáo	liáo
𢨿	jiān	jiān
𢩀	jiǎn	jiǎn
𢩁	jú	jú
𢩄	zhù	zhù
𢩈	wǔ	wǔ
𢩏	kè	kè
𢩐	kě	kě
𢩑	lì	lì
𢩒	bǐ	bǐ
𢩓	gé	gé
𢩕	xū	xū
𢩖	shā	shā
𢩗	líng	líng
𢩘	kē	kē
𢩞	bó	bó
𢩟	biān	biān
𢩠	shuān	shuān
𢩡	qí	qí
𢩢	shàn	shàn
𢩦	jī	jī
𢩨	qiǎo	qiǎo|xiǔ
𢩮	yì	yì
𢩯	jué	jué
𢩰	zhǎng	zhǎng
𢩲	xìn	xìn
𢩷	tuō	tuō
𢩸	hài	hài
𢩹	xià	xià
𢩻	tuó	tuó
𢩼	yí	yí
𢪃	cù	cù
𢪇	jiāng	jiāng
𢪈	nán	nán
𢪋	pěng	bàng|féng|pěng
𢪍	jié	jié|jiā
𢪎	xuē	xuē
𢪏	hú	gǔ|hú
𢪓	yú	yú
𢪥	yǒu	yǒu
𢪦	nǔ	nǔ
𢪧	yè	yè
𢪪	yìn	yìn
𢪬	kǒng	kǒng
𢪶	xiāo	xiāo
𢪷	xiāng	xiāng
𢪼	náo	náo
𢪾	zhàng	zhàng
𢫐	jié	jié
𢫓	nǔ	nǔ
𢫔	shàn	quán|shàn
𢫘	lú	lú
𢫢	jiá	jiá
𢫧	zhǒu	zhǒu
𢫨	rǒng	rēng|rǒng
𢫫	lù	lù
𢫬	sà	cuō|shā|sà
𢫭	nù	nù
𢫯	bó	bó
𢫰	zhé	zhé
𢫲	qǐn	qǐn
𢫴	cī	cī
𢫵	zú	zú
𢫷	wǒ	wǒ
𢫸	wǔ	wū|wǔ
𢫻	nié	nié
𢫿	xiān	xiān
𢬀	hóng	hóng
𢬍	yè	yè
𢬫	tìng	tìng
𢬬	jǐn	jǐn
𢬱	jié	jié
𢬲	hè	hè
𢬳	tū	tū
𢬴	zhé	dié|niè|zhé
𢬵	pīn	biàn|fān|pān|pīn
𢬶	jìn	jìn
𢬷	nàn	nàn
𢬼	dùn	dùn
𢬾	xī	xī
𢬿	xiè	xiè
𢭁	xì	xì
𢭂	láo	láo
𢭃	duǎn	duǎn|dòu
𢭄	jì	jì
𢭅	chā	chā
𢭆	chōu	chōu
𢭈	gāng	gāng
𢭎	xiáng	xiáng
𢭏	dǎo	dǎo
𢭥	biàn	biàn
𢭦	xiāo	xiāo
𢭧	xīn	xīn
𢮁	yǔ	yǔ
𢮂	xián	xián
𢮃	lí	lí
𢮄	qiǎn	qiǎn
𢮇	měi	měi
𢮉	qiāo	qiāo
𢮊	yà	yà
𢮌	qiā	jié|qiā
𢮍	qiòng	qiòng
𢮏	bàng	bàng
𢮐	zhēng	zhēng
𢮚	zè	zè
𢮛	shuàn	shuàn|tuán
𢮞	sào	sào
𢯅	lù	jué|lù
𢯉	xié	xié
𢯋	fǔ	fǔ
𢯌	zhài	zhài
𢯩	zè	zè
𢯫	duàn	duàn|wǎn
𢯭	dèng	dèng
𢯮	yù	yù
𢯰	lǜ	lǜ
𢯲	wàn	wàn
𢯳	xué	xué
𢯴	jiǎo	jiǎo
𢯵	yuě	yuě
𢯶	zhì	zhì
𢯷	wěi	huī|wěi
𢯹	gé	gé
𢯺	jǔ	jǔ
𢯼	yǎn	yǎn
𢯽	cuò	cuò
𢯾	mào	mào
𢰆	fú	fú
𢰇	āi	āi
𢰊	xuān	xuān
𢰌	gāng	gāng
𢰍	ān	ān
𢰒	jí	jí
𢰘	pí	pí
𢰙	zhǐ	zhǐ
𢰜	nuó	nuó
𢰿	pàn	pàn
𢱁	yí	yí
𢱄	jié	jié
𢱆	zī	zī
𢱈	jià	jià
𢱉	wǎi	wǎi
𢱌	jià	jià
𢱟	chǎn	chī|chǎn
𢱡	suǒ	suǒ
𢱢	suǒ	suǒ|sè
𢱣	jí	jí
𢱤	sǒng	sǒng
𢱦	tī	tī
𢱧	pī	pī
𢱨	pó	pó
𢱮	mì	mì
𢱴	yè	yè
𢱶	qìn	qìn
𢱷	jìn	jìn
𢱺	juē	juē
𢱽	yuān	yuān
𢱾	ruán	ruán
𢲔	bàn	bàn|bān|pān
𢲰	bīn	bīn
𢲴	wèi	wèi
𢲵	zào	zào
𢲶	qiè	qiè
𢲷	sōu	sōu
𢲸	lǔ	lǔ
𢲼	dié	dié
𢲽	chuāi	chuāi
𢲾	bì	bì
𢲿	zhú	zhú
𢳀	mā	mó|mā
𢳁	fèi	fèi
𢳂	piē	piē
𢳃	yìn	yìn
𢳄	xuàn	xuàn|xuán
𢳆	ào	ào|áo
𢳇	zhuó	zhuó|zú
𢳈	zú	zú
𢳋	bǐ	bǐ
𢳑	làng	làng
𢳓	tì	tì
𢳙	tiǎo	tiǎo
𢳚	jiān	jiān
𢳟	tǒng	tǒng
𢳽	duō	duō
𢳾	dòng	dòng
𢴂	biǎn	biǎn
𢴠	zhì	zhì
𢴢	fén	fén
𢴦	káng	káng
𢴧	zhì	zhì
𢴨	zhāi	chì|zhì|zhāi
𢴩	bì	bì
𢴪	kuǎn	kuǎn
𢴬	bàn	bàn
𢴭	juē	juē
𢴮	qū	qū
𢴰	qī	qī
𢴱	léi	léi
𢴲	xié	jié|xié
𢴳	tāng	tāng
𢴼	sōu	sōu
𢴾	bèi	bèi
𢵇	yàng	yàng
𢵈	jiǎn	jiǎn|zhǎn
𢵥	zào	zào
𢵮	lū	lū
𢶀	zhuài	chuái|zhuài
𢶃	fán	fán
𢶅	shé	shé
𢶇	qióng	qióng
𢶉	pò	pò
𢶋	tiě	tiě
𢶌	shā	shā
𢶍	zá	sà|zá
𢶑	niǎo	niǎo
𢶒	guài	guài
𢶓	cuǐ	cuǐ
𢶡	qiào	jiǎo|qiào
𢶣	dié	dié
𢶳	pīn	pīn
𢶴	cí	cí
𢶶	bàng	bàng
𢷍	yìn	yìn
𢷑	xiǎn	xiǎn
𢷔	yǐ	yǐ
𢷕	miǎo	miǎo
𢷖	duǎn	duǎn
𢷗	zhòu	zhòu
𢷙	kōng	kōng
𢷢	zhāng	zhāng
𢷶	liú	liú
𢷸	zhǐ	zhǐ
𢷹	chǎn	chǎn
𢷺	dú	dú
𢷻	yuán	yuán
𢷾	suò	cè|suò
𢷿	jié	jié
𢸀	lì	lì
𢸁	gǒng	gǒng
𢸌	bāng	bāng
𢸗	guó	guó
𢸘	liáo	liáo
𢸙	shěn	shěn
𢸣	niǎo	niǎo
𢸥	cuàn	cuàn
𢸦	wěi	wěi
𢸨	tuō	tuō
𢸫	sū	sū
𢸭	lóng	lóng
𢸳	xiāo	xiāo
𢸴	yǎn	yán|yǎn
𢹃	qǐng	qǐng
𢹍	xī	xī
𢹏	yú	yú
𢹑	zhèng	zhèng|zhēng
𢹒	xiè	xiè
𢹓	chāi	chāi
𢹔	fèn	fèn
𢹖	guó	guó
𢹘	jǐng	jǐng
𢹙	làn	làn
𢹚	xiān	xiān
𢹝	líng	líng
𢹮	lěi	lěi
𢹲	jùn	jùn
𢹳	xiào	xiào
𢹼	zá	zá
𢺄	guān	guān
𢺅	qiè	qiè
𢺆	luò	luò
𢺇	yào	yào
𢺈	luán	luán
𢺉	tà	tà
𢺑	luò	luò
𢺞	bǎ	bǎ
𢺟	chàn	chàn
𢺡	zhuó	zhuó
𢺫	tiǎo	tiǎo
𢺯	wān	wān
𢺰	líng	lìng|líng
𢺴	yù	yù
𢺵	qì	qì|qǐ
𢺷	qí	qí
𢺼	jì	jì
𢺽	bó	bó|jiào
𢺿	shī	shī
𢻀	fǔ	fǔ
𢻂	guī	guī
𢻅	diǎn	diǎn
𢻇	hāo	hāo
𢻉	gǎi	gǎi
𢻋	qí	qí
𢻓	chéng	chéng
𢻔	huì	huì
𢻗	xiá	guī|xiá
𢻘	shí	shí
𢻙	zhì	zhì
𢻚	qí	qí
𢻜	hài	hài
𢻟	jiǎo	jiǎo
𢻠	lì	lì
𢻢	liǎo	liǎo
𢻤	qiāo	qiáo|qiāo
𢻨	sà	sà
𢻪	qī	qī
𢻫	shī	shī
𢻮	jié	fú|jié
𢻵	bèi	bèi|lù
𢻶	biān	biān
𢻷	bā	bā
𢻸	jūn	jūn
𢻹	pī	pī
𢻼	dǎn	dǎn
𢻿	táng	táng
𢼀	kuǐ	kuǐ
𢼁	kū	kū
𢼃	kǒu	kǒu
𢼉	shī	shī
𢼊	shī	shī|tuó
𢼋	jī	jī
𢼌	bào	bào
𢼐	kě	kě
𢼑	kuāng	kuāng
𢼖	mǐn	mǐn
𢼙	liáo	liáo
𢼚	è	è
𢼛	gé	guó|gé|è
𢼟	wǎng	wǎng
𢼠	duó	duó
𢼣	qià	qià
𢼤	huá	huá
𢼦	hǒng	hǒng
𢼩	pēng	pēng
𢼫	jiào	jiào
𢼰	qū	qū
𢼱	zì	zì
𢼲	zhòu	zhòu
𢼳	kuāng	kuāng
𢼵	shā	shā
𢼷	jì	jì
𢼸	wēi	wéi|wēi
𢼹	pū	bǔ|pū
𢼺	xué	xué
𢼼	shāo	shāo
𢽂	láng	láng
𢽃	zhǐ	zhǐ
𢽄	tǐng	tǐng
𢽇	dà	dà
𢽕	yáng	yáng
𢽖	jìn	jìn
𢽗	zhǐ	zhǐ
𢽚	zhuó	dū|zhuó
𢽜	zá	zá
𢽝	chán	chán
𢽢	mào	mào
𢽦	kōng	kōng
𢽧	zhōu	zhōu
𢽨	hū	hū
𢽩	pēng	pēng
𢽭	jiù	jiù
𢽸	chuò	chuò
𢽹	mǐn	mǐn
𢽾	xiào	xiào
𢾀	dǔ	dǔ
𢾁	wéi	wéi
𢾃	cán	cán
𢾄	yú	yú
𢾅	dù	dù
𢾆	kāi	kāi
𢾇	pì	pì
𢾊	chéng	chéng
𢾎	chǔn	chǔn
𢾐	shǎo	shǎo
𢾑	yǎn	yǎn
𢾒	kuài	kuài
𢾔	yuē	yuē
𢾦	qí	qí
𢾧	zhēng	zhēng
𢾩	kè	kè
𢾪	qí	qí
𢾫	zhǐ	zhǐ
𢾬	lù	lù
𢾱	pī	pī
𢾲	nuò	nuò
𢾳	pǎo	pǎo
𢾺	fěi	fěi
𢾿	wén	wén
𢿂	méng	méng
𢿈	shǎn	shǎn
𢿌	xiòng	xiòng|xuàn
𢿎	duò	duò
𢿏	biào	biào|pāo
𢿚	yōu	yōu
𢿜	màn	màn
𢿞	liǎo	liǎo
𢿡	xié	xié
𢿢	luàn	luàn
𢿣	qiāo	qiāo
𢿤	dèng	dèng
𢿦	chéng	chéng
𢿧	chéng	chéng
𢿭	chuò	chuò
𢿸	cè	cè
𣀀	léi	léi
𣀁	zhǎn	zhǎn
𣀂	lǐ	lǐ
𣀃	lián	lián
𣀄	qún	qún
𣀍	chén	chén
𣀏	chéng	chéng
𣀐	gū	gū
𣀒	zòng	zòng
𣀓	chóu	chóu|dǎo
𣀔	chuàn	chuàn|chuò
𣀜	lèi	lèi
𣀝	shuò	shuò
𣀞	lǜ	lǜ
𣀣	fú	fú
𣀥	lì	lì
𣀧	sàn	sàn
𣀫	sān	sān
𣀯	sà	sà
𣀳	niè	niè
𣀶	zuān	zuān
𣀷	lǐ	lí|lǐ
𣀻	shǔ	shǔ|zhǔ
𣀾	fú	fú
𣁉	bì	bì
𣁍	dào	dào
𣁒	shī	shī
𣁖	gàn	gàn
𣁗	tàn	tàn
𣁜	màn	màn
𣁟	lí	lí
𣁢	bì	bì
𣁦	pán	pán
𣁨	yōu	yōu
𣁭	jiū	jiū
𣁯	guō	guō
𣁰	liáo	liáo
𣁳	wò	wò
𣁴	qià	qià
𣁵	dǒu	dǒu
𣁷	liè	liè
𣁹	jiǎo	jiǎo
𣁻	liè	liè|luō
𣂁	tiāo	qiāo|tiāo
𣂄	guō	guō
𣂆	pāng	pāng
𣂇	qiāo	qiāo
𣂉	dí	dí
𣂊	yùn	yùn
𣂒	lè	lè
𣂖	sī	sī
𣂗	xīn	xīn
𣂜	xīn	xīn
𣂝	xiàng	xiàng
𣂞	luǒ	luǒ
𣂤	bēng	bēng
𣂥	tiāo	qiāo|tiāo
𣂬	xiào	xiào
𣂮	dōu	dōu|tóu
𣂳	dàng	dàng
𣂴	tíng	tíng
𣂵	zhuàn	zhuàn
𣂻	ōu	kōu|ōu
𣂽	wò	wò
𣃁	zhú	zhú
𣃄	xīn	xīn
𣃅	ruǎn	ruǎn
𣃈	zhuó	zhuó
𣃉	dàng	dàng
𣃍	cuì	chà|cuì
𣃑	zhuó	zhuó
𣃗	cóng	cóng
𣃘	chǎn	chuáng|chǎn
𣃝	yǎng	yǎng
𣃧	yǎn	yǎn
𣃳	yǎn	yè|yǎn
𣃵	zhèn	shēn|zhèn
𣃽	nuǒ	nuǒ
𣃾	yàn	yàn
𣄅	fǎng	fǎng
𣄉	yǎn	yǎn
𣄊	yú	yú
𣄍	tí	tí
𣄎	fù	fù
𣄏	běn	běn
𣄑	yǎn	yǎn
𣄓	huī	huī
𣄙	huǎng	huǎng
𣄜	guì	guì
𣄝	yàn	yàn
𣄟	hú	hú
𣄠	biāo	biāo
𣄧	suì	suì|wéi
𣄮	zì	zì
𣄯	jì	jì
𣄰	ě	ě
𣄱	jì	jì
𣄲	kuǐ	kuǐ
𣄴	liàng	liàng
𣄸	huò	huò
𣄺	wéi	wéi
𣄻	zhuō	zhuō
𣄿	tǐng	tǐng
𣅃	zǎi	zǎi
𣅄	yòu	yòu
𣅉	rèn	rèn
𣅍	miàn	bīng|miàn
𣅚	nà	niǔ|nà
𣅝	tū	tū
𣅟	dān	dān
𣅡	jué	jué
𣅤	xū	xū
𣅥	dī	dī
𣅰	xiàng	xiàng
𣅷	xiòng	xiòng
𣅺	yǒu	yǒu
𣅻	guǎ	guǎ|jiōng
𣅾	xī	xī
𣆈	hè	hè
𣆍	dǐng	dǐng
𣆐	lú	lú
𣆒	xú	xú
𣆔	zhòu	zhòu
𣆕	xiàn	xiàn
𣆖	huāng	huāng
𣆗	chā	chā
𣆘	shǐ	shǐ
𣆙	gàn	gàn
𣆚	nuǒ	chǐ|nuǒ
𣆛	àn	wǎn|àn
𣆟	xiē	jiē|xiē
𣆧	hào	hào
𣆲	qīn	qīn
𣆳	gěng	gěng
𣆴	shān	shān
𣆵	fú	fú
𣆽	zè	zè
𣇇	dàn	dàn
𣇖	diǎn	diǎn
𣇗	shēn	shēn
𣇙	zǔ	zǔ
𣇢	biē	biē
𣇦	chuí	chuí
𣇧	zhè	zhè
𣇨	dài	dài
𣇫	wǒ	wǒ
𣇬	qióng	qióng
𣇰	lín	lín
𣇲	hūn	hūn
𣇳	jī	jī
𣈅	cáo	cáo
𣈊	mù	mù
𣈍	dié	dié
𣈎	wèi	wèi
𣈠	biàn	biàn
𣈡	tǐ	tǐ
𣈣	yìng	yìng
𣈥	tú	tú
𣈶	gèng	gèng
𣉄	chí	chí
𣉅	còu	còu
𣉆	tǐ	tǐ
𣉒	huò	huò
𣉓	qī	qī
𣉔	sāo	sāo
𣉕	sàng	sàng
𣉖	xuǎn	xuǎn
𣉗	àng	àng
𣉘	nài	nài
𣉚	yáng	yáng
𣉛	shū	shū
𣉜	shā	shā
𣉡	tǐng	tǐng
𣉩	yà	yà
𣉪	huǎng	huǎng
𣉮	bīn	bīn
𣉼	ài	ài
𣉾	òu	òu
𣉿	cáo	cáo
𣊁	áo	áo
𣊃	mào	mào
𣊔	méng	méng
𣊖	tiān	tiān
𣊝	sàng	sàng
𣊞	xù	xù
𣊟	kàn	kàn
𣊧	lǎng	lǎng|zhào
𣊶	biē	biē
𣊷	cóng	cóng
𣊺	xián	xián
𣋄	tūn	tūn
𣋉	yù	yù
𣋊	dàn	dàn
𣋋	yìng	yìng
𣋍	zhāo	zhāo
𣋏	pù	pù
𣋘	huì	huì
𣋞	ài	ài
𣋟	mǒ	mǒ
𣋢	jīng	jīng
𣋣	lán	lán
𣋲	liè	liè
𣋳	piǎo	bào|piǎo
𣋵	bó	bó
𣋶	qióng	qióng
𣋹	bì	bì
𣋿	yōng	yōng
𣌅	lì	lì
𣌍	niè	niè
𣌏	dé	dé
𣌓	huān	huān
𣌗	yuè	yuè
𣌚	chūn	chūn
𣌜	lì	lì
𣌞	zhāng	zhāng
𣌟	líng	líng
𣌠	chún	chún
𣌧	cè	cè
𣌨	xún	xún
𣌬	jǔ	jǔ
𣌭	hui	dá|hui
𣌾	tōng	tōng
𣍆	níng	níng
𣍇	jù	jù
𣍏	chà	chà
𣍖	zāo	zāo
𣍛	yù	yù
𣍟	kěn	kěn|wěi
𣍦	kuàng	kuàng
𣍧	fěi	fěi
𣍯	yùn	yùn
𣍰	qiǎn	qiǎn
𣍴	quán	quán
𣍸	pò	pò
𣍺	pěi	pěi
𣎄	gèng	gèng
𣎅	yì	huān|yì
𣎆	luò	luò
𣎑	kuān	kuān
𣎓	xuǎn	xuǎn
𣎔	niàn	niàn
𣎚	hú	hú
𣎛	jú	jú|xuè
𣎩	yè	yè
𣎮	xī	xī
𣎱	yuè	yuè
𣎲	tǎng	tǎng
𣎳	pìn	pìn
𣎴	dǔn	dǔn|ài|è
𣎵	bèi	bèi|pō
𣎸	liǎo	liǎo
𣏀	yǒng	yǒng
𣏎	yā	yā
𣏑	jiǎo	jiǎo
𣏔	kùn	kùn|kǔn
𣏖	zhèn	zhèn
𣏗	shù	shù
𣏚	shí	shí
𣏞	yóu	yóu
𣏟	pài	pài
𣏠	xiáo	xiáo
𣏡	jí	jí
𣏢	tuán	tuán
𣏶	qī	qī
𣏷	hé	hé
𣏺	kǒng	kǒng
𣐂	yè	yè
𣐃	chì	chì
𣐊	kǎo	jú|kǎo
𣐋	yuè	yuè
𣐎	wǎ	wǎ
𣐏	niǎn	niǎn
𣐑	cí	cí
𣐓	yí	yí
𣐕	jìng	jìng
𣐤	jiu	jiu
𣐫	yāng	yāng
𣐬	lí	lí
𣐮	dāi	dāi
𣐯	chóng	chóng
𣐵	yí	yí
𣐺	hàn	hàn
𣐿	yī	yī
𣑁	chòng	chòng
𣑂	hù	hù
𣑃	zhuǎ	zhuǎ
𣑝	tuán	tuán
𣑦	qióng	qióng
𣑧	duò	duò
𣑸	tóng	tóng
𣑹	xiān	xiān
𣑿	fú	fú
𣒂	diàn	diàn
𣒃	xí	xí
𣒄	xiē	xiē
𣒅	zhèn	zhèn
𣒆	qiào	qiào
𣒇	tū	tū
𣒌	guō	guō
𣒗	què	què
𣒷	hàn	hàn
𣒸	kuàng	kuàng
𣒹	suō	suō
𣒻	shòu	shòu
𣒼	tiáo	tiáo
𣓀	zhēn	zhēn|zhěn
𣓃	nèi	nèi
𣓅	qiǎn	qiǎn
𣓆	yín	yín
𣓈	liǎng	liǎng
𣓉	shà	jié|shà
𣓊	zì	zì
𣓋	pí	pí
𣓌	gāo	gāo|jú
𣓏	jìn	jìn
𣓐	yóu	yóu
𣓒	shàn	shàn
𣓔	mì	mì
𣓕	òu	òu
𣓗	hū	hū
𣓛	yòu	yòu
𣓝	měng	měng
𣓿	lào	lào
𣔐	zhǐ	zhǐ
𣔓	bǐ	bǐ
𣔗	shēn	shēn
𣔘	qì	qì
𣔙	xiān	xiān
𣔚	pán	pán
𣔛	kǎng	kǎng
𣔫	shuān	shuān
𣔬	pí	pí
𣔮	zāi	zāi
𣔯	zhǔ	zhǔ
𣔱	sōu	sāo|sōu
𣔲	jiǒng	jiǒng
𣔵	chán	chán
𣔶	fán	fàn|fán
𣔷	xiáo	xiáo
𣔸	yǐn	yǐn
𣔹	hóu	hóu
𣔺	mào	mào
𣔻	tú	chán|tú
𣔼	gān	gān
𣔽	jì	jì
𣕁	yí	yí
𣕃	yù	yù
𣕄	jiōng	jiōng
𣕅	pào	pào
𣕇	xiāo	xiāo
𣕉	gǒu	gǒu
𣕌	gōu	gōu
𣕍	sǔn	sǔn
𣕎	xiǎn	xiǎn
𣕏	zhuǎn	zhuǎn
𣕲	héng	héng
𣕾	chóu	bì|chóu
𣖄	qiāo	qiāo
𣖅	tí	tí
𣖆	yún	yún
𣖉	shān	shān
𣖊	liè	liè|lì
𣖌	zhǐ	zhǐ
𣖐	pāi	pāi
𣖣	jú	jú
𣖤	lái	lái
𣖨	zǐ	zǐ
𣖪	qú	qú
𣖫	gǔ	gǔ|què
𣖬	jué	jué
𣖭	zhí	zhí
𣖮	àng	àng
𣖯	qìn	qìn
𣖰	pí	pí
𣖱	zuī	zuī
𣖳	qián	qián
𣖵	cuó	cuó
𣖷	jí	jí
𣖸	tí	tí
𣖹	rú	rú
𣖻	hǎi	hǎi
𣖼	xún	xún
𣖾	bèi	bèi
𣖿	zhí	zhí
𣗁	dùn	dùn|zā
𣗊	mán	mán
𣗋	dǎng	dǎng
𣗐	réng	réng
𣗲	gān	gān
𣗵	gàng	gàng|gāng
𣗶	tà	tà
𣗸	tuò	tuò
𣗹	yàng	yàng
𣗺	kū	kū
𣗻	zhì	zhì
𣘐	jí	jí
𣘖	jiān	jiān
𣘗	nì	nì
𣘘	shēn	shēn|zhēn
𣘙	bàng	bàng
𣘚	shuài	shuài
𣘛	dōu	dōu
𣘝	qiān	qiān
𣘞	hán	hán
𣘟	qiā	qiā
𣘠	gǎn	gǎn
𣘣	chún	chún
𣘤	chá	chá|sà
𣘥	bì	bì
𣘦	yī	yī
𣘧	fū	fū
𣘨	ě	ē|ě
𣘪	láo	láo
𣘫	háo	háo
𣘬	lí	lí
𣘱	tè	tè
𣘲	shēn	shēn
𣘴	yín	yín
𣘷	jiān	jiān
𣘻	chá	chá|tú
𣙗	niè	niè
𣙘	còu	còu
𣙛	yí	yí
𣙟	táng	táng
𣙢	juàn	juàn
𣙰	chì	chì
𣙱	gǒu	gǒu
𣙴	jié	jié
𣙵	zhé	zhé
𣙶	hú	hú
𣙷	máng	máng
𣙻	zōu	zōu
𣙼	sì	cí|sì
𣙿	fèi	fèi
𣚀	zī	zī
𣚁	zī	zī
𣚃	jié	jié
𣚄	sī	sī
𣚆	chūn	chūn
𣚇	pào	pào
𣚋	yé	yé
𣚌	dī	dī|shì
𣚎	léi	léi
𣚏	xū	xū
𣚐	rú	rú
𣚒	pá	pá
𣚓	juàn	juàn
𣚔	xì	xì
𣚕	yè	yè|yǎn
𣚖	ān	ān
𣚘	yì	yì
𣚙	jiān	jiàn|jiān
𣚚	zhú	zhú
𣚜	sōng	sōng
𣚝	wǒ	wǒ
𣚟	sè	sè
𣚠	zhǐ	zhǐ
𣚡	bī	bī
𣚢	zhuàn	zhuàn
𣚦	jiàng	jiàng
𣚧	hào	hào
𣚩	chì	chì
𣚪	dùn	dùn
𣛓	bó	bó
𣛔	jí	jí
𣛕	chuǎ	chuǎ
𣛗	luò	luò
𣛚	ruǐ	ruǐ
𣛫	hú	hú
𣛱	dàn	dàn|lǎn
𣛴	hǎn	hǎn
𣛵	què	què
𣛶	shā	shā
𣛷	zhǎn	zhǎn
𣛸	zé	zé
𣛹	chuán	chuán|chuǎi
𣛺	qī	qī
𣛻	dié	dié
𣛽	zhà	zhà
𣛾	tòu	tòu
𣜁	cī	cī
𣜂	sà	sà
𣜄	luó	luó
𣜇	jí	jí
𣜢	luǒ	luǒ
𣜣	qín	qín
𣜧	qióng	qióng
𣜨	juàn	juàn
𣜬	ài	ài
𣜭	jiǎn	jiǎn
𣜹	tì	tì
𣜺	wén	wén
𣜽	qiāo	qiāo
𣝁	pái	bēi|pái
𣝂	hún	hún
𣝅	ài	ài
𣝇	shuò	shuò
𣝈	lián	lián
𣝉	duì	duì
𣝋	tà	tà
𣝌	jǐn	jǐn
𣝍	bì	bì
𣝎	yǎn	yǎn
𣝏	gào	gào
𣝐	piáo	piáo
𣝑	yù	yù|yú
𣝒	shè	shè
𣝕	jiān	jiān
𣝗	hú	hú
𣝚	liè	liè
𣝜	biàn	biàn
𣝝	sù	sù
𣝞	jiāo	jiāo
𣝸	zhuì	zhuì
𣝽	hān	hān
𣞇	dùn	dùn
𣞐	xiě	xiě
𣞑	méng	méng
𣞒	fū	fū
𣞓	lù	lù
𣞔	tàn	tàn
𣞗	liú	liú
𣞘	xiān	xiān
𣞙	sǎng	sǎng
𣞜	còu	còu
𣞝	zhuāng	zhuāng
𣞟	chēn	chēn
𣞰	liàn	liàn
𣞴	lí	lí
𣟀	pèng	pèng
𣟁	tuǒ	tuǒ
𣟄	tuò	tuò
𣟆	liáo	liáo
𣟇	xiào	xiào
𣟈	chuì	chuì
𣟉	huài	huài
𣟊	niǎo	niǎo
𣟋	qiān	qiān
𣟌	lì	lì
𣟏	pāo	pāo
𣟐	tiáo	tiáo
𣟑	liú	liú
𣟒	wú	wú
𣟤	yǐng	yǐng
𣟦	zhá	zhá
𣟰	yú	yú
𣟲	xiǎn	xiǎn
𣟳	xuán	xuán
𣟴	shuān	shuān
𣟵	xī	xī
𣟸	méi	méi
𣟹	sēn	sēn
𣟺	liàn	liàn
𣟼	jiū	jiū|qiāo
𣟽	lào	lào
𣠎	xiāo	xiāo
𣠏	zōu	zōu
𣠚	liú	liú
𣠜	zhào	zhào
𣠞	zhé	shè|zhé
𣠠	lěi	lěi
𣠭	duǎn	duǎn
𣠷	jiǎn	jiǎn
𣠸	shuān	shuān
𣠹	zuó	zuó
𣠺	qiè	qiè
𣠼	lǎo	lǎo
𣡉	yù	yù
𣡊	yì	yì
𣡋	nǐ	nǐ
𣡎	cén	cén
𣡕	yàn	yàn
𣡗	ruǎn	ruǎn
𣡞	yán	yán
𣡟	dié	dié
𣡠	mián	mián
𣡧	léi	léi
𣡩	wān	wān
𣡰	nǎ	nǎ
𣡶	yán	yán
𣡺	lěi	lěi
𣡽	shā	shā
𣡾	hū	hū
𣢁	xī	xī
𣢂	xī	xī
𣢄	yǒu	yōu|yǒu
𣢅	hān	hān
𣢇	hāi	hāi|xī
𣢉	wā	wā
𣢊	xù	xù
𣢋	pī	pī
𣢌	tān	tān
𣢍	xī	xī
𣢎	xī	xī
𣢏	bīn	bīn
𣢐	qīn	kēng|qīn
𣢑	xī	xī
𣢒	yú	yú
𣢓	xì	xì
𣢕	cì	cì
𣢖	qiàn	qiàn
𣢗	xiā	xiā
𣢚	wá	wá
𣢛	è	è
𣢜	yǒu	yōu|yǒu
𣢝	xìng	xìng
𣢞	ní	ní
𣢟	hán	hán|xián
𣢠	bì	bì
𣢡	shēng	shēng
𣢤	zhān	zhān
𣢥	diàn	diàn
𣢦	yǔ	yǔ
𣢨	ǒu	ǒu
𣢪	guǐ	guǐ
𣢫	wǎng	wāng|wǎng
𣢬	qiān	qiān
𣢭	yí	yí
𣢰	zú	zú
𣢲	qiān	qiān
𣢳	dìng	dìng
𣢴	kēng	kēng
𣢶	chù	chù
𣢷	yī	yī
𣢺	hān	hān
𣢻	kuǎn	kuǎn
𣣈	diàn	diàn
𣣉	xì	xì
𣣊	zī	zī
𣣋	líng	líng
𣣌	zì	sì|zì
𣣎	yù	yù
𣣏	hūn	hūn
𣣑	sǐ	sǐ
𣣒	kǎn	kǎn
𣣚	àn	àn
𣣜	yǒu	yǒu
𣣝	jí	jí
𣣞	hùn	hùn
𣣟	qiā	qiā
𣣠	hóu	hóu
𣣡	hóu	hóu
𣣣	diàn	diàn
𣣩	xiē	xiē
𣣭	shè	shè
𣣮	shà	shà
𣣲	xié	xié
𣣳	yáo	yáo|yǎo
𣣴	dà	dà
𣣶	xiè	xiè
𣣷	chī	chī
𣣸	yǒu	yǒu
𣣹	hē	hē
𣣺	shà	shà
𣣿	tái	tái
𣤁	zhú	zhú
𣤃	ǎi	ǎi
𣤇	què	què
𣤈	zé	zé
𣤊	lā	lā
𣤋	lòu	lòu
𣤌	chuài	chuài|chuò|chǐ
𣤎	yǒu	yǒu
𣤖	tì	tì
𣤘	shī	shī
𣤡	xiào	xiào|yǒu
𣤢	xì	xì
𣤨	huò	huò
𣤩	chì	chì
𣤪	yì	yì
𣤯	shú	shú
𣤰	yuè	yuè
𣤱	chán	chán
𣤲	è	è
𣤳	xī	xī
𣤴	xī	xī
𣤵	yǐng	yǐng
𣤶	zú	zú|zā|zǎn
𣤷	zā	zā
𣤺	zā	zā
𣥂	tà	tà
𣥃	wàn	wàn
𣥇	xìn	xìn
𣥊	wàng	wàng
𣥋	fǔ	fǔ
𣥐	lǔ	lǔ|lǚ
𣥞	jiǎn	jiǎn
𣥡	yán	yán
𣥣	bì	bì
𣥤	kěn	kěn
𣥥	guàn	guàn
𣥨	zī	zī
𣥮	kuǐ	kuǐ
𣥯	zhǒu	zhǒu
𣥰	zhì	zhì
𣥳	tú	tú
𣥷	tà	tà
𣥹	chù	chù
𣥺	chēng	chēng
𣥻	chěng	chěng
𣥼	zhù	zhù
𣥾	dà	dà
𣦇	bì	bì
𣦉	jiǎ	jiǎ
𣦌	yì	yì
𣦏	yuè	yuè
𣦐	gāng	gāng
𣦖	gān	gān
𣦜	qiāo	qiāo
𣦠	chú	chú
𣦡	chú	chú
𣦢	bì	bì
𣦦	guì	guì
𣦩	gǔ	gǔ
𣦪	bǐng	bǐng
𣦫	yìn	yìn
𣦬	zhuì	zhuì
𣦭	gǔ	gǔ
𣦯	lì	lì
𣦵	è	zhēn|è
𣦶	dǎi	dǎi
𣦼	cán	cán
𣧂	tì	tì
𣧃	dù	dù
𣧄	yì	yì
𣧈	dié	dié
𣧊	niǔ	niǔ
𣧌	xuè	xuè
𣧍	nè	nè
𣧎	guì	guì
𣧏	kǎo	kǎo
𣧒	chuǎn	chuǎn|mò
𣧖	zhá	zhá
𣧗	yóu	yóu
𣧙	bài	bài
𣧚	shí	shí
𣧛	diàn	diàn
𣧜	pā	pā
𣧝	qiú	qiú
𣧡	xuè	xuè
𣧣	mò	mò
𣧤	kē	kē
𣧥	yǒu	yǒu
𣧦	jiǎo	jiǎo
𣧧	bó	bó
𣧬	xiǔ	xiǔ
𣧲	mǐ	mǐ
𣧳	luò	luò
𣧵	xuè	xuè|xù
𣧷	duò	duò
𣧹	èr	èr
𣧺	shān	shān
𣧼	kuì	kuì
𣧽	nào	nào
𣧾	miǎn	miǎn
𣧿	lì	lì
𣨀	luàn	luàn
𣨂	dié	dié
𣨄	qià	qià
𣨅	lèi	lèi
𣨇	mào	mào
𣨉	hēng	hēng
𣨊	chè	chè
𣨋	zhì	zhì
𣨍	gǔ	gǔ
𣨎	cuō	cuō
𣨓	wù	wù
𣨔	tào	tào
𣨗	xī	xī
𣨘	yāo	yāo
𣨙	wěi	wèi|wěi
𣨛	zú	zú
𣨜	mà	mà
𣨝	yǔ	yǔ
𣨞	pěng	pěng
𣨟	yì	yì
𣨠	qìn	qìn|qīn
𣨡	yuè	yuè
𣨢	juè	juè
𣨣	jiàng	jiàng
𣨤	xù	xù
𣨥	bēng	bēng
𣨪	luǒ	luǒ
𣨫	zhuī	zhuī
𣨲	dù	dù
𣨳	xiàng	xiàng
𣨶	huì	huì
𣨺	gǔ	gǔ
𣨻	kǎo	kǎo
𣨼	tì	tì
𣨾	xīng	xīng
𣨿	hún	hún
𣩀	biān	biān
𣩄	kè	kè|ài
𣩅	kǎo	kǎo
𣩈	cuó	cuó|zuō
𣩏	lù	lù
𣩑	zuì	zuì
𣩒	zāo	zāo
𣩓	jiǎo	jiǎo
𣩔	guàn	guàn
𣩙	yān	yān
𣩚	ér	ér
𣩜	qíng	qíng
𣩟	dèng	dèng
𣩠	sì	sì
𣩡	suì	suì
𣩢	liào	liào
𣩧	shàn	shàn
𣩩	bì	bì
𣩪	wèi	wèi
𣩫	yè	yè
𣩭	zhài	zhài
𣩯	yé	yé
𣩰	diào	diào
𣩱	ài	kē|ài
𣩴	jiàng	jiàng
𣩷	sū	sū
𣩹	huài	huài
𣩺	yù	yù
𣩽	rǎng	rǎng
𣪀	diān	diān
𣪁	zuān	zuān
𣪂	bān	bān
𣪄	qín	qín
𣪇	jiā	jiā
𣪉	pí	pí
𣪌	tóu	duì|tóu
𣪐	chóu	chóu
𣪕	guǐ	guǐ
𣪠	jī	jì|jī|qì
𣪨	xuè	xuè
𣪪	diàn	diàn
𣪭	biàn	biàn
𣪮	zǎi	zǎi
𣪯	tóng	tóng
𣪶	shǎn	shǎn
𣪸	gù	gù
𣪹	què	què
𣫀	gǔ	gǔ
𣫈	hú	hú
𣫉	kuǎi	kuǎi
𣫌	gòu	gòu
𣫎	sù	sù
𣫐	chóu	chóu
𣫒	kēng	kēng
𣫔	dū	dū
𣫙	yì	yì
𣫜	dào	dào
𣫝	qiāng	qiāng
𣫣	lóng	lóng
𣫥	lí	lí
𣫧	lì	lì
𣫨	qīng	qīng
𣫪	wēi	wēi
𣫬	móu	móu
𣫱	qì	qì
𣫳	jiǎng	jiǎng
𣫴	xié	xié
𣫹	dài	dài
𣫻	lóu	lóu
𣬂	guàn	guàn
𣬆	péi	péi
𣬉	pí	pí
𣬋	juàn	chuò|juàn
𣬍	bēi	bēi
𣬎	jué	jué
𣬏	juàn	juàn
𣬐	shì	shì
𣬕	xiě	xiě
𣬘	ruí	ruí
𣬙	jìng	jìng
𣬚	pò	pò
𣬛	sān	shān|sān
𣬠	jī	jī
𣬩	fēn	fēn
𣬪	bèi	bèi
𣬫	jiè	gà|jiè
𣬬	sā	sā
𣬮	pī	pī
𣬴	dì	dì
𣬵	máo	mào|máo
𣬶	ba	ba
𣬷	ba	ba
𣬸	tiáo	tiáo
𣬹	líng	líng
𣬺	shēng	shēng
𣬻	zhěn	zhěn
𣬼	pī	pī
𣬽	wù	wù
𣬿	zè	zè
𣭀	bào	bào
𣭇	lǚ	lǚ
𣭖	hāo	hāo
𣭗	dǒu	dǒu
𣭘	fú	fú
𣭙	ní	ní
𣭝	gé	gé
𣭠	rú	rú
𣭡	xiǎn	xiǎn
𣭤	bì	bì
𣭮	máo	máo
𣭲	rǒng	rǒng
𣭳	qiú	qiú|qú
𣭷	bó	bó
𣭹	hāo	hāo
𣭺	nǎo	nǎo
𣭻	yán	yán
𣮃	páo	páo
𣮄	suī	suī
𣮆	tuò	tuò
𣮈	qū	qū
𣮉	lí	lí
𣮊	dé	dé
𣮌	jié	jié
𣮍	jié	jié
𣮎	gǔn	gǔn
𣮏	jiān	jiān
𣮐	bì	bì
𣮠	sàn	sàn
𣮡	bāng	bāng
𣮢	chún	chún
𣮦	nài	nài
𣮧	bǎng	bǎng
𣮪	róng	róng
𣮫	jiā	jiā
𣮬	sōu	sōu
𣮰	dé	dé
𣮾	xiān	xiān
𣮿	zhān	zhān
𣯀	mào	mào
𣯃	zī	zī
𣯅	jì	jì
𣯆	qí	qí
𣯋	rù	rù
𣯌	suō	suō
𣯍	rǒng	rǒng
𣯎	wù	wù
𣯏	róng	róng|rǒng
𣯐	róng	róng
𣯚	tà	tà
𣯜	sōu	sōu
𣯣	mén	mén
𣯤	lí	lí
𣯧	cuǐ	cuǐ|suī
𣯨	zōng	zōng
𣯩	mén	mén
𣯪	xǐ	xǐ
𣯬	mǎng	mǎng
𣯭	niè	niè
𣯯	suī	suī
𣯱	péi	péi
𣯴	bì	bì
𣯵	dì	dì
𣯶	sān	sān
𣯸	qú	qú
𣯹	qiáo	qiáo
𣯻	fēn	fēn
𣯼	sù	sù
𣰃	xū	xū
𣰇	rǒng	rǒng
𣰈	jī	jī
𣰋	qú	qú
𣰌	liè	hé|liè
𣰕	sào	sào
𣰘	kùn	kùn
𣰚	cuì	cuì
𣰛	yè	yè
𣰜	bìng	bìng
𣰞	jié	jié
𣰠	qú	qú
𣰡	qú	qú
𣰥	méng	méng
𣰦	rán	gān|rán
𣰨	bīn	bīn
𣰩	cháo	cháo
𣰬	dú	dú
𣰶	ráng	nǎng|ráng
𣰷	xiān	xiān
𣰺	táo	táo
𣰻	qú	qú
𣰼	niè	niè
𣰿	shū	shū
𣱀	lǔ	lǔ
𣱂	kùn	kùn
𣱈	mín	mín
𣱉	mǐn	mǐn
𣱍	dàn	dàn
𣱐	yìn	yìn|zhì
𣱓	xiào	hào|xiào
𣱗	jì	jì
𣱜	yīn	yīn
𣱝	dōng	dōng
𣱦	fēn	fēn
𣱧	zhòng	zhòng
𣱫	gǔ	gǔ
𣱱	chá	chá
𣱳	liú	liú
𣱶	bǔ	bǔ
𣱺	pā	pā
𣱻	sì	sì
𣱼	dāo	dāo
𣱽	zhěn	zhěn
𣲀	shān	shān
𣲂	chuǎi	chuǎi
𣲄	jiǔ	jiǔ
𣲊	kè	kè
𣲋	chí	chí
𣲑	hù	chí|hé|hù|hú
𣲒	lì	lè|lì
𣲓	shā	shā
𣲖	pài	gū|liú|pài
𣲗	wéi	wéi
𣲘	wǔ	wǔ
𣲜	yíng	yíng
𣲡	shā	jié|jí|shā
𣲢	dī	dī
𣲥	dān	dān
𣲱	tū	tū
𣲲	hé	hé
𣲳	pǒ	pǒ
𣲵	zhǐ	zhǐ
𣲶	niǔ	niǔ
𣲷	nì	nì
𣲽	rǒng	rǒng
𣲾	guài	guài
𣳀	zhí	zhí
𣳃	jí	jí
𣳆	píng	píng
𣳜	fàn	fàn
𣳟	jié	jié
𣳠	hǎi	hǎi|mǔ
𣳤	zhàn	zhàn
𣳦	xì	náo|xì
𣳩	zī	zī
𣳬	xí	xí
𣳭	piào	piào
𣳰	bēn	bēn
𣳲	jiǎn	jiǎn
𣴓	jiàn	jiàn
𣴖	zá	zá
𣴞	bèn	bèn
𣴟	mào	huǎn|mào
𣴢	zào	zào
𣴣	zhuàng	zhuàng
𣴥	kuáng	kuáng
𣴨	bí	bí
𣴪	pài	pài|pì
𣴼	mào	mào
𣴽	tàn	tàn
𣵞	tǔn	tǔn
𣵟	luǒ	luǒ
𣵢	tān	tān
𣵱	án	án
𣵷	hán	gàn|hán
𣵸	zhú	zhú
𣵺	duò	duò|tuó
𣵻	duò	duò|tuó
𣵼	gàn	gàn
𣶆	qiòng	qiòng
𣶈	wǎng	mǎng|wǎng
𣶊	mò	mò
𣶋	zhè	zhè
𣶌	wěn	wěn
𣶍	zhuàng	zhuàng
𣶏	jiē	diē|jiē
𣶐	pào	pào
𣶘	sù	sù
𣶝	jù	jù
𣶠	qī	qī
𣶡	càn	càn
𣶣	tuán	tuán
𣶤	shā	shā
𣶦	tuó	tuó
𣶩	huà	huà
𣶫	yì	yì
𣷠	mín	mín
𣷡	zhōng	zhōng
𣷥	shuò	shuò
𣷩	yì	yì
𣷪	wǎng	wǎng
𣷫	áo	áo
𣷶	sǔ	sǔ
𣷾	guǐ	guǐ
𣷿	tuǒ	tuǒ
𣸀	huǐ	huǐ
𣸃	xù	xù
𣸄	zǎn	zǎn
𣸆	zǐ	zǐ
𣸇	biàn	biàn
𣸉	dá	dá
𣸊	yīn	yīn
𣸋	quǎn	quǎn
𣸎	huài	huài
𣸏	ná	ná
𣸐	zá	zá
𣸒	tí	tí
𣸘	yí	yí
𣸙	tān	tān
𣸚	shé	shé
𣸛	shuò	shuò
𣸝	xíng	xíng
𣸠	yǒu	yǒu
𣸣	fén	fén
𣹇	kè	kè
𣹋	fú	fú
𣹒	mǐn	mǐn
𣹚	pì	pì
𣹜	jí	jí
𣹝	qiào	qiào|xiào
𣹞	zhǒng	zhǒng
𣹟	gàn	gàn
𣹠	yuān	yuān
𣹡	chí	chí
𣹥	qiàn	qiàn
𣹧	zuó	zhà|zuó
𣹩	xié	xié
𣹪	máo	máo
𣹬	hú	hú
𣹮	pì	pì
𣹯	xùn	xùn
𣹱	xiá	xiá
𣹲	tí	tí
𣹵	nà	nà
𣹶	chuǎ	chuǎ
𣺀	wǔ	wǔ
𣺬	huāng	huāng
𣺭	xuè	xuè
𣺮	tào	tào
𣺰	qiào	qiào
𣺳	jiāo	jiāo
𣺼	dǎng	dǎng
𣺽	bài	bài
𣻍	dàng	dàng|xiàng
𣻎	kòu	kòu
𣻐	jū	jū
𣻑	shā	shài|shā
𣻒	jīng	jīng
𣻕	mó	mó
𣻖	nóu	nóu
𣻘	shuò	shuò
𣻚	shù	shù
𣻛	zhuāng	zhuāng
𣻜	fú	fú
𣻟	zāng	zāng
𣻠	xié	xié
𣻡	làng	làng
𣻢	tōng	tōng
𣻩	zhé	zhé
𣻬	càn	càn
𣻮	yuè	yuè
𣻱	zhòu	zhòu
𣼚	tān	tān
𣼞	yán	yán
𣼟	lù	lù
𣼠	yǎn	yǎn
𣼦	zé	zé
𣼧	shuài	shuài
𣽅	guō	guō
𣽆	zhú	zhú
𣽈	rú	ruán|rú
𣽉	rú	rú
𣽌	kǎn	kǎn
𣽍	jì	jì
𣽎	gāo	gāo|háo|zé
𣽒	xiè	xiè
𣽕	òu	òu
𣽖	jiān	jiān
𣽚	zhí	zhí
𣽛	zhá	zhá
𣽝	hǒng	hǒng
𣽟	kuǎn	kuǎn
𣽡	bó	bó
𣽤	sè	sè
𣽥	àn	àn
𣽦	jiàn	jiàn
𣽨	téng	téng
𣽫	sōng	sōng
𣽭	mèng	mèng
𣽮	yín	yín
𣽯	tān	tān
𣽰	guō	guō
𣽳	ruán	ruán
𣽴	wèi	wèi
𣽷	sì	sì
𣾍	lián	lián
𣾤	qì	qì
𣾦	zhǎng	zhǎng
𣿅	dǒng	dǒng
𣿆	fú	fú
𣿇	shěn	shěn
𣿈	sù	sù
𣿉	yì	yì
𣿊	liàn	liàn
𣿌	hé	hé
𣿎	zhēn	zhēn
𣿐	zé	zé
𣿒	cuǐ	cuǐ
𣿓	cuǐ	cuǐ
𣿝	fèng	fèng
𣿞	lǐ	lǐ
𣿟	kòu	kòu
𣿣	xiào	xiào
𣿤	yǒu	yǒu
𤀃	háo	háo
𤀉	hàn	hàn
𤀊	kěn	kěn
𤀝	yù	yù
𤀣	huǎn	huǎn
𤀤	suō	shuài|shàn|suō
𤀦	là	là
𤀨	dòu	dòu
𤀩	jiàn	jiàn
𤀪	pō	pō
𤀫	biǎn	biǎn
𤀰	xuè	xuè
𤀲	biàn	biàn
𤀷	wèi	wèi
𤁡	dàn	dàn
𤁢	jié	jié
𤁣	bài	bài
𤁥	niǎn	niǎn
𤁦	xiàn	xiàn
𤁧	sè	sè
𤁪	huá	huá
𤁫	chuā	chuā
𤁮	òu	òu
𤁯	liè	liè
𤁰	dí	dí
𤁱	cài	cài
𤁳	zhá	zhá
𤁵	lǘ	lǘ
𤁹	huò	huò
𤁼	lì	lì
𤁽	yǐng	yǐng
𤁿	wěi	wěi
𤂀	bì	bì
𤂁	guó	guó
𤂃	pì	pì
𤂆	biāo	biāo
𤂠	yǎn	yǎn
𤂤	zhuàn	zhuàn
𤂲	hóng	hóng
𤂶	lìn	lìn
𤂷	è	è
𤂹	yǐn	yǐn
𤂺	làn	làn
𤂼	yào	yào
𤂿	xuàn	xuàn
𤃀	lì	lì
𤃨	làn	làn
𤃩	líng	líng
𤃪	xī	xī
𤃫	hōng	hōng
𤃭	jiǎo	jiǎo
𤃮	zhuó	zhuó
𤃲	zhí	zhí
𤃵	bó	bó
𤃶	tēng	tēng
𤃷	ǎn	ǎn
𤃺	xún	xún
𤃻	lěi	lěi
𤃼	zāng	zāng
𤃽	huǐ	huǐ
𤄎	xì	xì
𤄏	hóng	hóng
𤄑	fàn	fàn
𤄒	jiǎn	jiǎn
𤄓	cóng	cóng
𤄔	zá	zá
𤄖	cā	cā|zá
𤄘	yōu	yōu
𤄛	duì	duì
𤄜	pān	pān
𤄥	tà	tà
𤄧	pàn	pàn
𤄫	fān	fān
𤄬	xī	xī
𤄶	yào	shuò|yào
𤄷	luó	luó
𤄺	biān	biān
𤄼	jìn	jìn
𤄽	lì	lì
𤅊	yàn	yàn
𤅋	dòu	dòu
𤅎	màn	màn
𤅐	gōng	gōng
𤅑	rǎng	rǎng
𤅒	càn	càn
𤅣	mén	mén
𤅱	gǔ	gǔ
𤅲	shuàn	shuàn
𤅸	yán	yàn|yán
𤅹	bì	bì
𤆀	biāo	biāo
𤆁	chéng	chéng
𤆂	kuì	kuì
𤆄	huǒ	huǒ|zāi
𤆍	chì	chì
𤆏	wò	wò
𤆑	còu	còu
𤆒	zhì	zhì
𤆙	shuǐ	shuǐ
𤆜	guà	guà
𤆝	pū	pū
𤆞	xù	xù
𤆟	sī	sī
𤆡	wǔ	wǔ
𤆢	lún	lún
𤆮	fū	fū
𤆰	shì	shì
𤆳	huì	huì
𤆴	huāng	huāng
𤆵	pā	pā
𤆼	zhǔ	zhǔ
𤆾	yí	yí
𤇃	lì	lì
𤇄	shǎn	shǎn
𤇜	mín	mín
𤇞	gē	gē
𤇠	hū	hū
𤇭	lóng	lóng
𤇯	ēn	āo|ēn
𤇰	fá	fá
𤇳	xù	xuè|xù
𤇴	yí	xī|yí
𤇾	yìng	yìng
𤈔	chí	chí
𤈙	yí	yí
𤈥	dí	dí
𤈦	huǐ	huǐ|méi
𤈧	hé	hé
𤈩	zhǎ	zhǎ
𤈶	yún	yún
𤈷	xiān	xiān
𤉌	xián	xián
𤉍	lào	lào
𤉎	shào	shào
𤉏	shì	shì
𤉐	zhuó	zhuó
𤉤	biē	biē
𤉥	jiǔ	jiǔ
𤉦	wō	wō
𤉧	jiǎo	jiǎo
𤉨	fú	fú
𤉪	xiāng	xiāng
𤉫	kài	kài
𤊲	nǎo	nǎo
𤊴	huò	huò
𤊵	jí	jí
𤊶	là	là
𤊻	fōu	fōu
𤊼	shǎn	shǎn
𤊽	liào	liào|liǎo
𤊾	miè	miè
𤊿	chè	chè
𤋂	mó	mó
𤋏	lóu	lóu
𤋨	duò	duò
𤋫	nǎo	nǎo
𤋭	jī	jī
𤋰	zhù	zhù
𤌂	sù	sù
𤌃	duò	duò
𤌇	jiǒng	jiǒng
𤌊	zǎi	zǎi
𤌋	huǐ	huǐ
𤌌	yǐng	yǐng
𤌍	hú	hú
𤌎	lìn	lìn|lǐn
𤌏	wěng	wěng
𤌐	hàn	hàn
𤌔	nán	nán
𤌷	xì	xì
𤌹	gàn	gàn
𤌾	hè	hè
𤌿	jī	jī
𤍀	xiǎng	xiǎng
𤍁	shā	shā
𤍐	tuì	tuì
𤍒	zhāo	zhāo
𤍓	shù	shù
𤍕	yǒu	yǒu
𤍖	jiān	jiān
𤍜	zào	zào
𤍠	rè	rè
𤍤	zhāng	zhāng
𤍽	ruò	ruò
𤎄	yān	yān
𤎋	cuì	cuì
𤎗	jí	jí
𤎘	shāng	shāng
𤎣	è	è
𤎤	láo	láo
𤎥	tǎn	chān|tǎn
𤎧	zhù	zhù
𤎭	lǐn	lǐn|yǐn
𤎯	zēng	zēng
𤎱	juǎn	juǎn
𤎲	hū	hū
𤎻	xiāo	xiāo
𤏗	shěn	shěn
𤏘	huò	huò
𤏜	kuì	kuì
𤏱	chù	chù
𤏲	zhòu	zhòu
𤏶	āo	āo
𤏸	zhuó	zhuó
𤏽	xīng	xīng
𤏿	miè	miè
𤐀	hū	hū
𤐔	tán	tán
𤐙	bì	bì
𤐣	dǐng	dǐng
𤐩	kài	kài
𤐫	biāo	biāo
𤐰	huò	huò
𤐱	liè	liè
𤐲	cuàn	cuàn
𤑃	xiàn	xiàn
𤑄	rè	rè
𤑓	yuè	yuè
𤑕	xūn	xūn
𤑗	liǎo	liǎo|zhāo
𤑣	shā	shā
𤑦	shì	shì
𤑪	xiè	xiè
𤑳	xiāo	xiāo
𤑷	yé	yé
𤑸	lǎn	lǎn
𤑹	yì	yì
𤑿	liǎn	liǎn
𤒔	bó	bó
𤒕	cāo	cāo
𤒝	yào	yào
𤒦	liàn	liàn|yàn
𤒻	tà	tà
𤓑	jì	jì
𤓔	xī	xī
𤓕	zhì	zhì
𤓚	xī	xī
𤓝	yuè	yuè
𤓤	xiǎn	xiǎn
𤓦	zhuò	zhuò
𤓯	zhǎng	jú|zhǎng
𤓵	zǔ	zǔ
𤓷	ná	ná
𤓾	dào	dào
𤓿	liè	liè
𤔀	ná	ná
𤔉	páo	páo
𤔋	jù	jù
𤔔	luàn	luàn
𤔖	luǒ	luǒ
𤔙	shuǎ	shuǎ
𤔚	shàng	shàng
𤔝	luǒ	luǒ
𤔟	fēn	fēn
𤔣	bào	bào
𤔨	lì	lì
𤔫	xiòng	xiòng
𤔶	dāng	dāng
𤕀	chèng	chèng
𤕄	zhǎng	zhǎng
𤕇	sǒu	sǒu
𤕊	shén	shén
𤕒	gě	gě
𤕘	yū	wù|yū
𤕚	huī	huī
𤕛	chè	chè
𤕝	jiào	bó|jiào
𤕞	zhù	zhù
𤕟	shū	shū
𤕢	xiáo	xiáo
𤕦	níng	níng
𤕭	jiāng	jiāng
𤕯	jiāng	jiāng|zhuàng
𤕷	diào	diào
𤕽	qiáng	qiáng
𤕾	qiú	fǔ|qiú
𤖀	fēng	fēng
𤖆	zhàn	zhàn
𤖇	kē	kē
𤖒	dié	dié
𤖓	zé	zé
𤖖	guāng	guāng
𤖗	sè	sè
𤖘	fèn	fèn|fén
𤖛	jiǎng	jiǎng
𤖝	yán	yán
𤖞	zhì	zhì
𤖢	lì	lì
𤖦	líng	líng
𤖪	yí	yí
𤖬	qǔ	qǔ
𤖭	pán	pán
𤖮	gōu	gōu
𤖰	jiǎ	jiǎ
𤖱	hé	hé
𤖳	pèng	pèng
𤖵	jù	jù
𤖷	chè	chè
𤖺	liè	liè
𤖻	shì	shì
𤖼	pò	pò
𤖽	xiàng	xiàng
𤖿	pì	pì
𤗀	luǒ	luǒ
𤗁	cù	cù
𤗃	yǔ	yǔ
𤗇	kòng	kòng
𤗈	xiè	xiè
𤗍	wǎn	wǎn
𤗎	yǎn	yǎn
𤗏	péi	péi
𤗓	chéng	chéng
𤗘	tí	tí
𤗙	chè	chè|tuò
𤗚	bì	bì
𤗛	liàn	liàn
𤗜	jiǎ	jiǎ
𤗞	tíng	tíng
𤗢	tī	tī
𤗨	dié	dié
𤗪	shù	shù
𤗫	lí	lí
𤗬	lǘ	lǘ
𤗭	xiā	xià|xiā
𤗯	cuī	cuī
𤗳	bō	bō
𤗴	tuí	tuí
𤗵	pú	pú
𤗷	lìn	lìn
𤗸	fèn	fèn|fén
𤗺	bó	bó
𤗻	chàn	chàn
𤗾	dāng	dāng
𤗿	tǎi	tǎi
𤘀	dào	dào
𤘃	lì	lì
𤘅	yá	yá
𤘆	yá	yá
𤘇	zhān	zhān
𤘊	yí	yí
𤘌	qī	qī
𤘔	hù	hù
𤘖	tīng	tīng
𤘘	kǒu	kǒu
𤘛	chún	chún
𤘜	yóu	yóu
𤘝	fèn	fèn
𤘟	nuó	nuó
𤘠	tiàn	tiàn
𤘡	jìn	jìn
𤘢	pí	pí
𤘣	chén	chén
𤘤	pì	pì
𤘦	jiè	jiè
𤘧	guǐ	guǐ
𤘲	zhuàng	zhuàng
𤘵	hú	hú
𤘶	chǒu	chǒu
𤘷	shù	shù
𤘸	tāo	tāo
𤘹	pí	pí
𤘺	rǒng	rǒng
𤘻	rǒng	rǒng
𤘽	hǒu	hǒu
𤘾	pēng	pēng
𤙅	bài	bài
𤙇	xiá	xiá
𤙋	qǐn	qǐn
𤙌	nǐ	nǐ
𤙎	tāo	tāo
𤙏	qù	qù
𤙒	xié	xié
𤙔	zhào	zhào
𤙕	huā	huā
𤙖	xīn	xīn
𤙘	shōu	shōu
𤙛	tú	tú
𤙝	liáng	liáng
𤙞	bì	bì
𤙟	chū	chū
𤙡	xīng	xīng
𤙣	xīn	xīn
𤙤	fū	fū
𤙩	jiè	jiè
𤙭	fǔ	fǔ
𤙯	láo	láo
𤙰	tè	tè
𤙱	shè	shè
𤙴	chāo	chāo
𤙵	chuī	chuī
𤙼	rán	rán
𤙽	hǒu	hǒu
𤙾	bēng	bēng
𤚀	cǎi	cǎi
𤚅	mú	mú
𤚉	xū	xū
𤚊	dié	dié
𤚍	chǎn	chǎn
𤚎	yú	yú
𤚏	zhòng	zhòng
𤚓	lí	lí
𤚔	shōu	shōu
𤚚	dú	dú
𤚜	māo	māo
𤚝	huáng	huáng
𤚟	táo	táo
𤚡	dù	dù
𤚢	tí	tí
𤚣	shēng	shēng
𤚤	méi	méi
𤚨	zhēn	zhēn
𤚩	qín	qín
𤚪	pì	pì
𤚫	táng	táng
𤚬	cāng	cāng
𤚭	yáo	yáo
𤚯	xiù	xiù
𤚰	bāng	bāng
𤚱	gǔ	gǔ
𤚵	bù	bù
𤚼	gòu	gòu
𤚽	bó	bó
𤛁	wèn	wèn
𤛄	jì	jì
𤛊	lā	lā
𤛍	cuī	cuī
𤛎	mǐn	mǐn
𤛏	cǔ	cǔ
𤛐	ōu	ōu
𤛑	yōng	yōng
𤛖	máo	máo
𤛗	kè	kè
𤛘	māng	māng
𤛙	dǐng	dǐng
𤛚	huān	huān
𤛛	duǒ	duǒ
𤛜	jiāng	jiāng
𤛝	sù	sù
𤛢	céng	céng
𤛣	tà	tà
𤛥	huáng	huáng
𤛦	jué	jué
𤛧	xún	xún
𤛪	xiòng	xiòng
𤛬	mì	mì
𤛭	qún	qún
𤛮	láo	láo
𤛱	zhì	zhì
𤛲	wěi	wéi|wěi
𤛷	sè	sè
𤛻	zāng	zāng
𤜁	ǎn	ǎn
𤜂	wèi	guì|wèi
𤜄	huài	huài|huái
𤜇	zhàn	zhàn
𤜉	yīng	yīng
𤜊	gē	gē
𤜋	huì	huì
𤜍	quán	quán
𤜓	liè	liè
𤜔	jú	jú
𤜕	bà	bà
𤜖	léi	léi
𤜘	mán	mán
𤜙	líng	líng
𤜜	lì	lì
𤜝	jǐ	jǐ
𤜡	huí	huí
𤜢	xìn	xìn
𤜣	shì	shé|shì
𤜤	zhé	zhé
𤜧	bō	bō
𤜫	chā	chā
𤜯	chā	chā
𤜰	jīng	jīng
𤜱	bā	bā
𤜲	bèi	bèi|pèi
𤜵	yàn	yàn
𤜷	hù	hù
𤜹	yú	yú
𤜻	bì	bì|pí
𤜼	chuán	chuán
𤜾	jǐ	jǐ
𤝂	mù	mù
𤝄	máo	máo
𤝅	zhōng	zhōng
𤝇	yè	yè
𤝈	dōu	dōu
𤝉	yě	yě
𤝍	rì	rì
𤝎	yīn	yīn
𤝐	hào	hào
𤝒	nà	nà
𤝓	tiè	tiè
𤝔	fù	chái|fù
𤝕	mǔ	mǔ
𤝖	zǎi	zǎi
𤝘	hú	hú
𤝚	chēn	chēn
𤝛	tuó	tuó
𤝞	chù	chù
𤝟	fú	fèi|fú
𤝢	zé	zé
𤝧	bào	bào
𤝬	dǐ	dǐ
𤝭	cǎi	cǎi
𤝮	lù	lù
𤝯	pǒ	pǒ
𤝰	dá	dá
𤝱	yè	yè
𤝳	yǐ	yǐ
𤝷	xiáng	xiáng
𤝸	bī	bī
𤝹	zhū	zhū
𤝻	yí	yí
𤝽	lǜ	lǜ
𤝿	kuāng	kuāng
𤞂	zhì	zhì
𤞃	huì	huì
𤞇	wá	kuáng|wá
𤞈	dī	dī
𤞉	shù	shù
𤞊	liè	liè
𤞋	zǎo	zǎo
𤞌	zhì	zhì
𤞍	náo	náo
𤞗	chái	chái
𤞚	xiāo	xiāo
𤞛	zàng	zàng
𤞞	yù	yù
𤞟	dòu	dòu
𤞠	chà	chà
𤞡	xié	xié
𤞢	yáng	yáng
𤞤	xiǎn	xiǎn
𤞥	bǎo	bǎo
𤞮	zhāi	zhài|zhāi
𤞰	qiú	qiú
𤞲	hú	hú
𤞳	zài	zài
𤞴	jué	jué
𤞶	hān	hàn|hān
𤞿	àn	àn
𤟀	zào	zào
𤟃	shà	shà
𤟅	xiàn	xiàn
𤟆	chǐ	chǐ
𤟇	yǎn	yǎn
𤟉	àn	àn
𤟍	zhé	zhé
𤟎	jué	jué
𤟑	lì	lì
𤟓	lè	lè
𤟖	cǎi	cǎi
𤟘	lù	lù
𤟚	jiā	jiā
𤟝	xià	xià
𤟞	xiào	xiào
𤟟	yān	yān
𤟠	xū	xū
𤟢	dùn	dùn
𤟣	yíng	yíng
𤟤	huī	huī|xūn
𤟥	tí	tí
𤟦	nóu	nóu
𤟧	xǐ	xǐ
𤟪	tú	tú
𤟷	wāi	wāi
𤟸	chēn	chēn
𤟼	hōng	hōng
𤟾	tí	tí
𤟿	xuān	xuān
𤠀	zá	zá
𤠇	gé	gé
𤠋	lóu	lóu
𤠌	chái	chái
𤠍	pán	pán
𤠎	jí	jí
𤠐	tà	tà
𤠓	xī	xī
𤠖	xiāo	xiāo
𤠘	sāo	sāo
𤠙	jiā	jiā
𤠚	sù	sù
𤠛	huāng	huāng
𤠝	cuō	cuō
𤠟	tà	tà
𤠠	shuāi	shuāi
𤠪	fú	fú
𤠫	lì	lì
𤠭	shè	shè
𤠯	táng	táng
𤠶	diān	diān
𤠺	bì	bì
𤠼	gòu	gòu
𤠽	cù	cù
𤠿	qiān	qiān
𤡂	léi	léi|lěi
𤡃	sù	sù
𤡆	zòng	zòng|zōng
𤡇	hāo	hāo
𤡏	chì	chì
𤡐	cáo	cáo
𤡓	wò	wò
𤡔	xiāo	xiāo
𤡕	liè	liè|wěn
𤡖	yān	yán|yān
𤡝	bì	bì
𤡟	huàn	huàn
𤡡	xī	xī
𤡢	chī	chī
𤡣	xū	xū
𤡤	náo	nà|náo|rú
𤡥	yán	xiàn|yán
𤡧	xiè	xiè
𤡨	zhá	zhá
𤡪	suì	suì|wěi
𤡬	xì	xì
𤡭	bēng	bēng|péng
𤡮	rán	rán
𤡯	shuò	què|shuò|xī
𤡰	bān	bān
𤡱	guì	guì
𤡲	kāi	kāi
𤡳	chēn	chēn
𤡶	xù	xù
𤡾	è	è
𤡿	lì	lì
𤢀	xī	xī
𤢁	huàn	huàn
𤢂	sù	sù
𤢄	chǎng	chǎng
𤢊	lù	lù
𤢋	yán	yán
𤢎	dāng	dāng
𤢏	dǎn	dǎn
𤢐	yāng	yāng
𤢒	zhǎi	zhǎi
𤢓	jù	jù|qú
𤢕	duó	duó
𤢖	sāo	shān|sāo
𤢗	lái	lái
𤢘	sù	sù
𤢟	zé	zé
𤢣	bì	bì
𤢦	yìn	yìn
𤢨	hāo	hāo
𤢪	liè	liè
𤢭	háo	háo
𤢮	yáng	yáng
𤢴	shuò	lì|shuò
𤢵	ài	lài|ài
𤢶	qióng	qióng
𤢹	lěi	lěi
𤢺	xié	xié
𤢼	shì	shì
𤣃	lǔ	lǔ
𤣅	què	què
𤣆	lián	lián
𤣌	xiào	xiào
𤣎	yīng	yīng
𤣑	xié	xié
𤣘	líng	líng
𤣙	yōu	yōu
𤣞	dǎng	dǎng
𤣟	lǎn	lǎn
𤣠	xiāo	xiāo
𤣨	yì	yì
𤣬	wū	wū
𤣮	yì	yì
𤣯	tuō	tuō
𤣰	bǔ	bǔ
𤣲	xìn	xìn
𤣵	sī	sī
𤣶	jīn	jīn
𤣸	bā	bā
𤣹	fǎ	fǎ
𤣻	mò	mò
𤣼	ruò	ruò
𤤊	dà	dà
𤤋	jì	jì
𤤐	sù	sù
𤤑	qióng	qióng
𤤒	bā	bā
𤤦	tián	tián
𤤧	yóu	yóu
𤤩	tuó	tuó
𤤫	wài	wài
𤤬	yòu	yòu
𤤮	dōng	dōng
𤤱	xǐ	xǐ
𤤲	kǒng	kǒng
𤤶	qióng	qióng
𤤷	duī	duī
𤤸	duò	duò
𤤺	yì	yì
𤥒	xī	xī
𤥓	qīn	qīn
𤥔	sù	sù
𤥗	liú	liú
𤥙	wán	wán
𤥭	chē	chē
𤥮	zhū	zhū
𤥰	mào	mào
𤥷	quán	quán
𤥽	yū	yū
𤥿	yì	yì
𤦀	mí	mí
𤦃	lái	lái
𤦄	zhì	zhì
𤦤	ní	ní
𤦦	bān	bān
𤦪	dōng	dōng
𤦮	zhì	zhì
𤧕	yì	yì
𤧘	líng	líng
𤧙	yú	yú
𤧚	cōng	cōng
𤧛	dì	dì
𤧜	zhì	zhì
𤧠	ruǎn	ruǎn
𤧣	jiàn	jiàn
𤧩	wàn	wàn
𤧫	jìn	duī|jìn|jīn
𤧭	páng	páng
𤨍	lù	lù
𤨎	qú	qú
𤨐	xǐ	tāo|xǐ
𤨑	dá	dá
𤨖	hù	hù
𤨗	luǒ	luǒ
𤨙	lè	lè
𤨶	gǒng	gǒng
𤨻	lìng	lìng
𤩂	láo	láo
𤩄	zhuàn	zhuàn
𤩨	zǎo	zǎo
𤩩	hào	hào
𤩪	xiàng	xiàng
𤩭	hào	hào
𤩮	lì	lì
𤩱	diàn	diàn|tiàn
𤩲	gé	gé
𤩽	huán	huán
𤪄	è	è
𤪆	xiá	xiá
𤪋	jiān	jiān
𤪌	qí	qí
𤪍	xiá	xiá
𤪎	yǒu	yǒu
𤪡	zhēng	zhēng
𤪪	zhuàn	chūn|zhuàn
𤪮	chàn	chàn
𤫉	xiè	xiè
𤫕	náo	náo
𤫝	jì	jì
𤫞	tián	tián
𤫣	yǎn	yǎn
𤫧	hǎo	hǎo
𤫨	xín	xín
𤫩	líng	líng
𤫫	bān	bān
𤫬	běng	běng
𤫱	gōu	gōu
𤫲	líng	líng
𤫵	kuò	guó|kuò
𤫶	qià	qià
𤫷	jiào	jiào
𤫹	ēn	ēn
𤫺	yáo	yáo
𤫻	dū	dū
𤬁	huǒ	guǒ|huǒ|luǒ
𤬂	dǔ	dǔ
𤬃	pēi	pēi
𤬌	yuán	yuán
𤬏	lóu	lóu
𤬐	xíng	xíng
𤬓	lián	lián|liǎn
𤬔	yáo	yáo
𤬕	xī	xī
𤬖	yáo	yáo
𤬘	xī	xī
𤬛	lú	lú
𤬝	yàn	yàn
𤬠	quán	quán
𤬥	ráng	ráng
𤬦	wà	wà
𤬧	zú	zú
𤬨	fàn	fàn
𤬩	yì	yì
𤬪	dù	dù|kān
𤬫	suì	suì
𤬭	pī	pī
𤬯	hán	hán|qiàn
𤬱	xù	xù
𤬳	gǒng	gǒng
𤬵	dì	dì
𤬷	nà	nà
𤬾	duò	duò|tuó
𤬿	wā	wā
𤭂	niè	niè
𤭈	diào	diào
𤭉	huāng	huāng
𤭌	tí	tí
𤭍	fàn	fàn
𤭑	wú	wú
𤭒	áng	áng
𤭔	píng	píng
𤭙	hán	gān|hán
𤭛	gāng	gāng
𤭜	lí	lí
𤭞	dūn	dūn
𤭟	fù	fù
𤭠	nà	nà
𤭢	cèi	cèi|suì
𤭧	jiē	jiē
𤭩	qìng	qìng
𤭫	yīng	yīng
𤭬	xiáng	xiáng
𤭱	hú	hú
𤭴	sù	sù
𤭻	gē	gē
𤭼	è	è
𤭽	xù	xù
𤮆	xī	xī
𤮊	kāng	kāng
𤮋	guó	guó
𤮌	jiē	jiē
𤮍	chuán	chuán
𤮎	léi	léi
𤮏	héng	héng
𤮐	zūn	zūn
𤮕	piè	piè
𤮘	dēng	dēng
𤮙	xī	xī
𤮚	léi	léi
𤮜	shàn	shàn
𤮧	lú	lú
𤮩	duì	duì
𤮪	jùn	jùn
𤮭	chàn	chàn
𤮯	xié	xié
𤮰	wā	wā
𤮱	zhé	zhé
𤮳	zhuān	guàn|zhuān
𤮷	liù	liù
𤮸	léi	léi
𤮼	dài	dài
𤮽	gān	gān
𤯄	shì	shì
𤯇	yǎn	yǎn
𤯌	gān	gān
𤯐	yán	yán
𤯖	suī	suī
𤯚	zhōng	zhōng
𤯜	shì	shì
𤯡	shèng	shèng
𤯥	chǎn	chǎn
𤯷	huáng	huáng
𤯸	yìn	yìn
𤯻	měng	měng
𤰂	ráng	ráng
𤰅	xiáng	xiáng
𤰈	bèi	bèi|fú
𤰌	chuán	chuán
𤰑	pú	pú
𤰙	kē	gé|kē
𤰚	lā	lá|lā
𤰝	quǎn	quǎn
𤰟	hàng	hàng
𤰠	chì	chì
𤰡	máng	máng
𤰦	zhà	zhà
𤰪	fèn	fèn
𤰬	chào	chào
𤰳	jǐng	jǐng
𤱃	liè	liè
𤱅	nà	nà
𤱆	nà	nà
𤱇	tóng	tóng
𤱋	rán	rán
𤱌	zǔ	zǔ
𤱍	pī	pī|pǒ
𤱎	yǒu	yǒu
𤱐	shū	shū
𤱛	liè	liè
𤱜	shōu	shōu
𤱝	tuǎn	tuǎn
𤱟	gǎo	gǎo
𤱠	sháo	sháo
𤱡	tuó	tuó
𤱣	nán	nán
𤱧	tuǒ	tuǒ
𤱨	gōng	gōng
𤱩	diào	diào
𤱴	měng	měng
𤱵	bāng	bāng
𤱷	xié	xié
𤱸	sì	sì
𤱹	tǐng	tǐng
𤱺	guì	guì
𤱽	fú	fú
𤱾	guì	guì
𤲉	guì	guì
𤲑	zhǔ	zhǔ
𤲓	lái	lái
𤲕	lǔn	lǔn
𤲖	tiǎn	tiǎn
𤲗	rǎn	rǎn
𤲚	dōng	dōng
𤲨	juàn	juàn
𤲩	yán	yán
𤲬	ruán	ruán
𤲭	dǎn	dǎn
𤲰	mào	mào
𤲶	luán	luán|niǎo
𤲸	xù	xù|zī
𤲺	xī	xī
𤳂	má	má
𤳃	qī	qī
𤳅	chà	chà
𤳈	shāng	shāng
𤳉	hàn	hàn
𤳊	píng	píng
𤳎	jī	jī
𤳓	lì	lì
𤳕	yù	yù
𤳖	bān	bān|fān
𤳘	tēng	tēng
𤳝	chóu	chóu
𤳠	chóu	chóu
𤳤	qī	qī
𤳥	xī	xī
𤳦	bèi	bèi
𤳪	yè	yè
𤳭	guǎng	guǎng
𤳯	zhù	zhù
𤳳	léi	huǐ|léi
𤳴	léi	léi
𤳵	chā	chā
𤴀	guǎng	guǎng|qiāo
𤴍	dié	dié
𤴓	yǎ	yǎ
𤴘	niè	niè
𤴙	shū	shū|xū
𤴛	zhì	zhì
𤴟	zhì	zhì
𤴢	zhì	zhì
𤴣	pǐ	pǐ
𤴥	jiū	jiū
𤴦	jiū	jiū
𤴧	yì	yì
𤴨	yòu	yòu|yǒu
𤴪	jiū	jiū
𤴯	huàn	huàn
𤴱	dù	dù
𤴻	táo	táo
𤴼	qiè	cí|qiè
𤴽	qín	qín
𤴾	xìn	xìn
𤴿	chān	chān
𤵀	jì	jì
𤵂	qìn	qìn
𤵊	dù	dù
𤵋	zhī	zhī
𤵎	ǒu	ǒu
𤵐	wù	wù
𤵒	wén	wén
𤵘	bì	bì
𤵛	bēi	bēi
𤵝	mǔ	mǔ
𤵞	jìn	jìn
𤵟	táo	táo
𤵠	liáo	liáo
𤵥	cáo	cáo|zhǒu
𤵦	zhá	zhá
𤵬	chǐ	chǐ
𤵭	yā	yā
𤵮	kuí	kuí
𤵯	yìn	yìn
𤵸	lóng	lóng|pāng
𤵹	qià	qià
𤵻	hāng	hāng
𤵼	shàng	shàng|shāng
𤵽	hài	hài
𤵾	chā	chā
𤶀	jiǎo	jiǎo
𤶁	lǎo	lǎo
𤶈	xī	xī
𤶊	guì	guì
𤶋	bó	bó
𤶓	zhǐ	zhǐ
𤶕	tùn	tùn
𤶖	fú	fú
𤶘	hū	hū
𤶚	niè	niè
𤶛	yì	yì
𤶜	zhuàng	zhuàng
𤶠	chá	chá
𤶤	suān	suān
𤶧	yùn	yùn
𤶮	dù	dù
𤶰	xī	xī
𤶱	chuàn	chuàn
𤶲	xíng	xíng
𤶳	jiǎo	jiǎo
𤶴	shēn	shēn
𤷀	wāng	wāng
𤷁	bēi	bēi
𤷂	féi	féi
𤷃	jiàn	jiàn
𤷄	quán	quán
𤷅	yì	yá|yì
𤷆	dōng	dōng
𤷇	xù	xù
𤷈	nà	niè|nà
𤷉	jí	jí
𤷌	zhěn	zhěn
𤷍	qí	qí
𤷎	duī	duī
𤷏	yín	yín
𤷑	jiù	jiù
𤷒	pí	bì|bēi|pí
𤷓	xìn	xìn
𤷔	lún	lún
𤷕	cǎi	cǎi
𤷖	lìng	lìng
𤷗	biē	biē
𤷘	dào	dào
𤷙	dé	dé
𤷟	la	la
𤷡	xī	nüè|xī
𤷢	jù	jù
𤷤	xiáo	xiáo
𤷦	jīng	jīng
𤷹	wài	wài
𤷻	nǎo	nǎo
𤷼	xiāng	xiāng
𤷽	què	què
𤷾	qiè	qiè
𤷿	tū	tū
𤸀	xǔ	xǔ
𤸁	huì	huì
𤸅	mín	mín
𤸆	wěi	wěi
𤸈	yóu	yóu
𤸉	tuí	tuí
𤸊	dài	dài
𤸎	kě	hài|kě
𤸏	nà	niè|nà
𤸑	fù	fù
𤸒	yù	yù
𤸓	zhǐ	zhǐ
𤸕	hān	hān
𤸖	āi	āi
𤸗	fù	fù
𤸡	yāng	yāng
𤸤	shí	shí
𤸦	chán	chán
𤸪	chì	chì
𤸫	yùn	yùn
𤸬	shuāi	shuāi
𤸮	sù	sù
𤸯	sǎng	sǎng
𤸱	è	kài|kè|yà|è
𤸲	zhěng	zhěng
𤸳	ái	ái
𤸴	suǒ	suǒ
𤸵	bù	bù
𤸷	qún	qún
𤸸	yì	yì
𤸹	yǎn	yǎn
𤸻	nà	nà
𤸼	wǔ	wǔ
𤹇	lì	lì
𤹈	lì	lì
𤹊	xī	xī
𤹋	jué	jué
𤹌	shī	shī
𤹎	yǎ	yǎ
𤹛	chén	chén
𤹜	yíng	yíng
𤹝	bì	bì
𤹞	chè	chè
𤹡	zhā	zhā
𤹢	tuǒ	tuǒ
𤹣	hù	hù
𤹤	téng	téng
𤹥	yìng	yìng
𤹦	bǐ	bǐ
𤹧	níng	níng
𤹨	liàn	liàn
𤹩	xìn	xìn
𤹪	yǔ	yǔ
𤹲	bèi	bèi
𤹴	mó	mó
𤹵	duī	duī
𤹷	dǎo	dǎo
𤹸	qí	qí
𤹺	è	è
𤺀	shuāi	shuāi
𤺃	xiāo	jiāo|xiāo|yāo
𤺄	zhǒng	tóng|zhǒng
𤺅	zhuì	zhuì
𤺇	biàn	biàn
𤺉	wěi	wěi
𤺊	xī	sī|xī
𤺌	dēng	dēng
𤺎	xiē	xiē
𤺏	pān	pān
𤺐	niè	niè
𤺓	bié	bié
𤺔	shè	shè
𤺕	fèi	fèi
𤺖	mǐn	mǐn
𤺗	qì	jì|qì
𤺪	shàn	shàn
𤺫	suǒ	suǒ
𤺷	jí	jí
𤺺	dǎn	dàn|dǎn|tán
𤺻	juàn	juàn
𤺼	lù	lù
𤺾	ào	ào
𤻂	yì	yì
𤻃	shǔ	shǔ
𤻄	suì	suì
𤻅	wèi	wèi
𤻆	wán	wán
𤻇	chǔ	chǔ
𤻊	tuí	tuí
𤻌	wò	wò
𤻖	bì	bì
𤻘	yǐn	yǐn
𤻙	huó	huó
𤻜	kài	kài|è
𤻝	níng	níng
𤻢	ài	ài
𤻤	lì	lì
𤻦	zhāi	zhāi
𤻱	lù	lù
𤻶	biàn	biàn
𤻷	pán	pán
𤻿	guì	guì
𤼀	sū	sū
𤼁	méng	méng
𤼂	xiǎn	xiǎn
𤼃	lòng	lòng|lóng
𤼅	qì	qì
𤼋	chàn	chàn
𤼌	yì	yì
𤼍	háng	háng
𤼏	liǎn	liǎn
𤼐	guàn	guàn|huàn
𤼒	wěi	huà|wěi
𤼗	jué	jué
𤼘	léi	léi
𤼙	luán	luán
𤼚	lì	lì
𤼜	pí	pí
𤼢	huǎn	huǎn
𤼮	guī	guī
𤼳	jú	jú
𤼶	dēng	dēng
𤼺	fèi	fèi
𤽁	zhī	zhī
𤽃	mèi	mèi
𤽅	huàn	huàn
𤽉	pā	pā
𤽊	bǐ	bǐ
𤽌	pō	pō
𤽓	ér	ér
𤽕	huàn	huàn
𤽣	chàng	chàng
𤽥	luò	luò
𤽦	fǒu	fǒu
𤽯	chóu	chóu
𤽱	zú	zú
𤽲	nán	nán
𤽳	xiǎo	xiǎo
𤽹	bài	bài
𤽺	lù	lù
𤽼	luò	luò
𤽿	niàn	niàn
𤾀	zé	zé
𤾄	zhù	zhù
𤾅	hú	hú
𤾈	huī	huī
𤾉	tǎng	tǎng
𤾊	chóu	chóu
𤾑	huáng	huáng
𤾒	dōu	dōu
𤾛	miào	miào
𤾝	bó	bó
𤾠	dì	dì
𤾢	děng	děng
𤾣	pū	pū
𤾥	sōng	sōng
𤾦	chóu	chóu
𤾫	yào	yào
𤾬	měng	měng
𤾭	lóng	lóng
𤾲	lián	lián
𤾵	bié	bié
𤾺	lǚ	lǚ
𤾿	sè	sè
𤿀	zuó	zuó
𤿄	cún	cún
𤿅	líng	líng
𤿆	zhěng	zhěng
𤿇	pǐ	pǐ
𤿈	báo	báo
𤿋	què	què
𤿎	pī	pī
𤿏	nàn	nàn
𤿐	pī	pī
𤿑	bǒ	bǒ
𤿒	bèi	bèi
𤿓	fā	fā
𤿕	mǐn	mǐn
𤿖	mò	mò
𤿗	wà	wà
𤿘	zhāo	zhāo
𤿙	zhì	pí|zhì
𤿚	cū	cū
𤿟	xún	xún
𤿠	jí	jí
𤿡	guì	guì|qí
𤿣	chéng	chéng
𤿧	hàn	hàn
𤿨	xiào	xiào
𤿩	què	què
𤿫	chuò	chuò
𤿭	fǔ	fǔ
𤿲	fū	fū
𤿳	qǐn	qǐn
𤿴	lù	lù
𤿵	què	què
𤿶	diǎn	diǎn
𤿷	qiān	qiān
𤿼	chǎng	chǎng
𤿽	tà	tà
𤿾	bēi	bēi
𥀁	dù	dù
𥀂	běng	bāng|běng
𥀃	hòu	hòu
𥀈	zhǎ	zhǎ
𥀉	zhǎ	zhǎ
𥀎	què	què
𥀏	má	má
𥀐	hán	hán
𥀓	liú	liú
𥀔	lù	lù
𥀖	zī	zī
𥀘	pǐ	pǐ
𥀙	zhòu	zhòu
𥀛	zāo	zāo
𥀝	niǔ	niǔ
𥀠	huì	huì
𥀣	xué	qiào|xué
𥀥	là	là
𥀫	nóu	nóu|rǎn
𥀬	yǎn	yè|yǎn
𥀭	rǎn	rǎn
𥀮	nǎo	nǎo
𥀰	là	là
𥀱	guǎng	guǎng
𥀲	dú	dú
𥀵	lú	lú
𥀹	jiǎn	jiǎn
𥀺	xiè	xiè
𥀻	qì	qì
𥀾	xiàng	xiàng
𥁁	guǒ	guǒ
𥁂	jié	jié
𥁃	màng	màng
𥁆	xiā	xiā
𥁇	kuī	kuī
𥁎	yòng	yòng
𥁐	hǎi	hǎi
𥁑	mì	mì
𥁒	yào	yào
𥁕	wēn	wēn
𥁟	lì	lì
𥁠	juàn	juàn|quán|quān
𥁡	wū	wū
𥁢	qiáo	qiáo
𥁮	diào	diào
𥁯	chù	chuò|chù
𥁲	suō	suō
𥁵	chōng	chōng
𥁸	quān	quān
𥁹	shè	shè
𥂁	yán	yán
𥂂	měng	měng
𥂃	jù	jù
𥂋	tú	tú
𥂒	nóng	nóng
𥂓	mó	mó
𥂙	fèn	fèn
𥂢	áo	áo
𥂣	guō	guō
𥂤	hú	hú
𥂥	cán	cán
𥂦	dūn	dūn
𥂧	hǎi	hǎi
𥂨	jiǎo	jiǎo
𥂰	gū	gū
𥂵	jīn	jīn
𥂸	yáng	yáng
𥃀	chà	chà
𥃌	huī	huī
𥃔	qú	qú
𥃕	kē	kē
𥃟	qīng	qīng
𥃠	yì	yì
𥃣	kǎi	kǎi
𥃤	jiǎo	jiǎo
𥃧	chōu	chōu|jiǎo|yǎo
𥃨	bǔ	bǔ
𥃩	gèn	gèn|yǎn
𥃪	jiāo	jiāo
𥃫	zhī	zhī
𥃮	wèn	wèn
𥃰	bīn	bīn
𥃴	xiòng	xiòng
𥃵	fàn	fàn
𥃸	yí	yí
𥃹	chuàn	chuàn
𥃺	yào	yào
𥃽	yāng	yāng
𥃾	dù	dù
𥃿	yǎn	yǎn
𥄁	méng	méng
𥄇	chī	chī|hūn
𥄈	mù	mù
𥄉	jiāo	jiāo
𥄋	nǜ	nǜ
𥄍	guó	guó
𥄎	xuè	xuè
𥄑	fú	fú
𥄒	xuē	xuē
𥄓	fū	fū
𥄔	pèi	pèi|pò
𥄕	mò	mò
𥄖	xī	xī
𥄗	wò	nài|wò
𥄘	shǎn	shǎn
𥄛	xī	xī
𥄜	qì	qì
𥄝	miàn	miàn
𥄦	dǎn	dǎn
𥄨	chǒu	chǒu
𥄱	fèi	fèi
𥄲	mié	mié
𥄴	xuè	jué|xuè
𥄵	xù	xù|yù
𥄶	sī	sī
𥄷	jǔ	jǔ
𥄸	mǎo	mǎo
𥄹	bào	bào
𥄻	yí	yí
𥄼	guā	guā
𥄽	nì	nì
𥄿	yí	dì|yí
𥅁	zuò	zuò
𥅄	nǔ	nǔ
𥅑	diàn	diàn
𥅒	fàn	fàn
𥅓	yì	yì
𥅔	shì	shì
𥅗	cū	cū
𥅘	zhěn	mí|zhěn
𥅞	shì	shì
𥅟	jiǎo	jiǎo
𥅠	hòu	hòu
𥅡	ér	ér
𥅦	lèi	lèi
𥅧	xuè	xuè
𥅨	gèng	gèng
𥅪	shōu	shōu
𥅬	juān	juān
𥅴	jié	jié
𥅵	wéi	wéi
𥅷	shǒu	shǒu
𥅸	jìng	jìng
𥅺	xú	xú
𥅻	chòng	chòng
𥆅	jiāng	jiāng
𥆆	mòu	mòu
𥆉	yù	yù
𥆌	jué	jué
𥆑	tìng	tìng
𥆔	xiāo	xiāo
𥆖	dōu	dōu
𥆘	guó	guó
𥆙	máng	máng
𥆚	wāng	wāng
𥆛	xù	xù
𥆜	wàng	wàng
𥆝	suō	suō
𥆞	juàn	juàn
𥆟	yuè	yuè
𥆡	hán	hán
𥆣	shēn	shēn
𥆥	xié	xié
𥆦	liú	liú
𥆧	rún	rún
𥆯	bì	bì
𥆲	nào	nào
𥆶	wàn	wàn
𥆷	jiù	jiù
𥆸	quē	quē
𥇄	nì	nì
𥇆	mí	mí
𥇇	suō	suō
𥇉	qiǎng	qiǎng
𥇌	hàn	hàn|qià
𥇍	zhuó	zhuó
𥇎	mí	mí
𥇏	xù	xù
𥇑	lǎng	lǎng
𥇒	jié	jié
𥇓	dìng	dìng
𥇔	chàng	chàng|zhāng
𥇕	zhì	zhì
𥇖	fēi	fēi
𥇗	jiá	jiá
𥇘	jùn	jùn
𥇙	huò	huò
𥇚	qī	qī
𥇛	jū	jù|jū|xì
𥇜	zhūn	guō|zhūn
𥇞	diàn	diàn
𥇟	jiǎo	jiǎo
𥇠	yā	yā
𥇢	zhǎn	zhǎn
𥇭	zhī	zhī
𥇯	mài	mài
𥇰	hū	hū
𥇱	xiè	xiè
𥇲	shí	shí
𥇳	guī	guī
𥇿	xù	xù
𥈂	jí	jí
𥈄	chuàng	chuàng
𥈆	mào	mào
𥈇	ruán	ruán
𥈈	xū	xū
𥈉	huàn	huàn
𥈊	shà	shà
𥈋	jǔ	jǔ
𥈏	kuàng	kuàng
𥈑	hóu	hóu
𥈒	guān	guān
𥈓	guā	guā
𥈕	mí	mí
𥈖	dié	dié
𥈗	bì	bì
𥈘	liǎng	liǎng
𥈙	là	là
𥈚	shǎn	shǎn
𥈛	lù	lù
𥈜	xì	xì
𥈟	sǒu	sǒu
𥈬	ōu	ōu
𥈮	léng	léng
𥈷	kū	kū
𥈸	guī	guī
𥈻	xī	xī
𥈼	pán	pán|pān
𥈽	sè	sè
𥈾	juè	juè
𥈿	hòng	hòng
𥉀	guàn	guàn
𥉁	jù	jù
𥉃	nài	nài
𥉄	huá	huá
𥉅	gé	gé
𥉆	lì	lì
𥉇	gòu	gòu
𥉈	tì	tì
𥉊	mà	mà
𥉋	téng	téng
𥉌	dá	dá
𥉐	qī	qī
𥉑	yù	hè|yù
𥉒	jiǎo	jiǎo
𥉓	miè	miè
𥉔	gěng	gěng
𥉕	mèng	mèng|méng
𥉖	wèi	wèi
𥉘	tí	tí
𥉙	qí	qí
𥉜	chén	chén
𥉝	dōu	dōu
𥉟	pán	pán
𥉰	hàn	hàn|qià
𥉴	mì	mì
𥉵	má	má
𥉶	lù	lù
𥉷	qī	qī
𥉸	kēng	kēng
𥉺	dié	dié
𥉻	qì	qì
𥉼	jiāo	jiāo
𥉽	kāng	kāng
𥉾	qiāo	qiāo
𥉿	mì	mì
𥊀	shān	shān|sǎn
𥊇	jiān	jiān
𥊈	lí	lí
𥊉	kè	kè
𥊊	xù	xù
𥊑	mán	màn|mán
𥊒	fèng	fèng
𥊓	chàn	chàn
𥊔	huǐ	huǐ
𥊧	kòu	kòu
𥊪	wěi	wěi
𥊫	guàn	guàn
𥊬	jí	jí
𥊭	zùn	zùn
𥊮	huò	huò
𥊯	xié	xié
𥊴	suì	suì
𥊶	ruǎn	ruǎn
𥊸	tè	tè
𥊼	zhèng	zhèng
𥊽	kūn	kūn
𥊾	xiǎng	xiǎng
𥊿	mián	mián
𥋁	xì	xì
𥋌	sā	sā
𥋙	è	è
𥋚	miè	miè
𥋛	zhǔ	zhǔ
𥋜	zōu	zōu
𥋝	měng	měng
𥋟	xī	xī
𥋡	táng	táng
𥋣	jià	jià
𥋤	cháng	cháng
𥋥	jí	jí
𥋮	zhuó	zhuó
𥋿	hè	hè
𥌀	chá	chá
𥌁	qì	qì
𥌂	mián	mián
𥌃	zhěn	zhěn
𥌄	kū	kū
𥌅	yè	yè
𥌆	zhōu	zhōu
𥌈	jiān	jiān
𥌊	pàn	pàn
𥌍	huī	huī
𥌏	míng	míng
𥌐	liù	liù
𥌘	shuì	shuì
𥌚	mài	mài|shù|yá
𥌛	lí	lí
𥌞	shuò	shuò
𥌟	yí	yí
𥌤	lì	lì
𥌨	xiē	miè|xiē
𥌩	tè	tè
𥌪	xiū	xiū
𥌭	xuàn	xuàn
𥌮	lì	lì
𥌯	méng	méng
𥌰	wéi	wéi
𥌱	méng	méng
𥌺	yào	yào
𥌻	lán	lán
𥌼	líng	líng
𥌽	yīng	yīng
𥌾	yīng	yīng
𥌿	lì	lì
𥍀	jiǎn	jiǎn
𥍁	guī	guì|guī
𥍅	guān	guān
𥍆	xiè	xiè
𥍉	shè	shè
𥍋	zuī	huǐ|xiē|zuī
𥍓	kàn	kàn|yǎn
𥍔	léi	léi
𥍚	biàn	biàn
𥍝	shǔ	shǔ
𥍞	nǜ	nǜ
𥍟	xù	xù|yì
𥍣	hào	hào
𥍨	guǐ	guǐ
𥍪	zhài	zhài
𥍫	láng	láng
𥍬	cuān	cuān
𥍭	zhì	zhì
𥍮	féng	féng|fēng
𥍯	qīn	qīn
𥍱	zé	zé
𥍲	nà	nà
𥍳	niǔ	niǔ
𥍴	yì	yì
𥍷	cōng	cōng
𥍸	shī	shī
𥍹	jiǎn	jiǎn
𥍺	zōng	zōng
𥍻	yǎn	yǎn
𥍼	yīng	yīng
𥎀	ruǎn	ruǎn
𥎂	róng	róng
𥎃	xì	xì
𥎅	guān	guān
𥎆	kài	kài
𥎈	wù	wù
𥎊	qín	qín
𥎋	cōng	cōng
𥎍	zé	zé
𥎎	xiè	xiè
𥎐	yù	yù
𥎑	zàn	zàn
𥎒	chuāng	chuāng
𥎓	lǐ	lǐ
𥎔	lǐ	lǐ
𥎕	xù	xù
𥎖	mí	mí
𥎗	xù	xù
𥎘	ruǎn	ruǎn
𥎛	guì	guì
𥎜	rǒng	rǒng
𥎝	zuǎn	zuǎn
𥎟	máo	máo
𥎡	qín	qín
𥎢	cuàn	cuàn
𥎣	cuàn	cuàn
𥎤	cuàn	cuàn
𥎮	wū	wū
𥎰	fǎ	fǎ
𥎱	bá	bá
𥎸	qià	qià
𥎹	zhì	zhì
𥎺	tiào	tiào
𥏄	zhì	zhì
𥏅	zhí	zhí
𥏇	huàn	huàn
𥏈	chóu	chóu
𥏊	zhì	zhì
𥏎	yǐng	yǐng
𥏒	wù	wù
𥏓	bēi	bēi
𥏕	hóng	hóng
𥏖	shěn	shěn
𥏘	jué	jué
𥏙	kuì	kuì
𥏜	yǐ	yǐ
𥏝	yà	yà
𥏠	bī	bī
𥏤	kuà	kuà
𥏥	qiān	qiān
𥏨	zhāo	zhāo
𥏪	kǎi	kǎi
𥏫	shāng	shāng
𥏮	àn	àn
𥏯	zhé	zhé
𥏰	zhì	zhì
𥏷	zhì	zhì
𥏹	jiǎo	jiǎo
𥐀	sī	sī
𥐁	pú	pú
𥐂	ǒu	ǒu
𥐊	zhuó	zhuó
𥐑	yīng	yīng
𥐓	huān	huān
𥐕	yà	yà
𥐘	shí	shí
𥐙	pā	bā|pā
𥐚	pǔ	pǔ
𥐞	máng	máng
𥐟	chāi	chāi
𥐩	yún	yún
𥐬	gǔ	gǔ
𥐹	dǎn	dǎn
𥐻	náo	náo
𥐽	zhé	zhé
𥐿	hú	hú
𥑅	kēng	kēng
𥑇	dié	dié
𥑈	tīng	tīng
𥑋	guài	guài
𥑎	qiōng	qiōng
𥑏	shǐ	shǐ
𥑐	jiǎ	jiǎ
𥑑	ào	ào
𥑒	nǎ	kēng|nǎ
𥑓	pǐn	pǐn
𥑔	jiá	jiá
𥑡	zhè	zhè
𥑢	bù	bù
𥑣	wǒ	wǒ
𥑥	chǎ	chǎ
𥑪	náo	náo
𥑫	kǎn	kān|kǎn
𥑯	dú	dú
𥑰	guài	guài
𥑱	qióng	qióng
𥑳	róng	róng
𥑴	yǐ	yǐ
𥑵	duī	duī
𥑶	lěi	lěi
𥑸	zhōu	zhōu
𥑹	kuā	kuā
𥑺	ē	ē
𥑻	xiān	xiān
𥑼	diàn	diàn
𥑽	nuò	nuò
𥑾	è	è
𥑿	yōng	yōng
𥒀	wù	wù
𥒁	kēng	kēng
𥒓	zhì	zhì
𥒗	zhǐ	zhǐ
𥒘	xún	xún
𥒛	zhèng	zhèng
𥒞	yáng	yáng
𥒠	huò	huò
𥒡	jí	jí
𥒢	nǎo	lì|nǎo
𥒧	yà	yà
𥒨	lù	lù
𥒫	fū	fū
𥒬	sǎn	sǎn
𥒭	chù	chù
𥒮	wěi	wěi
𥒰	fǔ	fǔ
𥒱	kēng	kēng
𥒲	sì	sì
𥒳	kàng	kàng
𥒵	yì	yì
𥒶	huà	huà
𥒾	yǔ	yǔ
𥓃	lì	lì
𥓆	lǐn	lǐn
𥓇	dǔ	dǔ
𥓈	è	è
𥓌	qiǎng	qiǎng
𥓍	dú	dú
𥓐	jié	jié
𥓑	chuò	chuò
𥓒	xiàn	kàn|xiàn
𥓖	gǎo	gǎo
𥓬	dào	dào
𥓰	hōng	hōng
𥓻	zōng	zōng
𥓾	qì	qì
𥓿	tuó	tuó
𥔀	hōng	hōng
𥔁	pǐ	pǐ
𥔂	gèng	gèng
𥔄	niè	niè
𥔇	kōng	kōng
𥔊	zhǐ	zhǐ
𥔑	xiǎo	xiǎo
𥔡	shè	shè
𥔢	yú	yú
𥔣	jiāng	jiāng
𥔩	qǐ	qǐ
𥔪	chěn	chěn
𥔫	sǎng	sǎng
𥔭	suǒ	suǒ
𥔮	qián	qián
𥔯	huì	huì
𥔱	shàn	shàn
𥔲	è	è
𥔻	qiū	qiū
𥔽	kè	kè
𥕀	wēng	wēng
𥕁	zī	zī
𥕂	jí	jí
𥕇	dǎ	dǎ
𥕉	cuò	cuò
𥕍	lǒu	lǒu
𥕎	kāng	kāng
𥕏	kuò	kuò
𥕐	dí	dí
𥕑	qiē	jū|qiē
𥕓	mò	mò
𥕖	guǒ	guǒ
𥕗	hōng	hōng
𥕘	cháo	cháo|suǒ
𥕙	hēi	hēi
𥕢	cáo	cáo
𥕣	zhé	zhé
𥕤	kē	kē
𥕦	gǔn	gǔn
𥕰	xū	xū
𥕱	péng	péng|pēng
𥕲	jué	jué
𥕵	gǎn	gǎn
𥕶	sī	sī
𥕸	suì	suì
𥕹	què	què
𥕻	wú	wú|wǔ
𥕼	yán	yán
𥕽	pèng	pèng
𥕾	xiǎo	xiǎo
𥕿	pān	pān
𥖍	là	là
𥖗	bèng	bèng
𥖘	zhěn	zhěn
𥖙	jí	jí
𥖜	jǐn	jǐn
𥖝	lián	lián
𥖞	kěn	kěn
𥖠	zhóu	dú|zhóu
𥖨	zào	zào
𥖪	lè	lè
𥖫	qī	qī
𥖬	bìng	bìng
𥖵	yǐn	yǐn
𥖶	pīn	pīn
𥖻	sǒu	sǒu
𥖼	lǜ	lǜ
𥖾	dí	dí
𥖿	dú	dú
𥗀	liǎo	liǎo
𥗁	zhuó	zhuó
𥗊	chǎng	chǎng
𥗒	chèn	chèn
𥗓	tà	tà
𥗙	què	què
𥗚	dào	dào
𥗝	rǎng	rǎng
𥗟	pò	pò
𥗦	zhōng	zhōng
𥗧	xiē	xiē
𥗪	jiāng	jiāng
𥗫	qú	qú
𥗬	lěi	lěi
𥗭	cà	cà
𥗮	quē	quē
𥗵	xiàng	xiàng
𥗶	lèi	lèi
𥗺	làn	làn
𥗽	lán	lán
𥗿	lǎ	lǎ
𥘁	lǎ	lǎ
𥘄	yù	yù
𥘊	jiào	jiào
𥘋	qín	qín
𥘌	jī	jī
𥘏	gǎn	gǎn
𥘒	yì	yì
𥘠	yì	yì
𥘡	zhī	zhī
𥘤	biǎo	biǎo
𥘥	shēng	shēng
𥘦	jiù	jiù|shè
𥘫	hē	hē
𥘬	fú	fú
𥘮	jū	jū
𥙀	zuǒ	zuǒ
𥙁	yí	yí
𥙆	xiàn	xiàn|zhī
𥙇	yí	yí
𥙉	sì	sì|tái
𥙋	chuì	chuì
𥙎	mò	mò
𥙡	zhān	zhān
𥙣	xún	xún
𥙦	rú	rú
𥙨	huò	huò
𥙬	shāo	shāo
𥙰	shòu	shòu
𥙾	yòu	yòu
𥙿	yù	yù
𥚂	jùn	jùn
𥚉	zī	zī
𥚊	lù	lù
𥚚	chǐ	chǐ
𥚛	kūn	kūn
𥚠	zhùn	zhùn
𥚦	hóu	hóu
𥚩	xǔ	xǔ
𥚾	zōng	zōng
𥚿	yìng	yìng
𥛂	zhū	zhū
𥛅	liù	liù
𥛑	nù	nù
𥛘	bì	bì
𥛚	chì	chì
𥛜	zǔ	zǔ
𥛝	féng	féng
𥛞	lù	lù
𥛟	pǔ	pǔ
𥛥	zhuàn	zhuàn
𥛧	zhé	zhé
𥛨	shī	shī
𥛩	yǔ	yǔ
𥛪	lù	lù
𥛫	liáng	liáng
𥛯	jué	jué
𥛰	liào	liào
𥛱	bēng	bēng
𥜃	yì	yì
𥜄	guān	guān
𥜌	ǎo	ǎo
𥜏	guì	guì
𥜐	mǐn	mǐn
𥜒	yǎn	yǎn
𥜓	lán	lán
𥜖	bó	bó
𥜙	zàn	zàn
𥜚	yǒu	yǒu
𥜥	yì	yì
𥜦	nǐ	nǐ|xiǎn
𥜬	nǐ	nǐ|xiǎn
𥜭	guǒ	guǒ
𥜮	jùn	jùn
𥜰	shī	shī
𥜲	xiǎn	jiǎn|xiǎn
𥜴	qiān	qiān
𥜵	què	què
𥜶	kuí	kuí
𥝀	shé	shé
𥝂	huò	huò
𥝄	wàn	wàn
𥝊	fèi	fèi
𥝋	fèi	fèi
𥝍	yù	wáng|yù
𥝑	zhī	zhī
𥝒	guà	guà
𥝔	jié	jié
𥝕	máng	máng
𥝖	hé	hé|xié
𥝘	yǒu	yǒu
𥝟	dù	dù
𥝠	sī	sī|xiù
𥝢	lì	lì
𥝥	jié	jié
𥝦	niǔ	niǔ
𥝧	bà	bà
𥝨	yú	yú
𥝮	zhī	zhī
𥝸	hé	hé
𥝹	kē	kē
𥝾	dù	dù|zhà
𥝿	jiā	jiā
𥞁	chēn	chēn
𥞃	chuì	chuì|shù
𥞄	hé	hé
𥞅	zhǎi	zhǎi
𥞊	mèi	mèi
𥞍	hé	hé
𥞎	zǐ	zǐ
𥞏	zhú	zhú
𥞒	tuó	tuó
𥞘	zùn	zùn
𥞚	rú	rú
𥞛	duò	duò
𥞜	jiàng	jiàng
𥞦	jiá	jiá
𥞧	héng	héng
𥞩	bēng	bēng|hé
𥞪	mò	mò|mǐ
𥞯	zú	zú
𥞲	biē	biē
𥞴	kù	kù
𥞵	jiá	jiá
𥞺	zhuō	zhuō
𥞼	xiū	xiū
𥟂	lái	lái
𥟃	hé	hé
𥟅	qiāo	qiāo
𥟍	fěi	fěi
𥟎	shēng	shēng
𥟒	zhuì	zhuì
𥟓	kuǎn	kuǎn
𥟔	zè	zè
𥟕	xiān	xiān
𥟗	bì	bì
𥟘	yì	yì
𥟚	chàng	chàng
𥟪	mào	mào
𥟶	wǎn	wǎn
𥟽	wū	wū
𥟾	kū	kū
𥟿	wǒ	wǒ
𥠀	xīng	xīng
𥠁	kē	kē
𥠃	jiū	jiū
𥠄	duān	duān
𥠅	huàn	huàn
𥠈	zhì	jì|zhì
𥠉	cè	cè
𥠊	róu	róu
𥠋	jí	jí
𥠍	yè	yè
𥠛	jīng	jīng
𥠜	yàng	yàng
𥠡	zǒng	zǒng
𥠩	cǎn	cǎn
𥠱	sī	sī
𥠲	lì	lì
𥠳	gǔ	gǔ
𥠴	chàng	chàng
𥠶	fěi	fěi
𥠷	liú	liú
𥠹	jié	jié
𥠺	yūn	yūn
𥠽	zhì	zhì
𥡀	chóu	chóu
𥡁	biē	biē
𥡒	jī	jī
𥡜	luó	luó|suì
𥡝	jiān	jiān|qiān
𥡟	chuāng	chuāng
𥡠	shuǎng	shuǎng
𥡢	lǜ	lǜ
𥡣	jùn	jùn
𥡤	jiào	jiào
𥡦	tì	dì|tì
𥡧	zhā	zhā
𥡪	yì	yì
𥡬	cōng	cōng
𥡭	něi	něi
𥡮	jiā	jiā
𥡴	jì	jì
𥡽	ài	ài
𥢇	jiǎn	jiǎn
𥢊	bèn	bèn
𥢌	fán	fán
𥢍	suì	hù|suì
𥢎	zùn	zùn
𥢏	diàn	diàn
𥢐	gāo	gāo
𥢑	gǎo	gǎo|hào
𥢒	láo	lào|láo
𥢔	zhuó	zhuó|zhào
𥢢	tuí	tuí
𥢦	bì	bì
𥢧	jú	jú|yì
𥢮	huá	huá
𥢲	chéng	chéng
𥢶	kuài	kuài
𥢷	dāng	dāng
𥢸	gé	gé
𥢹	xié	xié
𥢻	jié	jié
𥢽	cān	cān
𥣆	zú	zú
𥣈	pú	pú
𥣋	shǔ	shǔ
𥣌	bǔ	bǔ
𥣗	níng	níng
𥣘	yǎn	yǎn
𥣙	zhòu	còng|zhòu
𥣛	méng	méng
𥣝	biǎn	biǎn
𥣟	xiàng	xiàng
𥣤	lù	lù
𥣥	lí	lí
𥣩	jì	jì
𥣫	miè	miè
𥣬	lèi	lèi
𥣮	zhì	zhì
𥣯	yōu	yōu
𥣰	biǎn	biǎn
𥣸	mù	mù
𥣺	ràn	ràn
𥤂	niǎo	niǎo
𥤊	quán	quán
𥤋	zhé	zhé
𥤐	lèi	lèi|léi
𥤗	dǎng	dǎng
𥤘	jué	jué
𥤜	líng	líng
𥤞	líng	líng
𥤟	yán	yán
𥤣	yǎo	yǎo
𥤤	zhèn	zhèn
𥤥	qī	qī
𥤦	ài	ài
𥤨	nú	nú
𥤩	mǎng	mǎng
𥤱	kǎn	hān|kǎn
𥤳	jiū	cuàn|jiū
𥤴	yǎn	yǎn
𥤵	miàn	miàn
𥤷	yín	yín
𥤸	wán	wán
𥤹	yào	yào|yǎo
𥤺	wā	wā
𥤻	pí	pí
𥤼	suì	suì
𥥅	kǒng	kǒng
𥥈	hóng	hóng|wòng
𥥊	mǐng	mǐng
𥥋	líng	líng
𥥌	yì	dié|yì
𥥍	shēn	shèn|shēn
𥥏	zuò	zuò
𥥛	tū	bá|tū
𥥝	yòng	yòng
𥥟	wà	wà
𥥠	guǐ	guǐ
𥥡	hòng	hòng
𥥥	shì	shì
𥥧	xiòng	xiòng
𥥩	ā	xiàng|ā
𥥱	chéng	chéng
𥥳	kēng	kēng
𥥴	yì	yì
𥥵	yàng	yàng
𥥶	tíng	tíng
𥥷	dòu	dòu
𥥸	chá	chá
𥥹	liù	liù
𥥽	qiú	qiú
𥥾	xuǎn	xuǎn
𥥿	shēn	shēn
𥦀	kuān	kuān|mì
𥦁	tòng	tòng
𥦃	qiǎn	qiǎn
𥦅	chòu	chòu
𥦊	wěn	wěn
𥦌	lòng	lòng
𥦍	ǎn	yǎn|ǎn
𥦔	kǎn	kǎn
𥦖	yǎo	yǎo
𥦘	fú	fú
𥦜	bèng	bèng
𥦝	lǎn	lǎn
𥦞	qià	qià
𥦟	diàn	diàn
𥦢	jiào	jiào
𥦣	guī	guī
𥦥	xiòng	xiòng
𥦨	kè	kè
𥦶	xiàn	xiàn
𥦷	wòng	wòng
𥧂	gǒng	gǒng
𥧆	ǒu	ǒu
𥧇	kē	cháo|kē
𥧋	kū	kū
𥧑	tián	chǎn|diān|tián|yǎn
𥧒	gòu	gòu
𥧓	mǎ	mǎ
𥧕	liù	liù
𥧙	wèi	wèi
𥧚	wěn	wěn
𥧡	gòng	gòng
𥧣	tú	tú
𥧤	níng	níng
𥧧	mì	mì
𥧫	láng	láng
𥧬	qiǎn	qiǎn
𥧭	mán	mán
𥧮	zhé	zhé
𥧰	huà	huà
𥧱	yōng	yōng
𥧲	jìn	jìn|jǐn
𥧴	mèi	mèi
𥧷	fú	fú
𥧻	qú	qú
𥨌	liù	liù
𥨍	fù	fù
𥨎	dàn	dàn
𥨐	gǒng	gǒng
𥨒	cuì	cuàn|cuì
𥨕	xǐng	xǐng
𥨜	tū	tū
𥨝	shòu	shòu
𥨪	qióng	qióng
𥨳	róng	róng
𥨻	lì	lì
𥨿	jī	jī
𥩀	tuò	tuò
𥩌	tóng	tóng
𥩒	tán	tán
𥩔	líng	líng
𥩖	yì	yì
𥩗	ruǎn	ruǎn
𥩙	pǎ	pǎ
𥩝	cà	cà
𥩡	yuè	yuè
𥩢	què	què
𥩣	zhù	zhù
𥩤	hài	hài
𥩱	fá	fá
𥩲	hài	hài
𥩺	liè	liè
𥪀	bū	bū
𥪁	pīng	pīng
𥪂	liè	liè
𥪊	kuǐ	jué|kuǐ
𥪋	fú	fú
𥪌	tiǎn	tiǎn
𥪍	wò	wò
𥪏	jū	jū
𥪘	zhēn	zhēn
𥪚	fú	fú
𥪢	lóng	lóng
𥪦	xì	xì
𥪧	tián	tián
𥪫	jì	jì
𥪯	yào	qiáo|yào
𥪱	cù	cù
𥪴	pàng	pàng
𥪵	qiè	qiè
𥪻	lóng	lóng
𥪼	jǐ	jǐ
𥫂	tóng	tóng
𥫃	yí	yí
𥫅	chāng	chāng
𥫋	gōng	gōng
𥫎	dòng	dòng
𥫖	xiāng	xiāng
𥫙	tǐng	tǐng
𥫛	zhuān	zhuān
𥫜	yǐ	yǐ
𥫝	yì	yì
𥫞	zǐ	zǐ
𥫟	qǐ	qǐ
𥫢	chǎ	chǎ
𥫬	dùn	dùn
𥫯	chōng	chōng
𥫰	lù	lù
𥫱	dùn	dùn
𥫳	fāng	fāng
𥫴	shì	shì
𥫵	tì	tì
𥫶	jī	jī
𥫷	qiū	qiū
𥫸	shuǐ	shuǐ
𥫹	chén	chén
𥫼	huàng	huàng
𥫽	shi	shi
𥬀	yún	yún
𥬆	lóng	lóng
𥬈	mǎn	mǎn
𥬉	gōu	gōu
𥬍	xiān	xiān
𥬎	mò	mò
𥬐	shěn	shěn
𥬒	pō	pō
𥬓	yào	yào
𥬔	qū	qū
𥬕	rǎn	rǎn
𥬙	jù	jù
𥬜	yǐn	yǐn
𥬝	bái	bái
𥬞	niè	niè
𥬠	chōu	chōu
𥬪	róng	róng
𥬫	chuǎn	chuǎn
𥬬	niè	niè
𥬭	lì	liè|lì
𥬮	jiāng	jiāng
𥬯	kǎo	kǎo
𥬰	cè	cè|zhà
𥬱	chòng	chòng
𥬲	zhuā	duò|zhuā
𥬳	zǐ	zǐ
𥬴	yáng	yáng
𥬼	wěn	wěn
𥭋	jì	jì
𥭌	jì	jì
𥭐	lǜ	lǜ
𥭑	qiú	qiú
𥭒	dùn	dùn
𥭓	báo	báo
𥭔	chān	chān
𥭖	bó	bó
𥭘	chī	chī
𥭙	zhè	niè|zhè
𥭚	màng	màng
𥭜	jì	jì
𥭝	miào	miào
𥭞	yuàn	yuàn
𥭠	wú	wú
𥭡	zhì	zhì
𥭢	pīng	pīng
𥭥	chōng	chōng
𥭫	mí	mí
𥭬	féi	féi
𥭭	cuō	cuō
𥭮	méng	méng
𥮍	yín	yín
𥮎	mǎng	mǎng
𥮏	diǎn	diǎn
𥮐	diāo	diāo
𥮒	qián	qián|zhān
𥮕	hàng	hàng
𥮖	zhí	zhí
𥮗	jú	jú
𥮘	niàn	niàn
𥮜	mí	mí
𥮝	gǔ	gǔ
𥮣	zhuā	zhuā
𥮤	niè	niè
𥮥	zhuó	zhuó
𥮧	yè	yè
𥮨	còng	còng
𥮪	xū	jí|xū
𥮬	xì	xì
𥮯	bō	bō
𥮾	cǎn	cǎn|zān
𥯃	yǎn	yǎn
𥯑	jǐn	jǐn
𥯔	jǔ	jǔ
𥯕	dàng	dàng
𥯖	dù	dù
𥯘	yé	yé
𥯙	jìng	jìng
𥯚	kè	kè
𥯛	luò	luò
𥯜	wěi	wěi
𥯝	tū	tū
𥯞	yóu	yóu
𥯟	pài	pài
𥯡	pí	pí
𥯢	dìng	dìng
𥯤	wěi	wěi
𥯥	chè	chè
𥯦	jiàn	jiàn|shà
𥯨	sī	sī
𥯩	zhuó	zhuó
𥯪	sòu	sòu
𥯬	ruǎn	ruǎn
𥯮	yú	yú
𥯳	è	è
𥯶	kǔ	kǔ
𥯸	zhù	zhù
𥯾	xiá	xiá
𥰛	fú	fú
𥰜	táo	táo
𥰝	xī	xī
𥰞	chōu	chōu|sǒu
𥰟	yuán	yuán
𥰠	lǘ	lǘ
𥰡	cè	cè
𥰢	shàn	shàn
𥰣	liú	liú
𥰥	xì	xì
𥰦	jī	jī
𥰧	yǐ	yǐ
𥰨	tán	tán
𥰪	hú	hú
𥰭	cuō	cuō|cī|zhǎ
𥰮	gě	gě
𥰰	shì	shé|shì
𥰱	sāo	sāo
𥰲	hòng	hòng
𥰳	xiàn	xiàn
𥰶	xiá	xiá
𥰻	mù	mù
𥰼	suǒ	suǒ
𥰾	zhài	zhài
𥱀	fū	fū
𥱁	sè	sè
𥱂	nú	nú
𥱃	yì	yì
𥱧	qín	qín
𥱨	qìng	qìng
𥱵	huì	huì|suì|xí
𥱶	shuǎng	shuǎng
𥱷	dǎn	dǎn
𥱸	ōu	ōu
𥱹	mò	mò
𥱺	qiān	qiān
𥱻	chì	chì|tú
𥱼	pái	pái|pì
𥱽	juàn	juàn
𥲀	cháo	cháo
𥲁	liè	liè
𥲂	bīng	bīng
𥲃	kòu	kòu
𥲄	dàn	dàn
𥲅	chóu	chóu
𥲆	tōng	tōng
𥲇	dàn	dàn
𥲈	mǎn	mǎn
𥲉	hù	hù
𥲊	liáo	liáo
𥲋	xián	xián
𥲍	cáo	cáo
𥲎	lù	lù
𥲏	chuàn	chuàn
𥲐	wú	wú
𥲑	mán	mán
𥲕	zǐ	zǐ
𥲗	dù	dù
𥲚	shuàng	shuàng
𥲛	fù	fù
𥲜	jù	jù
𥲝	zhòu	zhòu
𥲟	diào	diào
𥲠	wàng	wàng
𥲡	chuāng	chuāng
𥲢	qiān	qiān
𥲣	tuì	tuì
𥲥	lián	lián
𥲦	biāo	biāo
𥲧	lí	lí
𥲪	lí	lí
𥳆	bì	bì
𥳇	fù	fù
𥳈	cuì	cuì
𥳉	dū	dū
𥳋	zàn	zàn|zān
𥳌	lóng	lóng
𥳍	xún	xún
𥳎	qióng	qióng
𥳏	jī	jī
𥳐	qiǎn	qiǎn
𥳒	jiǎn	jiǎn
𥳓	shāo	shāo
𥳔	duò	duò
𥳕	shū	shū
𥳖	bù	bù
𥳗	xū	xū
𥳘	dǒng	dǒng
𥳚	rán	rán
𥳜	yáng	yáng
𥳝	ruǐ	ruǐ
𥳞	lìn	lìn
𥳟	jiǎn	jiǎn
𥳠	dì	dì
𥳡	fén	fén
𥳢	diàn	diàn
𥳣	zuì	zuì
𥳥	nǐng	nǐng
𥳪	suàn	suàn
𥳫	tiǎn	tiǎn
𥳬	àn	àn
𥳯	cè	cè
𥳰	dìng	dìng
𥳱	shēn	shēn
𥳲	dù	dù
𥳳	tí	tí
𥳴	jiǎo	jiǎo
𥳵	zuì	zuì
𥳶	zhǎng	zhǎng
𥳷	jiǎn	jiǎn
𥳸	dàn	dàn
𥳹	dǎn	dǎn
𥳺	sǒng	sǒng
𥴐	zhǎn	zhǎn
𥴑	tíng	tíng
𥴒	zhì	zhì
𥴕	yóu	yóu
𥴖	pái	pái
𥴡	lǐ	lǐ
𥴤	qián	qián
𥴦	suì	dí|suì
𥴧	jǔ	jǔ
𥴨	ài	ài
𥴩	gé	gé
𥴪	jù	jù
𥴫	tún	diàn|tún
𥴬	bì	bì
𥴭	qià	qià
𥴮	bó	bó
𥴯	huì	huì
𥴱	jiàn	jiàn
𥴴	gōu	gōu
𥴵	suàn	suàn
𥴺	cí	cí
𥴻	qiàng	qiàng
𥴿	yán	yán
𥵏	diàn	diàn
𥵒	miè	miè
𥵜	pò	pò
𥵝	lǐng	lǐng
𥵞	jié	jié
𥵟	zhù	zhù
𥵠	gǔ	gǔ
𥵣	duān	duān
𥵤	zhào	zhào
𥵦	shǎo	shǎo
𥵧	qǐn	qǐn
𥵨	mí	mí
𥵪	píng	píng
𥵫	cóng	cóng
𥵬	chōu	chōu
𥵯	sà	sà
𥵶	tiǎn	tiǎn
𥶅	liú	liú
𥶆	lǘ	lǘ
𥶇	lǔ	lǔ
𥶈	zōu	zōu
𥶌	lǜ	lǜ
𥶍	huǎn	huǎn
𥶏	tiáo	tiáo
𥶐	tuí	tuí
𥶑	qiǎng	qiǎng
𥶒	lìn	lìn
𥶓	bēi	bēi
𥶔	páo	páo
𥶕	zhān	zhān
𥶗	lì	lì
𥶛	tí	tí
𥶜	hú	hú
𥶢	liè	liè
𥶵	huǐ	huǐ
𥶶	qū	qū
𥶷	xuǎn	xuǎn
𥶹	jìng	jìng
𥶺	dié	dié
𥶻	suí	suí
𥶽	wèi	wèi
𥶿	yán	yán
𥷀	yān	yān
𥷁	bàn	bàn
𥷃	jiǎng	jiǎng
𥷄	nǐ	nǐ
𥷅	lì	lì
𥷆	hú	hú
𥷇	qì	qì
𥷈	zhōng	zhōng
𥷑	bì	bì
𥷔	yú	yú
𥷕	dié	dié
𥷖	lìn	lìn
𥷗	lì	lì
𥷘	zhuó	zhuó
𥷙	jì	jì
𥷚	jū	jū
𥷜	fēng	fēng
𥷞	yù	yù
𥷨	liè	liè
𥷩	zá	zá
𥷪	qián	qián
𥷫	jiē	jiē
𥷬	guān	guān
𥷮	zhuó	zhuó|zhāo
𥷱	fù	fù
𥷹	sè	sè
𥷼	cù	cù
𥸃	huǐ	huǐ
𥸈	dàng	dàng
𥸉	lóng	lóng
𥸊	yì	yì
𥸗	sǎ	sǎ
𥸘	yuè	yuè
𥸚	dí	dí
𥸡	gǎn	gǎn
𥸢	zān	zān
𥸣	shàn	shàn
𥸤	yù	yù
𥸥	bǒ	bǒ
𥸧	dìng	dìng
𥸨	fán	bǒ|bǔ|fán
𥸪	yù	yù
𥸬	shēn	shēn
𥸲	gōng	gōng
𥸴	miè	miè
𥸵	tún	tún
𥸸	liè	liè
𥹁	zhā	zhā|zuò
𥹂	pēi	pēi
𥹄	mí	mí
𥹆	míng	míng
𥹇	fàn	fàn
𥹉	nà	nà
𥹊	sì	sì
𥹋	yí	yí
𥹌	jiā	jiā
𥹍	zhù	zhù
𥹓	bān	bān
𥹔	yù	yù
𥹖	pǒ	pǒ
𥹚	huān	huān
𥹛	càn	càn
𥹜	jiāo	jiāo
𥹠	tán	tán
𥹩	zhì	zhì
𥹫	mǐ	mǐ
𥹬	kǎo	kǎo
𥹱	yāo	yāo
𥹲	duì	duì
𥹳	quǎn	huán|quǎn
𥹴	bù	bù
𥹵	chù	chù
𥹶	qiǎo	qiǎo
𥹷	liú	liú
𥹸	bó	bó
𥹺	kāng	kāng
𥹻	fèn	fèn
𥺅	dào	dào
𥺉	dòu	dòu
𥺊	gé	gé
𥺙	líng	líng
𥺚	xí	xí
𥺜	nì	nì
𥺝	zhōu	zhōu
𥺞	zhōu	yù|zhōu
𥺣	chōu	chōu
𥺴	niān	niān
𥺵	jī	jī
𥺷	qū	qū
𥻄	kāi	kāi
𥻇	xiàn	xiàn
𥻉	hé	hé
𥻋	lín	lín
𥻍	zī	zī
𥻑	ǒu	lì|ǒu
𥻒	cù	cù|mì
𥻗	chá	chá
𥻝	zhòng	zhòng
𥻞	bú	bú
𥻤	chōu	chōu
𥻥	xì	xì
𥻦	sà	sà
𥻧	xián	jiān|xián
𥻨	sè	sè
𥻩	miàn	miàn
𥻫	fán	fán
𥻬	zhī	zhī
𥻮	cuì	cuì
𥻴	xià	xià
𥻾	nuò	nuò
𥻿	lí	lí
𥼀	zú	zú
𥼂	cuī	cuī
𥼃	zé	zé
𥼅	lí	lí
𥼘	qí	qí
𥼚	zhuō	zhuō
𥼛	cuì	cuì
𥼜	pū	pū
𥼞	fán	fán
𥼟	tán	tán
𥼩	zī	zī
𥼪	zǔ	zǔ
𥼫	zhōu	zhōu
𥼬	róng	róng
𥼭	lín	lín
𥼮	tán	tán
𥼶	shì	shì
𥼺	cuǐ	cuǐ
𥼻	zī	zī
𥼼	fū	fū
𥽁	xiào	xiào
𥽈	fēng	fēng|lǐ
𥽏	xiàn	xiàn
𥽐	jiàn	jiàn
𥽒	fèn	fèn
𥽗	lì	lì
𥽘	mò	miè|mò
𥽟	yōu	yōu
𥽥	huò	huò
𥽧	qū	qū
𥽬	niàng	niàng
𥽰	mí	mí
𥽳	qì	qì
𥽶	hé	hé
𥽸	liàn	liàn
𥽿	zuò	zuò
𥾂	líng	líng
𥾅	zhú	zhú
𥾇	niǎo	niǎo
𥾊	jǐ	jǐ
𥾋	réng	réng
𥾌	jié	jié
𥾍	gǎn	gǎn
𥾐	yì	yì
𥾓	zhóu	zhóu
𥾕	wù	wù
𥾚	gěng	dǎn|gěng
𥾛	cù	cù
𥾝	miè	miè|miǎn
𥾡	xún	jī|xún
𥾣	zhī	zhī
𥾤	xiáo	xiáo
𥾧	fú	fú
𥾨	hú	hú
𥾬	dī	dī
𥾮	jué	jué
𥾯	diào	diào
𥾹	shǒu	shǒu
𥾼	wǎng	wǎng
𥿃	nà	nà
𥿄	dī	dī
𥿅	shì	shì
𥿆	cí	cí
𥿇	shū	shū
𥿉	wà	mò|wà
𥿊	chè	chè
𥿋	fán	biàn|fán
𥿍	gū	gū
𥿎	yuān	wǎn|yuān
𥿑	guān	guān|lún
𥿚	qiè	qiè
𥿜	zhǎn	zhěn|zhǎn
𥿝	dài	dài
𥿞	shē	shē
𥿦	zhōu	zhōu
𥿧	xiǎng	xiǎng
𥿨	míng	míng
𥿩	zì	zì
𥿪	huāng	huāng
𥿫	mí	mí|wèi|yì
𥿭	xì	xì
𥿮	zhì	shì|zhì
𥿯	pài	pài
𥿰	duǒ	duǒ
𥿴	cì	cì
𥿵	móu	móu
𥿷	chào	chào
𥿹	yì	yì
𥿺	gōu	gōu
𦀇	jīng	jīng
𦀓	zēng	jiē|zēng
𦀔	pīng	pīng
𦀕	yè	yè
𦀖	jié	jié
𦀘	pī	bī|pī
𦀛	shā	shā
𦀜	zhuàng	zhuàng
𦀝	jiǒng	jiǒng
𦀠	liú	liú
𦀡	yǔ	yǔ
𦀣	jū	jū
𦀨	nuò	nuò
𦀸	mào	mào
𦁄	chēn	chēn
𦁆	zhuàn	juàn|shuàn|zhuàn
𦁇	niàn	niàn
𦁈	kòng	kòng
𦁉	jiē	jiē
𦁊	huà	huà
𦁍	xīn	xīn
𦁎	zuó	zuó
𦁏	yàn	yàn
𦁐	jué	jué
𦁕	hū	hū
𦁖	zhòu	zhòu
𦁗	shè	shè
𦁙	yǎn	yǎn
𦁛	xiè	dié|xiè
𦁜	dié	dié
𦁟	chēn	chén|chēn|zhěn
𦁲	jiǎn	jiǎn
𦁳	jì	jì
𦁶	chuò	chuò
𦁷	hóng	hóng
𦂀	dá	dá
𦂄	kāi	kāi
𦂅	xīng	xīng|xǐ
𦂆	huì	huì
𦂇	jiǎn	jiǎn
𦂈	zhòu	zhòu
𦂉	zhǎ	zhǎ
𦂊	fù	fù
𦂋	chì	chì
𦂌	běng	běng
𦂍	nuò	nuò
𦂑	jì	jì
𦂒	qián	qián
𦂔	wàn	wàn
𦂕	óu	óu
𦂖	bì	bì
𦂗	shuò	shuò
𦂠	jīng	jīng
𦂡	yè	yè
𦃄	fěi	fěi
𦃇	lí	lí
𦃊	lì	lì
𦃋	pí	pí
𦃒	suì	suì
𦃓	liú	liú
𦃔	hé	hé
𦃕	hǔn	hǔn
𦃖	tǎn	tǎn
𦃗	shuò	shuò
𦃘	zhì	zhì
𦃙	bó	bó
𦃝	xì	xì
𦃡	pó	pó|tāo
𦃢	qǔn	qǔn
𦃤	mù	mù
𦃽	yōng	yōng
𦄂	dài	dài
𦄊	qǐ	qǐ
𦄋	diǎo	diǎo
𦄌	niè	niè
𦄍	shuǎng	shuǎng
𦄏	shāo	shāo
𦄐	kǔn	kǔn|mí
𦄑	suì	suì
𦄓	dōu	dōu
𦄔	dié	dié
𦄜	gōng	gōng
𦄯	zhuǎn	zhuǎn
𦄰	guó	guó
𦄼	xū	xū
𦄽	qú	qú
𦅀	xún	xún
𦅃	jiāo	jiāo|qiāo
𦅄	zhé	zhé
𦅆	diàn	diàn
𦅇	sāng	sāng
𦅈	bēng	bēng
𦅊	suǒ	suǒ
𦅋	qiǎn	qiǎn
𦅏	xū	xū
𦅑	xún	xún
𦅔	mò	mò
𦅵	suì	suì
𦅶	là	liè|là
𦅷	zhǔ	zhù|zhǔ
𦅸	zhòu	zhòu
𦅺	lì	lì
𦅼	dān	dān
𦅽	jú	jú
𦅿	yùn	yùn
𦆀	chǎn	chǎn
𦆁	luó	luó
𦆄	sè	sè
𦆆	lián	lián
𦆈	zuǎn	zuí|zuǎn
𦆋	lài	lài
𦆌	shuǎng	shuǎng
𦆍	qiè	qiè
𦆘	dōu	dōu
𦆞	wù	wù
𦆟	méng	méng
𦆡	jì	jì
𦆤	chī	chī
𦆦	nǐ	nǐ
𦆸	yáo	yáo
𦆻	là	là
𦆾	lǜ	lǜ
𦇀	suì	suì
𦇁	fū	fū
𦇄	lěi	lěi
𦇅	wěi	wěi
𦇎	cōng	cōng
𦇔	lì	lì
𦇖	pín	pín
𦇘	jūn	jūn
𦇙	jǔ	jǔ
𦇛	là	là
𦇧	jì	jì
𦇪	miè	miè
𦇬	yào	yào
𦇭	biān	biān
𦇱	cóng	cóng
𦇲	sī	chī|sī
𦇵	sī	sī
𦇸	hé	hé
𦈃	nàng	nàng
𦈅	dié	dié
𦈈	chè	chè
𦈉	yùn	yùn
𦈋	xiǔ	xiǔ
𦈌	shū	shū
𦈎	chǎn	chǎn
𦈏	mín	mín
𦈐	lián	lián
𦈑	yīn	yīn
𦈒	xīng	xīng
𦈓	wēi	wēi
𦈔	gǔ	gǔ
𦈕	tóu	tóu
𦈖	tā	tā
𦈗	fěi	fěi
𦈘	dā	dā
𦈙	niè	niè
𦈚	cù	cù
𦈛	zuǒ	zuǒ
𦈜	jié	jié
𦈝	xuàn	xuàn
𦈞	bó	bó
𦈟	jīn	jīn
𦈠	yǐn	yǐn
𦈡	xū	xū
𦈣	yú	yú
𦈤	xiòng	xiòng
𦈦	qì	qì
𦈧	bēi	bēi
𦈨	xíng	xíng
𦈩	gǒng	gǒng
𦈬	zuǐ	zuǐ
𦈰	jiē	jiē
𦈲	kāi	gǔ|kāi
𦈵	xíng	xíng
𦈶	bēi	bēi
𦈷	shū	shū
𦈸	yù	yù
𦈺	zhǒu	zhǒu
𦈻	zhǎn	zhǎn
𦉂	zhōng	zhōng
𦉆	chá	chá
𦉈	chuí	chuí
𦉉	liù	liù
𦉎	suī	suī
𦉐	zhǔ	zhǔ
𦉙	biàn	biàn
𦉝	xìn	xìn
𦉟	yà	yà
𦉢	líng	líng
𦉧	yà	yà
𦉬	tīng	tīng
𦉹	dí	dí
𦊁	pí	pí
𦊂	hù	hù
𦊃	cén	cén
𦊊	tiān	tiān
𦊋	mǒu	mǒu
𦊌	juǎn	juǎn
𦊎	mǒu	mǒu
𦊐	jù	jù
𦊑	liǔ	liǔ
𦊓	lǐng	lǐng
𦊗	liǔ	liǔ
𦊘	hù	hù
𦊦	fú	fú
𦊧	hú	hú
𦊪	è	è
𦊫	gōng	gōng
𦊬	gū	gū
𦊱	guà	guà
𦊹	lüè	lüè
𦊻	fán	fán
𦊼	lǜ	lǜ
𦊽	méng	méng
𦊾	fú	fú
𦊿	liú	liú
𦋅	xié	xié
𦋆	gū	gū
𦋈	xiàn	xiàn
𦋉	bó	bó
𦋋	jì	jì
𦋓	quān	quān
𦋔	lù	lù
𦋞	shuò	shuò
𦋡	mǒu	mǒu
𦋢	yù	yù
𦋣	hàn	hàn
𦋩	yuè	yuè
𦋪	dàn	dàn
𦋯	yú	yú
𦋰	jiān	jiān
𦋳	gāng	gāng
𦋿	cáo	cáo
𦌀	shèn	shèn
𦌁	liǔ	liǔ|lóu
𦌆	jiāo	jiāo
𦌉	sù	sù
𦌊	sù	sù
𦌋	zhòng	zhòng
𦌒	liào	liào
𦌔	xuǎn	xuǎn
𦌕	lù	lù
𦌗	jì	jì
𦌚	yán	yán
𦌟	lù	lù
𦌡	mǐn	mǐn
𦌢	tí	tí
𦌦	huàn	huàn
𦌩	yì	yì
𦌪	tǎn	tǎn
𦌬	wǔ	wú|wǔ
𦌰	jī	jī
𦌷	dú	dú
𦌸	kūn	kūn
𦌺	jūn	jūn
𦌿	shī	shī
𦍀	nàn	nàn
𦍁	pò	pò
𦍄	shū	shū
𦍅	quàn	quàn
𦍌	rèn	rèn
𦍏	fén	fén
𦍒	tà	tà
𦍓	tún	tún
𦍕	yáng	yáng
𦍠	lì	lì
𦍦	duō	duō
𦍧	cī	cī
𦍩	gǔ	gǔ
𦍪	fén	fén
𦍭	róu	róu
𦍱	gāo	gāo
𦍲	xiáng	xiáng|yàng
𦍴	xiáng	xiáng
𦍵	hǒu	hǒu
𦍷	tāo	tāo
𦍸	shàn	shàn
𦍹	yáng	yáng
𦍺	zì	zì
𦍼	yuán	yuán
𦎄	sú	sú
𦎇	chuàn	chuàn
𦎈	xiáng	xiáng|xiè
𦎊	bān	bān
𦎌	mǎn	mǎn
𦎎	fǔ	fǔ
𦎏	lǎ	lǎ
𦎐	lǐ	lǐ
𦎒	jié	jié
𦎓	yōu	yōu
𦎘	yù	yù
𦎚	chì	chì
𦎜	chuàn	chuàn
𦎝	yì	yì
𦎞	shān	shān
𦎢	jí	jí
𦎣	yān	yān
𦎦	wù	wù
𦎧	chún	chún|dùn|dūn
𦎨	máng	máng
𦎭	fú	fú
𦎮	jiā	jiā
𦎯	gòu	gòu
𦎰	gú	gú
𦎱	jiá	jiá
𦎵	xián	xián
𦎷	jìn	jìn
𦎸	zì	zì
𦎹	lóu	lóu
𦎼	gòu	gòu
𦏀	rén	rén
𦏂	shān	shān
𦏅	jué	jué
𦏆	tóng	tóng
𦏇	yǒu	yǒu
𦏔	jiān	jiān
𦏕	dú	dú
𦏗	hú	hú
𦏛	sāo	sāo
𦏜	yù	yù
𦏢	mài	mài
𦏤	zhī	zhī
𦏥	yān	yān
𦏦	gāo	gāo
𦏨	huài	huài
𦏮	quán	quán
𦏱	yǎng	chài|yǎng
𦏳	zuǐ	zuǐ
𦏷	xiāo	xiāo
𦏸	yì	chí|yì
𦏹	yǎn	yǎn
𦏺	hóng	gòng|hóng
𦏻	yú	yù|yú
𦏿	chì	chì
𦐁	chí	chí
𦐄	háng	háng
𦐅	sè	sè
𦐆	pā	pā
𦐇	tà	tà
𦐈	fēn	fēn
𦐉	chī	chī
𦐌	hóng	hóng
𦐍	xuè	xuè
𦐖	zhǐ	zhǐ
𦐛	qú	qú|yù
𦐠	xī	xī
𦐡	fú	fú
𦐣	shū	shū
𦐤	hài	hài
𦐦	pò	pò
𦐨	cǐ	cǐ
𦐰	chài	chài
𦐳	hōng	hōng
𦐸	pǎo	pǎo
𦐹	shēn	shēn
𦐺	xiāo	xiāo
𦐽	xuān	líng|xuān
𦐾	cǐ	cǐ
𦐿	tíng	tíng
𦑀	pò	pò
𦑇	tà	tà
𦑈	chā	chā
𦑋	zú	zú
𦑌	huò	huò
𦑍	xù	xù
𦑎	yàn	yàn
𦑏	chài	chài
𦑑	tuó	tuó
𦑘	xián	xián
𦑙	xuān	xuān
𦑚	hóu	hóu
𦑛	huǎn	huǎn
𦑜	gé	gé
𦑝	chǒng	chǒng
𦑞	bì	bì
𦑟	hōng	hōng
𦑠	hōng	hōng
𦑡	chí	chí|chī
𦑣	chá	chá
𦑯	zhǎ	zhǎ
𦑱	zhái	huò|zhái
𦑲	tà	tà
𦑵	pò	pò
𦑶	tà	tà
𦑸	yóu	yóu
𦑹	fú	fú
𦑺	cī	cī
𦑻	dá	dá
𦑼	tǎ	tǎ
𦑾	liú	liú
𦒁	cī	cī
𦒃	hōng	hōng
𦒅	hàn	hàn
𦒆	lā	lā
𦒈	shī	shī
𦒍	tóng	tóng
𦒎	huì	huì
𦒏	hé	hé
𦒐	piē	piē
𦒑	yù	yù
𦒜	xiān	xiān
𦒝	hǎn	hǎn
𦒟	pò	pò
𦒦	là	là
𦒧	huò	huò
𦒰	tài	tài
𦒴	lǎo	lǎo
𦒶	shù	shù
𦒺	dào	dào
𦒻	diǎn	diǎn
𦓈	xiòng	xiòng
𦓋	wàng	wàng
𦓍	chě	chě
𦓎	nài	nài
𦓐	jué	jué
𦓓	ér	liè|ér
𦓔	ér	xū|ér
𦓕	nǘ	nǘ
𦓖	nǜ	nǜ
𦓝	zhuǎn	zhuǎn
𦓢	nuò	nuò
𦓤	liè	liè
𦓥	lěi	lěi
𦓧	bā	bā
𦓬	chēng	chēng
𦓯	guī	guī
𦓰	quán	quán
𦓱	gè	gè
𦓳	gǒng	gǒng
𦓴	shào	shào|shāo
𦓹	lái	lái
𦓺	zhēng	zhēng
𦓻	yì	yì
𦓼	gǔn	gǔn
𦓽	wēi	wēi
𦓾	lǔn	kǔn|lǔn
𦔂	shí	shí
𦔃	yīng	yīng
𦔄	shěng	shěng
𦔅	tú	tú
𦔆	bì	bì
𦔈	zé	zé
𦔉	zhòng	zhòng
𦔋	rǒng	rǒng
𦔌	qí	qí|sí
𦔍	fù	fù
𦔎	cè	cè
𦔓	lí	lí
𦔔	mán	màn|mán
𦔖	lián	lián
𦔗	biāo	biāo
𦔛	chuáng	chuáng
𦔜	yì	yì
𦔠	pài	pài
𦔥	yì	shì|yì
𦔦	kuài	kuài
𦔩	biāo	biāo|pāo
𦔫	chì	chì|yì
𦔬	qú	qú
𦔭	mò	mò
𦔮	zhé	zhé
𦔯	shà	shà
𦔰	shà	shà|xū
𦔷	yāo	yāo
𦔸	gōng	gōng
𦔹	nài	nài
𦔼	xiè	xiè
𦔿	tiàn	tiàn
𦕆	yé	yé
𦕉	shā	shā
𦕏	sào	sào
𦕒	diān	diān
𦕓	xù	xù
𦕙	qú	qú
𦕠	hōng	hōng
𦕡	shèng	shèng
𦕢	tìng	tìng
𦕰	duo	duo
𦕵	liáo	liáo
𦕷	hòng	hòng
𦕸	lǐ	lǐ
𦕺	xiǎng	gāo|xiǎng
𦕽	shèn	shèn
𦖀	fū	fū
𦖈	yǎn	yǎn
𦖉	wǎng	wǎng
𦖊	qī	qī
𦖋	duǒ	duǒ
𦖍	huà	huà
𦖎	qiān	qiān
𦖐	xiè	xiè
𦖝	cì	cì
𦖞	shēng	shēng|wén
𦖢	èr	èr
𦖤	xīng	xīng
𦖦	tuì	tuì
𦖧	yàn	yàn
𦖩	liè	liè
𦖬	mí	mí
𦖸	zòng	zòng
𦖺	zī	zī
𦖼	hú	hú
𦖽	yíng	yíng
𦖾	lián	lián
𦖿	dā	dā
𦗀	tián	tián
𦗁	tiàn	tiàn
𦗋	róng	róng
𦗍	ài	ài
𦗐	ài	ài
𦗑	zhé	zhé
𦗒	guō	guō
𦗓	lù	lù
𦗔	zhāo	zhāo
𦗕	mí	mí
𦗖	liáo	liáo
𦗗	zhé	zhé
𦗛	qǔ	qǔ
𦗜	cōng	cōng
𦗟	tīng	tè|tīng
𦗡	tán	tán
𦗢	zhǎn	zhǎn
𦗣	hú	hú
𦗥	piē	piē
𦗧	dā	dā
𦗨	róng	róng
𦗮	nǎo	nǎo
𦗳	náng	náng
𦗴	dāng	dāng
𦗵	jiǎo	jiǎo
𦗻	jù	jù
𦗼	ěr	ěr
𦘊	lì	lì
𦘌	guō	guō
𦘍	wài	wà|wài
𦘒	niè	niè
𦘔	jīn	jīn
𦘩	pǐ	pǐ
𦘪	chì	chì
𦘲	pǐ	pǐ
𦘳	yì	yì
𦘴	dū	dū
𦘵	wǎ	wǎ
𦘶	xūn	xūn
𦘸	qì	qì
𦘹	shàn	shàn|yuè
𦘼	xū	xū
𦘿	hē	hē
𦙀	pàn	pàn
𦙂	pēi	pēi
𦙄	xiōng	xiōng
𦙆	chǐ	chǐ
𦙇	tān	tān
𦙈	zuì	cuì|zuì
𦙉	zuǎn	zuǎn
𦙊	qì	qì
𦙋	dū	dū
𦙙	shuǐ	shuǐ
𦙜	nǎ	nǎ
𦙝	xī	xī
𦙧	chǎo	chǎo
𦙨	yì	yì
𦙫	zhēng	zhēng
𦙮	jú	jú
𦙯	dài	dài
𦙱	sān	sān
𦙴	zhù	zhù
𦙵	wàn	wàn
𦙶	gǔ	gǔ
𦙸	sān	sān
𦙹	bàn	bàn
𦙺	jià	jià|jiā
𦙻	mài	mài
𦚈	tuò	dù|tuò
𦚊	qì	qì
𦚏	zhuāng	zhuāng
𦚐	tuó	tuó
𦚓	píng	píng
𦚝	pēng	pēng
𦚞	kuāng	kuàng|kuāng
𦚟	yí	yí
𦚡	xiè	mài|xiè
𦚢	yuē	yuē
𦚣	hén	hén
𦚥	hóu	hóu|yóu
𦚦	zhēng	zhēng
𦚧	chǔn	chǔn
𦚨	shì	shì
𦚩	wǎ	wǎ
𦚫	xié	xié
𦚸	gèng	gèng
𦛅	è	è
𦛏	kú	kú
𦛐	nà	nà
𦛓	jū	jū
𦛔	xuàn	xuàn
𦛕	qū	qū
𦛖	chè	chè
𦛗	lǚ	lǚ
𦛘	hé	hé
𦛙	shèng	shèng
𦛚	nàn	nàn
𦛜	hé	hán|hé
𦛝	chá	chá
𦛞	yān	yān
𦛟	gěng	gěng
𦛠	niè	niè
𦛢	guó	guó
𦛣	yán	yán
𦛤	guǎn	guǎn
𦛧	zhì	zhì
𦛨	láo	láo
𦛯	dǔ	dǔ
𦛰	qì	qì
𦛱	qū	qū
𦛲	jué	jué
𦜁	fēng	fēng
𦜃	xù	xù
𦜄	tuì	tuì
𦜆	hán	hán
𦜇	kū	kū
𦜊	shēn	shēn
𦜋	zhì	zhì
𦜍	pàng	pàng
𦜎	zhēng	zhēng
𦜏	lì	lì
𦜐	wǎn	wǎn
𦜒	fǎn	fǎn
𦜓	xìn	xìn
𦜖	yà	yà
𦜛	jū	jū
𦜜	shèn	shèn
𦜭	mǎng	mǎng
𦜯	tǔn	tǔn
𦜰	zhuó	zhuó
𦜱	xī	xī
𦜲	yìn	yìn
𦜳	jīng	jīng
𦜴	tún	tún
𦜷	gèng	gèng
𦜸	jì	jì
𦝏	zhuǎn	shuàn|zhuǎn
𦝒	tiē	tiē
𦝔	zhī	zhī
𦝖	jí	jí
𦝚	yíng	yíng
𦝛	wèi	wèi
𦝝	huàn	huàn
𦝞	tíng	tíng
𦝟	chán	chán
𦝢	kuí	kuí
𦝣	qià	kē|qià
𦝤	bàn	bàn
𦝥	chā	chā|zhá
𦝦	tuǒ	tuǒ
𦝧	nǎn	nǎn
𦝨	jiē	jiē
𦝪	yān	yān
𦝬	tú	tú
𦝮	wěn	wěn
𦝰	cōng	cōng
𦝳	xù	xù
𦝴	yìn	yìn
𦝷	bèng	bèng
𦝼	lǘ	lóu|lǘ
𦞁	zāi	zāi
𦞂	dā	da|dā
𦞆	niè	niè
𦞇	jǔ	jǔ
𦞈	hóu	hóu
𦞌	gèng	gèng
𦞕	hóu	hóu
𦞖	kān	kān
𦞗	gōng	gōng
𦞙	huǐ	huǐ
𦞚	xiè	xiè
𦞝	xì	xì
𦞞	hán	hán
𦞟	mí	mí
𦞡	wěng	wěng
𦞢	hùn	hùn
𦞣	sāo	sāo
𦞤	xìn	xìn|zǐ
𦞥	zhé	zhé
𦞦	huò	huò|hè
𦞨	gōng	gōng
𦞫	sài	sài
𦞬	jīn	jiàn|jīn
𦞭	wā	wā
𦞱	duǐ	duǐ
𦞲	chī	chī
𦞽	xī	jí|wèi|xī
𦟂	mí	mí
𦟃	zāng	zāng
𦟄	sǎng	sào|sǎng
𦟓	tún	tún
𦟔	zhì	zhì
𦟕	wěn	wěn
𦟘	yín	yín
𦟙	tǔn	tǔn
𦟛	chōng	chōng
𦟜	zé	zé
𦟞	xiāo	xiāo
𦟟	mó	mó
𦟠	cù	cù
𦟣	biǎn	biǎn
𦟤	xiū	xiū
𦟧	yí	yí
𦟮	huǎng	huǎng
𦟰	zhā	zhā
𦟱	suō	suō
𦟲	hún	hún
𦟳	jù	jù
𦠁	cù	cù
𦠄	jī	jī
𦠅	xún	xún
𦠆	sǔn	sǔn|zhuàn
𦠇	céng	céng
𦠉	yì	yì
𦠎	biāo	biāo
𦠒	jué	jué
𦠓	lì	lì
𦠖	pào	pào
𦠛	zā	zā
𦠜	yè	yè
𦠞	bì	bì
𦠟	zhè	zhè
𦠠	zhè	zhè
𦠢	jiù	jiù
𦠣	zhé	zhé
𦠦	shù	shù
𦠪	xī	xī
𦠷	xǔ	xǔ
𦠸	nǎi	nǎi
𦠹	xián	xián
𦠺	gǔn	gǔn
𦠻	wèi	wèi
𦠾	jí	jí
𦠿	sà	sà
𦡂	dǒng	dǒng
𦡃	nuó	nié|nuó
𦡄	dù	dù
𦡅	zhēng	zhēng
𦡆	kū	kū
𦡉	míng	míng
𦡕	báo	báo
𦡖	huì	huì
𦡙	zōng	zōng
𦡨	sàn	sàn
𦡪	tēng	tēng
𦡫	yí	yí
𦡭	yù	yù
𦡱	yào	shào|yào
𦡲	nǐng	nǐng
𦡴	chóu	chóu|zhǒu
𦡵	hùn	hùn
𦡷	duì	duì
𦡹	qì	qì
𦡺	yǐng	yǐng
𦡻	bìng	bìng
𦡼	níng	níng
𦡽	huáng	huáng
𦢆	yǐng	yǐng
𦢊	báo	báo|bó
𦢎	guàng	guàng
𦢏	lěi	lěi
𦢐	zǔn	zǔn
𦢙	chǎn	chǎn|qiān|xiān
𦢣	jiǎn	jiǎn
𦢧	méng	méng
𦢩	xiào	sōu|xiào
𦢯	xìn	xìn|xìng
𦢱	lí	lí
𦢺	qiǎo	qiǎo
𦢿	wěi	juǎn|wěi
𦣀	nà	niè|nà|zhé
𦣂	pāng	pāng
𦣄	léi	léi
𦣇	luó	luó
𦣋	luán	luán
𦣍	gēng	gēng
𦣏	luán	luán
𦣒	qú	qú
𦣖	luó	luó
𦣘	náng	náng
𦣛	luó	luó
𦣜	yuè	yuè
𦣢	shuì	shuì
𦣥	mì	mì
𦣦	wáng	wáng
𦣧	cè	cè
𦣨	jiān	jiān
𦣩	wǎng	wǎng
𦣯	jiā	jiā
𦣴	huán	huán
𦣸	liàn	liàn
𦣹	zì	zì
𦣺	bái	bái
𦣻	shǒu	bǎi|shǒu
𦣾	wǎn	wǎn
𦤂	shū	shū
𦤇	guī	guī
𦤈	xī	xī
𦤊	rú	rú
𦤋	yào	yào
𦤎	gāo	gāo
𦤕	yuè	yuè
𦤘	yōng	yōng
𦤙	wà	wà
𦤚	bó	bó
𦤟	xìn	xìn
𦤢	pì	pì
𦤣	bó	bó
𦤦	hài	hài|hè|ài
𦤧	zhài	zhài
𦤨	wò	wò
𦤪	yè	yè
𦤫	bì	bì|bí
𦤬	hài	hài
𦤸	chì	chì
𦤻	zhì	zhì
𦤽	ní	ní
𦥁	wú	wú
𦥂	ǎi	ǎi
𦥈	ǎi	ǎi
𦥉	yǔ	yǔ
𦥊	chì	chì
𦥍	jìng	jìng
𦥎	zhì	zhì
𦥏	zhì	zhì
𦥐	zhì	zhì
𦥑	jú	jú|jǔ|póu
𦥖	hán	hán|xián
𦥚	pīng	pīng
𦥝	yǎo	yǎo
𦥣	yóu	yóu
𦥤	pīng	pīng
𦥦	mò	mò
𦥬	zuò	zuò
𦥭	pò	pò
𦥯	xué	xué
𦥰	kuáng	kuáng
𦥱	yì	yì
𦥲	pò	pò
𦥻	zhuì	zhuì
𦦃	ní	ní
𦦄	qiǔ	qiǔ
𦦅	còu	còu
𦦌	yǎo	yǎo
𦦑	fén	fén
𦦕	xiá	xiá
𦦗	jiāng	jiāng
𦦘	chā	chā
𦦛	xiào	xiào
𦦜	chā	chā
𦦢	chéng	chéng
𦦣	cuì	cuì
𦦧	qióng	gǒng|qióng
𦦩	yù	yù
𦦫	yú	yú
𦦯	wèn	wèn
𦦱	chā	chā
𦦲	yǔ	yù|yǔ
𦦹	zuó	zuó
𦦺	dǎo	dǎo
𦦽	juàn	fàn|juàn
𦦾	dǎo	dǎo
𦦿	yīng	yīng
𦧁	fěng	fěng
𦧅	wèng	wèng
𦧈	jìn	jìn
𦧉	qì	qì
𦧋	qìn	qìn
𦧍	kuò	kuò
𦧏	tān	tān
𦧐	xiān	xiān
𦧒	tiān	tiān
𦧔	kuò	kuò
𦧖	tiàn	tiàn
𦧘	hú	hú
𦧙	zhū	zhū
𦧚	zhān	zhān
𦧛	tà	tà
𦧝	tiān	tiān
𦧞	tà	tà
𦧟	tà	tà
𦧠	huá	huá
𦧡	yǎn	tiàn|yǎn
𦧢	tiè	tiè
𦧤	tiè	tiè
𦧥	tà	tà
𦧬	huài	huài
𦧮	jiá	jiá
𦧯	qì	qì
𦧱	tà	tà
𦧴	tān	tān
𦧵	huà	huà
𦧸	zhuàn	zhuàn
𦧹	huā	huā
𦧼	lán	lán
𦨆	zūn	zūn
𦨇	yì	yì
𦨈	fú	fú
𦨉	wù	wù
𦨋	fú	fú
𦨍	dīng	dīng
𦨎	tà	tà
𦨖	chào	chào
𦨙	rì	rì
𦨚	quǎn	quǎn
𦨜	gē	gē
𦨡	fú	fú
𦨢	dì	dì
𦨣	diāo	diāo
𦨤	yǒng	yǒng
𦨦	jià	jià
𦨩	lóng	lóng
𦨬	yǒng	yǒng
𦨭	pí	pí
𦨯	huó	huó
𦨰	qióng	qióng
𦨲	fán	fán
𦨳	wú	wú
𦨴	tóng	tóng
𦨵	háng	háng
𦨸	tān	tān
𦨾	hēng	hēng
𦩄	tiāo	tiāo
𦩈	zhōu	zhōu
𦩋	bài	bài
𦩌	xiè	xiè
𦩍	dāo	diāo|dāo
𦩏	jīn	jīn|wéi
𦩕	hū	hū
𦩖	bēi	bēi
𦩘	dìng	dìng
𦩜	nuó	nuó
𦩝	wèi	wèi
𦩞	yú	yú
𦩠	xīng	xīng
𦩡	fú	fú
𦩢	xiàn	xiàn
𦩣	qì	qì
𦩤	tū	tū
𦩧	jí	jí
𦩩	yìng	yìng
𦩫	dèng	dèng|téng
𦩬	wēi	wēi
𦩭	xī	xī
𦩯	pái	pái
𦩱	shéng	shéng
𦩲	yǒu	yǒu
𦩴	ái	ái
𦩵	jiàn	jiàn
𦩷	gōu	gōu
𦩸	ruò	ruò
𦩼	gòng	gòng
𦩿	shà	shà
𦪀	táng	táng
𦪇	lù	lù
𦪈	áo	áo
𦪊	qì	qì
𦪋	xiū	xiū
𦪍	dāi	dāi
𦪑	fá	fá
𦪒	wèi	wèi
𦪔	dùn	dùn
𦪕	liáo	liáo
𦪖	fān	fān
𦪗	huáng	huáng|héng
𦪘	jué	jué
𦪙	tà	tà
𦪚	zùn	zùn
𦪛	ráo	ráo
𦪜	cān	cān
𦪝	téng	téng
𦪠	huà	huà
𦪡	xū	xū
𦪣	zhān	zhān
𦪧	gǎn	gǎn
𦪪	péng	péng
𦪫	cān	cān
𦪬	xiē	xiē
𦪭	dá	dá
𦪱	jì	jì
𦪶	lǐ	lǐ
𦪹	pán	pán
𦪽	lóng	lóng|lǒng
𦪾	lì	lì
𦪿	xí	xí
𦫀	téng	téng
𦫃	líng	líng
𦫈	lǐ	lǐ
𦫉	rán	rán
𦫊	líng	líng
𦫎	gǔn	gǔn
𦫔	pō	pō
𦫕	mò	mò
𦫖	pāi	pāi
𦫙	bà	bà
𦫡	qí	qí
𦫤	yán	yán
𦫪	wà	wà
𦫫	ǎng	ǎng
𦫭	mìng	mìng
𦫮	mǐn	mǐn
𦫯	xùn	xùn
𦫰	méng	méng
𦫳	guǎi	guǎi
𦫶	jiāo	jiāo
𦫻	gǎi	gǎi
𦬁	cái	cái
𦬂	wù	wù
𦬃	zhé	zhé
𦬄	rěn	rěn
𦬅	kōu	kōu
𦬔	zhǎo	zhǎo
𦬕	zhōng	zhōng
𦬖	qiú	qiú
𦬗	guō	guō
𦬘	gōng	gōng|sōng
𦬙	pū	pū
𦬚	hù	hù
𦬛	miǎn	miǎn
𦬞	tiān	tiān
𦬣	wǎng	wǎng
𦬸	zhú	zhú
𦬹	dá	dàn|dá
𦬺	xiòng	huǎng|xiòng
𦬻	ná	ná
𦬾	juān	juān
𦭁	niǎn	niǎn
𦭈	hù	hù
𦭉	shā	shā
𦭜	zhī	zhī
𦭟	tā	tā
𦭡	sī	sī
𦭥	yì	yì
𦭭	qióng	qióng
𦭮	zhì	zhì
𦭯	lǚ	lóu|lǚ
𦭰	rú	rú
𦭲	qí	qí
𦭳	yǔ	yǔ
𦭴	zhōu	zhōu
𦭵	yáng	yáng
𦭶	xiǎn	xiǎn
𦭷	móu	móu
𦭸	chóu	chóu
𦭹	huī	huī
𦭺	jiū	jiū
𦭻	jiù	jiù
𦭼	piǎo	bì|piǎo
𦮁	jiào	jiào
𦮃	guāi	guāi|kuā
𦮅	mò	mò
𦮐	xī	xī
𦮑	pú	pú
𦮯	jì	jì
𦮶	wěn	wěn
𦮷	bèi	bèi
𦮸	yǐ	yǐ
𦮹	fú	fú
𦮺	sī	sī
𦮻	juān	juān
𦮼	jì	jì|qí
𦮾	nì	nì
𦯀	bèn	bèn
𦯅	xù	xù
𦯈	qǐn	qǐn
𦯉	bó	bó
𦯌	wáng	wáng
𦯍	zhè	zhè
𦯏	wò	wò
𦯐	sháo	sháo
𦯑	zào	zào
𦯒	yǎng	yǎng
𦯕	sòng	sòng
𦯖	niè	niè
𦯛	bì	bì
𦯣	cú	cú
𦯤	qiāng	qiāng
𦯪	xiào	xiào
𦯫	zhī	zhī
𦯬	shé	shé
𦯯	zhì	zhì
𦯰	pēng	pēng
𦰏	diào	diào
𦰖	wò	wò
𦰘	zhǐ	zhǐ
𦰙	bì	bì
𦰛	fén	fén
𦰡	nà	nuó|nà
𦰥	bāng	bāng
𦰪	qiú	qiú
𦰫	nǐ	nǐ
𦰬	bó	bó
𦰭	dùn	dùn
𦰯	shǐ	shǐ
𦰰	xū	xū
𦰱	cháng	cháng
𦰲	xū	xū
𦰳	yé	yé
𦰴	mí	mí
𦰸	xīn	xīn
𦰹	zhuó	zhuó
𦰺	fù	fù
𦰽	pǐ	pǐ
𦰾	xuè	xuè
𦱀	yù	yù
𦱁	xián	xián
𦱂	yù	yù
𦱃	yú	yú
𦱅	jū	jū
𦱆	tā	tā
𦱇	kōng	kōng
𦱊	zhēng	zhēng
𦱋	méng	méng
𦱌	gāng	gāng
𦱒	mù	mù
𦱓	xǐ	xǐ
𦱔	bì	bì
𦱖	fù	fù
𦱜	xiào	xiào
𦱠	jiū	jiū
𦱣	gǒu	gǒu
𦱰	chí	chí
𦱱	jiū	jiū
𦱲	jiū	jiū
𦱵	shā	shā
𦱷	fēi	fēi
𦲫	fú	fú
𦲯	wàn	wàn
𦲰	xū	xū
𦲱	bō	bō
𦳁	hào	hào|mào
𦳃	xié	xié
𦳄	pián	pián
𦳅	yǔ	yǔ
𦳇	tián	tián
𦳈	pí	bì|pí
𦳊	shǐ	shǐ
𦳋	kuǎi	kuǎi
𦳌	jī	jī
𦳏	zhā	zhā
𦳐	nài	nà|nài
𦳑	mǒu	mǒu
𦳓	fú	fú
𦳔	dù	dù
𦳗	shěng	shěng
𦳘	chá	chá
𦳚	chí	chí
𦳛	guǐ	guǐ
𦳜	mín	mín
𦳝	tāng	dàng|tāng
𦳞	bài	bài
𦳟	qiāng	qiāng
𦳡	zhuó	zhuó
𦳢	wèi	wèi
𦳣	xún	xún
𦳥	miǎo	miǎo
𦳦	zāi	zāi
𦳧	yóu	yóu
𦳩	yòu	yòu
𦳫	shān	shān
𦳬	hé	hé
𦳭	lǚ	lǚ
𦳮	zhí	zhí
𦳲	jìng	jìng
𦳳	zhēn	zhēn
𦳶	méng	méng
𦳷	yóu	yóu
𦳹	wò	wò
𦳺	bá	bá
𦳽	juàn	juàn
𦳾	rú	rú
𦳿	còu	còu
𦴀	zhī	zhī
𦴇	qióng	qióng
𦴉	hú	hú
𦴊	yāng	yāng
𦴌	jùn	jùn
𦴍	shé	shé
𦴎	kòu	kòu
𦴑	qián	qián
𦴔	méng	méng
𦴚	tiáo	tiáo
𦵐	niè	niè
𦵟	chí	chí
𦵡	xiōng	gōng|xiōng
𦵣	hùn	hùn
𦵦	dí	dí
𦵧	láng	láng
𦵩	zāo	qiú|zāo
𦵪	cè	cè
𦵫	suǒ	suǒ
𦵬	zù	zù
𦵭	suī	suī
𦵯	xiá	xiá
𦵱	xiè	xiè
𦵴	jié	jié
𦵵	yóu	yóu
𦵷	gòu	gòu
𦵸	gěng	gěng
𦵼	jùn	jùn
𦵽	huǎng	huǎng
𦵾	jí	jí
𦵿	pōu	pōu
𦶀	wū	wū
𦶂	yì	yì
𦶅	nǎi	nǎi
𦶇	rǒng	ruǎn|rǒng
𦶈	nán	nán
𦶊	píng	píng
𦶋	shàn	shàn
𦶌	diāo	diāo
𦶍	jí	jí
𦶎	huā	huā
𦶏	duì	duì
𦶐	kǒng	kǒng
𦶑	tà	tà
𦶓	hòng	hòng
𦶕	shū	shū
𦶙	héng	héng
𦶚	fěn	fěn
𦶲	kòu	kòu
𦷙	nián	nián
𦷝	chú	chú
𦷦	qiàng	qiàng
𦷲	xì	xì
𦷳	hú	hú
𦷴	sòng	sòng
𦷵	wò	wò
𦷷	hài	hài
𦷸	rú	rú
𦷹	méng	méng
𦷻	sǎn	sǎn
𦷽	wú	wú
𦷿	yóu	yóu
𦸁	tān	tān
𦸂	shēn	shēn
𦸆	qǐ	qǐ
𦸈	guó	guó
𦸉	qià	qià
𦸊	xiān	xiān
𦸏	suī	suī
𦸐	lù	lù
𦸓	qī	qī
𦸔	diāo	diāo
𦸗	qí	qí
𦸘	jiá	jiá
𦸙	yóu	yóu
𦸚	xí	xí
𦸛	cháo	cháo
𦸡	mì	mì
𦸢	lòu	lòu
𦸣	bǐ	bǐ
𦸪	péi	péi
𦸮	zhēn	zhēn
𦸯	shēn	shēn
𦸰	chǎn	chǎn
𦸱	fù	fù
𦸶	qū	qū
𦸷	sī	sī
𦸺	zuī	zuī
𦹫	zhào	zhào
𦹽	pí	pí
𦺀	còu	còu
𦺆	gāo	gāo
𦺇	dú	dú
𦺉	fū	fū
𦺊	guān	guān
𦺋	sǎo	sǎo
𦺌	sǒu	sǒu
𦺍	jiǎn	jiǎn
𦺎	póu	póu
𦺐	cán	cán
𦺑	bèng	bèng
𦺒	mòu	mòu
𦺓	zhāo	zhāo
𦺔	xiáo	xiáo
𦺖	jú	jú
𦺗	shū	shū
𦺘	jiǎn	jiǎn
𦺙	lí	lí
𦺛	chuàn	chuàn
𦺜	lào	lào|láo
𦺞	hè	hè
𦺟	hú	hú
𦺠	gū	gū
𦺡	zhǎng	zhǎng
𦺢	jié	jié
𦺣	xiàng	xiàng
𦺥	dū	dū
𦺦	hán	hán
𦺧	jiá	jiá
𦺨	xiàng	xiàng
𦺩	jí	jí
𦺪	shǔ	shǔ
𦺫	làng	làng
𦺬	jī	jī
𦺭	shān	shān
𦺰	tāo	tiáo|tāo
𦺱	zī	zī
𦺲	shuàn	shuàn
𦺴	jí	jí
𦺵	chù	chù
𦺶	jì	jì
𦺷	shēn	shēn
𦺸	lìn	lìn|lín
𦺹	liáo	liáo
𦺻	sǎn	sǎn
𦺽	ǎn	ǎn
𦺾	ruǎn	ruǎn
𦻀	tí	tái|tí
𦻁	dàn	dàn
𦻃	huán	huán
𦻅	sà	sà
𦻕	yǐn	yǐn
𦼆	ruí	ruí
𦼇	wū	wū
𦼈	jù	jù
𦼉	huán	huán
𦼊	léng	léng
𦼋	lù	lù
𦼎	tān	tān
𦼏	zēng	zēng
𦼓	qián	qián
𦼗	xī	xī
𦼡	cǐ	cǐ
𦼢	shé	shé
𦼧	sà	sà
𦼪	mào	mào
𦼫	qú	qú
𦼭	bó	bó
𦼮	gǎn	gàn|gǎn
𦼰	qiè	hé|qiè
𦼱	juàn	juàn
𦼲	dāng	dāng
𦼳	cháng	cháng
𦼴	yáng	yáng
𦼵	hé	hé
𦼷	jī	jī
𦼹	bǐng	bǐng
𦼻	méi	méi
𦼿	dūn	dūn
𦽀	ǎo	ǎo
𦽁	jīng	jīng
𦽂	lù	lù
𦽃	miàn	miàn
𦽄	diàn	diàn
𦽅	hè	hè
𦽇	jiān	jiān
𦽊	huá	huá
𦽋	gōu	gōu
𦽎	lù	lù
𦽏	fú	fú
𦽐	huǐ	huǐ
𦽒	zéi	zéi
𦽔	jìn	jìn
𦽕	sī	sī
𦽖	qūn	qūn
𦽜	dàn	dàn
𦽞	wàn	wàn
𦽟	biǎn	biǎn
𦽤	jiá	jiá
𦽫	dǎn	dǎn
𦽬	jiū	jiū
𦽭	xián	xián
𦽮	bó	bó
𦾏	xiá	xiá
𦾑	biāo	biāo
𦾕	pò	pò
𦾘	sǎo	sǎo
𦾙	bèi	bèi
𦾚	shà	shà
𦾛	wěi	wěi
𦾝	cāng	cāng
𦾞	lù	lù
𦾩	dàn	dàn
𦾫	gǔ	gǔ
𦾬	zā	zā
𦾭	bǎng	bǎng
𦾮	gàn	gàn|gǎn
𦾱	chāo	chāo
𦾲	jì	jì
𦾳	liē	liē
𦾵	qióng	qióng
𦾶	jiàn	jiàn
𦾷	lù	lù
𦾸	duān	duān
𦾹	suān	suān
𦾺	yáo	yáo
𦾻	yǐn	yǐn
𦾽	tà	tà
𦾾	yáo	yáo
𦾿	jīng	jīng
𦿀	chú	chú
𦿁	fú	fú
𦿂	yuán	yuán
𦿃	shǎo	shǎo
𦿅	bìng	bìng
𦿆	dàng	dàng
𦿇	shì	shì
𦿊	lú	lú
𦿋	qiè	qiè
𦿌	luó	luó
𦿍	pò	pò
𦿏	méng	mèng|méng
𦿐	jié	jié
𦿓	jī	jī
𦿖	lù	lù
𧀄	chàng	chàng
𧀅	miè	miè|mò
𧀆	méng	méng
𧀇	jiǎn	jiǎn
𧀊	cǎi	cǎi
𧀌	sù	sù
𧀔	hè	hè
𧀕	sà	sà
𧀗	zī	zī
𧀘	kēng	kēng
𧀙	gěng	gěng
𧀚	sī	sī
𧀠	tí	tí
𧀡	zhàn	zhàn
𧀢	xiè	xiè
𧀣	shuí	shuí
𧀤	chǐ	chǐ
𧀥	yōu	yōu
𧀦	lǔ	lǔ
𧀧	mèng	mèng
𧀨	liè	liè
𧀩	sì	sì
𧀬	xī	xī
𧀭	fán	fán
𧀮	fū	fū
𧀯	shěn	shěn
𧀰	tí	tí
𧀱	chài	chài
𧀲	yuè	yuè
𧀴	fū	fū
𧀵	jiàn	jiàn|shǎn
𧀶	dì	dì
𧀹	zhè	zhè
𧀺	xié	xié
𧀻	dān	dān
𧀿	zhí	zhí
𧁃	xù	xù
𧁈	niè	niè
𧁉	fàn	fàn
𧁊	méng	méng
𧁋	mǐn	mǐn
𧁾	lóu	lóu
𧁿	dú	dú|shǔ
𧂁	zhàn	zhàn
𧂂	jiàn	jiàn
𧂃	hàn	hàn
𧂄	dàn	dàn
𧂅	sēn	sēn
𧂆	jiàn	jiàn
𧂇	tán	tán|xún
𧂈	jiǎo	jiǎo
𧂉	pó	pó
𧂋	píng	píng
𧂍	zhuàn	sūn|zhuàn
𧂏	liáo	liáo
𧂐	zì	zì
𧂒	zhuó	zhuó
𧂔	hù	hù
𧂙	xì	xì
𧂛	méng	méng
𧂜	jù	jù
𧂝	miè	miè
𧂞	xián	xián
𧂠	kuì	kuì
𧂡	méng	méng
𧂢	jiān	jiān
𧂦	nóu	nóu
𧂨	dì	dì
𧂩	sāo	sāo
𧃏	chù	chù
𧃐	zhí	zhí
𧃑	qián	qián
𧃒	lǚ	lǚ
𧃔	zhuó	zhuó
𧃘	zuò	zuò
𧃙	hán	hán
𧃚	suǐ	suǐ
𧃛	gòu	gòu
𧃝	chǒu	chǒu
𧃞	jì	jì
𧃟	yì	yì
𧃠	yú	yú
𧃨	nóu	nóu
𧃩	nǐ	nǐ
𧃪	ruò	ruò
𧃮	lín	lín
𧃱	níng	níng
𧄍	qiáo	qiáo
𧄎	yáo	yáo
𧄏	fù	fù
𧄐	shuāng	shuāng
𧄑	kuì	kuì
𧄒	qú	qú
𧄓	dǒng	dǒng
𧄔	shǔ	shǔ
𧄚	lí	lí
𧄛	jú	jú
𧄜	ruǐ	ruǐ
𧄠	zhá	zhá
𧄤	xiāo	xiāo
𧄸	mén	mén|wěi
𧄹	shí	shí
𧄺	diān	diān
𧄻	lì	lì
𧄼	dèng	dèng|téng
𧄽	zàn	zàn|zā
𧄿	luó	luó
𧅀	cán	cán
𧅃	āo	āo
𧅆	jiǎn	jiǎn
𧅈	diào	diào
𧅋	yíng	yíng
𧅖	yì	yì
𧅗	dǎng	dǎng
𧅘	nóu	nóu
𧅚	yuè	yuè
𧅮	lǐ	lǐ
𧅯	lí	lí
𧅰	hù	hù
𧅲	yòu	yòu
𧅺	nàng	nàng
𧆂	chèn	chèn
𧆉	fēng	fēng
𧆊	biē	biē
𧆏	mǎn	mǎn
𧆐	gàn	gàn
𧆑	huò	huò|suǐ
𧆓	cū	cū
𧆕	yǒu	yǒu
𧆘	yòu	yòu
𧆜	xū	xū
𧆡	xù	xù
𧆢	hǔ	hǔ
𧆣	lú	lú
𧆥	xiá	xiá
𧆦	yì	yì
𧆮	hǔ	hǔ
𧆯	hù	hù
𧆰	zǐ	zǐ
𧆷	gōng	gōng
𧆸	tuī	tuī
𧆹	wū	wū
𧆺	líng	líng
𧆻	gū	gū
𧆼	zhōng	dōng|zhōng
𧇄	lú	lú
𧇈	zù	zù
𧇌	tóng	tóng
𧇍	xiā	xiā
𧇎	hé	hé
𧇓	yuè	yuè
𧇙	nán	nán
𧇚	bó	bó
𧇛	hū	hū
𧇜	qì	qì
𧇝	shú	shú
𧇞	qiāng	qiāng
𧇟	zhōu	zhōu
𧇠	yào	yào
𧇡	gū	gū
𧇥	bān	bān
𧇦	kǎn	kǎn
𧇮	hé	hé
𧇯	jì	jì
𧇰	hú	hú
𧇱	yán	yán
𧇶	chūn	chūn
𧇷	dǐng	dǐng
𧇸	qiū	qiū
𧇹	hóu	hóu
𧇼	hào	hào
𧇿	zù	zù
𧈁	xián	xián
𧈄	xià	xià
𧈅	xì	xì
𧈈	sè	sè|xì
𧈌	gé	gé
𧈍	xì	xì
𧈑	gé	gé
𧈔	lǚ	lǚ
𧈖	gé	gé
𧈗	kè	kè
𧈙	shòu	shòu
𧈚	zhù	zhù
𧈜	téng	téng
𧈝	yà	yà
𧈞	nì	nì
𧈦	luò	luò
𧈧	suī	méng|suī
𧈪	chǎn	chǎn
𧈭	wù	wù
𧈯	yū	yū
𧈹	zǎo	zǎo
𧈻	yì	yì
𧈼	xī	jí|xī
𧈽	hóng	hóng
𧈾	quán	quán
𧈿	wǎng	wǎng
𧉀	chǐ	chǐ
𧉁	xì	xì
𧉂	tiǎn	tiǎn
𧉃	yǔn	yǔn
𧉅	yī	yī
𧉆	jí	jí
𧉇	huī	huī
𧉈	fóu	fóu|fú
𧉊	fǔ	fǔ
𧉍	jí	jí
𧉎	xuán	xuán
𧉐	shuāng	shuāng
𧉑	tài	tài
𧉓	dù	dù
𧉗	yuán	yuán
𧉛	dì	dì
𧉞	zhǔ	zhǔ
𧉟	tāi	tāi
𧉡	rǒng	rǒng
𧉢	xué	xué
𧉣	yù	yù
𧉤	fàn	fàn
𧉥	běi	běi
𧉧	qǔ	jié|qǔ
𧉩	bù	bù
𧉪	jiā	jiā
𧉫	zhá	zhá
𧉭	nǔ	nǔ
𧉮	shé	shé|yán|yí
𧉲	lì	lì
𧊄	guǐ	guǐ
𧊅	guǎi	guǎi
𧊇	dài	dài|dé
𧊏	gāi	gāi
𧊒	cì	cì
𧊔	yǎn	yǎn
𧊕	sōng	sōng
𧊖	shì	shì
𧊘	kù	kù
𧊙	zhǐ	zhǐ
𧊚	tóng	tóng
𧊛	qú	qú
𧊜	è	è
𧊞	xíng	xíng
𧊟	rú	rú
𧊠	yú	shū|yú
𧊣	yì	yì
𧊤	yì	yì
𧊥	xù	xù
𧊦	fǒu	fǒu
𧊧	gé	gé|è
𧊬	hé	hé
𧊭	yīn	yīn
𧊯	hòng	hòng
𧊱	duǒ	duǒ
𧊽	xíng	xíng
𧊾	fán	fán
𧋉	qī	qī
𧋊	shā	shuō|shā
𧋌	dù	dù
𧋍	dì	dì|xué
𧋎	lí	lí
𧋏	yì	yì
𧋐	xí	xí
𧋑	gěng	gěng
𧋒	tóng	shì|tóng
𧋓	kào	kào
𧋔	hòng	hòng
𧋕	kùn	kùn
𧋖	niè	niè
𧋗	chí	chí
𧋘	tí	tí
𧋚	tóng	tóng
𧋠	lí	lí|lǐ
𧋡	nà	nà
𧋱	zhān	zhān
𧋲	běi	běi
𧌁	tiáo	tiáo
𧌃	zā	zā
𧌄	è	yè|è
𧌅	shòu	shòu
𧌆	kōng	kōng
𧌇	péng	péng
𧌈	fù	fù
𧌉	lù	lù
𧌊	xiè	xiè
𧌋	xiè	xiè
𧌌	xiū	xiū
𧌍	lù	lù
𧌎	tiǎn	tiǎn
𧌏	tà	tà
𧌐	cì	cì
𧌑	qū	qū
𧌓	fù	fù
𧌔	zhī	zhī
𧌖	xiè	shè|xiè
𧌗	zǒu	zǒu
𧌘	fèi	fèi
𧌙	mín	mín
𧌚	xīng	xīng
𧌝	tóng	tóng
𧌞	qí	qí
𧌠	piāo	piāo
𧌢	suì	suì
𧌣	ěr	ěr
𧌧	hǔ	hǔ
𧌻	sōng	sōng
𧌽	biē	biē
𧌾	dīng	dīng
𧌿	bǎn	bǎn
𧍀	shī	lǐ|shī
𧍁	xiè	xiè
𧍂	xiáo	xiáo
𧍃	fěi	fěi
𧍒	chuǎn	chuǎi|chuǎn
𧍓	shuài	shuài
𧍔	yāo	yāo
𧍕	jué	jué
𧍖	shěng	nìng|shěng
𧍘	yōu	yōu
𧍙	fàn	fàn
𧍜	kuí	kuí
𧍝	dì	dì
𧍟	máo	máo
𧍠	jié	jié
𧍢	yán	yán|yǐn
𧍥	wēi	wēi
𧍨	sāng	sāng
𧍩	jié	jié
𧍪	yú	yú
𧍫	wèi	wèi
𧍬	è	è
𧍭	quán	quán
𧍮	jiǒng	jiǒng
𧍯	féng	féng
𧍰	lóng	lóng
𧍱	dié	dié
𧍲	pián	pián
𧍴	liàn	liàn
𧍵	hú	hú
𧍶	lǜ	lǜ
𧍿	diàn	diàn
𧎃	cuì	cuì
𧎄	móu	móu|wù
𧎕	wáng	wáng
𧎖	juān	juān
𧎗	kē	kē
𧎘	yán	yán
𧎙	jiǎo	jiǎo
𧎡	gōng	gōng
𧎣	róng	róng
𧎤	sūn	sūn
𧎥	shàn	shàn
𧎨	chí	chí
𧎪	qí	qí
𧎫	suǒ	suǒ
𧎭	yè	yè
𧎮	zǎo	zǎo
𧎯	quē	quē
𧎰	zhǎn	zhǎn
𧎱	bā	bā
𧎲	zú	zú
𧎳	suǒ	suǒ
𧎴	zhé	zhé
𧎵	xì	xì
𧎷	chǔ	chǔ
𧎸	jiǎo	jiǎo
𧎹	zuì	zuì
𧎺	gē	gē
𧎻	wù	móu|wù
𧎾	lüè	lüè
𧎿	jí	jí
𧏂	xié	xié
𧏃	xié	xié
𧏆	dǒu	dǒu
𧏋	qiū	qiū
𧏑	píng	píng
𧏓	liú	liú
𧏖	pín	pín
𧏗	cī	cī
𧏥	jié	jié
𧏧	huì	huì
𧏫	shà	shà
𧏸	zhí	zhí
𧏹	ài	ài
𧏺	xù	xù|òu
𧏻	bì	bì
𧏽	yē	yē
𧏾	nì	nì
𧏿	zhú	zhú
𧐁	sù	sù
𧐃	xié	xié
𧐄	yù	yù|yú
𧐅	qū	qū
𧐈	zú	zú
𧐉	zhī	zhī
𧐊	zhāng	zhāng
𧐋	lüè	lüè
𧐌	wěi	wěi
𧐍	chōng	chōng
𧐎	mì	mì
𧐐	jī	jī
𧐒	sù	sù
𧐓	yě	yě
𧐔	xí	xí|yì
𧐕	tuán	tuán
𧐖	lián	liàn|lián
𧐗	xuán	xuán
𧐙	wù	wù
𧐟	máo	máo
𧐬	hóng	hóng
𧐯	lüè	lüè
𧐰	dú	dú
𧐱	cóng	cóng
𧐲	chán	chán
𧐳	lù	lù
𧐴	sù	sù
𧑀	lüè	lüè
𧑆	zhōng	zhōng
𧑇	lí	lí
𧑈	fèi	fèi
𧑊	jǐng	jǐng
𧑋	kuì	kuì
𧑌	yì	yì
𧑍	huá	huá
𧑎	cuì	cuì
𧑏	zhú	zhú
𧑐	yù	yù
𧑑	běng	běng
𧑒	tūn	tūn
𧑓	shǔ	shǔ
𧑔	dài	dài
𧑕	wū	wū
𧑖	cì	cì
𧑗	nìng	nìng
𧑘	dàng	dàng
𧑙	zú	zú
𧑚	hán	hán
𧑜	pí	pí
𧑝	chuàn	chuàn
𧑠	dù	dù
𧑡	pá	pá
𧑤	zhū	zhū
𧑦	xié	xié
𧑧	zhé	zhé
𧑨	qiè	qiè
𧑩	xuān	xuān
𧑫	sào	sào
𧒀	bì	bì
𧒂	fù	fù
𧒈	lì	lì
𧒎	é	é
𧒐	yē	yē
𧒑	shǔ	shǔ
𧒓	sè	sè
𧒕	qī	qī
𧒖	guò	guò
𧒗	sè	sè
𧒙	fù	fù
𧒚	máo	máo
𧒜	léi	léi
𧒝	zhān	zhān
𧒨	chài	chài
𧒭	wèi	wèi
𧒽	léi	léi
𧒿	zéi	zéi
𧓀	yīng	yīng
𧓁	ài	ài
𧓂	xiē	xiē
𧓄	bì	bì
𧓋	chán	chán
𧓎	pí	bī|pí
𧓏	cóng	cóng
𧓐	liè	liè
𧓑	qí	qí
𧓓	jì	jì
𧓔	jīng	jīng
𧓕	dōng	dōng
𧓖	féi	féi
𧓗	yí	yí
𧓘	tuán	tuán
𧓨	měng	měng
𧓩	cán	cán
𧓪	yá	yá
𧓲	yǎng	yǎng
𧓴	tíng	tíng
𧓸	zhí	zhí
𧓺	xiè	xiè
𧓻	lǜ	lǜ
𧓽	lì	chài|lì
𧓿	máo	máo
𧔂	xiá	xiá
𧔅	sòu	sòu
𧔖	sū	sū
𧔗	xuè	xuè
𧔝	lì	lì
𧔞	yuán	yuán
𧔡	zhǎn	zhǎn
𧔣	tà	tà
𧔤	xuán	xuán
𧔥	wèi	wèi
𧔦	yè	yè
𧔧	páng	páng
𧔨	máo	máo
𧔩	tí	tí
𧔪	pín	pín
𧔬	dù	dù
𧔭	qiú	qiú
𧔮	yǐ	yǐ
𧔳	tuó	tuó
𧔴	chài	chài
𧔷	jìn	jìn
𧔼	é	é
𧕃	chán	chán
𧕄	yīng	yīng
𧕅	líng	líng
𧕇	xiǎn	xiǎn
𧕉	qī	qī
𧕋	yuè	yuè
𧕌	lüè	lüè
𧕍	yíng	yíng
𧕎	qú	qú
𧕒	fěi	fěi
𧕓	zī	zī
𧕙	qīng	qīng
𧕝	níng	níng
𧕞	wèi	wèi
𧕟	shuāng	shuāng
𧕡	fù	fù
𧕤	mò	mò
𧕥	mò	mò
𧕦	tuó	tuó
𧕧	chài	chài
𧕨	zàng	zàng
𧕮	lí	lí
𧕯	lí	lí|shī
𧕱	xiá	xiá
𧕲	juǎn	juǎn
𧕴	nán	nán
𧕵	mì	mì
𧕸	huáng	huáng
𧕺	shuāng	shuāng
𧕼	xǔ	xǔ
𧕿	fěi	fěi
𧖁	xiè	wén|xiè
𧖆	tà	tà
𧖇	yǒng	yǒng
𧖉	zhǎn	zhǎn
𧖑	qiáng	qiáng
𧖒	náng	náng
𧖔	lìn	lìn
𧖘	luán	luán
𧖙	xiǎn	xiǎn
𧖚	fú	fú
𧖜	líng	líng
𧖠	sāo	sāo
𧖢	huì	huì
𧖨	tíng	tíng
𧖪	qíng	qíng
𧖬	huāng	huāng
𧖮	àn	àn
𧖵	mǎn	mǎn
𧖷	nì	nì|nǜ
𧖻	guó	guó
𧖼	ǒu	ǒu
𧖿	xiàng	xiàng
𧗁	jīn	jīn
𧗆	zhēng	zhēng
𧗈	n	n|nú
𧗋	sàn	sàn
𧗌	hù	hù
𧗎	zú	zú
𧗏	huǐ	huǐ
𧗒	jī	jī
𧗖	yè	yè
𧗦	xíng	xíng
𧗩	là	là
𧗪	yù	qú|yù
𧗫	jué	jué
𧗱	shù	shù|yù
𧗲	zhēng	zhēng
𧗴	yǒng	yǒng
𧗶	gē	gē
𧗸	jiàn	jiàn
𧗹	xìn	xiān|xìn
𧗼	huī	huī
𧗿	shuài	shuài
𧘂	chōng	chōng
𧘃	háng	háng
𧘈	liǎo	liǎo
𧘍	jiāng	jiāng
𧘏	gōng	gōng
𧘑	zhuó	bào|zhuó
𧘗	qǐ	qǐ
𧘜	qiān	qiān
𧘞	dǒu	dǒu
𧘟	pō	bō|pō
𧘢	hù	hù
𧘥	niǔ	niǔ
𧘧	qì	qì
𧘨	diāo	diāo
𧘩	diāo	diāo
𧘫	lì	lì
𧘮	xiōng	xiōng
𧘽	ná	ná
𧘿	zhēng	zhēng
𧙀	là	là
𧙁	zhì	jì|pī|zhì|zī
𧙃	ě	ě
𧙄	bō	bō
𧙅	pō	pō
𧙆	xū	xū
𧙇	yòng	dǎn|yòng
𧙈	cí	cí
𧙉	lì	lì
𧙌	páo	páo
𧙏	xiù	xiù|yǒu
𧙛	pù	pù
𧙝	ché	ché
𧙞	qì	qì
𧙡	yì	yì
𧙣	tí	tí
𧙤	duǒ	duǒ
𧙥	lóng	lóng|tǒng
𧙧	jiàn	jiàn
𧙭	zhàn	zhàn
𧙮	yuàn	yuàn
𧙶	yú	yú
𧙸	gēng	gēng
𧙺	hòu	hòu
𧙾	qǐ	qǐ
𧚀	mù	mù
𧚁	huàn	huàn
𧚂	lòng	lòng
𧚃	xì	xì
𧚄	é	é
𧚅	lǎng	lǎng
𧚆	fèi	fèi
𧚇	wǎn	wèn|wǎn
𧚉	cūn	cūn
𧚋	péng	péng
𧚏	cuò	cuò
𧚐	wēng	wēng
𧚡	gǎo	gǎo
𧚥	cuì	cuì
𧚨	qì	qiè|qì|shà
𧚩	lí	lí
𧚪	qiè	qiè
𧚫	qiàn	jīng|qiàn
𧚬	kōng	kōng
𧚭	běng	běng
𧚯	shòu	shòu
𧚷	wēi	wēi
𧛄	shān	shān
𧛏	zī	zī
𧛒	tì	tì
𧛓	qiān	qiān
𧛔	dú	dú
𧛗	tú	tú
𧛚	wēi	wēi
𧛞	hú	hú
𧛟	xīng	xīng
𧛡	shān	shān
𧛢	zhǐ	zhǐ
𧛧	chǐ	chǐ
𧛸	zhòu	zhòu
𧛹	wēng	wēng
𧛺	chí	chí
𧛻	suǒ	suǒ
𧛼	xiè	xiè
𧛾	kè	kè
𧜁	shài	shài|shā|shǎi
𧜂	shī	shī
𧜃	shòu	shòu
𧜅	jiè	jiè
𧜉	gǎo	gǎo
𧜊	lǚ	lǚ
𧜔	xiè	xiè
𧜚	zhǐ	zhǐ
𧜞	mán	màn|mán
𧜠	shuài	shuài
𧜡	kè	kè
𧜣	diǎo	diǎo
𧜤	yī	yī
𧜦	sù	sù
𧜧	chuāng	chuāng
𧜭	shǔ	shǔ
𧜱	cuì	cuì
𧜲	tuò	tuò
𧜵	xiè	xiè
𧜽	xuán	xuán
𧝂	hè	hè
𧝃	jué	jué
𧝆	tì	tì
𧝇	fèi	fèi
𧝉	zhǐ	zhǐ
𧝊	shì	shì
𧝋	tuí	tuí
𧝎	chōng	chuáng|chóng|chōng
𧝐	tì	tì
𧝑	zhàn	zhàn
𧝒	héng	héng
𧝔	qú	qú
𧝕	wéi	wéi
𧝗	dūn	dūn
𧝘	bào	bào
𧝜	liáo	liáo
𧝝	lǎi	lǎi
𧝤	sī	sī
𧝪	biǎo	biǎo
𧝫	xiè	xiè
𧝬	bié	bié|bì
𧝮	cǒng	cǒng
𧝲	jù	jù
𧝳	hé	hé
𧝷	kuì	kuì
𧝸	yōng	yōng
𧞀	shù	shù
𧞍	niè	niè
𧞏	yú	yú
𧞐	zhuó	zhuó
𧞑	méng	méng
𧞒	hú	hú
𧞔	jiè	jiè
𧞕	liè	liè
𧞝	jiē	jiē
𧞞	xióng	xióng
𧞣	yǎn	yǎn
𧞩	jié	jié
𧞪	là	lié|là
𧞫	shù	shù
𧞬	jié	jié
𧞭	léi	léi
𧞰	zú	zú
𧞲	shì	shì
𧞸	wéi	suì|wéi
𧞹	dū	dū
𧞺	sù	sù
𧟃	xié	xié
𧟄	ráng	ráng
𧟌	luò	luò
𧟑	qiān	qiān
𧟘	nàng	nàng
𧟙	líng	líng
𧟜	jì	jì
𧟠	mìng	mìng
𧟣	gǔ	gǔ
𧟨	xuán	xuán
𧟬	xū	xū
𧟱	bó	bó
𧟼	wēi	wēi
𧠂	kū	kū
𧠆	wǎn	wǎn
𧠈	chà	chà
𧠊	mào	mào
𧠋	kè	kè
𧠎	cì	cì
𧠒	xiàn	xiàn
𧠓	mò	mò
𧠚	hūn	hūn
𧠛	chàn	chàn
𧠜	shī	shī
𧠝	zhěn	zhěn
𧠞	è	è
𧠟	mí	mí
𧠡	shī	shī
𧠢	qū	qū
𧠣	shū	shū
𧠥	cī	cī
𧠦	yǎn	yǎn
𧠩	hū	hū
𧠪	qī	qī
𧠫	zhì	chì|dí|zhì
𧠬	huāng	huāng
𧠴	zhǐ	zhǐ
𧠶	yǒu	yǒu
𧠼	gào	gào
𧠽	yǎo	yǎo
𧠾	pōu	pōu
𧡇	yí	yí
𧡈	chèng	chèng
𧡉	jì	jì
𧡋	ǎi	yá|ǎi
𧡍	dòng	dòng
𧡏	suì	suì
𧡑	jiù	jiù
𧡘	qì	qì|qīn
𧡙	lián	lián
𧡚	xuǎn	xuǎn
𧡜	liǎo	liǎo
𧡡	yùn	yùn
𧡢	xuǎn	xuǎn
𧡣	cóu	cóu
𧡤	piān	piān
𧡦	kuí	kuí
𧡨	tí	tí
𧡩	huǎn	huǎn
𧡪	dān	dàn|dān
𧡫	guì	guì|kuì
𧡬	chēn	chēn
𧡮	shǎng	shǎng
𧡯	jì	jì
𧡴	liàn	liàn
𧡵	kān	kān
𧡶	shèng	shèng
𧡸	dōu	dōu
𧡹	yóu	yóu
𧡺	qí	qí
𧡼	xiǎo	xiǎo
𧢂	yì	yì
𧢃	lóu	lóu
𧢆	chuāng	chuāng
𧢋	lào	lào
𧢌	gāo	gāo
𧢐	zēng	zēng
𧢒	wéi	wéi|wěi
𧢖	jiān	jiān
𧢛	yīng	yīng
𧢜	fán	fán
𧢝	lì	lì
𧢞	qiān	qiān
𧢢	yào	yào
𧢦	kuī	guì|kuí|kuī
𧢧	wéi	wéi
𧢩	què	què
𧢬	xiǎo	xiǎo
𧢭	què	què
𧢰	hū	hū
𧢵	duō	duō
𧢶	chù	chù
𧢹	shēn	jīn|shēn
𧢼	zhuó	zhuó
𧢽	é	é
𧢾	jì	jì
𧣁	tán	tán
𧣃	pā	pā
𧣋	jiè	jiè
𧣌	qiào	qiào
𧣑	qián	qián
𧣒	jù	jù
𧣕	qiú	qiú
𧣖	tuó	tuó
𧣚	nuò	nuò
𧣛	sì	sì
𧣟	yí	yí
𧣡	gǔ	gǔ
𧣢	hùn	hùn
𧣣	pá	pá
𧣤	zī	zī
𧣦	jiāo	jiāo
𧣩	xǐ	xǐ
𧣪	shǎo	shào|shǎo
𧣬	yí	yí
𧣭	zhì	zhì
𧣵	lùn	lùn
𧣷	zhōu	zhōu
𧣸	jué	jué
𧣹	tán	tán
𧣺	nuò	chuò|nuò
𧣻	jù	jù
𧣼	hú	hú
𧣾	zhì	zhì
𧤃	bī	bī
𧤍	chì	chì|tì
𧤎	xuān	xuān
𧤏	jí	jí
𧤐	guǎ	guǎ
𧤑	jú	jú
𧤒	wò	wò
𧤓	tuó	tuó
𧤕	qiú	qiú
𧤖	wēi	wēi
𧤗	duān	duān
𧤙	shòu	shòu
𧤛	zhěn	zhěn
𧤜	nè	lì|nè
𧤟	xì	xì
𧤠	zhé	zhé
𧤡	zhì	zhì
𧤣	ná	ná
𧤤	xī	xī
𧤨	jiān	jiān
𧤮	yáo	yáo
𧤯	guó	guó|yuè
𧤲	dǐ	dǐ
𧤴	huò	huò
𧤵	jīng	jīng
𧤼	jué	jué
𧤽	yuè	jiàn|yuè
𧥄	jí	jí
𧥅	xī	xī
𧥆	sù	sù
𧥈	jiān	jiān
𧥊	kūn	kūn
𧥋	wò	wò
𧥌	kuàng	kuàng
𧥍	biāo	biāo
𧥎	jué	jué
𧥑	bì	bì
𧥓	chán	chán
𧥕	zī	zī
𧥖	lí	lí|shǐ
𧥚	fó	fó
𧥛	qiǎn	qiǎn
𧥜	yǎn	yǎn
𧥞	tàn	tàn
𧥟	mò	mò
𧥣	kòu	kòu
𧥤	xī	xiē|xī
𧥮	hù	dǐ|hù
𧥯	hù	hù
𧥱	fú	fú
𧥴	yàng	yàng
𧥵	guò	guò
𧥷	rén	rén
𧥸	yìn	yìn
𧥹	fēng	fēng
𧥺	jùn	jùn|yùn
𧥼	yún	yún
𧥿	xùn	xùn
𧦁	xì	xì
𧦎	xiā	xiā
𧦑	háng	háng
𧦚	hù	dǐ|hù
𧦝	hū	hào|hū
𧦞	pù	pù
𧦟	fān	fān
𧦤	jiā	jiā
𧦧	yí	tuō|yí
𧦭	tuō	tuō|xī
𧦮	ná	ná
𧦸	yín	yín
𧦹	yìn	yìn
𧧃	jì	jì
𧧄	wàng	wàng
𧧅	shì	jiàn|shì
𧧆	duī	duī
𧧇	duò	duò
𧧉	tuó	tuó
𧧊	wā	wā
𧧋	lì	lì
𧧏	rè	rè|rě
𧧒	cì	cì
𧧓	xù	xù
𧧔	zhōu	zhōu
𧧕	zì	zì
𧧜	wǎng	wǎng
𧧝	yǎ	yǎ
𧧟	jì	jì
𧧠	chǎo	chǎo
𧧩	jí	jí
𧧵	shǎn	shǎn
𧧶	tú	tú
𧧸	bié	bié
𧧹	xì	xì
𧧺	pī	pī
𧧻	zhà	zhà
𧧾	huì	huì
𧨀	suō	suō|zuò
𧨂	hè	hè
𧨄	yuē	yuē
𧨆	wū	huǎng|wū
𧨈	líng	líng|wū
𧨊	zhà	zhà
𧨋	huá	huá
𧨗	chán	chán
𧨟	è	è
𧨡	chén	chén
𧨧	suì	suì
𧨩	tiǎn	tiǎn
𧨰	zhì	zhì
𧨱	tì	tì
𧨲	āo	āo
𧨳	zhuó	zhuó
𧨴	zì	zì
𧨵	kē	kē
𧨷	sè	sè
𧨸	tián	tián
𧨹	lù	lù
𧨾	shán	shán
𧨿	zhǎ	zhǎ
𧩃	chōng	chōng
𧩅	yàn	yàn
𧩒	mǔ	mǔ
𧩓	hū	hū
𧩚	chī	chī
𧩝	sù	sù
𧩣	nǎo	nǎo
𧩦	jí	jí
𧩧	duó	duó
𧩨	hòu	hòu
𧩪	còng	còng
𧩫	zhā	chà|zhā
𧩬	yín	yín
𧩮	xiǎo	sòu|sǒu|xiǎo
𧩰	biàn	biàn
𧩱	bèng	bèng
𧩲	là	là
𧩴	chī	chì|chī
𧩶	qià	qià
𧩸	ān	ān
𧩹	shī	shī|yǐ
𧩼	chì	chì|zhǐ
𧪅	nù	nù
𧪇	jì	jì
𧪓	ǒu	ǒu
𧪕	xiā	xiā
𧪘	chài	chài|cuǒ|jiē
𧪚	ái	ái
𧪝	shèng	shèng
𧪞	hé	gé|hé
𧪠	jí	jí
𧪡	chī	chī
𧪢	xì	xì
𧪣	zhēng	zhēng
𧪦	tā	tā
𧪨	mà	mà
𧪫	pī	pī
𧪮	xū	huá|xū
𧪯	qiǎn	qiǎn
𧪹	xià	xià
𧫊	yù	yù
𧫑	jié	jié
𧫒	xià	xià
𧫓	lǔ	lǔ
𧫕	qiè	qiè
𧫗	chà	chà
𧫛	yàng	yàng
𧫜	jì	jì
𧫝	shǎ	shǎ
𧫞	lòu	lòu
𧫠	jī	jī
𧫡	zhì	zhì
𧫢	wàng	wàng
𧫤	bì	bì
𧫥	ān	ān
𧫦	yī	yī
𧫧	ān	àn|ān
𧫬	lí	lí
𧫹	xiān	xiān
𧫾	jiù	jiù
𧫿	tǎn	tǎn
𧬁	hào	hào
𧬂	hè	hè
𧬅	zhā	zhā
𧬆	zhǎn	zhǎn
𧬇	yì	yì
𧬈	xì	xì
𧬊	xì	sí|xì
𧬋	fà	fà
𧬌	yán	yán
𧬏	mǔ	mǔ
𧬕	gū	gū
𧬞	yún	yún
𧬤	zhòng	zhòng
𧬦	chǎn	chǎn
𧬧	chuáng	chuáng
𧬨	huì	huì
𧬩	zá	zá
𧬪	gùn	gùn
𧬫	jiǎn	jiǎn
𧬬	yá	yá
𧬰	xiàng	xiàng|xiǎng
𧬱	hè	hè
𧭃	dàn	dàn
𧭇	mián	mián
𧭈	níng	nìng|níng
𧭊	méng	méng
𧭌	liè	liè
𧭍	zhòu	zhòu
𧭎	pū	pū
𧭏	tāi	tāi
𧭓	yíng	yíng
𧭔	téng	téng
𧭕	guó	guó
𧭚	qiáng	qiáng
𧭜	lǜ	lǜ
𧭝	sà	sà
𧭞	liè	liè
𧭟	chí	chí
𧭠	xiě	xiě
𧭣	guó	guó
𧭤	bào	bào|báo
𧭥	luò	luò
𧭦	juàn	juàn|xuān
𧭪	è	è
𧭳	hé	hé
𧭵	mèi	mèi
𧭸	xiè	xiè
𧭹	pín	pín
𧭻	hān	hān
𧭼	chèn	chèn
𧭽	shàn	shàn
𧭾	huì	huì
𧮆	yīng	yīng
𧮈	jiǎn	jiǎn
𧮍	ān	ān
𧮑	tà	tà
𧮒	yī	yī
𧮓	tuí	tuí
𧮗	liú	liú
𧮙	zuó	zuó
𧮛	lí	lí
𧮝	pín	pín
𧮞	xuè	xuè
𧮠	nèn	nèn
𧮡	dòu	dòu
𧮤	lǎn	lǎn
𧮪	zhān	zhān
𧮫	jué	jué
𧮬	zhēn	jué|zhēn
𧮭	jí	jí
𧮮	qiān	qiān
𧮰	hān	hān
𧮱	fén	fén
𧮳	hān	hān
𧮴	hóng	hóng
𧮵	hé	hé
𧮶	hóu	hóu
𧮺	zhàn	zhàn
𧮻	chóu	chóu|xiāo
𧮼	tài	tài
𧮽	qiàn	qiàn
𧮿	shè	shè
𧯀	yīng	yīng
𧯃	qīn	qīn
𧯆	huò	huò
𧯈	xì	xì
𧯉	hè	hè
𧯊	xì	xì
𧯋	xiā	xiā
𧯌	hāo	hāo
𧯍	lào	lào
𧯏	lì	lì
𧯒	chēng	chēng
𧯖	jùn	jùn
𧯗	xī	xī
𧯘	hǎn	hǎn
𧯞	dòu	dòu|dōu
𧯠	dōu	dōu
𧯡	wān	wān|yuè
𧯤	dōu	dōu
𧯥	zài	zài
𧯦	juàn	juàn
𧯨	lǒu	lǒu
𧯩	chù	chù
𧯫	zhēng	zhēng
𧯯	qí	qí
𧯰	kàn	kàn
𧯱	huò	huò|yù
𧯲	lái	lái
𧯺	gāi	gāi
𧯼	shòu	shòu
𧯾	dōng	dōng
𧰃	lóu	lóu
𧰄	tuān	tuān
𧰇	yú	yú
𧰈	wù	wù
𧰊	tián	tián
𧰎	láo	láo
𧰒	guó	guó
𧰘	tán	tán
𧰙	qí	qí
𧰠	liè	liè
𧰡	lì	lì
𧰣	xūn	xūn
𧰨	gèng	gèng
𧰩	tīng	tīng
𧰪	hàn	hàn
𧰫	chù	chù
𧰭	tún	tún
𧰯	xióng	xióng
𧰰	yóu	yóu
𧰱	mò	mò
𧰲	chǐ	chǐ
𧰴	hǔ	hǔ
𧰵	dū	dú|dū|zhuó
𧰷	mǔ	mǔ
𧰹	nà	nà
𧰻	líng	líng
𧰿	ài	ài
𧱀	xiān	xiān
𧱄	kǎn	kǎn
𧱅	sì	sì
𧱆	sān	sān
𧱊	yì	yì
𧱏	yì	yì
𧱐	xiào	xiào|xiāo
𧱒	zhī	zhuō|zhī
𧱓	dòu	dòu
𧱘	mài	mài
𧱜	lún	lún
𧱝	jué	jué|jùn
𧱡	qiāng	qiāng
𧱢	líng	líng
𧱩	pián	pián
𧱪	còu	còu
𧱫	duò	duò
𧱬	yǔ	yǔ
𧱰	zhuō	zhuō
𧱲	xì	xì
𧱳	huài	huài
𧱴	míng	míng
𧱵	táng	táng
𧱹	pū	pū
𧱻	mì	mì
𧱼	mán	mán
𧱾	guāi	guāi
𧲀	qiān	qiān
𧲂	lín	lín
𧲃	mǐn	mǐn
𧲄	wěi	wěi
𧲅	céng	céng
𧲇	hù	hù
𧲈	suí	suí
𧲋	jù	jù
𧲌	shà	shà
𧲍	méng	méng
𧲗	wéi	wéi
𧲘	xī	xī
𧲙	lìng	lìng
𧲜	bì	bì
𧲝	wèi	wèi
𧲡	lì	lì
𧲢	zhé	zhé
𧲤	yóng	yóng
𧲥	hú	hú
𧲦	wán	hé|wán
𧲧	bā	bā
𧲨	jiān	jiān
𧲭	zuǒ	zuǒ
𧲮	zhǎn	zhǎn
𧲯	bō	bō
𧲰	qiū	chū|qiū
𧲱	yāng	yāng
𧲴	dōng	dōng
𧲵	qú	qú
𧲺	pí	pí
𧲻	zhǎi	zhǎi
𧲾	shān	shān
𧲿	gòu	gòu
𧳀	biào	biào|nǎo
𧳁	yí	yí
𧳂	fú	fú
𧳄	xìn	xìn
𧳅	shì	shì|shǐ
𧳆	tōng	tóng|tōng
𧳉	dīng	dīng
𧳌	tū	tū
𧳍	xiāo	xiāo
𧳎	wú	wú
𧳏	péi	péi
𧳐	huī	huī|xī
𧳕	lái	lái
𧳙	sì	sì
𧳚	cuǐ	cuǐ
𧳛	shà	shà
𧳜	zhǒu	zhǒu
𧳝	zhào	zhào
𧳞	wéi	wéi
𧳟	lái	lái
𧳠	bì	bì|bǐ
𧳣	dǒng	dǒng
𧳦	nǎo	nǎo
𧳧	xiē	xiē
𧳨	rǎo	rǎo
𧳩	tuàn	tuàn
𧳪	wèi	wèi
𧳫	yóu	jiū|qiú|yòu|yóu
𧳬	méi	méi
𧳭	yuán	yuán
𧳮	zhòng	zhòng
𧳶	sōu	sōu
𧳸	gú	gú
𧳹	shào	shào
𧳻	zhǎo	zhǎo
𧳼	pí	pí
𧳿	tōng	tōng
𧴁	chī	chī
𧴂	péng	péng
𧴃	chán	chán
𧴄	yōng	yōng
𧴅	shuǎng	shuǎng
𧴇	wǔ	wǔ
𧴉	pí	pí
𧴊	huàn	huàn
𧴌	fú	fú
𧴎	biào	biào
𧴓	náo	náo
𧴕	biào	biào
𧴖	wèi	wèi
𧴗	yōng	yōng
𧴙	nǎo	nǎo
𧴚	guài	guài
𧴠	lì	lì
𧴢	xìn	xìn
𧴣	yán	yán
𧴤	pò	pò
𧴥	péi	péi
𧴪	suǒ	suǒ
𧴬	rèn	rèn
𧴭	shǎn	shǎn
𧴲	suǒ	suǒ
𧴸	dān	dān
𧴺	mèn	mèn
𧵃	shǒu	shǒu
𧵈	gòu	gòu
𧵊	hān	hàn|hān|tàn
𧵋	shì	shì
𧵌	yǎng	yǎng
𧵎	gǔ	gǔ
𧵛	kē	kē
𧵞	jū	jū
𧵠	pài	pài
𧵡	cè	cè
𧵢	bāo	bāo
𧵣	xiōng	mín|xiōng
𧵤	cái	cái|zhù
𧵧	lǐn	lǐn
𧵨	ài	ài
𧵬	mì	mì|shèn
𧵭	lǎi	lǎi
𧵱	xiāo	xiāo
𧵳	shé	shé
𧵻	huó	huó
𧵼	nì	nì
𧶄	zhèng	zhèng
𧶆	lìn	lìn
𧶇	zhá	zhá
𧶊	yún	yún
𧶍	xù	xù
𧶔	chéng	chéng
𧶕	wǒ	wǒ
𧶖	xī	xī
𧶙	bèi	bèi
𧶜	shāng	shāng|shǎng
𧶠	yù	yù
𧶡	mì	mì
𧶲	duǎn	duǎn|zhuàn
𧶵	chà	chà
𧶶	fàn	fàn
𧶷	zé	zé
𧶸	chèng	chèng
𧶺	tíng	tíng
𧷅	yí	yí
𧷋	yāo	yāo
𧷎	kū	kū
𧷐	fén	fén
𧷑	xié	xié
𧷒	chèng	chèng
𧷛	kuì	kuì
𧷟	bīn	bīn
𧷡	lóu	lòu|lóu
𧷥	yì	yì
𧷦	mì	mì
𧷧	xiè	xiè
𧷱	guī	guī
𧷳	luó	luó
𧷶	shàn	shàn
𧷾	jú	jú
𧷿	dū	dū
𧸂	xiān	xiān
𧸅	zhǐ	zhǐ
𧸈	bìn	bìn
𧸕	zhǐ	zhǐ
𧸖	zhuàn	lián|zhuàn
𧸗	xué	xué
𧸘	liàn	biǎn|jiǎn|liàn
𧸙	suì	suì
𧸦	làn	làn
𧸧	jù	jù
𧸨	mián	mián
𧸩	xùn	xùn
𧸪	zhàn	zhàn
𧸫	gùn	gùn
𧸲	zhì	zhì
𧸽	wèi	wèi
𧸾	quǎn	quǎn|xuàn
𧸿	chài	chài
𧹈	réng	réng
𧹊	yuè	yuè
𧹌	zī	zī
𧹐	luò	luò
𧹑	guì	guì
𧹒	mǎi	mǎi
𧹓	chéng	chéng
𧹔	zhàng	zhàng
𧹕	jū	jū
𧹖	tiǎn	tiǎn
𧹗	wàn	wàn
𧹛	zhī	zhī
𧹞	nǎn	niǎn|nǎn
𧹣	hān	hān
𧹨	xī	xī
𧹩	lín	lín
𧹬	yān	yān
𧹭	xù	xù
𧹲	hù	hù
𧹳	gàn	gàn
𧹴	xù	huò|xù
𧹶	xì	xì
𧹺	cuì	cuì
𧹽	xì	xì
𧹾	hú	hú
𧺅	yān	yān
𧺎	yì	yì
𧺏	chí	chí
𧺐	jué	jué
𧺒	zú	zú
𧺜	jiào	jiào
𧺝	yì	yì
𧺟	tǎn	tǎn
𧺠	chì	chì
𧺡	bá	bá
𧺢	tòu	tòu|yì
𧺣	zōng	zōng
𧺤	qiú	jū|qiú
𧺧	chì	chì
𧺨	xǐ	xǐ
𧺰	nì	nì
𧺲	cū	cū
𧺴	wǔ	wǔ
𧺶	chù	chù
𧺷	sū	sū
𧺸	yóng	yóng
𧺹	jǔ	jǔ
𧺺	bá	bá
𧺼	cǐ	cǐ
𧺽	dì	dì
𧺾	pǎn	pǎn
𧺿	chì	chì|yì
𧻁	qiǔ	qiǔ
𧻃	yán	qù|yán
𧻍	zhǎi	zhǎi
𧻒	xiàn	xiàn
𧻓	bèng	bèng
𧻔	kuāng	kuāng
𧻕	qì	qì
𧻖	zhōu	zhōu
𧻗	jú	jú
𧻘	qiè	qiè
𧻙	mò	mò|pò
𧻚	yuán	yuán
𧻜	guì	guì|kuǐ
𧻝	zuī	zuī
𧻧	qiè	qiè
𧻰	hú	hú|zào
𧻱	qiú	qiú
𧻲	hái	hái|kuī
𧻳	fù	fù
𧻴	làng	làng
𧻵	shà	shà
𧻶	xī	xī
𧻷	bū	bū
𧻸	shì	shì
𧻹	yǒng	yǒng
𧻺	guāng	guāng|kuāng
𧻼	niè	niè
𧻿	hǒu	hǒu
𧼊	mì	mì
𧼎	è	è
𧼏	xián	xián
𧼐	yǔn	qūn|yǔn
𧼑	xù	xù
𧼒	qǐn	qǐn
𧼓	dōng	dōng
𧼔	léng	léng
𧼕	qì	qì
𧼖	lán	lán
𧼗	fú	fú
𧼘	qǐ	qǐ
𧼙	chǒng	chǒng
𧼜	cù	cù
𧼟	mò	mò
𧼠	bēi	bēi
𧼤	dào	dào
𧼨	jié	jié|jué
𧼩	chòng	chòng|dòng
𧼪	chì	chì
𧼫	yù	yù
𧼬	cuī	cuī
𧼭	sù	qiù|sù|sōu|sǒu
𧼮	tì	tàng|tì|tāng
𧼯	shù	shù|yú
𧼰	zhá	zhá
𧼱	fú	bí|fú
𧼳	chè	chè
𧼴	fó	fó|zhì
𧼵	hóu	hóu
𧼶	zhá	zhá
𧽄	jié	jié
𧽅	zhá	zhá
𧽆	zhān	zhān
𧽉	yǎn	yǎn
𧽊	hái	hái
𧽋	wǔ	wǔ
𧽌	huá	huá
𧽍	diān	diàn|diān
𧽎	yáo	yáo
𧽏	sōu	sōu
𧽐	qiān	qiān
𧽑	jí	jí
𧽒	xiòng	xiòng
𧽓	qì	qì
𧽔	jūn	jūn
𧽖	hái	hái
𧽞	yǎn	yǎn
𧽟	jié	jié
𧽠	cuī	cuī
𧽢	tuán	tuán
𧽣	zhāng	zhāng
𧽤	piāo	piāo
𧽥	lù	lù
𧽦	zhī	zhī
𧽧	chù	chù
𧽨	mì	mì
𧽩	qiāng	qiāng
𧽫	liàn	liàn
𧽲	lì	lì
𧽵	zōng	zōng
𧽶	é	é
𧽷	sù	sù
𧽸	jué	guì|jué
𧽻	jú	jú
𧽼	tán	tán
𧽽	liáo	liáo
𧽾	sān	cún|sān
𧽿	dòng	dòng
𧾁	zá	zá
𧾂	zhí	zhí
𧾆	xuàn	xuàn
𧾇	líng	líng
𧾊	dēng	dēng
𧾍	zhān	chán|zhàn|zhān
𧾎	xuān	xuān
𧾏	qǐn	qǐn
𧾐	jiào	jiào
𧾑	pì	pì
𧾔	hǎn	hǎn
𧾚	yú	yú
𧾛	guó	guó
𧾝	xún	xún
𧾠	xún	xún
𧾡	chán	chán
𧾢	jié	jié|jí
𧾣	jú	jú
𧾤	yǎn	yǎn
𧾥	dú	dú
𧾧	hòng	hòng
𧾨	xiàn	xiàn|xiǎn
𧾩	xún	xuàn|xún
𧾮	líng	líng
𧾯	jié	jié
𧾰	yì	yì
𧾱	qú	qú
𧾲	gān	gān
𧾳	fēng	fēng
𧾵	jué	jué
𧾶	qū	qū
𧾻	jiù	jiù
𧾽	jì	jì
𧾾	jǐ	jǐ
𧿅	xí	xí
𧿆	pāng	pāng
𧿈	kuàng	kuàng
𧿉	kù	kù|wù
𧿋	kù	kù
𧿌	zhà	zhà
𧿏	bà	bà
𧿒	chěn	chěn
𧿓	hù	hù
𧿔	nù	nù
𧿕	é	é
𧿖	xiōng	xiōng
𧿗	dǔn	dǔn
𧿘	shēng	shēng
𧿙	wán	wán
𧿚	fēn	fēn
𧿛	zōng	zōng
𧿝	xī	xī
𧿞	zī	zī
𧿠	hù	dì|hù
𧿥	bié	bié
𧿧	tuò	tuò
𧿨	bǎn	bǎn
𧿩	gé	gé
𧿫	kē	kē
𧿲	zhuì	bó|zhuì
𧿳	fú	fèi|fú
𧿴	mò	mò
𧿵	jiá	jiá
𧿶	tuó	tuó
𧿷	yù	yù
𧿹	mǔ	mǔ
𧿺	jué	jué
𧿻	jú	jú
𧿼	guā	guā
𧿽	pǒ	pǒ
𨀀	nǐ	niǎn|nǐ
𨀁	lóng	lóng
𨀄	wǎ	wǎ
𨀅	yǎn	yǎn
𨀔	chǒu	chǒu
𨀕	kuāng	kuāng
𨀖	hài	hài
𨀘	xiáng	xiáng
𨀙	xī	xī
𨀛	cún	cún
𨀜	tōng	tōng
𨀝	ruò	ruò
𨀟	duó	duó
𨀠	chè	chè
𨀤	lèi	lèi
𨀥	zī	zī
𨀧	zhěng	zhěng
𨀨	zuǒ	zuǒ
𨀫	kāng	kāng
𨀬	zài	zài
𨀮	yuān	xuān|yuān
𨀯	qióng	qióng
𨀳	fá	fá
𨀴	xún	xún
𨀶	jì	jì
𨀸	chā	chā
𨁀	shū	chōu|shū
𨁁	xuàn	xuàn
𨁂	xié	xié
𨁃	tī	tī
𨁄	hàn	hàn
𨁅	xiān	xiān
𨁆	shān	shān
𨁇	tùn	tùn
𨁈	háng	gēng|háng
𨁉	kǔn	kǔn
𨁊	cén	cén
𨁋	dōu	dōu
𨁌	nuó	nuó
𨁍	yàn	yàn
𨁎	chéng	chéng|jìng
𨁏	pū	pū
𨁐	qì	qì
𨁑	yuè	yuè
𨁒	fū	fū
𨁗	tǐng	tǐng
𨁟	wǒ	wǒ
𨁠	shēng	shēng
𨁡	tuǒ	tuǒ
𨁴	tǎn	tǎn
𨁶	yǎ	yā|yǎ
𨁷	zhì	zhì
𨁸	lù	lì|lù
𨁹	yǎn	yǎn
𨁺	jū	jū
𨁽	dé	dé
𨁿	chù	chù|zhuó
𨂀	zǔ	zǔ
𨂁	è	è
𨂂	zhí	xuě|zhí
𨂃	péng	péng
𨂅	biē	biē
𨂇	dǐ	dǐ
𨂐	lái	lái
𨂒	yè	yè
𨂜	háo	háo
𨂝	pán	pán
𨂞	tàn	tàn
𨂟	kāng	kāng
𨂠	xū	lǚ|xū
𨂡	zòu	zòu
𨂢	jí	jí
𨂣	wù	wù
𨂦	chuàn	chuàn
𨂩	pò	pò
𨂪	yǎn	yǎn
𨂫	tuò	tuò
𨂭	dú	dú
𨂯	pián	pián
𨂰	chì	chì
𨂱	hùn	hùn
𨂲	pīng	pīng
𨂴	cōng	cōng
𨂵	zhǎ	zhǎ
𨂺	wān	wān
𨂿	wǎi	wǎi
𨃃	è	è
𨃄	wèi	wèi
𨃅	bāi	bāi
𨃇	jiāng	jiāng
𨃓	chá	chá
𨃕	chù	chù
𨃖	kuà	kuà
𨃗	téng	téng
𨃘	zōu	qū|zōu
𨃙	lì	lì
𨃚	tà	tà
𨃛	sà	sà
𨃞	pán	pán
𨃟	pán	pán
𨃣	sào	sào
𨃤	qiāo	kào|qiāo
𨃭	zú	zú
𨃯	zhì	zhì
𨃰	yǎn	yǎn
𨃲	jié	jié
𨃳	néng	néng
𨄄	luán	luán
𨄅	qū	qū
𨄇	dèng	dèng|téng
𨄈	liáng	liáng
𨄉	chǎn	chǎn
𨄊	qiè	qiè
𨄋	lòu	lòu
𨄌	dié	dié|xiè
𨄍	cuī	cuī
𨄐	jǐ	jǐ
𨄓	cháo	cháo
𨄔	shuàn	shuàn
𨄕	zú	zú
𨄗	kāng	kāng
𨄚	qiāng	qiāng
𨄛	lí	lí
𨄮	shuāi	shuāi
𨄯	yù	yù
𨄰	zhāng	zhāng
𨄱	lěi	lěi
𨅅	pó	pó
𨅊	zhé	chè|zhé
𨅋	xiào	xiào
𨅍	tǎn	tǎn
𨅎	cuì	cuì
𨅏	lán	lán
𨅑	xū	xū
𨅒	shù	chú|shù
𨅓	zhǎ	dá|zhǎ
𨅔	cán	cán
𨅗	bǐ	bǐ
𨅘	pèng	pèng
𨅛	zhú	zhú
𨅝	chéng	chéng
𨅣	qiáo	qiáo
𨅤	jī	jī
𨅪	zhāi	zhāi
𨅬	lán	lán
𨆁	tiǎn	tiǎn|yǎn
𨆂	sà	sà
𨆃	jīn	jīn
𨆄	zhù	zhù
𨆅	duò	duò
𨆇	chà	chà
𨆈	juàn	juàn
𨆉	táng	táng
𨆊	bèng	bèng
𨆌	fán	fán
𨆍	liè	liè
𨆎	zéi	zéi
𨆏	suì	suì
𨆙	sè	sè
𨆧	zhì	zhì
𨆨	tuí	tuí
𨆪	qīng	qīng
𨆬	chuò	chuò
𨆰	tà	dà|tà
𨆱	bìng	bìng
𨆲	wěn	wěn
𨆵	pǒ	pǒ
𨆽	mó	mó
𨆾	cā	cā
𨇁	kuàng	kuàng
𨇃	cuó	cuó|zuān
𨇄	rǎo	rǎo
𨇅	bào	bào
𨇆	lài	lài
𨇍	niǎn	niǎn
𨇎	lí	lí
𨇕	jiǎo	jiǎo
𨇖	lú	lú
𨇗	lì	lì
𨇘	lóng	lóng
𨇙	guì	guì
𨇝	chǎn	chǎn
𨇤	xiān	xiān
𨇦	chàn	chàn
𨇨	xiè	xiè
𨇩	zhàn	zhàn
𨇯	shuāng	shuāng
𨇻	mǐ	mǐ
𨇼	luán	luán
𨇽	luò	luò
𨈀	diān	diān
𨈈	dié	dié
𨈊	wān	wān
𨈋	yuè	yuè
𨈌	luán	luán
𨈎	luán	luán
𨈓	léng	léng
𨈕	wǎi	wǎi
𨈖	dìn	dìn
𨈗	nèn	nèn
𨈘	shǎo	shǎo
𨈙	xiè	xiè|zhī
𨈚	pí	pí
𨈥	máo	máo
𨈧	yǐn	yǐn
𨈩	bó	bó
𨈫	zhù	zhù
𨈮	chōng	chōng
𨈶	mǔ	mǔ
𨈷	tuó	tuó
𨈹	tǒng	tǒng
𨈺	yé	yé
𨉁	huàng	huàng
𨉃	rèn	rèn
𨉅	yè	yè
𨉋	tuō	tuō
𨉖	zuān	zuān
𨉗	yù	yù
𨉚	ā	ā
𨉜	zhōu	zhōu
𨉝	wān	wān
𨉡	duǒ	duǒ
𨉢	zhòng	zhòng
𨉣	hā	hā
𨉤	huáng	huáng
𨉥	miàn	miàn|tǐ
𨉩	chūn	chūn
𨉪	qiè	qiè
𨉫	gōng	gōng|qiōng
𨉬	tíng	tíng
𨉭	méi	méi
𨉱	tàng	tàng
𨉴	róng	róng
𨉷	róng	róng
𨉸	qí	qí
𨉹	guó	guó
𨉽	xiàng	xiàng
𨉾	tián	tián
𨊅	xiāo	xiāo
𨊈	zhān	zhān
𨊉	cuì	cuì
𨊔	lán	lán
𨊘	shēn	qū|shēn
𨊚	lěi	lěi
𨊛	lì	lì
𨊝	chān	chān
𨊞	niè	niè
𨊟	luán	luán
𨊡	tīng	tīng
𨊢	huì	huì|sháo
𨊧	gōng	gōng
𨊰	qì	qì
𨊱	yú	yú
𨊳	xīn	xīn
𨊸	yuè	yuè
𨊹	bā	bā
𨊺	dài	dài
𨊻	jī	jī
𨊼	xuàn	xuàn
𨊿	jué	jué
𨋀	niǔ	niǔ
𨋈	dù	dù
𨋉	jí	jí
𨋐	pā	pā
𨋑	gǒng	gǒng
𨋒	bèn	bèn
𨋔	kēng	jú|kēng
𨋕	yàng	yàng|ǎng
𨋖	liǔ	liǔ
𨋗	ní	ní
𨋘	zhà	zhà
𨋙	yìn	yìn
𨋚	niǎn	niǎn|ruǎn
𨋛	pào	pào
𨋝	gōng	gōng
𨋞	bù	bù
𨋟	hé	hé
𨋠	rǒng	rǒng
𨋡	guì	guì
𨋥	bì	bì
𨋦	xī	xī
𨋧	jú	jú
𨋨	hún	hún
𨋩	bì	bì|fú
𨋫	tiāo	tiāo
𨋬	zhěng	chèng|zhěng
𨋮	hōng	chūn|hōng
𨋯	yì	yì
𨋰	cì	cì
𨋲	bìng	bìng
𨋷	gōng	gōng
𨋺	fá	fá
𨋽	yáng	yáng
𨋾	xǔ	xǔ
𨌁	hōng	hōng
𨌄	zàng	zàng
𨌅	chái	chái
𨌆	hóng	hóng
𨌈	tián	tián
𨌌	zhī	zhī
𨌍	xīng	xīng
𨌎	xú	xú
𨌑	zhèn	zhèn
𨌔	wǎn	wàn|wǎn
𨌘	jùn	jùn
𨌝	wò	huò|wò
𨌠	lù	lù
𨌢	zhēng	zhēng
𨌣	rǒng	rǒng
𨌤	chéng	chèng|chéng
𨌥	fú	fú
𨌧	è	è
𨌨	tāo	tāo
𨌩	táng	táng
𨌫	juān	juān
𨌬	chào	chào
𨌭	tà	tà
𨌮	dǐ	dǐ
𨌰	zōng	zōng
𨌳	kēng	kēng
𨌴	tuī	tuī
𨌶	kēng	kēng
𨍅	rǒng	rǒng
𨍆	yūn	yūn
𨍇	hé	hé
𨍈	zǒng	zǒng
𨍉	cōng	cōng|zǒng
𨍊	qiū	qiū
𨍎	mù	mù
𨍏	duó	duó
𨍐	xǔ	xǔ
𨍑	kēng	kēng
𨍒	xiàn	jiàn|xiàn
𨍛	dú	dú
𨍜	kǎn	kǎn
𨍞	yīng	yīng
𨍢	zī	zī
𨍧	huáng	huáng
𨍩	péng	péng
𨍫	lì	lì
𨍭	bó	bó|pò
𨍮	gé	gé|lì
𨍯	jú	jú
𨍰	kē	kē
𨍲	hú	gǔn|hú
𨍳	yáo	yáo
𨍴	táng	táng
𨍶	qióng	qióng
𨍷	rǒng	rǒng
𨍸	liǔ	liǔ
𨍹	huì	huì
𨍺	jī	jī
𨎉	zhì	zhì
𨎋	táng	chēng|táng
𨎌	zhǐ	zhǐ
𨎍	kāng	kāng|liáng
𨎔	yàng	yàng
𨎖	tǎng	chǎng|tǎng
𨎗	hōng	hōng
𨎛	liáng	liáng
𨎝	cáo	cáo
𨎡	nǎi	nǎi
𨎢	zǒng	zǒng
𨎤	dèng	dèng
𨎦	jiāo	jiāo
𨎧	péng	péng
𨎩	guāng	guāng
𨎪	ér	ér
𨎫	jiàn	jiàn
𨎬	jiào	jiào
𨎭	nuó	nuó
𨎮	zǎo	zǎo
𨎳	péng	péng
𨎴	dāng	dāng
𨎶	qú	qú
𨎷	lián	lián
𨎸	mù	mù
𨎹	lǎn	lǎn
𨎾	fén	fén
𨏂	hún	hún|xuān
𨏆	kuāng	kuāng
𨏈	yǐn	yǐn
𨏉	shuàn	shuàn
𨏊	jiàn	jiàn
𨏒	luò	luò|léi
𨏔	lù	dú|lù
𨏚	gé	gé
𨏛	rǎng	niǎn|rǎng
𨏞	pín	pín
𨏠	lóng	lóng
𨏤	zhěn	zhěn
𨏥	xiàn	xiàn
𨏨	lìn	lìn
𨏩	lián	lián
𨏪	shān	shān
𨏫	bó	bó
𨏬	lì	lì
𨏳	xié	xié
𨏴	gé	gé
𨏵	mǐn	mǐn
𨏶	lián	lián
𨏹	jué	jué
𨏺	zhōu	zhōu
𨏿	kē	kē
𨐁	dié	dié
𨐃	zhé	zhé
𨐅	shū	shū
𨐆	jī	jī
𨐇	lóng	lóng
𨐈	guāng	guāng
𨐉	zǎo	zǎo
𨐊	xiàn	xiàn
𨐋	qiān	qiān
𨐍	shēn	shēn
𨐐	yǐn	yǐn
𨐑	jiè	jiè
𨐔	shēn	shēn
𨐕	shēn	cí|shēn
𨐖	sǎ	sǎ
𨐛	xì	xì
𨐡	kù	kù
𨐣	qú	qú
𨐥	gé	gé
𨐦	bàn	bàn
𨐨	bì	bì
𨐩	qiān	qiān
𨐰	bīn	bīn
𨐱	bàn	bàn
𨐳	zuò	zuò
𨐴	pì	pì
𨐶	huò	huò
𨐾	bàn	biàn|bàn
𨑊	nóng	nóng
𨑌	chén	chén
𨑎	pēng	pēng
𨑑	fǔ	fǔ
𨑒	tú	tú
𨑜	pǐ	pǐ
𨑝	pò	pò
𨑠	chǐ	chǐ
𨑣	xuè	xuè
𨑤	qì	qì
𨑥	wù	wù
𨑨	zhì	zhì
𨑩	dì	dì
𨑪	cōng	cōng
𨑫	yóu	yóu
𨑹	cōng	cōng
𨑼	dì	dì
𨑽	zhuó	zhuó
𨑿	zǒu	zǒu
𨒀	cóng	cóng
𨒃	pàn	pàn
𨒄	yǎn	yǎn
𨒅	qì	qì
𨒆	rǒng	rǒng
𨒇	jiá	jiá
𨒉	zhì	suì|zhuì|zhì
𨒊	qiú	qiú
𨒋	yuè	yuè
𨒍	shì	shì
𨒑	háo	háo
𨒙	tuō	hòu|tuō
𨒜	bié	bié
𨒞	kàn	kàn
𨒢	chuò	chuò
𨒤	cǐ	cǐ
𨒦	yǐn	yǐn
𨒧	shì	shì
𨒨	hài	hài
𨒩	ruǎn	ruǎn
𨒫	yáng	nì|yáng
𨒬	chī	chī
𨒮	cī	cī
𨒱	gōng	gōng
𨒲	mí	mí|xuè
𨒴	jǐ	jǐ
𨒼	gèn	gèn
𨒽	zào	suō|zào
𨓁	běng	běng
𨓇	xǐn	xǐn
𨓈	kuò	kuò
𨓊	dié	dié
𨓍	tíng	tíng
𨓚	shuì	shuì
𨓞	dài	dài
𨓦	lǐ	lǐ
𨓨	yǒng	yǒng
𨓩	jiāo	jiāo
𨓬	tá	tá
𨓭	qǔ	còu|qǔ
𨓮	yín	yín
𨓯	yuān	yuān
𨓰	jié	jié
𨓲	qiān	qiān
𨓳	yāo	yāo
𨓴	yà	yà
𨓷	qīng	qīng
𨓿	péi	péi
𨔗	jiā	jiā
𨔙	tòu	tòu
𨔛	tī	tī
𨔡	dùn	chuàn|chuán|dùn|tún
𨔢	chǎn	chǎn
𨔣	jiā	jià|jiā
𨔤	chì	chì
𨔥	jiān	jiān|jīn
𨔦	shù	shù
𨔯	tà	tà
𨕕	zhī	zhī
𨕗	yuán	yuán
𨕚	hū	hū
𨕜	liè	liè
𨕠	zé	zé
𨕢	chù	chù
𨕦	qiù	qiù
𨕧	bēng	bēng
𨕹	huán	huán
𨕺	kuā	kuā
𨕻	shēng	shēng
𨕽	jié	jié
𨕿	wǎng	wǎng
𨖃	hū	hū
𨖊	zé	jī|zé
𨖋	zǎn	zhì|zǎn
𨖌	yàng	yàng
𨖎	chǐ	chǐ
𨖏	jiù	jiù
𨖚	liáo	liáo
𨖛	yū	yū
𨖠	biǎn	biàn|biǎn
𨖢	kuáng	kuáng
𨖬	chòu	chòu
𨖭	yá	yá
𨖮	zhuó	zhuó
𨖰	qiè	qiè
𨖱	xiàn	xiàn
𨖳	yuān	yuān
𨖴	wǔ	wǔ
𨖵	jiǎo	jiǎo
𨖶	xiàng	xiàng
𨖷	shà	shà
𨖹	zhì	zhì
𨖼	chòng	chòng
𨖾	biān	biān
𨖿	wēi	wēi
𨗓	dào	dào
𨗝	yù	jú|yù
𨗞	tuí	tuí
𨗡	chào	chào
𨗥	huì	huì
𨗦	qiǎn	qiǎn
𨗨	wěi	wěi
𨗰	yóu	yóu
𨗼	dì	dài|dì
𨗾	dà	dà
𨘁	yóu	yóu
𨘂	jiù	jiù
𨘃	tuí	tuí
𨘄	zǎn	zǎn
𨘇	huì	huì
𨘉	shà	shà
𨘌	huò	huò
𨘔	yáo	yáo
𨘙	xiàn	xiàn
𨘞	xiàn	xiàn
𨘬	dì	dì
𨘮	jiù	jiù
𨘲	huì	huì
𨘴	kào	kào
𨘵	yóu	yóu
𨘸	lì	lì
𨘼	chuán	chuán
𨘾	chí	chí
𨙀	huò	huò
𨙂	yóu	yóu
𨙄	yuè	yuè
𨙎	tà	tà
𨙏	zàn	zàn
𨙓	niè	niè
𨙔	zhù	zhù
𨙡	xiǎn	xiǎn
𨙩	shí	shí
𨙫	kǒu	kǒu
𨙬	qǐ	qǐ
𨙭	tǔ	tǔ
𨙮	fán	fán
𨙯	cūn	cūn
𨙲	tún	cūn|tún
𨙳	chā	chā
𨙴	cái	cái|zài
𨙵	xiàng	xiàng
𨙶	pèi	pèi
𨙷	jǐng	jǐng
𨙸	qí	qí|zhī
𨙹	shǎo	shǎo
𨙺	niǔ	niǔ
𨙻	nà	nà
𨙽	qín	qín
𨚍	bì	bèi|bì
𨚓	bì	bì|fèi|fú
𨚔	bāo	bāo
𨚕	biàn	biàn
𨚖	zī	zī
𨚗	nà	nà
𨚘	wèi	wèi
𨚙	háo	háo
𨚡	jǐn	jǐn
𨚣	zhèng	zhèng
𨚧	qié	qié
𨚮	hào	hào
𨚯	tóng	tóng
𨚰	zǎo	zǎo
𨚱	shèng	shèng
𨚲	cún	cún
𨚳	huāng	huāng
𨚴	rú	rú
𨚵	zài	zài
𨚶	nián	nián
𨚾	xiān	xiān
𨛈	quán	quán
𨛉	jì	jì
𨛊	yín	yín
𨛋	lǐ	lǐ
𨛌	máng	máng
𨛍	shào	shào
𨛎	hàn	hàn
𨛏	cuò	cuò
𨛐	jùn	jùn
𨛑	jì	jì
𨛒	bù	bù
𨛓	lòng	lòng
𨛔	fǒu	fǒu
𨛕	yóu	yóu
𨛖	kuài	kuài
𨛜	xiàng	xiàng
𨛡	yún	yún
𨛣	qín	qín
𨛤	huí	huí
𨛥	pú	pú
𨛫	lí	lí
𨛬	péi	péi
𨛭	shū	shè|shū
𨛮	jū	jū
𨛯	yí	yí
𨛰	zhēng	zhēng
𨛱	chóng	chóng
𨛳	xí	jí|xí
𨛵	hǔ	hǔ
𨛶	róu	róu|shòu
𨜌	huàn	huàn
𨜍	qiào	qiào
𨜎	zhī	zhī
𨜏	yíng	yíng
𨜐	xǐ	xǐ
𨜑	qiāo	qiāo
𨜒	jì	jì
𨜓	zhēng	zhēng
𨜔	huáng	huáng
𨜖	yú	yú
𨜗	zōu	zōu
𨜘	méi	méi
𨜜	shěng	shěng
𨜩	quán	quán
𨜰	jiāng	jiāng
𨜱	hé	hé
𨜳	tóng	tóng
𨜴	hé	hé
𨜵	wēn	wēn
𨜶	yì	yì
𨜷	páng	páng
𨜺	wēng	wēng
𨜻	qián	qián
𨜼	lì	lì
𨜽	yí	yí
𨜾	chuàng	chuàng
𨜿	xù	xù
𨝀	wěi	wěi
𨝆	gē	gē
𨝈	yǔ	yǔ
𨝋	zhài	zhài
𨝌	gān	gān
𨝍	qiān	qiān
𨝎	kāng	kāng
𨝏	lí	lí
𨝐	shēn	shēn
𨝑	guàn	guàn
𨝓	piáo	piáo
𨝕	gài	gài
𨝖	lí	lí
𨝘	hǔ	hǔ
𨝛	tú	tú
𨝜	shùn	shùn
𨝞	hù	hù
𨝟	lí	lí
𨝢	lòu	lòu
𨝦	dàng	dàng
𨝨	zuò	zuò
𨝩	shān	shān
𨝫	shè	shè|xì
𨝭	féng	féng
𨝮	jù	jù|zōu
𨝯	tóng	tóng
𨝰	jiǎo	jiǎo
𨝱	qiáo	qiáo
𨝲	gāo	gāo|hào
𨝳	zī	zī
𨝴	huáng	huáng
𨝵	shān	shān
𨝸	tán	tán
𨞌	tuō	tuō
𨞎	lìng	lìng
𨞐	chéng	chéng
𨞑	wèng	wèng
𨞒	zuó	zuó
𨞓	yù	yù
𨞕	zhú	chù|zhú
𨞗	qún	qún
𨞘	xǐ	xǐ
𨞙	qú	qú
𨞛	gé	gé
𨞢	qī	qī
𨞣	xū	xū
𨞨	gài	gài
𨞩	què	què
𨞪	shòu	chóu|shòu
𨞫	méng	méng
𨞲	shēn	shēn
𨞶	qiāo	qiāo
𨞷	cán	cán
𨞺	lì	lì
𨞼	wàn	wàn
𨞽	léi	léi
𨞾	xīng	xīng
𨞿	láng	láng
𨟂	shì	shì
𨟃	zhēng	zhēng
𨟄	fán	fán
𨟊	zhì	zhì
𨟏	yín	yín
𨟑	lì	lì
𨟖	mó	mó
𨟗	wěi	wěi
𨟙	yīng	yīng
𨟚	ráng	ráng
𨟠	quān	jué|què|quān
𨟥	luǒ	luǒ
𨟲	dài	dài
𨟴	yìn	yìn
𨟵	bǐ	bǐ
𨟶	gē	gē
𨟸	wèn	wèn
𨟹	yǎn	yǎn
𨟺	miǎn	miǎn
𨟼	gǎng	gǎng
𨟽	qiú	qiú
𨟾	zhī	zhī
𨠋	gū	gū
𨠌	tóng	tóng
𨠎	líng	líng
𨠏	tí	tí
𨠐	cí	cí
𨠑	yí	tuó|yí
𨠒	fàn	fàn
𨠓	pō	pō
𨠔	bì	bì
𨠖	bào	bào
𨠟	pēng	pēng
𨠡	suān	suān
𨠤	sōng	nóng|sōng
𨠥	wéi	wéi
𨠦	xiáo	xiáo
𨠨	jì	jì
𨠬	hào	hào
𨠭	yǎn	yǎn
𨠶	yí	yí
𨠷	zāo	zāo
𨠸	yǐng	yǐng
𨠹	nǎn	nǎn
𨠿	zā	zā
𨡁	tiǎn	tiǎn
𨡂	xī	xī
𨡃	jiào	jiào
𨡄	yán	yán
𨡌	néi	néi
𨡍	tǎn	tǎn
𨡎	yàn	yàn
𨡏	tiǎn	tiǎn
𨡐	zhì	zhì
𨡑	chōu	chóu|chōu
𨡒	táo	táo
𨡗	zhà	zhà
𨡙	dān	dān
𨡞	miǎn	miǎn
𨡡	wǔ	wǔ
𨡢	yǐn	yǐn
𨡣	yàn	yàn
𨡤	lǎo	lǎo
𨡩	pō	pō
𨡫	hùn	hùn
𨡬	hǎi	hǎi
𨡭	mú	mú
𨡮	cōng	cōng
𨡱	kù	dǐng|kù
𨡲	chōu	chōu
𨡴	yǒu	yǒu
𨡸	zhuó	zhuó
𨡺	kuì	kuì
𨡻	sōu	sōu
𨢂	yìn	yìn
𨢅	zuì	zuì
𨢆	sāng	sāng
𨢇	liù	liù
𨢈	hàn	hàn
𨢉	wèi	wèi
𨢊	méng	méng
𨢋	hú	hú
𨢌	lì	lì
𨢎	mì	mì|yīn
𨢐	bāng	bāng
𨢑	jiǎn	jiǎn
𨢜	què	què
𨢠	méng	méng
𨢢	mú	mú
𨢣	hǒng	hǒng
𨢤	hù	hù
𨢥	mí	mí
𨢦	shài	shài|zhà
𨢩	shāng	shāng
𨢪	chào	chào
𨢬	zhuó	tú|zhuó
𨢮	zhī	zhī
𨢯	niàn	niàn
𨢵	jì	jì
𨢸	kē	kē
𨢹	zhēng	zhēng
𨢿	dān	dān
𨣀	liǎo	liǎo
𨣁	zhǎn	zhǎn
𨣂	gǒng	gǒng
𨣃	láo	lào|láo
𨣄	huā	huā
𨣅	chuài	chuài
𨣇	jiǎn	jiǎn
𨣈	kuì	kuì
𨣍	shē	shē
𨣔	chěn	chěn
𨣕	tǎn	tǎn
𨣗	hú	hú
𨣘	méng	méng
𨣙	pào	pào
𨣚	zhǎn	zhǎn
𨣛	cháng	cháng
𨣝	gǎn	gǎn|jiǎn
𨣠	yì	yì
𨣢	suì	suì
𨣦	xù	xù
𨣧	jì	jì
𨣨	làn	làn
𨣬	yí	yí
𨣯	mì	mì
𨣱	miè	miè
𨣵	cuán	cuán
𨣸	lǎn	lǎn
𨣻	yān	yān|yǎn
𨣾	mí	mí
𨤂	yǒng	yǒng
𨤃	cáng	cáng|zā
𨤄	jiǎn	jiǎn
𨤇	sōu	sōu|zāo
𨤎	yán	yán
𨤑	juàn	juàn
𨤕	è	è
𨤘	fèn	fèn
𨤚	fèn	fèn
𨤡	guàng	guàng
𨤢	mái	mái
𨤤	liě	liě
𨤩	chōng	chōng
𨤫	lí	lí
𨤱	zhí	zhí
𨤴	xiè	xiè
𨤷	chóu	chóu
𨤹	jí	jí
𨤽	pī	pī
𨥂	jié	jié
𨥇	zhǒu	zhù|zhǒu
𨥍	xiōng	xiōng
𨥑	kuàng	gǒng|kuàng
𨥙	jǐng	jǐng
𨥛	hù	hù
𨥞	qián	qián
𨥣	cén	cén
𨥦	qí	qí
𨥧	wǎn	biān|fàn|wǎn
𨥨	máo	máo
𨥪	dǒu	dǒu
𨥴	kǒu	kǒu
𨥶	dài	dài
𨥸	náo	náo
𨥺	hóng	hóng
𨦂	lǎi	lǎi
𨦃	duǒ	duò|duǒ
𨦄	qiān	qiān
𨦆	yín	yín
𨦖	lòu	lòu
𨦗	huī	huī
𨦛	fù	fù
𨦜	máo	máo
𨦞	zhōu	zhōu
𨦡	yóng	yáng|yóng
𨦭	láo	láo
𨦮	jí	jí
𨦯	yì	yì
𨦰	liú	liú
𨦱	cōng	cōng
𨦳	nǎn	nǎn
𨧀	dù	dù
𨧐	tūn	tūn
𨧑	xiàng	xiàng
𨧕	biàn	biàn
𨧖	chuáng	chuáng
𨧗	wù	wù
𨧙	jū	jū
𨧥	xiē	xiē
𨧦	pī	pī
𨧧	zhuó	zhuó
𨧨	ruì	ruì|zhuì
𨧪	sào	sào
𨧫	zì	zì
𨧭	zhèng	zhèng
𨧮	mí	mí
𨧰	zú	zú
𨧱	qū	qū
𨧳	chì	chì
𨧵	zhì	zhì
𨨏	bō	bō
𨨗	quàn	quàn
𨨘	qiān	qiān
𨨙	yā	yā
𨨚	chào	chào
𨨛	hé	hé
𨨜	rǔ	rǔ
𨨠	jū	jū
𨨡	wù	wù
𨨬	chì	chì
𨨭	kuàng	gǒng|kuàng
𨨯	còu	còu|zhòu
𨨰	ruàn	ruàn
𨨱	kuò	kuò
𨨲	chí	chí
𨨳	zú	zú
𨨴	jiāo	jiāo
𨨶	yú	yú
𨨷	tú	tú
𨨸	méng	méng
𨨹	dā	dā
𨨺	shuò	shuò|xuē
𨩥	fēng	fēng
𨩦	gǒu	gǒu
𨩧	dōng	dōng
𨩨	chǎ	chǎ
𨩩	mào	mào
𨩪	chǎn	chǎn
𨩫	biān	biān
𨩬	yù	yù
𨩯	wán	wán
𨩰	zú	zú
𨩲	zī	zī
𨩴	chuān	chuān
𨩵	wǎn	wǎn
𨩶	wā	wā
𨩸	quān	juān|quān
𨩻	wǎn	wǎn
𨩽	xià	xià
𨪄	yìng	yìng
𨪅	jiàn	jiàn
𨪈	wěi	wěi
𨪉	tí	tí
𨪊	sāo	sāo
𨪌	qí	qí
𨪍	shā	shā
𨪎	yù	yù
𨪏	jí	jí
𨪐	dòu	dòu|tōu
𨪑	chǎn	chǎn
𨪒	tuán	tuán
𨪕	liú	liú
𨪗	zhuì	zhuì
𨪳	ruàn	ruàn
𨪶	yàn	yàn
𨪷	gǔ	gǔ
𨪹	lì	lì
𨪺	chā	chā
𨪾	dì	dì
𨪿	liú	liú
𨫀	zhǎn	zhǎn
𨫁	pō	pō
𨫒	lòu	lòu
𨫔	zhì	xiè|zhì
𨬁	lián	lián
𨬅	luǒ	luǒ
𨬍	duò	duì|duò
𨬐	jué	jué
𨬑	lì	lì
𨬒	lán	lán
𨬔	ruàn	ruàn
𨬕	gū	gū
𨬖	chán	chán
𨬗	xū	xū
𨬚	zhǐ	zhǐ
𨭁	xuè	xuè
𨭂	bō	bō
𨭃	chēng	chēng
𨭅	zhù	zhù
𨭆	hēi	hēi
𨭉	bān	bān
𨭎	xǐ	xǐ
𨭓	dié	dié
𨭖	zhǎn	zhǎn
𨭗	guó	guó
𨭚	biāo	biāo
𨭛	là	gě|là
𨭺	jīn	jīn
𨮂	gǎi	gǎi
𨮒	mèng	mèng
𨮔	yù	yù
𨮪	xǐ	xǐ
𨮬	piāo	piāo
𨮭	sī	sī
𨮴	dèng	dèng
𨮸	chuō	chuō
𨮹	dí	dí
𨮺	jī	jī
𨮻	chán	chán
𨮿	zhuó	zhuó
𨯓	cài	cài
𨯞	jiàng	jiàng
𨯲	tóu	tóu
𨯽	lí	lí
𨰂	qiàn	qiàn
𨰆	chuō	chuō
𨰏	tà	tà
𨰑	diào	diào
𨰓	jiǎn	jiǎn
𨰛	zhǐ	zhǐ
𨰜	jué	jué
𨰞	mó	mó
𨰠	luó	luó
𨰦	bǎo	bǎo
𨰭	zuǎn	zuǎn
𨰵	zhē	zhē
𨰸	yú	yú
𨰻	bǎo	bǎo
𨰾	mǎ	mǎ
𨰿	xì	xì
𨱀	hù	hù
𨱁	yì	yì
𨱂	é	é
𨱃	gū	gū
𨱄	tú	tú
𨱅	zhēn	zhēn
𨱇	qiú	qiú
𨱈	sù	sù
𨱉	liàng	liàng
𨱊	qū	qū
𨱋	líng	líng
𨱌	guàn	guàn
𨱍	láng	láng
𨱎	tōu	tōu
𨱏	dā	dā
𨱐	lòu	lòu
𨱑	huáng	huáng
𨱒	shòu	shòu
𨱓	jiāo	jiāo
𨱔	zūn	zūn
𨱕	gǎi	gǎi
𨱖	wéi	wéi
𨱙	kūn	kūn
𨱚	duàn	duàn
𨱛	sōng	sōng
𨱜	qí	qí
𨱝	yǎng	yǎng
𨱡	shì	shì
𨱣	gǎi	gǎi
𨱦	dào	dào
𨱧	yǎo	yǎo|ǎo
𨱫	qián	qián
𨱭	shāo	shāo
𨱮	cháng	cháng
𨱯	miǔ	miǔ
𨱱	mó	mó
𨱵	nǎo	nǎo
𨱸	cōng	cōng
𨱺	niè	niè
𨱻	zhāo	zhāo
𨱼	cén	cén
𨱿	sōng	sōng
𨲀	niè	niè
𨲁	cì	cì
𨲄	jùn	jùn
𨲆	shāo	shāo
𨲈	zhú	zhú
𨲉	duǒ	duǒ|shèng|tuǒ
𨲊	àn	àn
𨲋	bī	bī
𨲎	tì	tì
𨲐	pǐ	pǐ
𨲑	xiá	xiá
𨲒	qiú	qiú
𨲓	shěng	shěng
𨲗	tāng	tāng
𨲛	mán	mián|mán
𨲜	piān	piān
𨲞	tì	tì
𨲟	róng	róng
𨲧	cōng	cōng
𨲪	jī	jī
𨲫	féng	féng
𨲬	wù	wù
𨲭	jiào	jiào
𨲮	láo	láo
𨲯	zēng	zēng
𨲰	péng	péng
𨲱	cǎn	cǎn
𨲳	nóng	nóng
𨲵	chǎn	chǎn
𨲾	mán	mián|mán
𨲿	guì	guì
𨳀	niào	niào
𨳁	chōng	chōng
𨳂	chàn	chàn
𨳆	nàng	nàng
𨳉	xiā	xiā
𨳊	jiū	jiū
𨳋	jǐ	jǐ
𨳌	zhèn	zhèn
𨳑	tǐng	tǐng
𨳔	mén	mén
𨳕	yuè	yuè
𨳗	zhōng	zhōng
𨳘	tún	tún
𨳙	ruì	ruì
𨳚	xiè	fēn|xiè
𨳛	xī	xī
𨳝	tǐng	rùn|tǐng
𨳞	niǔ	niǔ
𨳠	wǎng	wǎng
𨳡	jiān	guān|jiān
𨳣	fēn	fēn
𨳲	biàn	biàn|bì
𨳷	yí	yí
𨳺	dié	dié
𨳻	jī	jī
𨳼	gǎn	gǎn
𨳿	jiān	jiān|mǎ|xì
𨴀	jiōng	jiōng
𨴆	kāi	kāi
𨴊	què	guān|què
𨴌	nán	nán
𨴍	móu	móu
𨴎	xù	xù
𨴏	sǒng	sǒng
𨴐	shèn	shèn
𨴑	kuāng	kuāng
𨴒	què	què
𨴓	wéi	wéi
𨴗	dié	dié
𨴘	nán	nán
𨴚	ruò	ruò
𨴛	gōng	gōng
𨴜	dòu	dòu|yòu
𨴞	niǎn	niǎn
𨴡	chāo	chāo
𨴢	hé	hé
𨴣	yàn	yàn
𨴩	tú	tú
𨴪	bǔ	bǔ
𨴬	hú	hú
𨴭	yǒng	yǒng
𨴯	shǐ	shǐ
𨴰	chù	chù
𨴹	xiāo	xiāo
𨴺	mén	mén
𨴻	lǐ	lǐ
𨴼	tí	tí
𨴾	jiān	jiān
𨵂	zhǐ	zhǐ
𨵃	guā	fǔ|guā|yuè
𨵄	guǎn	guǎn
𨵆	qì	qì
𨵈	fēi	fēi
𨵉	yǔ	yǔ
𨵊	zhé	zhé
𨵋	wěi	wěi
𨵌	ě	ě
𨵍	chān	chān
𨵎	xī	qí|xī
𨵐	gǔ	gǔ
𨵗	què	què
𨵘	huì	huì
𨵚	xié	xié
𨵛	yīng	yīng
𨵝	tà	tà
𨵞	wāi	wāi
𨵟	fú	fú
𨵠	jiè	jiè
𨵡	pì	pì
𨵥	shěng	shěng
𨵦	yú	yú
𨵧	kuā	kuā
𨵩	pì	pì
𨵪	xié	xié
𨵫	nüè	nüè
𨵬	xiàn	xiàn
𨵭	jiàn	jiàn
𨵮	xù	xù
𨵰	bì	bì
𨵴	nán	nán
𨵶	liáng	liáng
𨵸	pián	pián
𨵼	jìng	jìng
𨶀	tǎ	tǎ
𨶁	yàn	yàn
𨶂	ài	ài
𨶅	xiāo	xiāo
𨶆	qiāng	qiāng
𨶇	wǔ	wǔ
𨶈	táng	táng
𨶊	jùn	jùn
𨶐	kuò	kuò
𨶗	làng	làng
𨶙	něng	něng
𨶜	dòu	dòu|dǒu
𨶝	shú	shú
𨶟	jiǎo	jiǎo
𨶠	niè	niè
𨶢	yú	yú
𨶨	cè	cè
𨶪	jiǎo	jiǎo|liú
𨶬	huà	huà
𨶭	wén	wén
𨶮	yē	yē
𨶯	é	é
𨶰	guāng	guāng
𨶱	huā	huā
𨶲	jiāo	jiāo
𨶺	lèi	lèi
𨶼	shāng	shāng
𨶽	yòng	yòng
𨶿	dēng	dēng
𨷀	guān	guān
𨷁	niú	niú
𨷃	suì	suì
𨷄	xiàng	xiàng
𨷆	sà	sà
𨷇	chāng	chāng
𨷎	rùn	rùn
𨷐	yūn	yūn
𨷒	fēn	fēn
𨷓	jiàn	jiàn
𨷔	xù	xù
𨷘	xì	xì
𨷙	shú	shú
𨷥	xié	xié
𨷦	lì	lì
𨷩	tóu	tóu
𨷬	mǐ	mǐ
𨷭	chán	chán
𨷮	huō	huō
𨷱	zhuǎn	zhuǎn
𨷲	yuè	yuè
𨷻	lán	lán
𨷽	yán	yán
𨷾	dàng	dàng
𨷿	xiàng	xiàng
𨸀	yuè	yuè
𨸁	tǐng	tǐng
𨸂	bēng	bēng
𨸃	sàn	sàn
𨸄	xiàn	xiàn
𨸅	dié	dié
𨸆	pì	pì
𨸇	pián	pián
𨸉	tǎ	tǎ
𨸋	jiāo	jiāo
𨸌	yē	yē
𨸎	yuè	yuè
𨸐	réng	réng
𨸑	qiǎo	qiǎo
𨸒	qí	qí
𨸓	diāo	diāo
𨸔	qí	qí|wéi
𨸗	hàn	hàn
𨸘	yuán	yuán
𨸙	yóu	yóu
𨸚	jí	jí
𨸛	gài	gài
𨸜	hāi	hāi
𨸝	shì	shì
𨸟	qū	qū
𨸩	wèn	wèn
𨸬	zhèn	zhèn
𨸭	pō	pō
𨸮	yán	yán|yǔn
𨸯	gū	gū
𨸰	jú	jú
𨸱	tiàn	niǎn|tiàn
𨸷	è	è
𨸺	yā	yā
𨸻	lìn	lìn
𨸼	bì	bì
𨹀	zǐ	zǐ
𨹁	hóng	hóng
𨹃	duǒ	duò|duǒ
𨹅	duì	duì
𨹆	xuàn	xuàn
𨹈	shǎn	shǎn|yáng
𨹊	shǎn	shǎn
𨹋	yáo	yáo
𨹌	rǎn	rǎn
𨹔	tuó	tuó
𨹗	bīng	bīng
𨹘	xù	xù
𨹙	tūn	tūn
𨹚	chéng	chéng
𨹜	dòu	dòu
𨹝	yì	yà|yì
𨹡	chè	chè
𨹵	juǎn	juǎn
𨹶	jī	jī
𨹸	zhào	zhào
𨹹	bēng	bèng|bēng
𨹻	tiǎn	tiǎn
𨺀	pēng	pēng
𨺅	fù	fù
𨺖	tuǒ	tuǒ
𨺘	xián	xián
𨺙	nì	nì
𨺚	lóng	lóng
𨺝	zhuó	zhuó
𨺟	zhēng	zhēng
𨺠	shǔn	shǔn
𨺡	zōng	zōng
𨺢	fēng	fēng
𨺣	duàn	duàn
𨺤	pì	pì
𨺥	yǎn	yǎn
𨺦	sǒu	sǒu
𨺧	qiú	qiú
𨺨	è	è
𨺩	qián	qián
𨺫	qiǎn	qiǎn
𨺭	cā	cā
𨺮	xùn	xùn
𨺵	zhuì	zhuì
𨺸	mǎo	mǎo
𨺹	jiǎo	jiǎo
𨺿	zhǎn	zhǎn
𨻀	pí	bī|pí
𨻁	xī	xī
𨻂	yàn	yàn
𨻃	fèi	fèi
𨻄	niè	niè
𨻆	zhì	zhì
𨻈	suǒ	suǒ
𨻊	yì	yì
𨻌	lěi	lěi
𨻍	xù	xù
𨻏	yì	yì
𨻒	wēi	wēi
𨻕	jī	jī
𨻖	chēn	chēn
𨻗	dié	dié
𨻣	yuán	yuán
𨻥	xí	xí
𨻧	liú	liú
𨻨	suǒ	suǒ
𨻱	bēng	bēng
𨻲	xià	xià
𨻳	yàn	yàn|yān
𨻵	cuī	cuī|duì|zuī
𨻷	kāng	kāng
𨻺	qīng	qīng
𨻻	lóu	lóu
𨻼	bī	bī
𨼈	zhàn	zhàn
𨼉	cuàn	cuàn
𨼊	wú	wú
𨼋	xū	xū
𨼌	chēn	chēn
𨼍	háo	háo
𨼎	jué	jué
𨼐	chèn	chèn
𨼑	chá	chá
𨼒	chǎn	chǎn
𨼓	zhí	zhí
𨼔	xún	xún
𨼣	gé	gé
𨼤	chén	chén
𨼥	yè	gé|yè
𨼪	chǔ	chǔ
𨼫	qú	qú
𨼬	xiè	xiè
𨼮	zhàn	zhàn
𨼯	kěn	kěn
𨼱	jué	jué
𨼽	qú	qú
𨼿	méng	méng
𨽀	yè	yè
𨽁	zōu	cóng|zōu
𨽂	pú	pú
𨽄	shì	shì
𨽉	shǔ	shǔ
𨽊	chán	chán
𨽍	dú	dú
𨽏	guō	guō
𨽐	lù	lù|yáng
𨽑	yān	yān
𨽖	niǎo	niǎo
𨽗	bīn	bīn|pín
𨽟	tuí	tuí
𨽦	nì	nì
𨽧	huān	huān
𨽨	qián	qián
𨽯	xià	xià
𨽲	líng	líng
𨽷	lián	lián
𨽹	yì	lì|yì
𨽻	lì	lì
𨽼	sì	sì
𨽿	dài	dài
𨾂	wèi	wèi
𨾅	cì	cì
𨾉	jiǔ	jiǔ
𨾊	hóng	hóng
𨾌	yú	yú
𨾎	kuí	kuí
𨾒	háng	háng
𨾓	gē	gē|yì
𨾔	fàng	fàng
𨾗	kuí	kuí|xié
𨾚	guī	fū|guī
𨾛	chǐ	chǐ|qí
𨾞	jiǔ	jiǔ
𨾡	suī	huǎng|suī
𨾤	dié	dié
𨾬	suǐ	suǐ
𨾰	qín	qín
𨾴	guī	guī
𨾻	zhuī	zhuī
𨾾	tiào	tiào
𨿁	yuè	yuè
𨿇	zuǐ	zuǐ
𨿏	wú	wú
𨿐	cuǐ	cuǐ
𨿛	zhì	xī|zhì
𨿠	shuì	shuì
𨿢	dōng	dōng
𨿭	wéi	wéi
𨿿	chǒng	chǒng
𩀋	rún	rún
𩀖	jí	jí
𩀜	diāo	diāo
𩀞	cāng	cāng
𩀠	kòu	gǔ|kòu
𩀣	wéi	wéi
𩀧	cán	cán
𩀪	má	má
𩀫	òu	òu
𩀲	sǎn	sǎn
𩀶	wéi	huī|mí|wéi
𩀼	sǎn	sǎn
𩀿	jīn	jīn
𩁌	wéi	wéi
𩁞	cài	cài
𩁟	lí	lí
𩁯	yuè	yuè
𩁴	yūn	yūn
𩁷	chēng	chēng
𩁺	shān	shān
𩂂	hū	hū
𩂃	shài	shài
𩂄	tún	tún
𩂆	fǒu	fù|fǒu
𩂈	qìn	qìn
𩂉	xū	chēn|xū
𩂍	chuān	chuān
𩂎	fù	fù
𩂒	yì	yì|ài
𩂓	dōng	dōng
𩂔	fú	fú
𩂕	fú	fú
𩂖	zé	zé
𩂗	pù	pù
𩂙	líng	líng
𩂝	shài	shài|yīng
𩂞	pào	pào
𩂢	yín	yín|ái
𩂣	luò	luò
𩂤	huà	huà
𩂥	yìn	yìn
𩂦	bèng	bèng
𩂧	yū	yū
𩂨	shè	shè
𩂪	xiè	xiè
𩂫	chǔ	chǔ
𩂴	shè	shè
𩂵	diàn	diàn
𩂹	yì	yì
𩂻	chè	chè
𩂼	gěng	gěng
𩂽	lóng	lóng
𩂾	píng	píng
𩂿	yǔn	yǔn
𩃀	yàn	yàn
𩃁	mò	mò
𩃃	suī	suī
𩃋	jìng	jìng
𩃍	sòng	sòng
𩃎	páng	páng
𩃐	yá	yá
𩃑	sè	sè
𩃒	duǒ	duǒ
𩃕	chuáng	chuáng
𩃖	xiè	xiè
𩃘	tuán	tuán
𩃙	gōng	gōng
𩃚	xuàn	xuàn
𩃜	lā	lā
𩃞	líng	líng
𩃠	dài	dài
𩃡	zhá	zhá
𩃬	yīn	yīn
𩃭	sōng	sōng
𩃯	yǔ	yǔ
𩃰	tuó	tuó
𩃱	tuó	tuó
𩃴	bà	bà
𩃵	rǎn	rǎn
𩃶	bó	bó
𩃷	dài	dài
𩃹	zhá	zhá|zhǎ
𩃺	hóu	hóu
𩃾	huǐ	huǐ
𩄅	lú	lú
𩄊	lìng	lìng
𩄋	rú	rú
𩄕	dàn	dàn
𩄖	méng	méng
𩄗	xià	xià
𩄘	wěng	wěng
𩄙	hán	hán
𩄚	zī	zī
𩄛	zhèn	zhèn
𩄜	sè	sè
𩄝	cuó	cuó
𩄞	lì	lì
𩄠	diān	diān
𩄡	lián	lián
𩄢	gòu	gòu
𩄦	péng	péng
𩄪	yīng	yīng
𩄬	hòu	hòu
𩄮	duì	duì
𩄯	wù	wù
𩄷	piào	piào
𩄸	hè	hè
𩄺	lóng	lóng
𩄻	mò	mò
𩄼	fěi	fěi
𩄽	lǚ	lǚ
𩄾	zé	zé
𩄿	bó	bó
𩅀	diàn	diàn|zhí
𩅁	mǎng	mǎng
𩅃	zhuàng	chóng|zhuàng
𩅄	lù	lù
𩅅	pāng	pāng
𩅆	duì	duì
𩅇	bù	bù
𩅌	chēn	chēn
𩅍	màn	màn
𩅖	xī	xī
𩅝	ǎn	ǎn
𩅞	zhōng	chòng|zhōng
𩅠	nàn	nàn
𩅡	tuò	tuò
𩅢	hé	hé
𩅥	duì	duì
𩅦	wān	dān|wān
𩅧	zhōng	zhōng
𩅨	cén	cén|shèn
𩅩	lì	lì
𩅪	shuāng	shuāng
𩅮	cén	cén
𩅰	sī	sī
𩅲	duì	duì
𩅴	hūn	hūn
𩅼	jiān	jiàn|jiān
𩅽	nóng	nóng
𩅾	dàn	dàn
𩅿	fù	fù
𩆀	huò	huò
𩆁	huì	huì|wèi
𩆂	cí	cí
𩆄	yǒng	yǒng
𩆅	sà	sà
𩆆	tíng	tíng
𩆎	liù	liù
𩆑	suān	suān
𩆒	líng	líng
𩆓	mán	màn|mán
𩆔	diàn	diàn
𩆘	pāo	pāo
𩆚	líng	líng
𩆝	lì	lì
𩆟	nóu	nóu
𩆣	liè	liè
𩆤	shǎn	shǎn
𩆦	fèi	fèi
𩆫	shǎn	shǎn
𩆮	líng	líng
𩆯	zhàn	jiān|zhàn
𩆱	bīn	bīn
𩆲	lí	lí
𩆵	sī	sī|xiàn
𩆶	ráng	ráng
𩆷	jiān	jiān
𩆸	zhuó	zhuó
𩆻	líng	líng
𩆼	líng	líng
𩆽	mèng	mèng
𩆿	shuāng	shuāng
𩇄	líng	líng
𩇇	hùn	hùn
𩇎	líng	líng
𩇏	jiān	jiān
𩇐	qú	qú
𩇔	nóng	nóng
𩇕	jìng	jìng
𩇖	chēn	chēn
𩇜	zhēn	chèng|chēng|zhēn
𩇝	qìng	qìng
𩇟	qìng	qìng
𩇠	è	yǎn|è
𩇣	sè	sè
𩇩	bèi	bèi
𩇫	fēi	fēi
𩇮	fèi	fèi
𩇯	féi	féi
𩇴	fāng	fāng
𩇵	kǔ	kǔ
𩇺	zá	zá
𩇻	huì	huì
𩇽	féi	féi
𩈁	duì	duì
𩈆	pā	pā
𩈇	niǔ	niǔ
𩈈	pàng	pàng
𩈉	dàn	dàn
𩈊	dān	dàn|dān
𩈋	ài	ài
𩈍	tiǎn	tiǎn
𩈎	chǎo	chǎo
𩈏	ǎo	yǒu|ǎo
𩈐	mèi	mèi
𩈑	nǎn	nǎn
𩈔	bò	bò
𩈕	yù	chì|yù
𩈖	xiān	hān|xiān
𩈗	mài	mài
𩈚	pīng	pīng
𩈜	duī	duī
𩈞	dào	dào
𩈡	xìng	xìng
𩈢	nì	nì|nǜ
𩈣	hān	hān
𩈤	chù	chù
𩈥	shuǎ	shuǎ
𩈦	mǎn	mǎn
𩈬	wàn	wàn
𩈭	yì	yì
𩈮	diào	diào
𩈯	yān	yān
𩈱	wò	wò
𩈲	suàn	suàn
𩈴	ǎn	ǎn
𩈵	lán	lán
𩈶	nǎn	nǎn
𩈸	qiǔ	qiǔ
𩈹	miàn	miàn
𩈺	nuǒ	nuǒ
𩈻	cán	cán
𩈼	cǎn	cǎn
𩉀	làn	làn
𩉁	tiǎn	tiǎn
𩉂	yè	yè
𩉄	niǎn	niǎn
𩉆	shuǎ	shuǎ
𩉋	cí	cí
𩉍	jiǎn	jiǎn
𩉐	gàn	gàn
𩉔	jiàn	jiàn
𩉕	guó	guó
𩉗	zhān	zhān
𩉙	luǒ	luǒ
𩉜	jī	hàng|jī
𩉝	guì	guì
𩉡	jiá	jiá
𩉢	jǐ	jǐ
𩉥	xuàn	xuàn
𩉧	fēng	fēng
𩉫	bì	bì
𩉬	qí	chí|qí
𩉯	yuán	yuán
𩉰	àng	àng
𩉱	dī	dī
𩉴	è	è
𩉵	fén	fén
𩉸	jù	jù
𩉹	nǐ	nǐ
𩉺	tuó	tuó
𩉼	shēn	shēn
𩉽	fú	fú
𩉾	xiá	xiá
𩉿	qú	qú
𩊀	pò	pò
𩊁	wǎn	wǎn
𩊂	líng	líng
𩊃	mà	mà
𩊄	zhòu	zhòu
𩊅	bào	bào
𩊇	yù	yù
𩊌	běng	běng
𩊍	mài	mài
𩊏	jiā	jiā
𩊑	yǎng	yǎng
𩊓	kuǎ	kuǎ|kù
𩊔	jiào	jiào
𩊖	bǐng	bǐng
𩊚	luò	luò
𩊛	guǐ	guǐ
𩊜	duò	duò
𩊝	zhì	zhì
𩊡	zhèn	zhèn
𩊢	è	è
𩊣	zhū	zhū
𩊤	bá	bá
𩊨	zhèn	zhèn
𩊩	fēng	féng|fēng
𩊪	dòu	dòu
𩊫	niǎn	niǎn
𩊬	bù	bù
𩊭	duì	duì
𩊮	shā	shā|suō
𩊯	sè	sè
𩊰	bì	bì
𩊴	zhì	zhì
𩊵	zhé	zhé
𩊶	bù	bù
𩊺	jué	jué
𩊻	xùn	xùn
𩊿	xì	xì
𩋁	zhuó	zhuó
𩋂	bài	bài
𩋃	yáo	táo|yáo
𩋄	chǒu	chǒu
𩋅	tà	tà
𩋆	qiān	qiān
𩋈	nào	nào
𩋉	yù	yù
𩋊	è	è
𩋋	jiān	jiān
𩋌	yì	yì
𩋍	xiāo	xiāo
𩋏	niè	niè
𩋒	bīng	bīng
𩋗	guǒ	guǒ
𩋘	xié	xié
𩋙	diào	diào
𩋜	jū	jū
𩋝	suǒ	suǒ
𩋞	dié	dié
𩋟	fú	fù|fú
𩋠	miǎn	miǎn
𩋡	shì	shì
𩋢	xuàn	xuàn|yùn
𩋣	tí	tí
𩋤	yù	yù
𩋧	xié	kài|xié
𩋨	fú	fú
𩋩	zhì	zhì
𩋪	nǐ	nǐ
𩋫	xuàn	xuàn
𩋬	yáng	yáng
𩋮	fěng	bāng|fěng
𩋯	zòng	zòng
𩋰	zhòu	zhòu
𩋱	xuān	xuān
𩋵	zhū	zhū
𩋷	la	la
𩋹	yìng	yìng
𩋺	gào	gào
𩋻	kuò	kuò
𩋽	é	é
𩋾	wéi	wéi|wěi|xuē
𩋿	méi	méi
𩌃	huái	guì|huái
𩌄	chǒu	chǒu|zhōu
𩌆	suǒ	suǒ
𩌇	tà	tà
𩌈	suǒ	suǒ
𩌉	tà	tà
𩌊	xuè	xuè
𩌌	gǒng	gǒng
𩌍	jiǎ	jiǎ
𩌏	bó	bó|bù|fù|fú
𩌐	tà	tà
𩌑	yuǎn	yuǎn
𩌘	tà	tà
𩌝	chuí	chuí
𩌠	xiōng	xiōng
𩌡	hé	hé|juē
𩌢	suō	suō
𩌧	mò	mò
𩌨	chóng	chóng
𩌩	suī	suī
𩌪	zé	zé
𩌫	lù	lù
𩌬	zhāng	zhāng
𩌭	luò	luò
𩌮	xù	xù
𩌯	jiān	jiān
𩌰	shān	shān
𩌲	xù	xù
𩌾	jiǎng	jiǎng
𩍂	bào	bào
𩍃	mái	mái
𩍅	tóng	tóng
𩍆	xì	xì
𩍉	róng	róng
𩍋	shéng	shéng
𩍌	zhòu	zhòu
𩍎	jiān	jiān
𩍏	fù	fù
𩍐	dèng	dèng
𩍓	yōng	yōng
𩍔	jū	jū|qū
𩍖	yì	yì
𩍗	bāng	bāng
𩍙	sè	sè
𩍚	suì	suì
𩍜	duó	duó
𩍝	xiè	xiè
𩍡	huán	huán
𩍥	rǔ	rǔ
𩍦	nǐ	nǐ
𩍧	zhòu	zhòu
𩍨	guì	guì
𩍪	luò	luò
𩍲	zhī	chàn|zhī
𩍳	xù	xù
𩍵	zhī	zhī
𩍷	jué	jué
𩍸	jū	jū
𩍻	yuán	yuán
𩍼	lú	lú
𩍿	bó	bó|fù
𩎂	róng	róng
𩎃	xiè	xiè
𩎉	xǐ	xǐ
𩎊	luó	luó
𩎎	gé	gé
𩎑	zuān	zuān
𩎒	hàn	hàn|jiān
𩎔	jiāo	jiāo
𩎕	sǎ	sǎ
𩎖	qín	qián|qín
𩎗	qūn	qūn
𩎘	páo	páo
𩎙	yuè	yuè
𩎚	chè	chè
𩎛	fú	fú
𩎜	pēi	pēi
𩎟	mèi	mèi|mò|wà
𩎢	tāo	tāo
𩎤	kēn	kēn
𩎥	xì	xì
𩎫	duò	duò
𩎭	yì	yì
𩎰	suì	suì
𩎲	xiá	xiá
𩎳	juān	juān
𩎵	wéi	wéi
𩎷	yì	yì
𩎹	yù	yù
𩎻	bài	bài
𩎼	tuó	tuó
𩎽	tà	tà
𩎾	páo	páo
𩏂	bǐng	bì|bǐng
𩏅	yùn	yùn
𩏆	yùn	yùn
𩏇	duàn	duàn
𩏈	ruǎn	ruǎn
𩏉	wéi	wéi
𩏏	wéi	wéi
𩏐	guì	guì|wěi
𩏒	dá	dá
𩏓	xiá	xiá
𩏖	hùn	hùn
𩏗	juǎn	juǎn
𩏘	suī	suī
𩏚	suì	suì
𩏝	lóu	lóu
𩏞	bài	bài
𩏟	yù	yù
𩏠	zhèng	zhèng
𩏡	guì	guì
𩏣	kuī	kuī
𩏤	gāo	gāo
𩏥	dān	dān
𩏩	xiǎn	xiǎn
𩏪	zhái	zhái
𩏫	sè	sè
𩏭	kē	kē
𩏮	bǔ	bǔ
𩏯	bó	bó
𩏲	suì	suì
𩏴	yù	yù
𩏵	bǔ	bù|bǔ
𩏶	jiū	jiū
𩏷	jiū	jiào|jiū
𩏹	juàn	juàn
𩏺	jué	jué
𩏼	nà	nà
𩏽	zhái	zhái
𩏾	tāo	tāo
𩏿	wěi	wěi
𩐀	xiá	xiá
𩐁	xiè	xiè
𩐅	sà	sà
𩐆	jī	jī
𩐉	xiè	xiè
𩐌	duì	duì
𩐍	zǐ	zǐ
𩐘	yuǎn	yuǎn
𩐙	qìn	qìn
𩐚	fú	fú
𩐛	péng	péng
𩐜	páo	páo
𩐞	yìn	yìn
𩐠	hōng	hōng
𩐡	zú	zú
𩐣	gōng	gōng
𩐤	dòng	dòng
𩐥	hē	hē
𩐦	wò	wò
𩐨	pāng	pāng
𩐫	sù	sù
𩐬	kǎn	kǎn
𩐭	niè	niè
𩐮	háo	háo
𩐯	fèng	fèng
𩐰	è	è
𩐱	yè	yè
𩐴	tíng	tíng
𩐵	dòng	dòng
𩐶	zhé	zhé
𩐷	sāng	sāng
𩐻	mò	mò
𩐼	sù	sù
𩐾	lè	lè
𩑀	pǔ	pǔ
𩑁	é	é
𩑂	zhuó	zhuó
𩑃	yè	yè
𩑇	xiāng	xiāng
𩑈	guàng	guàng
𩑉	rěn	rěn
𩑊	líng	líng
𩑍	ào	ào
𩑐	chāi	chāi
𩑒	duó	duó
𩑓	qióng	qióng
𩑔	kū	kū|yà
𩑕	xū	xū
𩑖	huán	huán
𩑗	yāo	yāo
𩑘	zhèn	zhèn
𩑙	tǐng	tǐng
𩑚	běng	běng|lèi
𩑝	áng	áng
𩑟	kān	kān|qiān
𩑡	kū	gěn|kū
𩑢	péi	bāi|péi
𩑣	yòu	yòu
𩑤	ǎo	ǎo
𩑥	mén	mén
𩑦	mò	mò
𩑬	fǔ	fǔ|guī
𩑭	qīng	qīng
𩑮	là	là
𩑯	dǒu	dǒu
𩑰	tǎn	tǎn
𩑳	qiǎn	qiǎn
𩑴	yào	yào
𩑵	wèi	wèi
𩑶	hú	hú|kū
𩑷	mò	mò
𩑸	hē	hē
𩑹	xuàn	xuàn
𩑻	bì	bì|pó
𩑼	pō	pō
𩑾	dī	dī
𩒀	zhěn	zhěn
𩒂	shī	shī
𩒃	kǎn	kǎn
𩒄	cè	cè
𩒇	xū	xū
𩒈	zhěn	zhěn
𩒊	zhǔ	zhǔ
𩒏	huì	huì
𩒐	chǐ	chǐ
𩒓	hǒng	hǒng
𩒔	nóu	nóu
𩒕	niè	niè|pò|è
𩒖	yàn	yàn
𩒘	chǒng	chǒng
𩒙	fǔ	fǔ|guì
𩒚	guāng	guāng
𩒛	qī	qī
𩒝	gěn	gěn
𩒞	tǐng	tǐng
𩒢	tǎn	tǎn
𩒣	qiǎn	qiǎn
𩒦	jiù	jiù|xìn
𩒧	xū	xū
𩒨	qǐ	qǐ
𩒪	zhèn	zhèn
𩒮	qiú	qiú
𩒰	ě	ě
𩒳	huì	huì
𩒴	hòng	hòng
𩒵	qǐng	qǐng
𩒷	chē	chē|rǒng
𩒺	fù	fù
𩒼	hōng	hōng
𩒽	xī	xī
𩒾	wú	wú
𩒿	máng	máng
𩓂	tī	tī
𩓅	hōng	hōng
𩓐	bó	bó
𩓒	qǐn	qǐn
𩓓	gěn	gěn
𩓖	fú	fú
𩓗	kuǐ	kuǐ
𩓝	bié	bié
𩓞	jìng	jìng
𩓟	kǎn	kǎn
𩓠	guī	guī
𩓢	gǎo	gǎo
𩓣	xū	xū
𩓤	àn	àn
𩓥	yuè	yuè
𩓦	wù	wù
𩓧	yí	yí
𩓨	jīng	jīng
𩓪	lù	lù
𩓫	quán	quán
𩓬	tuí	tuí
𩓮	jì	jì
𩓺	jiǒng	jiǒng
𩓻	jué	jué
𩓼	piē	piē
𩓽	kūn	kūn
𩔀	wài	wài
𩔁	huì	huì
𩔂	dùn	dùn
𩔃	yuǎn	yuǎn
𩔄	jié	jié
𩔆	guì	guì
𩔇	gǎo	gǎo
𩔈	pò	pò
𩔉	mén	hūn|mén|mín
𩔊	zhuàn	zhuàn
𩔋	hàng	hàng
𩔔	yóng	yóng
𩔕	qiú	qiú
𩔗	lèi	lèi
𩔘	áng	áng
𩔙	pǐ	pǐ|xìn
𩔚	wēng	wēng|wěng
𩔝	qìn	qìn
𩔟	qǐn	qǐn
𩔠	miè	miè
𩔡	dōu	dōu
𩔢	mí	mí
𩔣	zhān	zhān
𩔥	qǐng	qǐng
𩔦	yí	yí
𩔮	bān	bān
𩔱	juān	juān
𩔳	zé	zé
𩔴	xù	xù
𩔵	lán	lán
𩔶	má	má
𩔷	má	má
𩔸	ōu	ōu
𩔹	bēi	bēi
𩔻	póu	póu
𩔼	xù	xù
𩕀	ào	ào
𩕆	hǒng	hǒng
𩕉	hǒng	hǒng
𩕊	zhǎn	zhǎn
𩕌	sěn	sěn
𩕍	gǎo	gǎo|háo
𩕏	pó	fán|pó
𩕐	liào	liào
𩕕	wài	wài
𩕖	xuān	xuān
𩕜	kuí	kuí
𩕟	è	è
𩕠	hàn	hàn
𩕡	sè	sè
𩕤	dàn	dàn
𩕪	xuān	xuān
𩕬	è	è
𩕭	gài	gài
𩕯	dāo	dāo
𩕱	měng	měng
𩕲	yī	yī
𩕳	nǐng	nǐng
𩕵	pín	pín
𩕹	cāng	cāng
𩕾	yuàn	yuàn
𩖀	è	è
𩖁	niè	niè|yá
𩖄	yǐn	yǐn
𩖇	qiāo	qiāo
𩖉	hōng	hōng
𩖊	líng	líng
𩖌	chān	chān
𩖍	yǐng	yǐng
𩖒	guān	guān
𩖔	niǎo	niǎo
𩖕	xū	xū
𩖖	tán	tán
𩖗	jìn	jìn
𩖛	péng	péng
𩖝	liáo	liáo
𩖠	bèi	bèi
𩖣	xín	bá|xín
𩖤	tún	tún
𩖥	chāo	chāo
𩖦	gān	gān
𩖨	hū	hū
𩖩	wǎng	wǎng
𩖬	fú	fú
𩖭	pèi	pèi
𩖯	náo	náo
𩖰	xún	xín|xún
𩖱	xuè	xuè
𩖴	liǔ	liǔ
𩖵	líng	líng
𩖶	xuè	xuè
𩖷	qū	qū
𩖸	háo	háo
𩖹	yí	yí
𩖺	hàn	hàn
𩖼	fú	fú
𩖽	bá	bá
𩖾	yí	yí
𩗀	bó	bó
𩗄	hōng	hōng
𩗅	lì	lì
𩗉	sà	sà
𩗊	xī	xī
𩗎	shì	shì
𩗏	piāo	piāo
𩗐	huà	huà
𩗑	yí	yí
𩗒	bó	bó
𩗓	bó	bó
𩗔	něi	něi
𩗕	qiú	qiú
𩗘	wěi	wěi
𩗙	chè	chè
𩗚	yóu	yóu
𩗜	wèi	wèi
𩗝	huǐ	huǐ
𩗞	sà	sà
𩗡	chóu	chóu
𩗢	hòng	hòng
𩗣	sōu	sōu
𩗤	hàn	hàn
𩗥	páo	páo
𩗧	fáng	fáng
𩗩	liú	liú
𩗪	zhòu	zhòu
𩗫	pí	pí
𩗭	lì	lì
𩗰	chuí	chuí
𩗱	xī	xī
𩗲	zhēng	zhēng
𩗴	bèng	bèng
𩗵	zhēng	zhēng
𩗶	suì	suì
𩗷	yǎn	yǎn
𩗼	qīng	qīng
𩗽	wù	wù
𩗾	liǎng	liǎng
𩘀	zhào	zhào
𩘁	liáng	liáng
𩘅	jiē	jiē
𩘇	hōng	hōng
𩘈	yōu	yōu
𩘊	là	là
𩘋	hòu	hòu
𩘍	yuàn	yuàn
𩘎	hóng	hóng
𩘏	yè	yè
𩘑	yǐng	yīng|yǐng
𩘒	xuǎn	juān|xuǎn
𩘓	yóu	yóu
𩘘	quán	quán
𩘜	táng	táng
𩘝	suǒ	suǒ
𩘟	lì	lì
𩘠	sōu	sōu
𩘡	lì	lì
𩘤	yù	yù
𩘧	yì	yì
𩘭	xiū	xiū
𩘮	áo	áo
𩘯	tuán	tuán
𩘰	sù	sù
𩘱	shuài	shuài
𩘳	yù	yù
𩘵	fēng	fēng
𩘹	sù	sù
𩘺	tuí	tuí
𩘻	yù	yù
𩘼	zhēng	zhēng
𩘽	zhēng	zhēng
𩘿	táo	táo
𩙄	liú	liú
𩙆	chéng	chéng
𩙇	suí	suí
𩙈	sāo	sāo
𩙏	gǔ	gǔ
𩙐	fēng	fēng
𩙑	liè	liè
𩙒	piāo	piào|piāo
𩙖	lì	lì
𩙘	lóng	lóng
𩙙	chū	chū
𩙚	xiāo	xiāo
𩙛	hōng	hōng
𩙜	xiè	xiè
𩙝	shè	shè
𩙠	lóng	lóng
𩙡	hōu	hōu
𩙢	xuán	shī|xuán
𩙣	fēng	fēng
𩙥	bá	bá
𩙦	bó	bó
𩙧	táo	táo
𩙨	sù	sù
𩙩	zhào	zhào
𩙪	biāo	biāo
𩙫	sōu	sōu
𩙬	tuí	tuí
𩙭	suǒ	suǒ
𩙮	xiāo	xiāo
𩙯	héng	héng
𩙰	sāo	sāo
𩙲	fēi	fēi
𩙷	niù	niù
𩙸	mǎng	mǎng
𩙽	huán	huán|xuān
𩙾	zhī	zhī
𩚂	yì	yì
𩚄	yù	yù
𩚇	yí	yí
𩚈	yuē	yuē
𩚉	chí	chí
𩚕	yǐn	qiāng|yǐn
𩚖	niù	niù
𩚗	rǒng	rǒng
𩚛	nà	nà
𩚣	tián	tián
𩚥	bā	bā
𩚪	ěr	ěr
𩚫	zhēng	zhēng
𩚬	è	è
𩚭	póu	póu
𩚮	jī	jī|nì
𩚯	ní	ní
𩚱	jiǒng	jiǒng
𩚲	jiá	jiá
𩚵	gān	gān
𩚹	líng	líng
𩚻	zuì	zuì
𩚾	bèi	bèi
𩛅	shū	shū
𩛆	yǐ	yǐ
𩛇	pāi	pāi
𩛋	nǎo	nǎo
𩛌	shì	shì
𩛎	mǎn	mǎn
𩛏	shì	shì
𩛑	tí	tí
𩛘	gōng	gōng
𩛝	lèi	lèi
𩛞	bǎo	bǎo|něi|piǎo
𩛟	yuān	mán|yuān
𩛠	zuō	zuō
𩛡	láng	láng|náng
𩛢	xiū	xiū
𩛥	zài	zài
𩛦	chèng	chèng
𩛧	jiān	jiān
𩛨	mào	mào
𩛩	jiá	jiá
𩛪	yù	yù
𩛭	yù	yù
𩛮	yí	yí
𩛲	māng	māng
𩛳	zài	cān|zài
𩛵	zhuì	zhuì
𩛶	tí	tí
𩛹	xì	xì
𩛺	jú	jú
𩛻	zàn	zhān|zuǎn|zàn
𩛼	lù	lù
𩛽	táo	táo
𩜀	zhuì	duī|zhuì
𩜁	líng	líng
𩜃	jù	jù
𩜆	jī	jī
𩜇	juǎn	juàn|juǎn
𩜊	zī	zī
𩜌	yuē	yuē
𩜍	dōng	dōng
𩜒	nǎng	nǎng
𩜖	chóng	chóng
𩜟	àng	àng
𩜣	gēng	gēng
𩜥	bō	bō
𩜦	dìng	dìng
𩜧	wěi	wěi
𩜬	quán	quán
𩜭	kē	kē
𩜰	pì	pì
𩜱	kǎn	kǎn|sǎn
𩜲	fú	fú
𩜳	yǒng	yǒng
𩜵	tuán	tuán
𩜶	tǒu	tǒu
𩜷	yòu	niù|yòu
𩜸	yāo	yāo
𩜺	yē	yē
𩜽	yàn	yàn
𩝈	xián	xián
𩝊	tí	tí
𩝌	suì	suì
𩝐	cí	cí
𩝔	xǔ	xǔ
𩝕	wù	wù
𩝖	cān	cān
𩝗	yù	yù
𩝚	chǎn	chǎn
𩝛	xiá	xiá
𩝝	kào	gāo|kào
𩝞	cāng	cāng
𩝟	chā	chā
𩝠	qiǔ	qiǔ
𩝣	dā	dā
𩝥	sù	sù
𩝨	huā	huā
𩝷	wū	wū
𩝸	yuān	yuān
𩝽	jiàng	jiàng
𩝾	xiǎng	xiǎng
𩝿	zhāi	zhāi
𩞀	sǎn	chěn|càn|sǎn
𩞁	mó	mí|mó
𩞃	shǎng	shǎng|xiǎng
𩞄	cáo	cáo
𩞅	suī	suī
𩞆	chuáng	chuáng
𩞇	mí	mí
𩞈	zhú	zhú
𩞉	chóng	chóng
𩞊	jì	jì
𩞋	chóng	chóng
𩞙	lián	lián
𩞞	hài	hài
𩞤	dūn	dūn
𩞥	xiǎng	xiǎng
𩞦	chēng	chēng
𩞧	shǎng	shǎng
𩞨	lì	lì
𩞩	huáng	huáng
𩞬	dèng	dèng
𩞯	liáng	liáng
𩞶	zā	zā
𩞺	huò	huò
𩞻	lín	lín
𩞾	dú	dú|yì
𩞿	hàn	hàn
𩟀	yōng	yōng|yǒng
𩟁	yuàn	xuàn|yuàn
𩟂	guò	guò
𩟃	líng	líng
𩟅	liǎn	liǎn
𩟇	ào	ào
𩟈	dāng	dāng
𩟉	yì	yì
𩟊	nóng	nóng
𩟋	shàn	shàn
𩟍	xìn	xìn
𩟐	dá	dá
𩟑	yù	yù
𩟒	cān	cān
𩟓	wò	wò
𩟔	chá	chá
𩟕	bó	bó
𩟗	jiǎn	jiǎn
𩟞	méng	méng
𩟟	wěi	wěi
𩟠	mó	mó
𩟥	shuì	juǎn|shuì
𩟦	jié	jié
𩟧	shuò	shuò
𩟨	huò	huò
𩟫	chuò	chuò
𩟭	lóng	lóng
𩟮	huài	huài
𩟰	tuō	tuō
𩟳	yú	yú
𩟶	chàn	chàn|jié
𩟷	yōng	yōng
𩟸	huò	huò
𩟺	lǎn	lǎn
𩟿	nà	nà
𩠀	bā	bā
𩠁	gān	gān
𩠂	yǐ	yǐ
𩠃	jiá	jiá
𩠅	dá	dá
𩠆	dìng	dìng
𩠇	xùn	xùn
𩠈	rěn	rěn
𩠉	juǎn	juǎn
𩠊	tuán	tuán
𩠋	xǔ	xǔ
𩠌	sòng	sòng
𩠎	cáo	cáo
𩠏	chēng	chēng
𩠑	dǐng	dǐng
𩠚	hái	hái
𩠟	wǔ	wǔ
𩠦	qǐ	qǐ|shǒu
𩠨	jī	jī|qǐ
𩠮	kuí	kuí
𩠯	wéi	wéi
𩠶	shǒu	shǒu
𩠷	fú	fú
𩠹	tuán	tuán
𩠻	bié	bié|hān
𩠽	tán	tán
𩠾	hāng	hāng
𩠿	piē	piē
𩡃	yú	yú
𩡄	tán	tán|xiāng
𩡌	xiāng	xiāng
𩡎	xiū	xiū
𩡓	wěng	wěng
𩡔	hài	hài
𩡕	péng	péng
𩡖	yǐ	yǐ
𩡝	tán	tán
𩡟	bié	bié
𩡠	xiāng	xiāng
𩡣	yǐ	yǐ
𩡦	piáo	piáo
𩡧	huán	huán
𩡨	mǔ	mǔ
𩡩	bā	bā
𩡫	fàn	fàn
𩡯	dīng	dīng
𩡷	fēn	fèi|fēn
𩡺	jiè	jiè
𩡾	suó	suó
𩢄	wàn	wàn
𩢅	gē	gē
𩢈	fēn	fēn
𩢊	tuó	tuó
𩢌	wén	wén
𩢍	guā	guā
𩢎	duō	duō
𩢐	zhé	zhé
𩢑	cǐ	cǐ
𩢒	yǎo	yǎo
𩢔	bàn	bàn
𩢕	bù	bù
𩢖	mò	mò
𩢘	pǒ	pǒ
𩢛	gé	gé
𩢞	liú	liú
𩢡	rǎn	rǎn
𩢨	gān	gān
𩢪	hú	hú
𩢫	móu	móu
𩢮	xiū	xiū
𩢯	huāng	huāng
𩢰	fú	fú
𩢱	huí	huí
𩢳	qú	qú
𩢴	jié	jié|jí
𩢵	tuō	tuō
𩢶	yú	yú
𩢷	mò	mò
𩢸	zhōu	zhōu
𩢹	jiù	jiù
𩢻	shú	shú
𩢼	kuāng	kuāng
𩢽	qióng	qióng
𩢾	liè	liè
𩢿	fù	fù
𩣊	xù	xù
𩣖	lìn	lìn
𩣘	niè	niè
𩣚	pī	bǐ|pī
𩣜	fù	fù
𩣝	bù	bù
𩣞	yì	sà|yì
𩣡	bó	bó
𩣣	é	é|ě
𩣩	zhé	zhé
𩣫	lì	lì
𩣮	tù	tù
𩣯	dá	dá
𩣱	lù	lù
𩣲	yān	yān
𩣳	dōng	dōng
𩣴	qiè	qiè
𩣵	wǎn	wò|wǎn
𩣶	mǐng	mǐng
𩣷	zuī	zhù|zuī
𩣸	fù	fù
𩣹	qū	qū
𩣺	bēn	bēn
𩣻	ǎo	ǎo
𩣼	qiāng	qiāng
𩤁	qūn	qūn
𩤈	què	què
𩤉	huá	huá|táo
𩤊	xiàn	jiàn|xiàn
𩤋	kùn	kùn
𩤏	cuì	cuì
𩤒	yí	yí
𩤖	chī	chī|ér
𩤗	zòng	zòng
𩤘	nǎo	nǎo
𩤙	chéng	chéng
𩤚	duān	duān
𩤛	yóng	yóng
𩤜	zhě	zhě
𩤞	tàn	tàn
𩤟	yáng	yáng
𩤠	xié	xié
𩤡	xuān	xuān
𩤣	duàn	duàn
𩤤	shuǎ	shuǎ
𩤥	xián	xián
𩤦	xián	xián
𩤩	é	é
𩤲	lā	lā
𩤸	wèi	wèi
𩤹	yōu	yōu
𩤺	yú	yú
𩤽	tī	tī
𩤿	jīn	jīn
𩥁	táng	táng
𩥂	qí	qí
𩥄	diān	diān
𩥅	tāo	tāo
𩥆	lǜ	lǜ
𩥇	zhàn	zhàn
𩥈	wēn	wēn
𩥉	jì	jì
𩥊	āo	jiāo|āo
𩥋	òu	dú|òu
𩥌	qià	qià
𩥐	shī	shī
𩥑	tǎ	tǎ
𩥔	mò	mò
𩥘	yóu	yóu
𩥠	zhá	zhá
𩥣	yáo	yáo
𩥫	chōng	chōng
𩥬	lí	lí
𩥭	yú	yú
𩥮	chǎn	chǎn
𩥯	yī	yī
𩥲	chì	chì
𩥴	lí	lí
𩥽	tú	tú
𩥿	zú	zú
𩦂	xián	xián
𩦇	xì	xì
𩦉	bié	bié
𩦊	hán	hán|qiān
𩦋	qí	qí
𩦌	sāng	shuāng|sāng
𩦎	fēi	fēi|fěi
𩦐	shàn	huō|shàn
𩦘	huān	huān
𩦠	bàng	bàng
𩦡	yú	yú
𩦢	yú	yú
𩦤	jí	jí
𩦱	kuǎi	kuǎi
𩦲	zōng	zōng
𩦹	xiàn	xiàn
𩦺	méng	méng
𩧃	lì	lì
𩧄	zhì	zhì
𩧅	fán	fán
𩧆	liè	liè|là
𩧇	cài	cài
𩧈	dú	dú
𩧉	guāng	guāng
𩧊	xiòng	xiòng
𩧋	lí	lí
𩧌	qì	qì
𩧏	jué	jué
𩧐	tuō	tuō
𩧒	jù	jù
𩧓	xiāo	xiāo
𩧘	qú	qú
𩧜	zhuǎn	zhuǎn
𩧡	jué	jué
𩧦	jiè	jiè
𩧨	zhòu	zhòu
𩧩	xiàn	xiàn
𩧪	lóng	lóng
𩧫	yǎng	yǎng
𩧬	rǎn	rǎn
𩧭	yì	yì
𩧮	liè	liè
𩧯	bō	bō
𩧰	hún	hún
𩧱	jì	jì
𩧲	dòng	dòng
𩧳	zhōu	zhōu
𩧴	quān	quān
𩧵	jié	jié
𩧸	lì	lì
𩧺	jú	jú
𩧻	wǎn	wǎn
𩧼	bēn	bēn
𩧿	bī	bī
𩨀	gé	gé
𩨁	chǔn	chǔn
𩨃	qián	qián
𩨄	sōu	sōu
𩨅	wèi	wèi
𩨆	chéng	chéng
𩨇	lóu	lóu
𩨈	yú	yú
𩨉	lā	lā
𩨊	qián	qián
𩨋	diān	diān
𩨌	tǎ	tǎ
𩨍	zhàn	zhàn
𩨏	fán	fán
𩨐	liè	liè
𩨑	tīng	tīng
𩨒	jī	jī
𩨓	qiān	qiān
𩨔	hú	huá|hú
𩨗	yú	yú
𩨘	qì	gē|qì
𩨙	yú	yú
𩨚	wā	wā
𩨜	bà	bà
𩨝	qí	qí
𩨞	sǎ	sǎ
𩨟	qiāo	qiāo
𩨠	yà	yà
𩨡	xiǎn	sǎn|xiǎn
𩨨	cī	cī
𩨩	fàn	fàn
𩨫	kǔn	kǔn
𩨬	gǔn	gǔn
𩨭	quē	quē
𩨮	è	è
𩨯	qióng	qióng
𩨲	mà	mà
𩨳	kū	dū|kū
𩨴	yǎo	yǎo
𩨷	quē	quē
𩨸	chū	chū
𩨹	jiǎ	jiǎ
𩨻	zhǔ	zhǔ
𩨽	duī	duī
𩨾	wá	wá
𩩀	nǎo	nǎo
𩩄	yán	yán
𩩅	tóng	tóng
𩩈	kuài	kuài
𩩋	xíng	jìng|xíng
𩩌	gǔn	gǔn
𩩍	pīng	pīng
𩩑	yǔ	yǔ
𩩒	hè	hè
𩩔	zhuó	zhuó
𩩗	shē	shē
𩩘	yǔ	yǔ
𩩛	jì	jì
𩩝	qiāng	qiāng
𩩞	shuì	shuì
𩩟	chuò	chuò
𩩠	zú	zú
𩩡	léng	léng
𩩢	ní	ní
𩩤	wā	wā
𩩥	zhá	zhá
𩩧	dàn	dàn
𩩮	dù	dù
𩩯	biàn	biàn
𩩰	jiē	hái|jiē
𩩱	qià	qià
𩩲	hé	hé
𩩳	chòng	chòng
𩩴	yán	yán
𩩶	yàn	yàn
𩩺	sóng	sóng
𩩻	téng	téng
𩩼	yǎo	yǎo
𩩾	kāo	kāo
𩪀	zhuī	zhuī
𩪁	guì	guì
𩪂	ái	ái
𩪃	hài	hài
𩪈	suǒ	suǒ
𩪉	xù	xù
𩪊	biāo	biāo
𩪌	fèng	fèng
𩪍	qū	qū|shū
𩪎	mǎng	mǎng
𩪐	guó	guó
𩪖	bì	bì
𩪗	jué	jué
𩪘	chuáng	chuáng
𩪛	pú	pú
𩪟	yì	yì
𩪢	qiān	qiān
𩪣	yì	yì
𩪤	è	è
𩪥	líng	líng
𩪧	bì	bì
𩪭	huò	huò
𩪮	mǒ	mó|mǒ
𩪱	xūn	xūn
𩪴	yàn	yàn
𩪸	lì	lì
𩪺	tán	tán
𩪾	luán	luán
𩫀	kài	kài
𩫁	mào	mào
𩫂	xiāo	xiāo
𩫇	ǎi	ǎi
𩫊	tǎ	tǎ
𩫍	mèi	mèi
𩫏	guō	guō|yōng
𩫓	gǎo	gǎo
𩫔	náo	náo
𩫕	háo	háo
𩫠	quē	quē
𩫥	cáo	cáo
𩫦	sào	sào
𩫫	pí	pí
𩫲	xiē	xiē
𩫳	xiāo	xiāo
𩫴	jú	jú
𩫹	chéng	chéng
𩫺	nǎo	nǎo
𩬀	nèi	nèi
𩬍	mǔ	mǔ
𩬏	shāo	shāo
𩬑	diān	chān|diān
𩬔	líng	líng
𩬖	zhěn	zhěn
𩬗	yǎo	yǎo
𩬙	fù	fù|fū
𩬚	qián	gàn|qián
𩬛	qióng	qióng
𩬜	jú	jú
𩬝	bìng	bìng|fǎng
𩬞	máo	mián|mán|máo
𩬟	zhà	zhà
𩬠	tāi	tāi
𩬤	chōng	chōng
𩬫	zhǎi	zhǎi
𩬭	shī	shī
𩬮	yòng	yòng
𩬰	qióng	qióng
𩬱	dào	dào
𩬲	tì	tì
𩬳	zhuǐ	zhuǐ
𩬵	yìn	yìn
𩬷	nǎo	nǎo
𩬸	bō	bō
𩬹	kuāng	kuāng
𩬺	zhǐ	zhǐ
𩬻	duǒ	duǒ
𩬼	cōng	cōng
𩬽	bǎo	bǎo
𩬾	yā	yā
𩭇	lí	lí
𩭊	jú	jú
𩭋	wén	kūn|wén
𩭌	liè	liè
𩭏	wǒ	wǒ
𩭐	shǐ	shǐ
𩭑	niǎo	niǎo
𩭒	máng	máng
𩭓	jiū	jiū
𩭘	xiū	xiū
𩭝	wǒ	wǒ
𩭟	dào	dào
𩭡	xī	xī
𩭢	àn	àn
𩭣	dá	dá
𩭤	zǒng	zōng|zǒng
𩭥	hàn	hàn
𩭦	chuí	chuí
𩭧	bī	bān|bī
𩭩	dòng	dòng
𩭫	zhǎng	zhǎng
𩭯	yā	yā
𩭲	dí	dí
𩭳	huō	huō
𩭷	mín	mín
𩭹	sān	sān
𩭺	fù	fù
𩭼	bǎo	bǎo
𩭽	kè	kè
𩭾	máo	máo
𩭿	rè	rè
𩮀	zōng	sōng|zōng|zǒng
𩮁	qià	qià
𩮂	xiā	xiā
𩮃	sōu	sōu
𩮄	xiū	xiū
𩮅	nà	nà
𩮉	mán	mián|mán
𩮎	zhā	zhā
𩮏	chán	chán
𩮐	shè	shè
𩮑	wǒ	wǒ
𩮖	ái	ái
𩮗	bàng	bàng|fǎng|péng
𩮘	hāo	hāo
𩮚	sāo	sāo
𩮛	suǒ	suǒ
𩮜	tì	tì
𩮝	yà	yà
𩮟	bìng	bìng
𩮠	róng	róng
𩮫	shā	shā
𩮬	wěng	wěng
𩮯	áo	áo
𩮱	zhuāng	zhuāng
𩮳	piào	piào|piē|piǎo
𩮴	suī	cuǐ|suī
𩮵	yī	yī
𩮶	sōu	sōu
𩮷	dōu	dōu
𩮸	sōu	nà|sōu
𩮹	luó	luó
𩯃	fèi	bì|fèi
𩯄	zùn	zùn
𩯆	nào	nào
𩯇	dēng	dēng
𩯈	zhí	zhí
𩯉	cuō	cuō
𩯊	liáo	liáo
𩯋	jǐ	jǐ
𩯌	bō	bō
𩯍	cóng	cóng
𩯎	chéng	chéng
𩯏	bǔ	bǔ
𩯑	sān	sān
𩯒	zàn	zàn
𩯘	jiào	jiào
𩯛	yào	yào
𩯜	lǔ	lǔ
𩯞	càn	càn
𩯨	nǐ	nǐ
𩯰	jié	jié|jì
𩯱	pú	pú
𩯲	zhuàng	zhuàng
𩯳	zàn	zuǎn|zàn|zā
𩯺	lì	lì
𩯽	là	là
𩰀	chōng	chōng
𩰃	zhàn	zhàn
𩰍	biàn	biàn
𩰎	wēng	wēng
𩰓	hòng	hòng
𩰗	pīn	pīn
𩰙	sè	sè
𩰞	nǐ	nǐ
𩰟	fēn	fēn
𩰠	xǔ	xǔ
𩰢	shǐ	shǐ
𩰤	jù	jù
𩰨	jué	jué
𩰪	yù	yù
𩰬	guō	guō|wāi
𩰭	guō	guō
𩰯	hú	hú
𩰰	jìng	jìng
𩰲	lì	fèi|lì
𩰳	xié	xié
𩰴	ér	ér
𩰵	yuán	yuán
𩰶	hái	bèn|hái
𩰹	jìng	jìng
𩰻	kè	kè
𩰽	zōng	zōng
𩰾	fèi	fèi
𩱀	pēng	pēng
𩱁	gēng	gēng
𩱃	jiān	jiān
𩱄	ní	ní
𩱆	xián	xián
𩱇	lì	lì
𩱈	chǎo	chǎo
𩱊	ér	xiàn|ér
𩱋	gēng	gēng|pēng
𩱌	yù	yù
𩱍	hú	hú
𩱎	fèi	fèi
𩱏	áo	áo
𩱓	ěr	ěr
𩱘	kè	kè
𩱙	kù	kù
𩱚	bó	bó
𩱝	yè	yè
𩱞	jiào	jiào
𩱦	chǎo	chǎo
𩱧	gēng	gēng
𩱨	rù	rù
𩱪	yuè	yuè
𩱬	lín	lín
𩱱	yù	yù
𩱲	yuè	yuè
𩱳	zhāi	zhāi
𩱴	xiāo	xiāo
𩱷	miè	miè
𩱻	guǐ	guǐ
𩱼	jiū	jiū
𩱾	tuò	tuò
𩲁	xí	xí
𩲂	wěi	wěi
𩲃	zhuó	zhuó
𩲄	wèi	wèi
𩲅	kuí	kuí
𩲈	mèi	mèi|wéi
𩲊	hào	hào
𩲋	hāng	hāng
𩲌	fāng	fāng
𩲍	niú	niú
𩲎	yòu	yòu
𩲏	huà	huà
𩲒	làng	làng
𩲠	zhú	zhú
𩲡	guǐ	guǐ
𩲢	bì	bì|mèi
𩲣	jiǎ	jiǎ
𩲤	tiáo	tiáo
𩲦	lǜ	lǜ
𩲧	kǒng	kǒng
𩲨	zuǐ	zuǐ
𩲩	líng	líng
𩲪	qí	qí
𩲬	zhú	zhú
𩲱	gǔ	gǔ
𩲲	zù	zù
𩲴	yāng	yāng
𩲵	sū	sū
𩲷	kuí	kuí
𩲹	chāng	chāng
𩲻	yáo	yáo
𩲾	yù	yù
𩳅	shū	shū
𩳆	lài	lài
𩳇	yì	yì
𩳈	dōu	dōu
𩳌	wú	wú
𩳍	yǐng	yǐng
𩳎	fú	fú
𩳏	zhuàn	zhuàn
𩳐	fǔ	fǔ
𩳒	sù	sù
𩳓	lǐ	lǐ
𩳔	yào	yào
𩳕	tuì	tuì|tì
𩳝	guì	guì
𩳡	lǜ	lǜ
𩳢	yàn	yàn
𩳣	qí	qí
𩳤	làng	chāng|làng
𩳥	zhú	zhú
𩳧	guǐ	guǐ
𩳨	hū	hū
𩳯	jīng	jīng
𩳲	chǐ	chǐ
𩳵	jú	jú
𩳶	zhá	zhá
𩳸	miáo	miáo
𩴀	zhū	zhū
𩴁	gān	gān
𩴂	xiōng	xiōng
𩴃	jí	jí
𩴇	shài	shài
𩴈	mèi	mèi
𩴉	yùn	yùn
𩴌	gān	gān
𩴍	shòu	shòu
𩴐	lǜ	lǜ
𩴑	yòu	yòu
𩴒	jiàng	jiàng
𩴓	nuó	nuó
𩴘	jù	jù
𩴙	yòu	yòu
𩴜	yì	yì
𩴝	téng	téng
𩴞	wéi	wéi
𩴟	chě	chě
𩴠	lìn	lìn
𩴡	gù	gù
𩴣	lì	lì
𩴤	liào	liào
𩴧	jiāo	jiāo
𩴨	yáng	yáng
𩴩	biāo	biāo
𩴪	qí	qí
𩴮	yì	yì
𩴱	bīn	bīn
𩴲	méng	méng
𩴳	chà	chà
𩴵	gān	gān
𩴹	qú	qú
𩴺	dí	dí
𩴻	léi	léi
𩵀	líng	líng
𩵄	huān	huān
𩵅	qú	qú
𩵇	luó	luó
𩵉	kuí	kuí
𩵍	qiú	qiú
𩵎	yǔ	yú|yǔ
𩵏	huà	huà
𩵓	lèi	lèi
𩵕	rèn	dāo|rèn
𩵖	xiǎo	xiǎo
𩵗	sì	sì
𩵚	dù	dù
𩵛	biē	biē
𩵠	niú	niú|wěi
𩵢	hè	hè|zā
𩵣	pēi	pēi
𩵥	fèi	fèi
𩵦	mù	mù
𩵩	fū	fū
𩵬	hú	hú
𩵭	wáng	wáng
𩵮	shā	shā|xiǎo
𩵰	jiāo	jiāo|qiū
𩵱	wǔ	wǔ
𩵹	fù	fù
𩶁	bǐng	bǐng
𩶂	zhù	zhù
𩶄	zhú	zhú
𩶅	chī	chī
𩶇	shěn	shěn
𩶈	hū	hū
𩶉	bū	bū
𩶎	rǎn	rǎn
𩶖	mù	mù
𩶘	lì	lì
𩶛	jiā	jiā
𩶞	mà	háng|mà
𩶡	méng	méng
𩶢	móu	móu
𩶣	zhōu	zhōu
𩶤	xiǎn	xiǎn
𩶥	huǐ	huǐ|hóng
𩶦	guài	guài
𩶧	jiù	jiù
𩶩	mù	mù
𩶫	rù	rù|xuè
𩶭	wú	wú
𩶯	rú	rú
𩶱	zhà	zhà
𩷁	nuǒ	nuǒ
𩷂	xié	xié
𩷄	jiàng	jiàng
𩷋	lǐ	lǐ
𩷌	shū	shū
𩷍	yì	yì
𩷎	dí	dí
𩷏	qíng	qíng
𩷐	jú	jú
𩷓	zhì	zhì
𩷕	láng	liáng|láng
𩷖	bù	bù
𩷗	kuáng	kuáng
𩷘	yì	yì
𩷚	bó	bó
𩷧	chì	chì
𩷭	jiàng	jiàng
𩷯	wò	wò
𩷰	xùn	xùn
𩷵	tūn	tūn
𩷶	máng	máng
𩷸	fáng	fáng
𩷹	zhuó	zhuó
𩷻	qià	qià
𩷽	tǎ	tǎ
𩷾	qí	qí
𩸀	pèng	pèng
𩸁	biē	biē
𩸂	fèn	fèn|pèn
𩸃	tù	tù
𩸄	huà	huà
𩸇	è	è
𩸋	è	yā|è
𩸎	dìng	dìng
𩸐	rú	rú
𩸖	è	è
𩸞	yàn	qí|yàn
𩸟	sì	sì
𩸥	yíng	yíng
𩸦	ní	ní
𩸧	ní	ní
𩸨	yí	yí
𩸹	mí	mí
𩸾	yé	yé
𩸿	pō	pō
𩹀	còu	còu
𩹂	wèi	wèi
𩹄	hài	hài
𩹅	yīng	yīng
𩹇	tíng	tíng
𩹈	zhì	zhì
𩹉	fēi	fēi
𩹊	yóu	yóu
𩹍	kuí	kuí
𩹎	àn	àn
𩹏	bà	bà
𩹑	hàn	hàn
𩹞	nán	nán
𩹟	nài	nài
𩹢	jīng	jīng
𩹥	wēi	wēi
𩹱	chù	chù
𩹳	suǒ	suǒ
𩹴	tāo	tāo
𩹵	qí	qí
𩹶	táng	táng
𩹷	wěi	wěi
𩹸	gǎn	gǎn
𩹺	gé	gé
𩹼	hàn	hàn
𩹾	nà	nà
𩹿	gé	gé
𩺄	zhēng	zhēng
𩺗	tǎ	dá|tǎ
𩺛	sī	sī
𩺝	nì	nì
𩺞	sǎng	sǎng
𩺫	xié	xié
𩺯	zú	zú
𩺰	yú	wú|yú
𩺱	nì	nì
𩺲	qī	qī
𩺵	shēn	shēn
𩺼	bū	bū
𩻋	kūn	kūn
𩻌	lí	lí
𩻎	guā	guā
𩻖	yǎn	yǎn
𩻗	bù	bù
𩻘	jiàn	jiàn
𩻚	wú	wú
𩻛	cén	cén|jīn
𩻜	lín	lín
𩻝	zhuàn	zhuàn
𩻟	huī	huī
𩻡	tóng	tóng
𩻢	zhǎ	zhǎ
𩻤	hēi	hēi
𩻧	guǒ	guǒ
𩻱	jǐng	jǐng
𩻵	dié	dié
𩻷	yíng	yíng
𩻼	zhì	zhì
𩼂	wěi	wěi
𩼄	jì	jì
𩼅	rǒng	rǒng
𩼈	ào	yǒu|ào
𩼉	dāng	dāng|hān
𩼊	luó	luó
𩼋	yè	yè
𩼌	wēi	wēi
𩼒	qiáng	qiáng
𩼙	gé	gé
𩼚	jì	jì
𩼦	zòu	zòu
𩼨	yí	yí
𩼫	zhǎ	zhǎ
𩼭	liè	liè
𩼴	yè	yè
𩼼	zhān	zhān
𩽀	chóu	chóu
𩽁	biāo	biāo
𩽆	xù	xù
𩽇	yōu	yōu
𩽍	xiè	xiè
𩽎	wéi	wéi
𩽏	lì	lì
𩽛	bó	bó
𩽜	jiǎn	jiǎn
𩽝	chán	chán
𩽞	kūn	kūn
𩽡	qíng	qíng
𩽧	shuāng	shuāng
𩽨	xī	xī
𩽩	qú	qú
𩽰	luó	luó
𩽳	dǎng	dǎng
𩽴	nián	nián
𩽵	lǐ	lǐ
𩽷	bà	bà
𩽹	è	è
𩽺	fū	fū
𩽻	fù	fù
𩽼	hǔn	hǔn
𩽽	zhà	zhà
𩽾	ān	ān
𩾁	qiú	qiú
𩾂	chóu	chóu
𩾃	miǎn	miǎn
𩾄	xùn	xùn
𩾅	tù	tù
𩾆	ní	ní
𩾇	hu	hu
𩾈	shū	shū
𩾊	xū	xū
𩾋	zhòng	zhòng
𩾌	kāng	kāng
𩾎	yōu	yōu
𩾒	xiāo	xiāo
𩾓	xiāo	xiāo
𩾔	cì	cì
𩾕	chì	chì
𩾗	diāo	diāo|jiāo
𩾘	yì	yì
𩾚	dīng	dīng
𩾝	hàn	hàn|yàn
𩾞	wán	wán
𩾠	yǐ	yǐ
𩾡	bào	bào
𩾢	yì	yuān|yì
𩾧	xùn	xùn
𩾬	xiáng	xiáng
𩾳	bí	bí
𩾶	jié	jié
𩾷	gē	gē
𩾸	zè	yàn|zè
𩾺	zhèn	zhèn
𩾻	hú	hú
𩾼	xī	xī
𩾽	xīn	xīn
𩾾	xiāo	jiāo|xiāo
𩾿	fù	fù
𩿀	zhòng	zhòng
𩿂	mào	mào
𩿃	xīn	xīn
𩿄	qiāng	qiāng
𩿈	fén	fén|fēn
𩿉	bān	bān
𩿊	huān	huān
𩿑	jiāo	jiāo
𩿓	bào	bào
𩿔	yā	yā
𩿕	yáo	yáo
𩿛	xì	xì
𩿝	jù	jù
𩿟	qù	qù
𩿠	yuè	yuè
𩿡	tái	tái
𩿢	tǒu	tǒu
𩿣	mò	mò
𩿤	zhá	zhá
𩿥	qú	qú
𩿧	fū	fū
𩿩	qú	duó|qú
𩿪	chì	chì
𩿬	yóu	yóu
𩿷	tí	tí
𩿺	wā	wā
𩿽	tuó	tuó
𩿿	chú	chú
𪀁	gē	gē
𪀉	gē	gē|kě
𪀊	qú	qú
𪀏	jù	jiū|jù
𪀒	dié	dié
𪀓	yí	yí
𪀔	shī	shī
𪀕	yì	yì
𪀗	guǐ	guǐ
𪀘	jiàng	jiàng
𪀚	sōng	sōng
𪀛	qióng	qióng
𪀝	è	yuān|è
𪀞	huāng	huāng
𪀟	huí	huí
𪀠	xún	xún
𪀣	jú	jú
𪀥	zhái	zhái
𪀦	chì	chì
𪀧	lǎo	lǎo
𪀩	qí	chú|dàn|qí
𪀪	xiū	xiū
𪀬	huī	huī
𪀭	tóng	tóng
𪀺	fù	fù
𪀽	xún	xún|xīn
𪀾	jié	jié
𪀿	mǐ	mǐ
𪁀	yù	yù
𪁈	zhuàng	zhuàng|zhuāng
𪁉	jiāo	jiāo
𪁊	zhì	zhé|zhì
𪁋	chéng	chéng
𪁍	jié	jié
𪁎	xiāo	xiāo
𪁏	chén	chén
𪁐	lí	lí
𪁑	yuè	yuè
𪁓	zhì	zhì
𪁔	láo	láo
𪁕	wò	wò
𪁖	qú	qú
𪁘	wāng	wāng
𪁚	yī	yī
𪁛	yì	yì
𪁜	láng	láng
𪁞	tóu	tóu
𪁟	ān	hàn|ān
𪁠	jué	jué
𪁡	yàn	yàn
𪁥	jù	jù
𪁧	zhèn	chén|zhèn
𪁩	zhì	tí|zhì
𪁪	mǎng	mǎng
𪁮	xiù	xiù
𪁱	chuáng	chuáng
𪁲	chū	chū
𪁸	qiāng	qiāng
𪁹	fēi	fēi
𪁺	cháng	cháng|chǎng
𪁼	mián	mián
𪁽	sù	sù
𪁾	ǎo	wò|ǎo
𪂀	fǔ	fǔ
𪂄	wèi	wèi
𪂅	zhī	zhī
𪂆	mín	mín
𪂇	chāng	chāng
𪂈	yán	yán
𪂉	yù	yù
𪂋	fù	fù
𪂌	tà	tà
𪂍	jǐ	jǐ
𪂏	fèi	fèi
𪂒	hú	hú
𪂓	jū	jū
𪂕	yǔ	yǔ
𪂛	qí	qí
𪂜	méi	méi
𪂟	biē	biē
𪂠	guǒ	guǒ
𪂤	mìng	mìng
𪂦	wǎn	wǎn|yuān
𪂧	wǎn	wǎn
𪂴	jīng	jīng
𪂵	yù	yù
𪂶	xián	xián
𪂹	chūn	chūn
𪂺	jí	jí
𪂼	xiāng	xiāng
𪂽	pén	pén
𪂾	fù	fù
𪃂	liú	liú
𪃄	sāi	sāi
𪃅	xuē	xuē
𪃆	zòu	zòu
𪃈	jié	jié
𪃋	zhān	jiān|zhān
𪃍	yú	yú
𪃎	yú	yú
𪃏	méi	méi
𪃐	miǎo	miǎo
𪃑	mào	mào
𪃒	duó	duó
𪃓	fù	fù
𪃛	jiàn	jiàn
𪃦	miáo	miáo
𪃨	āo	āo
𪃭	kè	kè
𪃶	hóu	hóu
𪃺	gòu	gòu
𪃼	xī	xī
𪃾	róng	róng
𪃿	gē	gē
𪄀	pán	pán
𪄁	yuán	yuán
𪄂	xià	xià
𪄅	shā	shā
𪄆	pī	pí|pī
𪄈	qíng	qíng
𪄉	yōng	yōng
𪄊	qú	qú
𪄌	gòng	gòng
𪄎	gé	gé
𪄏	xiān	xiān
𪄑	sù	sù
𪄕	bān	bān
𪄖	qí	qí
𪄗	hòu	hòu
𪄛	xī	xī
𪄝	wū	wū
𪄭	qī	qī
𪄮	hù	gù|hù
𪄯	guī	guī
𪄱	dí	dí
𪄲	shāng	shāng
𪄳	mài	mài
𪄴	mǐn	mǐn
𪄵	jì	jì
𪄶	xí	xí
𪄷	xiān	xiān
𪄸	jí	jí
𪄹	cháng	cháng
𪄺	kòu	kòu
𪄻	chōng	chōng|zhuāng
𪅂	zhāng	zhāng
𪅃	piǎo	piāo|piǎo
𪅄	sù	sù
𪅅	lüè	lüè
𪅆	lí	lí
𪅇	mèng	mèng
𪅈	chōng	chōng
𪅉	tiān	tiān
𪅋	líng	líng
𪅍	chì	chì
𪅖	chōng	chōng|zhuāng
𪅙	chì	chì
𪅝	niǎo	niǎo
𪅟	yóng	yóng
𪅮	mì	mì
𪅰	shū	shū
𪅲	xì	xì
𪅴	è	è
𪅵	zī	zī
𪅸	jié	jié
𪅹	jī	jī
𪅺	hōu	hōu
𪅻	shèng	shèng
𪅼	lì	lì
𪅾	qī	qī
𪆀	zhōu	zhōu
𪆁	sī	sī
𪆂	qú	qú
𪆋	xié	xié
𪆗	sī	sī
𪆛	xū	xū
𪆠	fù	fù
𪆯	nóng	nóng
𪆰	yà	yà
𪆱	liú	liú
𪆲	jiǎ	jiǎ|zhān
𪆳	guī	guī
𪆴	kuí	kuí
𪆵	chì	chì
𪆶	càn	càn
𪆷	chú	chú
𪆹	guō	guō
𪆻	dǎn	dǎn
𪆿	jiàn	jiàn
𪇁	dāng	dāng
𪇂	hòu	hòu
𪇄	kòu	kòu|kū
𪇆	chù	chù|dú
𪇇	qiān	qiān
𪇈	ài	ài
𪇊	pì	pì
𪇑	xùn	xùn
𪇒	jīng	jīng
𪇓	mèng	mèng
𪇕	bīn	bīn
𪇖	lán	lán
𪇗	gǔ	gǔ
𪇘	chóu	chóu|táo
𪇛	yōng	yōng
𪇜	guá	guá
𪇝	yú	yú
𪇞	zhòu	zhòu
𪇭	cài	cài
𪇯	liú	liú
𪇰	bǔ	bǔ
𪇱	luò	luò
𪇲	jié	jié
𪇳	zhēn	zhēn
𪇴	miè	miè
𪇵	guǎng	guǎng
𪇷	jiá	jiá
𪇹	là	là
𪈀	shòu	shòu
𪈃	guō	guō
𪈆	mèng	mèng
𪈇	qián	qián
𪈈	lài	lài
𪈊	hé	hé
𪈋	tuán	tuán
𪈑	huī	huī
𪈘	hōng	hōng
𪈜	lǚ	lǚ
𪈟	jiá	jiá
𪈥	guī	guī
𪈨	yī	yī
𪈩	huān	huān
𪈰	luó	luó
𪈴	jué	jué
𪈸	guàn	guàn
𪈻	quán	quán
𪈼	niǎo	niǎo
𪈿	mán	mán
𪉂	yùn	yùn
𪉃	wén	wén
𪉄	chì	chì
𪉅	chì	chì
𪉆	zhī	zhī
𪉈	cí	cí
𪉉	zhuàng	zhuàng
𪉊	huá	huá
𪉋	jié	jié
𪉌	qú	qú
𪉍	tū	tū
𪉎	mín	mín
𪉏	méi	méi
𪉐	yú	yú
𪉑	áo	áo
𪉒	bān	bān
𪉔	pī	pī
𪉕	zhēn	zhēn
𪉖	lǔ	lǔ
𪉗	chì	chì
𪉘	tóu	tóu
𪉚	jiē	jiē
𪉜	zhān	zhān
𪉢	jīn	jīn
𪉣	lǔ	lǔ
𪉦	jiàn	gàn|jiàn|jiǎn
𪉧	tàn	tàn
𪉨	chāng	chāng
𪉪	cì	cì
𪉭	wāi	wāi
𪉮	còu	còu
𪉯	kàn	kàn
𪉱	biàn	biàn
𪉸	wēn	wēn
𪉻	qiān	qiān
𪉿	gàn	gàn
𪊂	huì	huì
𪊄	gǎn	gàn|gǎn
𪊆	jì	jì
𪊇	gàn	gàn|tàn
𪊉	huái	huái
𪊍	sì	sì
𪊐	fū	fū
𪊕	pí	pí
𪊗	cā	cā
𪊜	bèn	bèn
𪊢	shǐ	shí|shǐ
𪊥	huán	huán
𪊧	guī	guī
𪊪	ǒu	ǒu
𪊳	páo	páo
𪊵	yǐng	yǐng
𪊶	tǐng	tǐng
𪊷	xiào	xiào
𪊹	zhù	zhù
𪊻	yú	yú
𪋁	jiàn	jiàn
𪋄	qǔ	qǔ
𪋅	wǎn	wǎn
𪋆	kūn	kūn
𪋇	zhuī	zhuī
𪋉	yù	yù
𪋊	guǒ	guǒ
𪋋	píng	píng
𪋌	zuǐ	zuǐ
𪋍	zú	zú
𪋏	zhū	zhū
𪋐	nuàn	nuàn
𪋑	zhū	zhū
𪋖	piāo	piāo
𪋗	mí	mí
𪋜	bì	bì
𪋝	sù	sù
𪋡	pú	pú
𪋢	mí	mí
𪋫	yè	yè
𪋬	yǔ	yǔ
𪋮	yù	yù
𪋰	zhǔ	zhǔ
𪋳	líng	líng
𪋺	nòu	nòu
𪋾	líng	líng
𪌀	liǎo	liǎo
𪌂	tuō	tuō
𪌄	bǐ	bǐ
𪌅	nà	nà
𪌆	qú	qú
𪌈	pí	pí
𪌉	dǒu	dǒu
𪌊	niè	niè
𪌋	tún	tún
𪌍	jī	jī
𪌏	líng	líng
𪌓	kù	kù
𪌔	sù	sù
𪌘	tǒu	tǒu
𪌞	nái	nái
𪌟	zé	zé
𪌢	tǒng	tǒng
𪌣	gé	gé
𪌤	duī	duī
𪌧	jié	jié
𪌩	tián	tián
𪌪	tiào	tiào
𪌫	chí	chí
𪌬	qū	chǎo|qū
𪌮	shā	shā|suō
𪌰	bó	bó
𪌱	lí	lí
𪌳	luò	luò
𪌵	liáo	liáo
𪌶	shù	shù
𪌷	děng	děng
𪌹	chī	chī
𪌺	miè	miè
𪌼	táo	táo
𪌽	hún	hún
𪌿	nié	nié
𪍁	jùn	jùn
𪍂	hù	hù
𪍄	lù	lù
𪍅	yè	yè
𪍇	mò	chǎo|mài|mò
𪍈	chào	chào
𪍌	suò	suò
𪍎	kē	kē
𪍏	fù	fù
𪍑	chǎo	chǎo
𪍔	suǒ	suǒ
𪍗	qiū	qiū
𪍛	sù	sù|xiè
𪍝	yùn	yùn
𪍟	suǒ	suǒ
𪍠	kū	kū
𪍡	bó	bó
𪍣	lǒu	lǒu
𪍤	mò	mò
𪍦	liǎn	liǎn
𪍧	xuàn	xuàn
𪍨	suǒ	suǒ
𪍩	mán	mán
𪍪	bì	bì
𪍲	tì	tì
𪍴	lián	lián
𪍵	tán	tán
𪍶	shàn	shàn
𪍸	qú	qú
𪍹	dú	dú
𪍺	huán	huàn|huán
𪍻	sào	sào
𪍿	kuàng	kuàng
𪎃	niè	niè
𪎅	niè	niè
𪎆	luó	luó
𪎇	zuó	zuó
𪎈	yì	yì
𪎉	xiàn	xiàn
𪎊	chǎo	chǎo
𪎋	tiè	tiè
𪎌	lái	lái
𪎒	shuò	shuò
𪎔	mǐ	mǐ
𪎗	mí	mí
𪎛	wǎn	wǎn
𪎝	bèn	bèn
𪎞	qiāng	qiāng
𪎠	mǒ	mǒ
𪎣	liú	liú
𪎤	wò	wò
𪎦	měi	měi
𪎨	tóu	tóu
𪎫	mǔ	mǔ
𪎭	méi	méi
𪎲	zuò	zuò
𪎴	tún	tún
𪎵	kàng	kàng
𪎶	tún	tún
𪎺	chè	chè
𪎻	zhèng	zhèng
𪎽	chōng	chōng
𪎾	tiān	tiān
𪏀	zhì	zhì
𪏁	chán	chán
𪏂	chán	chán
𪏅	qīng	qīng
𪏆	tūn	tūn
𪏇	huǐ	huǐ
𪏈	què	què
𪏉	zhān	zhān
𪏊	jiān	jiān|miǎn
𪏋	chán	chán
𪏍	huáng	huáng
𪏏	huī	huī
𪏐	chí	chí
𪏒	huáng	huáng
𪏓	héng	héng
𪏔	yǔn	yǔn
𪏖	tuān	tuān
𪏗	biān	biān
𪏙	huáng	huáng
𪏚	yǔn	yǔn
𪏟	mò	mò
𪏠	gōng	gōng
𪏢	gōng	gōng
𪏤	guì	guì
𪏦	chán	chán
𪏨	què	què
𪏩	ruì	ruì
𪏪	kuàng	kuàng
𪏫	piào	piào
𪏮	rǔ	rǔ
𪏲	niǔ	niǔ
𪏳	hù	hù
𪏴	jǐn	jǐn
𪏵	nì	lí|nì
𪏶	bào	bào
𪏸	nǐ	chī|nǐ
𪏺	bì	bì
𪏻	hú	hú
𪏼	lí	lí
𪏿	zhū	zhū
𪐀	nǎ	nǎ
𪐂	quǎn	quǎn
𪐃	fěng	fěng
𪐄	bǐ	bǐ
𪐅	lí	lí
𪐆	bié	bié
𪐇	nián	nián
𪐈	dǒng	dǒng
𪐋	lián	lián
𪐌	nì	nì
𪐍	lián	lián
𪐎	má	má
𪐏	zhé	zhé|zhí
𪐓	jiā	jiā
𪐔	yí	yí
𪐖	lǒng	lǒng
𪐘	yì	yì|yān
𪐝	dài	dài|tài
𪐞	dù	dù
𪐣	yǐ	yǐ
𪐥	tài	tài
𪐦	hāng	hāng
𪐧	shù	shù
𪐬	wán	wán
𪐮	sù	sù
𪐯	yǎo	yǎo
𪐰	èr	èr
𪐲	zhèn	zhèn
𪐺	dòu	dòu
𪐻	jiān	jiān
𪐿	pāng	pāng
𪑀	huī	huī
𪑂	chà	chà
𪑃	shān	shān
𪑄	lú	lú
𪑅	huì	huì
𪑆	yù	yù
𪑈	yàn	yàn
𪑉	wǎn	wǎn
𪑊	qiào	qiào
𪑋	luō	luō
𪑌	yù	yù
𪑏	tú	tú
𪑐	wèi	wèi
𪑒	tùn	tùn
𪑕	hǔn	hǔn
𪑖	bēn	bēn
𪑗	qiè	qiè
𪑙	jīn	jīn|qián
𪑚	lái	lái|lí
𪑜	zhǐ	zhǐ
𪑝	yú	yú
𪑟	cì	cì
𪑦	yè	yè
𪑧	dié	dié
𪑨	chà	chà
𪑩	diàn	diàn
𪑪	mán	mán
𪑬	dèng	dèng
𪑭	wēi	wēi
𪑮	niǎn	niǎn
𪑯	lèi	lèi
𪑰	bīng	bīng
𪑱	wū	wò|wū
𪑳	zhěn	zhěn
𪑶	róu	róu
𪑷	wài	wài
𪑸	mì	mì|yān
𪑹	jiè	jiè
𪑻	hóu	hóu
𪑽	zhài	zhài
𪑾	rǔ	rǔ
𪑿	zī	zī
𪒀	pán	pán
𪒂	mò	mò
𪒄	mì	mì
𪒆	qī	qī
𪒇	mò	mò
𪒊	zhī	zhī
𪒋	bān	bān|pán
𪒍	miè	miè
𪒏	lù	lù
𪒑	qī	qī
𪒒	chōng	chōng
𪒔	lí	lí
𪒕	yì	yì
𪒘	dèng	dèng
𪒙	cuō	cuō
𪒛	duì	duì
𪒜	mà	mà
𪒝	yǎn	yǎn
𪒟	zèng	zèng
𪒠	yǎn	yǎn|àn|ǎn
𪒡	duì	duì|dài
𪒢	pū	pū
𪒥	yuè	yuè
𪒩	huò	huò
𪒪	mài	mài
𪒫	jiǎn	jiǎn
𪒬	nóng	nóng
𪒭	qín	qín
𪒯	qín	qín
𪒲	yè	yè
𪒴	tái	tái
𪒹	jiān	jiān
𪒼	chá	chá
𪒾	dàn	dàn
𪒿	téng	téng
𪓀	lì	lì
𪓃	niǎng	niǎng
𪓄	chán	chán
𪓅	zāng	zāng
𪓊	yù	yù
𪓌	zuì	zuì
𪓍	biān	biān
𪓐	chǔ	chǔ
𪓘	rán	rán
𪓚	rán	rán
𪓛	yāng	yāng
𪓜	bǒ	bǒ
𪓡	cù	cù
𪓬	mí	mí
𪓮	kě	kě
𪓰	cù	cù
𪓷	xí	xí
𪓹	má	má
𪓻	shī	shī
𪓼	diān	diān
𪓿	shī	shī
𪔂	dǐng	dǐng
𪔃	jiōng	jiōng
𪔅	yuán	yuán
𪔆	gān	gān
𪔊	huì	huì
𪔋	jī	jī
𪔍	péng	péng
𪔏	dēng	dēng
𪔑	bèng	bèng
𪔔	pāng	péng|pāng
𪔕	tà	lóng|tà
𪔗	yuān	yuān
𪔘	gāo	gāo
𪔙	yuān	yuān
𪔟	jiā	jiā
𪔣	kōng	kōng
𪔦	dòng	dòng
𪔩	xián	xián
𪔪	qì	qì
𪔬	sāng	sāng
𪔰	yìn	yìn
𪔳	lóng	lóng
𪔶	tēng	tēng
𪔷	lóng	lóng
𪔺	rèn	rèn
𪔽	yìn	yìn
𪔾	píng	píng
𪔿	pū	pū
𪕀	yuán	yuán
𪕁	rǒng	chén|rǒng
𪕃	fāng	fāng
𪕇	hāng	hāng
𪕈	mí	mí
𪕉	hú	hú
𪕊	zī	zī
𪕌	líng	líng
𪕍	jiōng	jiōng
𪕎	rǒng	rǒng
𪕒	píng	píng
𪕓	guāng	guāng
𪕔	ěr	ěr
𪕝	cù	cù
𪕞	jùn	jùn
𪕦	xiǔ	xiǔ
𪕨	ér	ér
𪕩	tì	tì
𪕫	yáng	yáng
𪕭	ài	ài
𪕮	hú	hú
𪕯	xí	xié|xí
𪕱	hú	hú
𪕳	sī	sī
𪕴	lǐ	lǐ
𪕶	yì	yì
𪕷	gǔ	gǔ
𪕹	táng	táng
𪖀	què	què
𪖁	zōng	zōng
𪖂	lí	lí
𪖄	jiào	jiào
𪖇	fán	fán
𪖈	pú	pú
𪖉	sī	sī
𪖋	jié	jié
𪖌	lú	lú
𪖍	lì	lì
𪖎	chán	chán
𪖐	yào	yà|yào
𪖕	huī	huī
𪖙	hōu	hōu
𪖚	diān	diān
𪖛	qiù	qiù
𪖜	jué	jué
𪖞	pì	pì
𪖢	kuī	kuī
𪖥	xǐ	xǐ
𪖦	tī	tī
𪖩	xù	xù
𪖯	biǎn	biǎn
𪖲	hē	hē
𪖳	lián	lián
𪖶	sù	sù
𪖷	liào	liào
𪖼	jīn	jīn
𪗁	lì	lì
𪗂	chán	chán
𪗅	qí	qí
𪗆	qí	qí
𪗉	zī	zī
𪗋	zī	zī
𪗍	qí	qí
𪗏	qí	qí
𪗐	zī	zī
𪗒	zhāi	zhāi
𪗓	zhāi	zhāi
𪗔	pà	pà
𪗖	jū	jū
𪗙	yǎn	yǎn
𪗜	háng	háng
𪗝	nà	nà
𪗤	yǎn	yǎn
𪗦	zhàn	zhàn
𪗧	shǐ	shǐ
𪗨	zhí	zhí
𪗭	zhā	zhā
𪗴	rǒng	rǒng
𪗵	zhā	zhā
𪗷	yì	yì
𪗸	míng	míng
𪗹	yá	yá
𪗻	zhì	zhì
𪗽	kuò	huá|kuò
𪗾	xiá	xiá
𪘀	pián	pián
𪘁	tà	tà|xiá
𪘃	yǐ	yǐ
𪘆	xiū	xiū
𪘇	zhāi	zhāi
𪘉	duǒ	duǒ
𪘊	è	è
𪘎	yín	niè|yín
𪘐	è	è
𪘑	suān	suān
𪘒	ān	ān
𪘓	cuó	cuó
𪘕	tuó	tuó
𪘗	tuó	tuó
𪘘	xiá	xiá
𪘛	chuò	chuò
𪘝	suān	suān
𪘥	jì	jì
𪘦	qiǎn	qiǎn
𪘧	zú	zú
𪘨	zhāi	zhāi
𪘩	yǔn	kǔn|yǔn
𪘪	zhàn	zhàn
𪘬	yí	yà|yá|yí
𪘲	yá	cī|yà|yá|yí
𪘳	yuē	yuē
𪘹	hé	hé
𪘺	qià	qià
𪘾	chā	chā
𪙃	óu	óu
𪙈	hú	hú
𪙊	yàn	yàn
𪙌	qiè	qiè
𪙍	bó	bó
𪙎	qiāng	qiāng
𪙏	jiè	jiá|jiè
𪙛	nì	nì
𪙞	chǎn	chǎn
𪙟	qǐn	qǐn
𪙡	zāo	zāo
𪙤	yǐn	yǐn
𪙥	xiè	xiè
𪙧	qí	qí
𪙨	jiàn	jiàn|jiān
𪙫	xū	xū
𪙭	zèng	zèng
𪙯	è	è
𪙳	zū	zū
𪙴	yǐ	yǐ
𪙹	zhí	zhí
𪙺	lì	lì
𪙽	lì	lì
𪙾	yín	yín
𪚁	lián	lián
𪚃	chán	chán
𪚅	jué	jué
𪚇	zá	zá
𪚎	zhāi	zhāi
𪚏	pián	pián
𪚑	lóng	lóng
𪚓	lóng	lóng
𪚘	lóng	lóng
𪚝	lóng	lóng
𪚠	lóng	lóng
𪚢	mǎng	mǎng
𪚥	zhé	zhé
𪚬	gàn	gàn
𪚭	gōu	gōu
𪚮	rán	rán
𪚯	cù	cù
𪚰	jiāo	jiāo
𪚷	bǒ	bǒ
𪚹	zhù	zhù
𪚺	qiū	qiū
𪚻	yāng	yāng
𪛀	xiào	xiào
𪛂	huí	huí
𪛃	qū	qū
𪛈	líng	líng
𪛊	yín	yín
𪛎	pì	pì
𪛒	lián	lián
𪜎	qiào	qiào
𪞝	duó	duó
𪟎	jiān	jiān
𪟝	jì	jì|jī
𪠀	kū	kū
𪠏	yǎn	yǎn
𪠟	zhěn	zhěn
𪠡	sā	sā
𪠳	chē	chē
𪠵	lún	lún
𪠸	hù	hù
𪠽	dāng	dāng
𪡀	qiáo	qiáo
𪡃	mǎi	mǎi
𪡈	bái	bái
𪡋	yǎn	yǎn
𪡏	zhān	zhān
𪡛	hé	hé
𪡞	kuì	kuì
𪡺	lài	lài
𪢌	lán	lán
𪢒	shù	shù
𪢕	chuò	chuò
𪢠	lán	lán
𪢮	luán	luán
𪣆	dōng	dōng
𪣒	huán	huán
𪣻	lóu	lóu
𪤗	liào	liào
𪤚	lín	lín
𪥠	réng	réng
𪥫	shuāng	shuāng
𪥰	níng	níng
𪥿	dú	dú
𪧀	yīng	yīng
𪧘	jù	jù
𪨇	tuí	tuí
𪨊	sóng	sóng
𪨗	juē	juē
𪨧	lún	lún
𪨩	yà	yà
𪨰	qū	qū
𪨶	shē	shē
𪨷	yán	yán
𪨹	tuó	tuó
𪩇	lǒu	lǒu
𪩎	yǐng	yǐng
𪩘	yǎn	yǎn
𪩛	niè	niè
𪩸	fén	fén
𪪑	qiào	qiào
𪪝	yōng	yōng
𪪞	qiáng	qiáng
𪪴	zé	zé
𪫌	lòng	lòng
𪫡	lì	lì
𪫷	chóu	chóu
𪫸	què	què
𪫺	xiān	xiān
𪬚	pīn	pīn
𪭝	wěi	wěi
𪭢	chuāng	chuāng
𪭧	ér	ér
𪭯	guài	guài
𪭵	liǎng	liǎng
𪭾	xiàn	xiàn
𪮃	cán	cán
𪮋	xiāo	xiāo
𪮖	juē	juē
𪮶	là	là
𪯋	shǎn	shǎn
𪰶	fèi	fèi
𪱥	fèn	fèn
𪱷	bèi	bèi
𪲎	jī	jī
𪲔	lì	lì
𪲛	jì	jì
𪲮	fèi	fèi
𪳍	shè	shè
𪴙	cuán	cuán
𪴯	ē	ē
𪵑	xiāo	xiāo
𪵣	xì	xì
𪵱	lì	lì
𪶄	shí	shí
𪶒	luó	luó
𪷍	qìng	qìng
𪷽	zàn	zàn
𪸕	xì	xì
𪸩	huī	huī
𪹀	yì	yì
𪹳	zhú	zhú
𪹹	tà	tà
𪺣	dào	dào
𪺭	qiáo	qiáo
𪺷	cāng	cāng
𪺹	nǔ	nǔ
𪺻	nóng	nóng
𪺽	yìn	yìn
𪻐	cōng	cōng
𪻨	dú	dú
𪻲	kūn	kūn
𪻺	guī	guī
𪼋	bǐ	bǐ
𪽪	zhàng	zhàng
𪽭	jiàn	jiàn
𪽮	lú	lú
𪽴	shè	shè
𪽷	yì	yì
𪾔	xǔ	xǔ
𪾢	xiàn	xiàn
𪾦	lú	lú
𪾸	pín	pín
𪿊	yà	yà
𪿫	pào	pào
𫀌	shī	shī
𫀓	mǐn	mǐn
𫀨	jiǎn	jiǎn
𫀬	chú	chú
𫀮	dǎng	dǎng
𫁂	bà	bà
𫁟	zhuǎn	zhuǎn
𫁡	lì	lì
𫁲	wú	wú
𫁳	wěi	wěi
𫁷	shuāng	shuāng
𫂃	mǐn	mǐn
𫂆	guì	guì
𫂈	fèi	fèi
𫂖	ài	ài
𫂙	sù	sù
𫂿	sà	sà
𫃗	jiū	jiū
𫃜	kòu	kòu
𫄙	jiū	jiū
𫄚	hù	hù
𫄛	jīn	jīn
𫄜	mào	mào
𫄝	diào	diào
𫄞	bì	bì
𫄟	shī	shī
𫄠	huán	huán
𫄡	dòng	dòng
𫄢	fú	fú
𫄣	nǒng	nǒng
𫄤	da	da
𫄥	lí	lí|xǐ
𫄦	jié	jié
𫄧	yán	yán
𫄨	chī	chī
𫄩	fán	fán
𫄪	sāng	sāng
𫄫	lì	lì
𫄬	xiè	xiè
𫄭	fù	fù
𫄮	tīng	tīng
𫄰	bāng	bāng
𫄱	sè	sè
𫄲	mù	mù
𫄳	xǐ	xǐ
𫄴	lǜ	lǜ
𫄵	bēng	bēng
𫄶	qiǎng	qiǎng
𫄷	yì	yì
𫄸	xūn	xūn
𫄹	zuī	zuī
𫅅	jǐ	jǐ
𫅗	fén	fén
𫅭	pīn	pīn
𫅼	lián	lián
𫆏	nǐ	nǐ
𫇦	yìng	yìng
𫇪	gāng	gāng
𫇭	wěi	wěi
𫇴	chú	chú
𫇽	nóng	nóng
𫈉	jiān	jiān
𫈎	qíng	qíng
𫈟	chén	chén
𫈰	qià	qià
𫈵	jué	jué
𫉁	ài	ài
𫉄	shǔ	shǔ
𫊪	cháng	cháng
𫊮	lú	lú
𫊱	jiǎn	jiǎn
𫊸	jiǎo	jiǎo
𫊻	xún	xún
𫋇	xiāo	xiāo
𫋌	tè	tè
𫋐	gǒng	gǒng
𫋲	ōu	ōu
𫋷	zé	zé
𫋹	ráo	ráo
𫋻	guì	guì
𫌀	jī	jī
𫌇	zhě	zhě
𫌋	shù	shù
𫌨	luó	luó
𫌪	mì	mì
𫌫	liàn	liàn
𫌭	wéi	wéi
𫌯	jiào	jiào
𫍐	pín	pín
𫍙	yì	yì
𫍚	yāo	yāo
𫍛	fēn	fēn
𫍜	qǔ	qǔ
𫍞	hū	hū
𫍟	yí	yí
𫍠	yuǎn	yuǎn
𫍡	tuó	tuó
𫍢	náo	náo
𫍣	tóng	tóng
𫍤	jiǎo	jiǎo
𫍥	tiǎo	tiǎo
𫍦	nóng	nóng
𫍧	chī	chī
𫍨	zhèn	zhèn
𫍩	huà	huà
𫍪	jì	jì
𫍫	yàn	yàn
𫍬	wǎng	wǎng
𫍮	qū	qū
𫍯	xián	xián
𫍰	xǐ	xǐ
𫍱	zhuān	zhuān
𫍲	xiǎo	xiǎo
𫍳	zhòng	zhòng
𫍴	lóu	lóu
𫍵	áo	áo
𫍶	zhǐ	zhǐ
𫍷	kuì	kuì
𫍸	shàn	shàn
𫍹	jiē	jiē
𫍺	shǎ	shǎ
𫍻	xī	xī
𫍼	zhòng	zhòng
𫍽	xuān	xuān
𫍾	níng	níng
𫍿	jiǎn	jiǎn
𫎆	zōng	zōng
𫎌	jù	jù
𫎦	lòng	lòng
𫎧	gòu	gòu
𫎨	liàn	liàn
𫎩	chēn	chēn
𫎪	chèn	chèn
𫎫	dàn	dàn
𫎬	gàn	gàn
𫎭	chēng	chēng
𫎱	lì	lì
𫎳	bì	bì
𫎺	cān	cān
𫏃	cháng	cháng
𫏆	bō	bō
𫏋	juē	juē|qiāo
𫏌	lái	lái
𫏐	zàn	zàn
𫏑	luò	luò
𫏕	qīng	qīng
𫏨	xiān	xiān
𫐄	yuè	yuè
𫐅	shān	shān
𫐆	kuài	kuài
𫐇	nà	nà
𫐈	bá	bá
𫐉	líng	líng
𫐊	fàn	fàn
𫐋	zhì	zhì
𫐌	píng	píng
𫐍	tián	tián
𫐎	yǐ	yǐ
𫐏	zhōu	zhōu
𫐐	ní	ní
𫐑	guǎn	guǎn
𫐒	hōng	hōng
𫐓	róu	róu
𫐔	kē	kē
𫐕	wèi	wèi
𫐖	jiāo	jiāo
𫐗	bú	bú
𫐘	kǎn	kǎn
𫐙	léi	léi
𫐷	lóu	lóu
𫑘	zhuān	zhuān
𫑡	méng	méng
𫑷	yàn	yàn
𫒶	hán	hán
𫓥	bā	bā
𫓦	zǐ	zǐ
𫓧	fū	fū
𫓨	guō	guō
𫓩	cōng	cōng
𫓪	qiān	qiān
𫓬	zā	zā
𫓭	yāng	yāng
𫓮	liú	liú
𫓯	jī	jī
𫓰	xù	xù
𫓱	qiáo	qiáo
𫓲	jūn	jūn
𫓴	máo	máo
𫓵	shèn	shèn
𫓶	xuān	xuān
𫓸	wàn	wàn
𫓹	jī	jī
𫓺	lǔ	lǔ
𫓻	niè	niè
𫓼	hé	hé
𫓽	cóng	cóng
𫓾	yù	yù
𫔀	liàn	liàn
𫔁	fén	fén
𫔂	dī	dī
𫔄	róu	róu
𫔅	suǒ	suǒ
𫔆	bà	bà
𫔇	bī	bī
𫔈	shuò	shuò
𫔊	xiù	xiù
𫔋	kuǎn	kuǎn
𫔌	sǎn	sǎn
𫔍	fán	fán
𫔎	jué	jué
𫔏	chán	chán
𫔑	zhǎn	zhǎn
𫔔	xī	xī
𫔖	nóng	nóng
𫔭	kāi	kāi
𫔯	dòu	dòu
𫔰	biàn	biàn
𫔱	lán	lán
𫔲	xiāo	xiāo
𫔴	lìn	lìn
𫔵	zhì	zhì
𫔶	niè	niè
𫕥	yǔn	yǔn
𫖃	huì	huì
𫖅	lóng	lóng
𫖇	xuē	xuē
𫖑	qín	qín
𫖒	bì	bì
𫖓	bǐng	bǐng
𫖔	bài	bài
𫖕	gōu	gōu
𫖖	zhèng	zhèng
𫖪	kū	kū
𫖫	zhěn	zhěn
𫖬	zhěn	zhěn
𫖮	yǐ	yǐ
𫖯	fǔ	fǔ
𫖰	duǒ	duǒ
𫖱	gěn	gěn
𫖲	hùn	hùn
𫖳	yūn	yūn
𫖴	zé	zé
𫖵	yuè	yuè
𫖶	qiān	qiān
𫖸	yuàn	yuàn
𫖹	cù	cù
𫖺	fán	fán
𫗇	yù	yù
𫗈	bó	bó
𫗉	bèng	bèng
𫗊	àn	àn
𫗋	sè	sè
𫗚	jiǎn	jiǎn
𫗞	zhān	zhān
𫗟	yuán	yuán
𫗠	zhāng	zhāng
𫗢	zuò	zuò
𫗣	bì	bì
𫗤	shì	shì
𫗥	yùn	yùn
𫗦	bù	bù
𫗧	sù	sù
𫗨	láng	láng
𫗩	luó	luó
𫗪	wèi	wèi
𫗫	hú	hú
𫗬	nuǎn	nuǎn
𫗭	wèi	wèi
𫗮	huáng	huáng
𫗯	hóu	hóu
𫗰	duī	duī
𫗱	lián	lián
𫗳	qiǎng	qiǎng
𫗴	zhān	zhān
𫗵	xiǎng	xiǎng
𫘛	hàn	hàn
𫘜	wén	wén
𫘝	jué	jué
𫘞	tuó	tuó
𫘟	pǒ	pǒ
𫘠	zhì	zhì
𫘡	jiōng	jiōng
𫘣	hàn	hàn
𫘤	ái	ái
𫘥	kūn	kūn
𫘦	táo	táo
𫘧	lù	lù
𫘨	tí	tí
𫘩	huáng	huáng
𫘪	yuán	yuán
𫘫	yàn	yàn
𫘬	xí	xí
𫘭	shuāng	shuāng
𫘮	zhé	zhé
𫘯	céng	céng
𫘰	zhān	zhān
𫘱	xí	xí
𫘽	kuò	kuò
𫚈	xù	xù
𫚉	hóng	hóng
𫚊	yáng	yáng
𫚋	zhuān	zhuān
𫚌	shā	shā
𫚍	fén	fén
𫚎	bǐng	bǐng
𫚏	qiáo	qiáo
𫚐	yāng	yāng
𫚑	bì	bì
𫚒	fú	fú
𫚓	liè	liè
𫚔	huí	huí
𫚕	shī	shī
𫚖	cǐ	cǐ
𫚗	gé	gé
𫚙	pū	pū
𫚚	zhé	zhé
𫚛	tuō	tuō
𫚜	guī	guī
𫚝	huà	huà
𫚞	lí	lí
𫚡	zhǒu	zhǒu
𫚢	yǎn	yǎn
𫚣	biān	biān
𫚤	zī	zī
𫚥	xiā	xiā
𫚦	yóng	yóng
𫚧	qiú	qiú
𫚨	bù	bù
𫚪	yù	yù
𫚫	sāo	sāo
𫚭	liè	liè
𫛚	jiān	jiān
𫛛	zhī	zhī
𫛜	fǒu	fǒu
𫛝	huān	huān
𫛞	jué	jué
𫛟	lóng	lóng
𫛠	zhá	zhá
𫛡	fú	fú
𫛢	níng	níng
𫛣	yù	yù
𫛤	jiā	jiā
𫛥	jiá	jiá
𫛦	wū	wū
𫛨	pí	pí
𫛩	yàn	yàn
𫛪	rú	rú
𫛫	yuán	yuán
𫛬	tú	tú
𫛭	kuáng	kuáng
𫛮	biē	biē
𫛯	fǎng	fǎng
𫛰	qí	qí
𫛱	zhuó	zhuó
𫛲	diāo	diāo
𫛳	fú	fú
𫛴	tí	tí
𫛵	qū	qū
𫛶	chì	chì
𫛷	hú	hú
𫛸	tí	tí
𫛺	hóu	hóu
𫛻	duó	duó
𫛼	kuí	kuí
𫛽	lì	lì
𫛾	chú	chú
𫜀	chén	chén
𫜁	bì	bì
𫜂	zhāng	zhāng
𫜃	yín	yín
𫜄	zūn	zūn
𫜅	huán	huán
𫜊	wēn	wēn
𫜑	fēng	fēng
𫜒	tuō	tuō
𫜔	pí	pí
𫜕	kū	kū
𫜙	yìng	yìng
𫜟	cù	cù
𫜨	bā	bà|bā
𫜩	niè	niè
𫜪	yǎo	yǎo
𫜬	zé	zé
𫜭	chǔ	chǔ
𫜮	yǎn	yǎn
𫜯	jiè	jiè
𫜰	yà	yà
𫜲	lóng	lóng
𫜳	rán	rán
𫜷	shòu	shòu
𫜸	huà	huà
𫝈	hún	hún
𫝋	shù	shù
𫝜	zǎ	zǎ
𫝦	bèi	bèi
𫝧	shù	shù
𫝨	huī	huī
𫝩	chóu	chóu
𫝪	gòng	gòng
𫝫	lái	lái
𫝬	kuì	kuì
𫝭	yīng	yīng
𫝮	lǎn	lǎn
𫝵	dǎo	dǎo
𫞅	xún	xún
𫞗	mǐn	mǐn
𫞚	zī	zī
𫞛	zhū	zhū
𫞝	jué	jué
𫞠	líng	líng
𫞡	róng	róng
𫞢	zhì	zhì
𫞣	chǎn	chǎn
𫞥	bèi	bèi
𫞦	jì	jì
𫞧	láo	láo
𫞨	lán	lán
𫞩	mén	mén
𫞷	kuài	kuài
𫟃	rèn	rèn
𫟄	hóng	hóng
𫟅	liáng	liáng
𫟆	chóng	chóng
𫟑	líng	líng
𫟕	jī	jī
𫟞	zhǐ	zhǐ
𫟟	pàn	pàn
𫟠	chǎn	chǎn
𫟡	cóng	cóng
𫟢	tán	tán
𫟤	tuó	tuó
𫟥	kēng	kēng
𫟦	suì	suì
𫟫	lì	lì
𫟬	zhì	zhì
𫟲	qiú	qiú
𫟳	sì	sì
𫟴	fēn	fēn
𫟵	yǔn	yǔn
𫟶	shàn	shàn
𫟷	lì	lì
𫟸	shì	shì
𫟹	hóng	hóng
𫟺	kāi	kāi
𫟻	zhōu	zhōu
𫟼	dá	dá
𫟽	zú	zú
𫟾	zú	zú
𫟿	chā	chā
𫠀	cù	cù
𫠁	hé	hé
𫠂	líng	líng
𫠅	gé	gé
𫠆	kuǐ	kuǐ
𫠇	xín	xín
𫠈	bī	bī
𫠊	xuán	xuán
𫠋	lù	lù
𫠌	bàng	bàng
𫠏	mù	mù
𫠐	hān	hān
𫠑	sōu	sōu
𫠒	zhāng	zhāng
𫠜	ní	ní
𫠥	lòu	lòu
𫡑	yīn	yīn
𫡬	wō	wō
𫡶	dàn	dàn
𫢒	lǒng	lǒng
𫢔	guì	guì
𫢘	duì	duì
𫢙	dòng	dòng
𫢪	liàn	liàn
𫢬	láo	láo
𫢭	wěi	wěi
𫢸	dàn	dàn
𫢹	chòng	chòng
𫢺	cān	cān
𫣉	lán	lán
𫣊	ài	ài
𫣛	qiān	qiān
𫣫	sú	sú
𫤸	mào	mào
𫤽	gǎn	gǎn
𫥍	yán	yán
𫥳	lì	lì
𫥵	lì	lì
𫥺	yè	yè
𫥼	yā	yā
𫦁	suǒ	suǒ
𫦅	xiào	xiào
𫦉	lóu	lóu
𫦌	jué	jué
𫦩	liǎng	liǎng
𫦳	jué	jué
𫧯	xiè	xiè
𫧿	dú	dú
𫨆	xiá	xiá
𫩕	hōng	hōng
𫩚	gāng	gāng
𫩛	cóng	cóng
𫩤	yè	yè
𫩥	huò	huò
𫩩	chū	chū
𫩫	yè	yè
𫩯	hái	hái
𫩺	jìn	jìn
𫪀	guō	guō
𫪁	lài	lài
𫪂	yán	yán
𫪃	lì	lì
𫪄	jiān	jiān
𫪘	ōu	ōu
𫪚	zàn	zàn
𫪧	jiāo	jiāo
𫪪	zhì	zhì
𫪺	tì	tì
𫪽	jìn	jìn
𫫇	è	è
𫫦	dàn	dàn
𫫵	lǜ	lǜ
𫫾	pín	pín
𫬐	sǎi	sǎi
𫬙	gùn	gùn
𫬟	dié	dié
𫭞	zhuān	zhuān
𫭟	ōu	qū|ōu
𫭢	lǔn	lǔn
𫭨	fá	fá
𫭪	qiāo	qiāo
𫭮	cè	cè
𫭯	xún	xún
𫭲	yán	yán
𫭼	láo	láo
𫮃	shàn	shàn
𫮅	chěn	chěn
𫮜	yín	yín
𫮬	jiàng	jiàng
𫯒	nóng	nóng
𫯥	huò	huò
𫯶	yūn	yūn
𫰂	duǒ	duǒ
𫰍	wéi	wéi
𫰛	xíng	xíng
𫰡	huà	huà
𫰢	huì	huì
𫰨	mái	mái
𫰰	xiān	xiān
𫰹	guī	guī
𫱕	làn	làn
𫱿	qiā	qiā
𫲗	zàn	zàn
𫲸	fēng	fēng
𫳃	yā	yā
𫵵	yáng	yáng
𫵷	lì	lì
𫵸	kēng	kēng
𫶇	dié	dié
𫶊	lǎn	lǎn
𫶕	yíng	yíng
𫶲	kēng	kēng
𫷅	kūn	kūn
𫷈	xū	xū
𫷉	xiǎn	xiǎn
𫷌	lán	lán
𫷬	lái	lái
𫷮	yìn	yìn
𫷷	xīn	xīn
𫷹	lóu	lóu
𫷾	yǐng	yǐng
𫸩	kōu	kōu
𫹮	yǔ	yǔ
𫹴	wěi	wěi
𫹼	dōng	dōng
𫹽	shāng	shāng
𫺁	qiè	qiè
𫺂	qiè	qiè
𫺆	huá	huá
𫺊	qí	qí
𫺌	gōng	gōng
𫺓	mèn	mèn
𫺘	lào	lào
𫺪	yǎng	yǎng
𫺷	nán	nán
𫻁	xì	xì
𫼛	diào	diào
𫼝	chōu	chōu
𫼣	piē	piē
𫼤	zè	zè
𫼥	hāi	hāi
𫼧	huá	huá
𫼫	bì	bì
𫼮	nǎng	nǎng
𫼱	gāng	gāng
𫼵	lǔ	lǔ
𫼶	suǒ	suǒ
𫽀	nà	nà
𫽁	liǎn	liǎn
𫽇	huò	huò
𫽊	jiǎo	jiǎo
𫽋	luó	luó
𫽐	jiān	jiān
𫽙	káng	káng
𫽣	jiāng	jiāng
𫽥	qiān	qiān
𫽧	fèi	fèi
𫽮	dǎng	dǎng
𫽲	niǎo	niǎo
𫽳	bì	bì
𫾁	yǎn	yǎn
𫾃	sù	sù
𫾲	lǐ	lǐ
𫿗	shǔ	shǔ
𬀥	huò	huò
𬀩	wěi	wěi
𬀪	xiàn	xiàn
𬀮	duì	duì
𬀱	kǎi	kǎi
𬀷	shāng	shāng
𬁵	ōu	ōu
𬁺	yà	yà
𬁽	sǔn	sǔn
𬂀	rùn	rùn
𬂂	luó	luó
𬂅	dān	dān
𬂉	shèng	shèng
𬂠	mó	mó
𬂩	jiā	jiā
𬂮	shā	shā
𬂰	nóng	nóng
𬃀	guī	guī
𬃊	zhì	zhì
𬃘	èr	èr
𬃦	jiān	jiān
𬃫	xiǎn	xiǎn
𬃮	fèi	fèi
𬃲	lín	lín
𬃳	yán	yán
𬄩	yǐn	yǐn
𬅢	xià	xià
𬅥	guā	guā
𬅫	pēn	pēn
𬆛	nǎo	nǎo
𬆦	jī	jī
𬆮	kòu	kòu
𬆾	mào	mào
𬇃	jiàn	jiàn
𬇄	bīn	bīn
𬇇	dié	dié
𬇕	wàn	wàn
𬇘	tuán	tuán
𬇙	bèi	bèi
𬇰	mèn	mèn
𬇹	guó	guó
𬈁	tān	tān
𬈕	fèi	fèi
𬈜	yíng	yíng
𬈧	sè	sè
𬈱	pō	pō
𬈾	huá	huá
𬉂	fèn	fèn
𬉇	shà	shà
𬉋	wěi	wěi
𬉠	lán	lán
𬉧	hán	hán
𬉼	ǒu	ǒu
𬊂	chǎo	chǎo
𬊈	xún	xún
𬊉	dá	dá
𬊍	chóu	chóu
𬊎	gòng	gòng
𬊖	měi	měi
𬊗	jiān	jiān
𬊤	chǎn	chǎn
𬊦	shǎn	shǎn
𬊵	tǎng	tǎng
𬊶	làn	làn
𬊺	wēi	wēi
𬊾	rán	rán
𬋃	liàn	liàn
𬋍	lài	lài
𬌗	hé	hé
𬌝	chú	chú
𬌮	yào	yào
𬌷	shān	shān
𬍙	zhǎn	zhǎn
𬍛	lì	lì
𬍡	dàng	dàng
𬍤	xún	xún
𬎆	yíng	yíng
𬎑	làn	làn
𬎧	cóng	cóng
𬏜	mà	mà
𬏟	jì	jì
𬏦	fèi	fèi
𬏫	wén	wén
𬏮	guō	guō
𬏷	fèn	fèn
𬐚	hǎi	hǎi
𬐠	yáng	yáng
𬑆	gùn	gùn
𬑇	chàng	chàng
𬑍	chǒu	chǒu
𬑏	yǐng	yǐng
𬑒	kōu	kōu
𬑓	yè	yè
𬑔	zhòng	zhòng
𬑕	hùn	hùn
𬑗	xián	jiàn|xián
𬑙	mài	mài
𬑡	chǒu	chǒu
𬑧	mián	mián
𬒆	yè	yè
𬒇	làn	làn
𬒈	què	què
𬒍	yǔn	yǔn
𬒎	kēng	kēng
𬒔	gěng	gěng
𬒕	sù	sù
𬒗	lán	lán
𬒘	xìn	xìn
𬓠	jǐ	jǐ
𬓫	qiū	qiū
𬓱	bèn	bèn
𬓸	shài	shài
𬓼	tuí	tuí
𬔯	ōu	ōu
𬕂	lǒng	lǒng
𬕄	shī	shī
𬕊	jiàn	jiàn
𬕛	kū	kū
𬕦	ōu	ōu
𬕬	lǐng	lǐng
𬖃	zuǎn	zuǎn
𬖑	xiàn	xiàn
𬖖	chōu	chōu
𬖘	shì	shì
𬖠	lǒu	lǒu
𬖮	xiàn	xiàn
𬘓	xún	xún
𬘔	miè	miè
𬘕	qiú	qiú
𬘖	jiǎn	jiǎn
𬘘	dǎn	dǎn
𬘙	yuè	yuè
𬘚	wà	wà
𬘛	qū	qū
𬘜	zhàn	zhàn
𬘝	zhěn	zhěn
𬘞	diǎo	diǎo
𬘟	xiàn	xiàn
𬘠	gǎi	gǎi
𬘡	yīn	yīn
𬘢	kuàng	kuàng
𬘤	lǚ	lǚ
𬘥	quán	quán
𬘦	pài	pài
𬘧	jì	jì
𬘨	zhī	zhī
𬘩	tīng	tīng
𬘪	liǎn	liǎn
𬘫	huán	huán
𬘬	qiàn	qiàn
𬘭	chēn	chēn|lín
𬘮	mì	mì
𬘯	zhǔn	zhǔn
𬘰	ruǎn	ruǎn
𬘱	yāo	yāo
𬘲	zhǎ	zhǎ
𬘳	xū	xū
𬘵	gēng	gēng
𬘶	qiū	qiū
𬘷	cuō	cuō
𬘸	nì	nì
𬘺	tào	tào
𬘻	xiá	xiá
𬘼	suì	suì
𬘽	zhì	zhì
𬘾	shuàng	shuàng
𬙁	yǎn	yǎn
𬙂	yǎn	yǎn
𬙃	qiǎn	qiǎn
𬙅	zhǔ	zhǔ
𬙆	fān	fán|fān
𬙇	rán	rán
𬙈	lín	lín
𬙉	dàn	dàn
𬙊	mò	mò
𬙋	xiāng	xiāng
𬙎	lú	lú
𬙝	bì	bì
𬙭	wěi	wěi
𬚄	sù	sù
𬛸	niē	niē
𬛹	dàng	dàng
𬛼	yú	yú
𬜔	dá	dá
𬜥	lán	lán
𬜧	fà	fà
𬜨	huì	huì
𬜬	màn	màn
𬜯	liǎng	liǎng
𬜸	huái	huái
𬜾	xián	xián
𬜿	guó	guó
𬝁	yú	yú
𬝃	láo	láo
𬝊	sī	sī
𬝋	jié	jié
𬝠	zéi	zéi
𬝯	pín	pín
𬝴	rán	rán
𬞋	jiàn	jiàn
𬞕	lán	lán
𬞘	tuī	tuī
𬞟	pín	pín
𬞣	sēn	sēn
𬞫	làn	làn
𬟁	yì	yì
𬟪	xì	xì
𬟺	cóng	cóng
𬟽	dōng	dōng
𬠃	bì	bì
𬠅	dāng	dāng
𬠈	gòng	gòng
𬠐	sǐ	sǐ
𬠠	zéi	zéi
𬠷	tuó	tuó
𬡇	niǎo	niǎo
𬡍	diāo	diāo
𬡎	zhòu	zhòu
𬡒	jiá	jiá
𬡓	diē	diē
𬡔	shī	shī
𬡕	shā	shā
𬡠	luò	luò
𬡷	zàn	zàn
𬡻	chǎn	chǎn
𬢇	hā	hā
𬢈	dòng	dòng
𬢉	cī	cī
𬢊	sì	sì
𬢋	tiào	tiào
𬢌	zhì	zhì
𬢎	dǔ	dǔ
𬢏	dān	dān
𬢐	qì	qì
𬢑	yǐng	yǐng
𬢒	míng	míng
𬢔	dēng	dēng
𬢪	zhōu	zhōu
𬢯	yīng	yīng
𬢳	cān	cān
𬣀	wèi	wèi
𬣙	xū	xū
𬣚	kǒu	kǒu
𬣛	zhì	zhì
𬣜	hào	hào
𬣝	jùn	jùn
𬣞	zhǔ	zhǔ
𬣟	tǒu	tǒu
𬣠	gàn	gàn
𬣡	jiàn	jiàn
𬣢	tā	tā
𬣣	zhù	zhù
𬣤	juǎn	juǎn
𬣥	tāo	tāo
𬣦	ào	ào
𬣧	fèi	fèi
𬣨	yǎ	yǎ
𬣩	wēi	wēi
𬣪	huì	huì
𬣬	huì	huì
𬣭	dǎng	dǎng
𬣮	míng	míng
𬣯	rén	rén
𬣰	huì	huì
𬣱	chóu	chóu
𬣲	bìng	bìng
𬣳	hěn	hěn
𬣶	zhà	zhà
𬣷	sù	sù
𬣸	hàn	hàn
𬣹	cù	cù
𬣻	tìng	tìng
𬣼	lǎng	lǎng
𬣽	lián	lián
𬣾	zhā	zhā
𬣿	láo	láo
𬤀	xià	xià
𬤁	táo	táo
𬤂	tàn	tàn
𬤄	càn	càn
𬤅	jí	jí
𬤆	gùn	gùn
𬤇	yīn	yīn
𬤉	huì	huì
𬤊	shì	shì
𬤋	còng	còng
𬤌	chā	chā
𬤍	huáng	huáng
𬤎	xuān	xuān
𬤏	duó	duó
𬤐	gē	gē
𬤑	gé	gé
𬤒	gé	gé
𬤓	chī	chī
𬤕	tà	tà
𬤖	gùn	gùn
𬤘	chì	chì
𬤙	hū	hū
𬤚	yīng	yīng
𬤛	chǎn	chǎn
𬤜	zhā	zhā
𬤝	huì	huì
𬤞	yì	yì
𬤟	liáo	liáo
𬤠	yán	yán
𬤡	ào	ào
𬤢	zǔn	zǔn
𬤣	duì	duì
𬤤	zēng	zēng
𬤥	zhuàn	zhuàn
𬤦	yí	yí
𬤨	zào	zào
𬤩	ài	ài
𬤪	tà	tà
𬤫	háo	háo
𬤬	tuān	tuān
𬤭	huì	huì
𬤮	zàn	zàn
𬤯	jiǎn	jiǎn
𬤰	huān	huān
𬤱	tuí	tuí
𬥄	zhé	zhé
𬥈	mào	mào
𬥳	chuàng	chuàng
𬥴	hān	hān
𬥵	yì	yì
𬥶	bì	bì
𬥷	zhèng	zhèng
𬥸	chuàn	chuàn
𬥺	yǎn	yǎn
𬥻	ruǎn	ruǎn
𬥼	zhuàn	zhuàn
𬥽	hòu	hòu
𬥾	làn	làn
𬥿	zhàn	zhàn
𬦅	tàng	tàng
𬦆	tuán	tuán
𬦣	lì	lì
𬦥	bèi	bèi
𬦧	lún	lún
𬦩	zǒu	zǒu
𬦫	duò	duò
𬦯	xié	xié
𬦴	bìng	bìng
𬦵	zhāng	zhāng
𬦻	guàn	guàn
𬧀	qiāng	qiàng|qiāng
𬧃	téng	téng
𬧑	niǎn	niǎn
𬧚	diān	diān
𬧢	lǒng	lǒng
𬧤	lào	lào
𬧩	guó	guó
𬨁	máo	máo
𬨂	qí	qí
𬨄	yǎng	yǎng
𬨅	niǎn	niǎn
𬨆	gǒng	gǒng
𬨇	kǎi	kǎi
𬨈	wǎn	wǎn
𬨉	tián	tián
𬨋	zàng	zàng
𬨌	pì	pì
𬨍	gé	gé
𬨎	yóu	yóu
𬨏	xǔ	xǔ
𬨐	huì	huì
𬨑	sǎng	sǎng
𬨒	guāng	guāng
𬨓	cháo	cháo
𬨔	pì	pì
𬩎	huò	huò
𬩽	xún	xún
𬩾	lái	lái
𬪍	mào	mào
𬪧	yù	yù
𬪨	zhǎn	zhǎn
𬪩	nóng	nóng
𬪺	guàng	guàng
𬬇	zhē	zhē
𬬧	hàn	hàn
𬬨	huá	huá
𬬩	yì	yì
𬬪	kòu	kòu
𬬫	pī	pī
𬬬	wéi	wéi
𬬭	lún	lún
𬬮	chǎng	chǎng
𬬯	rén	rén
𬬰	qiāng	qiāng
𬬱	jīn	jīn
𬬲	zhāo	pì|zhāo
𬬳	qí	qí
𬬵	chén	chén
𬬷	shí	shí
𬬸	shù	shù
𬬹	shén	shén
𬬺	chú	chú|jǔ
𬬻	lú	lú
𬬽	zuó	zuó
𬬾	níng	níng
𬬿	zhāo	zhāo
𬭀	sì	sì
𬭁	mǔ	mǔ
𬭂	hóng	hóng
𬭃	pī	pī
𬭅	xiàng	xiàng
𬭆	duǒ	duǒ
𬭇	guó	guó
𬭈	chá	chá
𬭉	jī	jī
𬭊	dù	dù
𬭌	huá	huá
𬭍	hàn	hàn
𬭎	hóng	hóng
𬭏	yáng	yáng
𬭑	zì	zì
𬭓	tiǎn	tiǎn
𬭔	chuò	chuò
𬭕	diāo	diāo
𬭖	péng	péng
𬭗	nèi	nèi
𬭚	chún	chún|duì
𬭛	bō	bō
𬭜	lèi	lèi
𬭝	sǎn	sǎn
𬭞	dā	dā
𬭟	còu	còu
𬭠	chǎ	chǎ
𬭡	zhāo	zhāo
𬭢	guì	guì
𬭣	xiàn	xiàn
𬭤	hóu	hóu
𬭥	zǒng	zǒng
𬭦	nòu	nòu
𬭨	chuí	chuí
𬭩	wēng	wēng
𬭪	xiá	xiá
𬭫	zhǎn	zhǎn
𬭬	huì	huì
𬭭	qī	qī
𬭯	piě	piě
𬭰	yí	yí
𬭲	suǒ	suǒ
𬭳	xǐ	xǐ
𬭴	jié	jié|jiē
𬭶	hēi	hēi
𬭷	chēng	chēng
𬭸	lín	lín
𬭺	biāo	biāo
𬭻	jiǎo	jiǎo
𬭼	suì	suì
𬭽	bì	bì
𬭿	jī	jī
𬮁	bó	bó
𬮃	zuǎn	zuǎn
𬮄	jiào	jiào
𬮘	huò	huò
𬮟	lìn	lìn
𬮠	xiǎ	xiǎ
𬮡	mǎ	mǎ
𬮢	hòng	hòng
𬮣	kuāng	kuāng
𬮤	gé	gé|hé
𬮥	chù	chù
𬮨	huò	huò
𬮩	qì	qì
𬮪	shā	shā
𬮭	kuī	kuī
𬮯	què	què
𬮰	ē	ē
𬮱	yīn	yīn
𬮲	yǎo	yǎo
𬮳	bǎn	bǎn
𬮴	àn	àn
𬮵	xiàn	xiàn
𬮹	dēng	dēng
𬮺	mà	mà
𬮻	wù	wù
𬮿	gài	gài
𬯀	jī	jī
𬯅	xiá	xiá
𬯎	tuí	tuí
𬰃	mù	mù
𬰡	luǒ	luǒ
𬰣	jiǎn	jiǎn
𬰤	zhòu	zhòu
𬰥	liǎng	liǎng
𬰱	jiān	jiān
𬰳	dié	dié
𬰶	suì	suì
𬰷	chān	chān
𬰸	yù	yù
𬰺	yè	yè
𬱓	qiú	qiú
𬱔	yòu	yòu
𬱕	mò	mò
𬱖	dí	dí
𬱗	dān	dān
𬱙	pàn	pàn
𬱛	zhuàn	zhuàn
𬱜	lèi	lèi
𬱝	gěn	gěn
𬱟	wěi	wěi
𬱠	guā	guā
𬱢	wèn	wèn
𬱣	cén	cén
𬱥	hōng	hōng
𬱦	qī	qī
𬱪	yí	yí
𬱫	dìng	dìng
𬱬	sǎn	sǎn
𬱭	pò	pò
𬱮	āo	āo
𬱯	shǒu	shǒu
𬱰	pī	pī
𬱱	zhǎn	zhǎn
𬱳	yù	yù
𬱵	wěi	wěi
𬱷	xuè	xuè
𬱸	xuè	xuè
𬱼	kǎi	kǎi
𬱽	xuàn	xuàn
𬱿	guó	guó
𬲀	hū	hū
𬲅	liáo	liáo
𬲆	yù	yù
𬲕	jiǎn	jiǎn
𬲜	chēng	chēng
𬲦	sì	sì
𬲪	sōng	sōng
𬲫	niǎn	niǎn
𬲭	jiě	jiě
𬲮	dī	dī
𬲯	gōu	gōu
𬲰	shāng	shāng
𬲲	níng	níng
𬲳	yì	yì
𬲴	mǎn	mǎn
𬲶	cí	cí
𬲷	èn	èn
𬲸	guò	guò
𬲹	māng	māng
𬲺	bǎo	bǎo
𬲻	tí	tí
𬲼	yè	yè
𬲾	hú	hú
𬳀	yì	yì
𬳁	yáo	yáo
𬳂	zhuì	zhuì
𬳃	bì	bì
𬳅	suǐ	suǐ
𬳆	jiān	jiān
𬳉	dā	dā
𬳊	táo	táo
𬳋	xī	xī
𬳌	qiǔ	qiǔ
𬳍	táng	táng
𬳐	chóng	chóng
𬳑	yǐng	yǐng
𬳒	dèng	dèng
𬳓	yōng	yōng
𬳔	mó	mó
𬳟	fén	fén
𬳲	chǎn	chǎn
𬳳	fān	fān
𬳴	pēng	pēng
𬳵	pī	pī
𬳶	jiōng	jiōng
𬳷	guā	guā
𬳸	wò	wò
𬳻	kuāng	kuāng
𬳽	shēn	shēn
𬳾	chí	chí
𬳿	tú	tú
𬴀	liáng	liáng
𬴁	àn	àn
𬴂	fēi	fēi
𬴃	huō	huō
𬴅	péng	péng
𬴆	qí	qí
𬴇	chì	chì
𬴊	lín	lín
𬴋	tiě	tiě
𬴌	méng	méng
𬴍	biāo	biāo
𬴎	tuó	tuó
𬴏	jiǎn	jiǎn
𬴐	huān	huān
𬴨	nào	nào
𬴩	nóng	nóng
𬵨	mì	mì
𬶀	jiē	jiē
𬶁	rén	rén
𬶂	dù	dù
𬶄	diào	diào
𬶆	bàng	bàng
𬶇	jiè	jiè
𬶉	wǔ	wǔ
𬶊	gèng	gèng
𬶋	jū	jū
𬶌	dài	dài
𬶍	tuó	tuó
𬶎	jié	jié
𬶏	wéi	wéi
𬶐	zhào	zhào
𬶓	tíng	tíng
𬶔	kào	kào
𬶕	tí	tí
𬶗	láo	láo
𬶛	shàn	shàn
𬶞	hú	hú
𬶟	là	là
𬶠	liàn	liàn
𬶢	xīng	xīng
𬶣	zhǎ	zhǎ
𬶤	tí	tí
𬶦	yóu	yóu
𬶧	róu	róu
𬶨	jì	jì
𬶪	nì	nì
𬶫	huáng	huáng
𬶬	qū	qū
𬶭	jì	jì
𬶮	xǐ	xǐ
𬶯	guǒ	guǒ
𬶱	jǐng	jǐng
𬶲	xiàng	xiàng
𬶴	pū	pū
𬶵	guān	guān
𬶺	guàn	guàn
𬶻	bà	bà
𬷕	bǔ	bǔ
𬷼	yì	yì
𬷽	xiāo	xiāo
𬷾	hóng	hóng
𬸀	wén	wén
𬸁	ǒu	ǒu
𬸂	gē	gē
𬸅	chú	chú
𬸆	shēng	shēng
𬸈	chī	chī
𬸉	qióng	qióng
𬸊	rén	rén
𬸌	shā	shā
𬸍	chóu	chóu
𬸎	lí	lí
𬸏	láng	láng
𬸐	chuáng	chuáng
𬸑	yuè	yuè
𬸒	qí	qí
𬸕	yīng	yīng
𬸖	yán	yán
𬸘	yǎn	yǎn
𬸙	miáo	miáo
𬸚	yuè	yuè
𬸛	huáng	huáng
𬸜	piān	piān
𬸝	ān	ān
𬸞	lǘ	lǘ
𬸠	gē	gē
𬸡	lán	lán
𬸢	gāo	gāo
𬸣	xiān	xiān
𬸤	piāo	piāo
𬸥	chōng	chōng
𬸦	zhuó	zhuó
𬸧	yàn	yàn
𬸨	qī	qī
𬸩	ǎo	ǎo
𬸪	fán	fán
𬸬	kòu	kòu
𬸭	yà	yà
𬸮	kuí	kuí
𬸯	pì	pì
𬸰	hè	hè
𬸱	qú	qú
𬸵	zhàn	zhàn
𬸶	chāng	chāng
𬸷	còu	còu
𬸸	biàn	biàn
𬸹	gàn	gàn
𬸾	qí	qí
𬹅	cái	cái
𬹇	bó	bó
𬹉	hún	hún
𬹋	hún	hún
𬹌	nié	nié
𬹍	mò	mò
𬹎	shàn	shàn
𬹕	zhěn	zhěn
𬹖	nóng	nóng
𬹗	lái	lái
𬹘	téng	téng
𬹣	zhū	zhū
𬹺	yá	yá
𬹻	nà	nà
𬹼	xiè	xiè
𬹽	háng	háng
𬺀	zhā	zhā
𬺁	zhì	zhì
𬺂	niè	niè
𬺃	ái	ái
𬺄	kuò	kuò
𬺅	chǎn	chǎn
𬺇	cuó	cuó
𬺈	yǐ	yǐ
𬺉	zé	zé
𬺊	yǔn	yǔn
𬺋	zú	zú
𬺌	yá	yá
𬺍	jiān	jiān
𬺎	cī	cī
𬺏	bó	bó
𬺒	yǐn	yǐn
𬺓	chǔ	chǔ
𬺔	jìn	jìn
𬺕	chà	chà
𬺖	jué	jué
𬺜	lóng	lóng
𬺟	yào	yào
𭀖	lí	lí
𭄛	zuān	jiǎn|zuān
𭇜	pō	pō
𭇯	liú	liú
𭈈	mǔ	mǔ
𭈉	yìng	yìng
𭈮	huán	huán
𭉨	zuǐ	zuǐ
𭊸	là	là
𭎂	zōng	zōng
𭎜	dǎo	dǎo
𭏦	ài	ài
𭏸	wěi	wěi
𭕆	suǒ	suǒ
𭗡	kē	kē
𭘓	hū	hū
𭚦	guō	guō
𭝋	líng	líng
𭞄	ài	ài
𭠙	pū	pū
𭡜	shěn	shěn
𭣇	diān	diān
𭣧	yì	yì
𭤎	lí	lí
𭤰	yú	yú
𭧋	tǎng	tǎng
𭩚	yǐ	yǐ
𭩛	mēn	mēn
𭩰	fá	fá
𭪆	zhuā	zhuā
𭫀	kuì	kuì
𭫙	dí	dí
𭭈	yà	yà
𭰎	dāng	dāng
𭰒	shā	shā
𭱊	hòng	hòng
𭲫	zhú	zhú
𭴊	mó	mó
𭹜	luó	luó
𭻔	lái	lái
𮀤	láo	láo
𮀲	gèng	gèng
𮆏	lán	lán
𮇤	líng	líng
𮉠	qiú	qiú
𮉡	lú	lú
𮉢	zhì	zhì
𮉣	zuó	zuó
𮉤	guà	guà
𮉧	liǎng	liǎng
𮉨	guā	guā
𮉪	zōu	zōu
𮉫	ruí	ruí
𮉬	cuì	cuì
𮉮	suì	suì
𮉯	cài	cài
𮏺	dú	dú
𮐚	fán	fán
𮐨	yīng	yīng
𮔂	jié	jié
𮔅	fù	fù
𮔊	liǎng	liǎng
𮖁	liǎng	liǎng
𮖱	xié	xié
𮙊	yǐn	yǐn
𮙋	dú	dú
𮛗	táng	táng
𮜶	dào	dào
𮝴	gū	gū
𮝵	ér	ér
𮝷	fén	fén
𮝸	chūn	chūn
𮝹	huàn	huàn|huán
𮝺	gé	gé
𮠞	qiāng	qiāng
𮠳	chěn	chěn
𮡈	kē	kē
𮣲	gāng	gāng
𮣳	hóng	hóng
𮣴	chán	chán
𮣵	zhuì	zhuì
𮣶	lǜ	lǜ
𮤫	mén	mén
𮤬	chù	chù
𮤯	ruì	ruì
𮤲	bì	bì
𮤸	é	é
𮧴	chàng	chàng
𮧵	wěi	wěi
𮨴	fēng	fēng
𮨵	liù	liù
𮩛	bì	bì
𮩜	hài	hài
𮩝	ài	ài
𮩞	yì	yì
𮪡	máng	máng
𮪢	hài	hài
𮪣	zōng	zōng
𮪤	cǎo	cǎo
𮪥	dūn	dūn
𮫂	níng	níng
𮬛	xù	xù
𮬜	yì	yì
𮬝	guì	guì
𮬞	cān	cān
𮬟	huò	huò
𮬠	lù	lù
𮬡	huá	huá
𮬢	wēng	wēng
𮬣	xián	xián
𮬤	zhēn	zhēn
𮭡	jiè	jiè
𮭢	yāo	yāo
𮭤	miè	miè
𮭥	gōng	gōng
𮭦	chén	chén
𮭨	yàn	yàn
𮭪	shuāng	shuāng
𮭰	gǎng	gǎng
𮮇	móu	móu
𮯙	kè	kè|qiā
𮯴	ní	ní
𮯸	lì	lì
𮰄	chǒng	chǒng
𮰉	píng	píng
𮰔	wéi	wéi
𮰸	yǐ	yǐ
𮰽	lǎn	lǎn
𮰾	qiè	qiè
𮰿	xíng	xíng
𮱁	yǔ	yǔ
𮱇	lián	lián
𮱊	luó	luó
𮱐	wān	wān
𮱒	yàn	yàn
𮱠	jùn	jùn
𮱣	tuí	tuí
𮱩	yùn	yùn
𮱯	dān	dān
𮱵	qiāo	qiāo
𮲁	qiàn	qiàn
𮲃	lè	lè
𮲄	tòng	tòng
𮲇	guó	guó
𮲚	wàn	wàn
𮲝	yāo	yāo
𮲟	xǔ	xǔ
𮲮	shuāng	shuāng
𮲰	bì	bì
𮲲	qìng	qìng
𮲶	jiàn	jiàn
𮳆	hé	hé
𮳎	lán	lán
𮳏	xiàn	xiàn
𮳖	yàn	yàn
𮳗	shū	shū
𮳜	yì	yì
𮳠	fèng	fèng
𮳢	zhǔ	zhǔ
𮳧	qiāo	qiāo
𮳳	zǒng	zǒng
𮳴	yè	yè
𮴔	yè	yè
𮴕	qìng	qìng
𮴨	cōng	cōng
𮴼	yǎn	yǎn
𮴿	tián	tián
𮵅	xī	xī
𮵑	nǎo	nǎo
𮵠	yī	yī
𮵮	diǎo	diǎo
𮵱	lái	lái
𮵿	chà	chà
𮶁	guān	guān
𮶂	féng	féng
𮶃	tāo	tāo
𮶔	wèi	wèi
𮶙	jiàn	jiàn
𮶬	jiàn	jiàn
𮷅	dǒng	dǒng
𮷇	luò	luò
𮷈	jī	jī
𮷊	bò	bò
𮷍	zhù	zhù
𮷗	dài	dài
𮷚	zàng	zàng
𮷛	hōng	hōng
𮷝	tāo	tāo
𮷣	yuǎn	yuǎn
𮷨	lì	lì
𮷸	yuán	yuán
𮷻	liú	liú
𮸀	liàn	liàn
𮸈	jūn	jūn
𮸊	chān	chān
𮸌	shì	shì
𮸏	cuān	cuān
𮸐	fāng	fāng
𮸕	fù	fù
𮸗	xiǎn	xiǎn
𮸛	kǎi	kǎi
𮸞	qī	qī
𮸟	cháng	cháng
𮸠	xiàn	xiàn
𮸥	xié	xié
𮸦	fù	fù
𮸧	què	què
𮸮	xié	xié
𮸹	gù	gù
𮸼	biāo	biāo
𮸽	fēi	fēi
𮹀	pīn	pīn
𮹂	fēi	fēi
𮹅	mò	mò
𮹋	zhōu	zhōu
𮹌	wēn	wēn
𮹘	yīng	yīng
𮹙	hè	hè
𮹜	yàn	yàn
𮹝	tà	tà
灰	huī	huī
𰀡	qiān	qiān
𰀢	jiān	jiān
𰁜	luán	luán
𰁧	sǒng	sǒng
𰁸	dàng	dàng
𰁾	fù	fù
𰂋	xiàn	xiàn
𰂎	xiàn	xiàn
𰂏	yù	yù
𰂗	dì	dì
𰂜	tuǐ	tuǐ
𰂦	lǚ	lǚ
𰂭	sì	sì
𰃆	zǎn	zǎn
𰃮	xué	xué
𰃷	cāng	chuàng|cāng
𰃻	bì	bì
𰃿	dú	dú
𰄁	shèn	shèn
𰄞	tuán	tuán
𰅔	lǜ	lǜ
𰅥	dú	dú
𰅦	dān	dān
𰅻	xiá	xiá
𰆕	wēi	wēi
𰆚	lán	lán
𰇀	gài	gài
𰇎	dǒng	dǒng
𰇕	jiá	jiá
𰇖	hóng	hóng
𰇘	jī	jī
𰇡	hé	hé
𰇣	xī	xī
𰇲	tǎn	tǎn
𰇼	shān	shān
𰈆	lǎn	lǎn
𰈇	cháng	cháng
𰈊	diǎn	diǎn
𰈍	chèn	chèn
𰈓	làn	làn
𰈯	zá	zá
𰈶	mó	mó
𰉁	yán	yán
𰉄	zá	zá
𰉘	wěi	wěi
𰉙	gāng	gāng
𰉚	xiàn	xiàn
𰉣	yì	yì
𰉥	jiā	jiā
𰉩	què	què
𰉪	yè	yè
𰉱	jiǎn	jiǎn
𰉽	xué	xué
𰊂	zhì	zhì
𰊅	zhàn	zhàn
𰊈	qiǎng	qiǎng
𰊑	xiàn	xiàn
𰊛	kuí	kuí
𰊟	mán	mán
𰊡	yán	yán
𰊢	qiàn	qiàn
𰋖	lǒu	lǒu
𰋸	dàng	dàng
𰋹	zhuān	zhuān
𰋽	yān	yān
𰋾	bì	bì
𰌀	yīng	yīng
𰌂	zhēng	zhēng
𰌆	qiàn	qiàn
𰌇	zé	zé
𰌉	yùn	yùn
𰌙	lǎn	lǎn
𰌦	yā	yā
𰌷	wěi	wěi
𰎌	sǒng	sǒng
𰎎	lóng	lóng
𰎏	dōng	dōng
𰎐	lú	lú
𰎑	yè	yè
𰎔	yáo	yáo
𰎖	zè	zè
𰎛	kuài	kuài
𰎞	náo	náo
𰎠	yán	yán
𰎢	wéi	wéi
𰎫	yuè	yuè
𰎹	yǎn	yǎn
𰏁	cuán	cuán
𰏓	wù	wù
𰏕	sàn	sàn
𰏜	lóu	lóu
𰏟	lán	lán
𰏲	mà	mà
𰏶	kuài	kuài
𰏼	dài	dài
𰐾	kuǎng	kuǎng
𰑁	tuán	tuán
𰑄	lún	lún
𰑔	zhí	zhí
𰑕	yān	yān
𰑙	liú	liú
𰑟	gōng	gōng
𰑥	xián	xián
𰑧	cán	cán
𰑪	shéng	shéng
𰑫	luǒ	luǒ
𰑬	zhì	zhì
𰑵	dì	dì
𰑸	yì	yì
𰑿	tǎng	tǎng
𰒆	mán	mán
𰒒	chì	chì
𰒖	miǎo	miǎo
𰓄	chéng	chéng
𰓆	wǔ	wǔ
𰓔	shǎn	shǎn
𰓙	yè	yè
𰓜	zhì	zhì
𰓟	zá	zá
𰓧	sūn	sūn
𰓬	lì	lì
𰓱	kēng	kēng
𰓷	ruán	ruán
𰓻	guī	guī
𰓼	chàn	chàn
𰔇	dì	dì
𰔋	guì	guì
𰔲	qiān	qiān
𰔶	yú	yú
𰕁	xún	xún
𰕅	qū	qū
𰕈	jiǎo	jiǎo
𰕐	xié	xié
𰕭	kuài	kuài
𰖈	yǎn	yǎn
𰖠	nàn	nàn
𰖩	lí	lí
𰗆	huì	huì
𰗓	huǎng	huǎng
𰗖	lún	lún
𰗙	chōu	chōu
𰗚	xiě	xiě
𰗛	zhái	zhái
𰗜	yǎn	yǎn
𰗡	chǎn	chǎn
𰗢	huī	huī
𰗦	jǐn	jǐn
𰗨	shí	shí
𰗬	qiān	qiān
𰗵	shěn	shěn
𰗹	sù	sù
𰗺	fén	fén
𰘀	dài	dài
𰘈	jú	jú
𰘓	qǐng	qǐng
𰘠	yán	yán
𰘣	mián	mián
𰘩	xiāo	xiāo
𰘳	lài	lài
𰘶	sū	sū
𰘸	sǒu	sǒu
𰙋	wū	wū
𰙎	hān	hān
𰙑	xiào	xiào
𰙕	lòu	lòu
𰚔	níng	níng
𰚦	lǘ	lǘ
𰚪	rán	rán
𰚱	yè	yè
𰛊	mǎ	mǎ
𰛏	cóng	cóng
𰛒	dōng	dōng
𰛛	shǎn	shǎn
𰛡	bì	bì
𰛣	zhí	zhí
𰛤	zhì	zhì
𰛥	ái	ái
𰛦	huì	huì
𰛩	shǎn	shǎn
𰛪	luán	luán
𰛮	lǔ	lǔ
𰛲	liàn	liàn
𰛵	xián	xián
𰛽	dǐng	dǐng
𰜐	lǎn	lǎn
𰜜	qìn	qìn
𰜝	yàng	yàng
𰜢	hè	hè
𰜨	jiàn	jiàn
𰜳	yíng	yíng
𰝅	yíng	yíng
𰝋	yīn	yīn
𰝍	huī	huī
𰝗	jiǎn	jiǎn
𰝟	xiǎn	xiǎn
𰝤	xiǎn	xiǎn
𰝾	chuǐ	chuǐ
𰞇	yì	yì
𰞍	jié	jié
𰞤	jiān	jiān
𰞲	bì	bì
𰞷	zào	zào
𰞻	fén	fén
𰟘	yàn	yàn
𰠛	jiān	jiān
𰠫	gāng	gāng
𰠲	kēng	kēng
𰠴	yǎo	yǎo
𰠹	pái	pái
𰡄	lú	lú
𰡊	xiāo	xiāo
𰡋	huī	huī
𰡎	lái	lái
𰡏	wō	wō
𰡔	chán	chán
𰡞	bèn	bèn
𰡢	yīng	yīng
𰡩	qí	qí
𰡰	chē	chē
𰡵	lú	lú
𰡻	nǎo	nǎo
𰡽	shú	shú
𰢄	sù	sù
𰢢	wǔ	wǔ
𰢤	yīng	yīng
𰢦	lǒu	lǒu
𰣦	wěi	wěi
𰣩	níng	níng
𰣬	jì	jì
𰣯	xián	xián
𰣶	tuí	tuí
𰣼	jī	jī
𰣽	luán	luán
𰤓	tǎng	tǎng
𰤕	lì	lì
𰤨	tà	tà
𰤫	dú	dú
𰤬	dú	dú
𰥊	kàn	kàn
𰥒	cōng	cōng
𰥛	fèn	fèn
𰥞	yíng	yíng
𰥠	mǎn	mǎn
𰥢	xǐ	xǐ
𰥣	kēng	kēng
𰥨	xián	xián
𰥪	guī	guī
𰥭	měng	měng
𰥹	tǎng	tǎng
𰦜	bà	bà
𰦦	lì	lì
𰦨	huǐ	huǐ
𰦭	lóng	lóng
𰦰	zé	zé
𰦴	yā	yā
𰦷	láo	láo
𰦾	yán	yán
𰦿	tuó	tuó
𰧃	jiàn	jiàn
𰧇	xián	xián
𰧉	zhì	zhì
𰧎	qīn	qīn
𰧔	jiān	jiān
𰧘	zhū	zhū
𰧰	yáng	yáng
𰧻	guì	guì
𰧾	nóng	nóng
𰨖	tí	tí
𰨜	kuàng	kuàng
𰨦	jì	jì
𰨳	zī	zī
𰩅	lǒng	lǒng
𰩏	tiǎo	tiǎo
𰩓	chēng	chēng
𰩧	xū	xū
𰩮	tuán	tuán
𰩲	lú	lú
𰩸	jiāo	jiāo
𰩹	dàng	dàng
𰩺	yuē	yuē
𰩻	zhuā	zhuā
𰪊	zhōng	zhōng
𰪏	lù	lù
𰪣	yíng	yíng
𰪫	tuán	tuán
𰪭	zhāng	zhāng
𰪶	tuán	tuán
𰫋	mén	mén
𰫖	làn	làn
𰫼	zhěng	zhěng
𰫽	fóu	fóu
𰬀	jì	jì
𰬃	liè	liè
𰬅	fū	fū
𰬆	qú	qú
𰬇	zhù	zhù
𰬈	xián	xián
𰬉	tuó	tuó
𰬋	hóng	hóng
𰬌	gēng	gēng
𰬍	xié	xié
𰬎	bì	bì
𰬏	zhū	zhū
𰬐	qiāo	qiāo
𰬑	zhēng	zhēng
𰬒	cì	cì
𰬓	gāi	gāi
𰬔	bēng	bēng
𰬖	chéng	chéng
𰬗	qiú	qiú
𰬘	fú	fú
𰬙	chēn	chēn
𰬚	yún	yún
𰬛	zhèn	zhèn
𰬜	miǎn	miǎn
𰬞	qīn	qīn
𰬟	yù	yù
𰬠	huà	huà
𰬡	qiè	qiè
𰬢	qī	qī
𰬣	xī	xī
𰬤	bì	bì
𰬥	zǒng	zǒng
𰬦	hū	hū
𰬧	tián	tián
𰬩	xiù	xiù
𰬪	shān	shān
𰬫	zhì	zhì
𰬬	miáo	miáo
𰬭	běng	běng
𰬮	qiàn	qiàn
𰬯	zōng	zōng
𰬰	zǒng	zǒng
𰬱	suǒ	suǒ
𰬲	quán	quán
𰬳	nì	nì
𰬴	zài	zài
𰬵	xuàn	xuàn
𰬶	qiè	qiè
𰬷	sǎn	sǎn
𰬸	suì	suì
𰬹	zuǎn	zuǎn
𰬺	zūn	zūn
𰬻	yù	yù
𰬼	là	là
𰬽	xiè	xiè
𰬾	lián	lián
𰬿	pú	pú
𰭀	yōu	yōu
𰭁	cōng	cōng
𰭄	guàn	guàn
𰭔	juàn	juàn
𰭚	lóu	lóu
𰭢	shà	shà
𰭣	dào	dào
𰭹	lóng	lóng
𰮅	xiāng	xiāng
𰮇	hū	hū
𰮙	zhù	zhù
𰮝	xiāo	xiāo
𰮲	sōu	sōu
𰯋	ní	ní
𰯎	mán	mán
𰯲	jiān	jiān
𰰆	tān	tān
𰰋	shuāng	shuāng
𰰌	zhōu	zhōu
𰰏	dài	dài
𰰑	lóu	lóu
𰰠	xù	xù
𰰢	tāng	tāng
𰰤	qiū	qiū
𰰨	lún	lún
𰰮	kuī	kuī
𰰱	duì	duì
𰰳	shī	shī
𰰴	qǐ	qǐ
𰰵	shā	shā
𰰶	zá	zá
𰰷	fù	fù
𰰹	liú	liú
𰰺	shè	shè
𰰾	kē	kē
𰱀	gòng	gòng
𰱇	jiān	jiān
𰱈	yǒng	yǒng
𰱉	méng	méng
𰱌	nà	nà
𰱍	fén	fén
𰱐	xù	xù
𰱑	jiàn	jiàn
𰱛	zhōng	zhōng
𰱝	xiàng	xiàng
𰱟	fén	fén
𰱦	fù	fù
𰱩	lǘ	lǘ
𰱮	lǘ	lǘ
𰱯	bēi	bēi
𰱱	cí	cí
𰱲	zhī	zhī
𰱾	lài	lài
𰲁	tuí	tuí
𰲂	téng	téng
𰲒	lèi	lèi
𰲟	wū	wū
𰲠	zhàn	zhàn
𰲫	wú	wú
𰲬	chē	chē
𰲮	qiǎn	qiǎn
𰲯	zōng	zōng
𰲰	lún	lún
𰲲	guǐ	guǐ
𰲳	zhàn	zhàn
𰲴	lóng	lóng
𰲵	zé	zé
𰲶	xīng	xīng
𰲸	è	è
𰲹	yǐ	yǐ
𰲺	guò	guò
𰲻	dá	dá
𰳁	jī	jī
𰳂	jiàn	jiàn
𰳄	chén	chén
𰳊	féi	féi
𰳗	yīng	yīng
𰳚	wèi	wèi
𰳲	lóng	lóng
𰳵	yì	yì
𰳸	duì	duì
𰳹	yǎn	yǎn
𰳺	nóng	nóng
𰳼	shī	shī
𰴂	sēn	sēn
𰴕	miè	miè
𰴖	shào	shào
𰴗	lì	lì
𰴘	jiàn	jiàn
𰴙	jūn	jūn
𰴚	lóu	lóu
𰴛	dōu	dōu
𰴜	qū	qū
𰴝	luó	luó
𰴞	qū	qū
𰴢	lì	lì
𰴣	xué	xué
𰴤	dǎi	dǎi
𰴯	yíng	yíng
𰵊	jiào	jiào
𰵌	yáng	yáng
𰵍	zhùn	zhùn
𰵎	yóu	yóu
𰵏	chāo	chāo
𰵐	fǎn	fǎn
𰵑	é	é
𰵒	chén	chén
𰵓	xù	xù
𰵔	yì	yì
𰵖	yì	yì
𰵗	yàng	yàng
𰵙	dié	dié
𰵚	líng	líng
𰵛	gòu	gòu
𰵜	táo	táo
𰵝	hé	hé
𰵞	yǒng	yǒng
𰵠	náo	náo
𰵡	kēng	kēng
𰵢	jiá	jiá
𰵣	hé	hé
𰵤	è	è
𰵥	yí	yí
𰵦	xiào	xiào
𰵧	zhì	zhì
𰵨	zhān	zhān
𰵩	bū	bū
𰵫	dòu	dòu
𰵬	bié	bié
𰵭	chán	chán
𰵮	é	é
𰵯	shuà	shuà
𰵰	xìng	xìng
𰵱	chēn	chēn
𰵲	qī	qī
𰵳	zhuó	zhuó
𰵴	chù	chù
𰵵	nì	nì
𰵶	zhuì	zhuì
𰵷	zhuó	zhuó
𰵸	tà	tà
𰵹	niè	niè
𰵺	yuán	yuán
𰵻	huá	huá
𰵼	huò	huò
𰵽	tāo	tāo
𰵾	xǐ	xǐ
𰵿	hè	hè
𰶀	yú	yú
𰶁	yí	yí
𰶂	còng	còng
𰶃	xí	xí
𰶄	zhā	zhā
𰶅	hào	hào
𰶆	hàn	hàn
𰶇	tuō	tuō
𰶈	chí	chí
𰶉	tán	tán
𰶊	yī	yī
𰶌	nòu	nòu
𰶍	juàn	juàn
𰶎	sè	sè
𰶏	yào	yào
𰶑	lóng	lóng
𰶔	dú	dú
𰶨	mì	mì
𰶬	lóu	lóu
𰷞	tè	tè
𰷠	yì	yì|yí
𰷡	wán	wán
𰷢	chí	chí
𰷤	suì	suì
𰷥	cóng	cóng
𰷦	fèi	fèi
𰷧	jìn	jìn
𰷨	kuì	kuì
𰷩	shèng	shèng
𰷪	yì	yì
𰷫	biāo	biāo
𰷬	zhuàn	zhuàn
𰷭	zāng	zāng
𰷮	xuàn	xuàn
𰷴	lì	lì
𰷵	qiāo	qiāo
𰷶	qiáo	qiáo
𰷸	dú	dú
𰸇	shuāng	shuāng
𰸈	dié	dié
𰸊	guì	guì
𰸎	chǎn	chǎn
𰸐	xǐ	xǐ
𰸔	lián	lián
𰸚	dài	dài
𰸛	chì	chì
𰸞	tuí	tuí
𰹀	duǒ	duǒ
𰹲	wèi	wèi
𰹳	chūn	chūn
𰹴	fàn	fàn
𰹵	yǐ	yǐ
𰹶	kuáng	kuáng
𰹷	yuè	yuè
𰹸	tún	tún
𰹺	fǎn	fǎn
𰹻	bā	bā
𰹼	zhàn	zhàn
𰹽	pēng	pēng
𰹾	xiàn	xiàn
𰹿	rǒng	rǒng
𰺀	dǐ	dǐ
𰺁	qú	qú
𰺂	páo	páo
𰺃	duì	duì
𰺄	gǒng	gǒng
𰺅	jú	jú
𰺆	hōng	hōng
𰺇	wàn	wàn
𰺈	yǐn	yǐn
𰺉	qiàn	qiàn
𰺊	líng	líng
𰺋	zhé	zhé
𰺌	lù	lù
𰺍	guǒ	guǒ
𰺎	pái	pái
𰺏	péng	péng
𰺐	kǎn	kǎn
𰺑	yuān	yuān
𰺒	chuán	chuán
𰺓	fù	fù
𰺔	zǒng	zǒng
𰺕	duó	duó
𰺖	zhēn	zhēn
𰺗	jiàn	jiàn
𰺘	kēng	kēng
𰺙	sè	sè
𰺚	ér	ér
𰺛	lǎo	lǎo
𰺜	fān	fān
𰺝	chōng	chōng
𰺞	zhàn	zhàn
𰺟	jí	jí
𰺠	niè	niè
𰺡	xiá	xiá
𰺢	luò	luò
𰺣	lìn	lìn
𰺤	mín	mín
𰺨	huò	huò
𰺭	chén	chén
𰺲	dàng	dàng
𰺷	rào	rào
𰻆	dì	dì
𰻝	biáng	biáng
𰻞	biáng	biáng
𰻡	xǔ	xǔ
𰻦	wéi	wéi
𰻮	qiāo	qiāo
𰻳	bì	bì
𰼅	yì	yì
𰼋	láo	láo
𰼏	làn	làn
𰼑	mí	mí
𰼻	qīng	qīng
𰽕	jī	jī
𰽖	bā	bā
𰽗	huá	huá
𰽘	dì	dì
𰽚	kuàng	kuàng
𰽛	qiǎo	qiǎo
𰽜	ōu	ōu
𰽝	lì	lì
𰽞	è	è
𰽠	zhǐ	zhǐ
𰽡	rì	rì
𰽢	xiàn	xiàn
𰽣	yǐn	yǐn
𰽥	bǐng	bǐng
𰽦	lóng	lóng
𰽧	pī	pī
𰽨	zhǎi	zhǎi
𰽩	kǎ	kǎ
𰽫	shēng	shēng
𰽬	hé	hé
𰽭	gōu	gōu
𰽮	fú	fú
𰽯	zhù	zhù
𰽰	bàn	bàn
𰽱	fú	fú
𰽲	jí	jí
𰽳	qīn	qīn
𰽴	kuǎ	kuǎ
𰽵	guāng	guāng
𰽶	tóng	tóng
𰽷	huì	huì
𰽸	pī	pī
𰽹	chǐ	chǐ
𰽺	guǐ	guǐ
𰽻	rén	rén
𰽼	bǐng	bǐng
𰽽	róng	róng
𰽾	guǒ	guǒ
𰽿	zhé	zhé
𰾀	bó	bó
𰾁	hòng	hòng
𰾃	zhuó	zhuó
𰾄	méi	méi
𰾅	hán	hán
𰾆	yù	yù
𰾇	tūn	tūn
𰾈	shā	shā
𰾊	cōng	cōng
𰾌	jiàn	jiàn
𰾍	biǎo	biǎo
𰾎	pī	pī
𰾏	táo	táo
𰾐	fèi	fèi
𰾑	qiān	qiān
𰾒	guǎn	guǎn
𰾓	tà	tà
𰾕	yè	yè
𰾖	duò	duò
𰾗	zhēn	zhēn
𰾘	chěn	chěn
𰾙	yú	yú
𰾚	wěi	wěi
𰾛	jiè	jiè
𰾜	duān	duān
𰾝	shēng	shēng
𰾞	zōng	zōng
𰾟	fù	fù
𰾡	hōng	hōng
𰾢	shī	shī
𰾤	xiá	xiá
𰾥	kuí	kuí
𰾦	zuǎn	zuǎn
𰾩	yè	yè
𰾪	yā	yā
𰾫	jiàn	jiàn
𰾬	dá	dá
𰾭	ài	ài
𰾮	lián	lián
𰾯	táng	táng
𰾰	cuī	cuī
𰾱	zǒng	zǒng
𰾲	lù	lù
𰾳	lán	lán
𰾴	sī	sī
𰾶	huì	huì
𰾷	zān	zān
𰾸	dǐng	dǐng
𰾹	juān	juān
𰾻	tián	tián
𰾼	quān	quān
𰾽	zhú	zhú
𰾾	niè	niè
𰾿	là	là
𰿁	áo	áo
𰿂	xū	xū
𰿃	miè	miè
𰿄	léi	léi
𰿆	zuān	zuān
𰿇	zhá	zhá
𰿈	jiān	jiān
𰿉	lěi	lěi
𰿊	luó	luó
𰿦	zhèn	zhèn
𰿨	guǎn	guǎn
𰿩	xiā	xiā
𰿪	xiè	xiè
𰿫	wěi	wěi
𰿬	pēng	pēng
𰿰	zuān	zuān
𰿳	shā	shā
𰿴	yà	yà
𰿵	yú	yú
𰿹	guāng	guāng
𰿺	táng	táng
𰿻	xì	xì
𰿾	pì	pì
𱀑	zhì	zhì
𱀡	fén	fén
𱁒	duì	duì
𱁞	wān	wān
𱁱	yáng	yáng
𱁳	duó	duó
𱁴	bì	bì
𱁶	qiān	qiān
𱁷	dú	dú
𱁹	guì	guì
𱁺	lóu	lóu
𱁽	lán	lán
𱁾	lán	lán
𱂃	sǎ	sǎ
𱂄	mèi	mèi
𱂅	bì	bì
𱂆	gé	gé
𱂇	quàn	quàn
𱂈	yùn	yùn
𱂉	qiào	qiào
𱂊	shè	shè
𱂋	dú	dú
𱂌	hù	hù
𱂍	duì	duì
𱂎	xiè	xiè
𱂐	yùn	yùn
𱂠	duó	duó
𱂡	kū	kū
𱂢	zhuō	zhuō
𱂣	yáo	yáo
𱂤	huì	huì
𱂥	é	é
𱂦	pīng	pīng
𱂧	lèi	lèi
𱂨	è	è
𱂩	fù	fù
𱂫	yǎn	yǎn
𱂬	kuí	kuí
𱂭	chuí	chuí
𱂮	pǐ	pǐ
𱂯	cuì	cuì
𱂰	hàn	hàn
𱂱	kǎn	kǎn
𱂲	sāi	sāi
𱂳	gǎo	gǎo
𱂴	jiǎng	jiǎng
𱂵	kuī	kuī
𱂶	xìn	xìn
𱂷	zhān	zhān
𱂸	bīn	bīn
𱂺	piǎo	piǎo
𱂻	qiáo	qiáo
𱃔	biāo	biāo
𱃕	xiā	xiā
𱃖	yǒu	yǒu
𱃗	tái	tái
𱃘	liè	liè
𱃙	liú	liú
𱃚	lì	lì
𱃜	ruí	ruí
𱃝	xiū	xiū
𱃞	yú	yú
𱃟	xí	xí
𱃠	biāo	biāo
𱃱	xì	xì
𱃲	yù	yù
𱃳	bó	bó
𱃴	fàn	fàn
𱃵	yǐng	yǐng
𱃷	bǎn	bǎn
𱃸	zhì	zhì
𱃹	èn	èn
𱃺	tiǎn	tiǎn
𱃼	fēn	fēn
𱃽	è	è
𱃾	bù	bù
𱃿	tán	tán
𱄀	fēn	fēn
𱄁	tǒu	tǒu
𱄃	jiàn	jiàn
𱄄	huì	huì
𱄆	xī	xī
𱄇	shǎng	shǎng
𱄈	méng	méng
𱄉	èn	èn
𱄊	zàn	zàn
𱄼	zhù	zhù
𱄽	zhé	zhé
𱄾	guāng	guāng
𱄿	dú	dú
𱅀	bǎo	bǎo
𱅁	zhí	zhí
𱅂	sà	sà
𱅃	jù	jù
𱅄	bá	bá
𱅅	lóng	lóng
𱅇	zhěn	zhěn
𱅈	bì	bì
𱅉	róng	róng
𱅊	zhì	zhì
𱅋	ěr	ěr
𱅍	xù	xù
𱅎	fú	fú
𱅏	táo	táo
𱅐	bó	bó
𱅓	bó	bó
𱅔	sǒng	sǒng
𱅕	lái	lái
𱅖	xuān	xuān
𱅗	ě	ě
𱅙	tuì	tuì
𱅚	shè	shè
𱅛	tuó	tuó
𱅜	yǎo	yǎo
𱅝	piàn	piàn
𱅞	xiá	xiá
𱅟	róu	róu
𱅠	hàn	hàn
𱅡	guī	guī
𱅢	chéng	chéng
𱅣	tāo	tāo
𱅤	pīn	pīn
𱅦	huáng	huáng
𱅧	xū	xū
𱅩	xí	xí
𱅪	diàn	diàn
𱅫	yù	yù
𱅬	yàn	yàn
𱅮	xiāo	xiāo
𱆀	qiān	qiān
𱆁	qiān	qiān
𱆃	kuì	kuì
𱆄	fèi	fèi
𱆅	lán	lán
𱆆	mán	mán
𱆈	zuǎn	zuǎn
𱆌	shāng	shāng
𱆍	chǎo	chǎo
𱆙	chāo	chāo
𱆚	kuǐ	kuǐ
𱆛	chǒu	chǒu
𱆥	dān	dān
𱇍	yà	yà
𱇏	tuō	tuō
𱇐	yuán	yuán
𱇑	bèi	bèi
𱇒	pí	pí
𱇓	hú	hú
𱇔	nà	nà
𱇕	yú	yú
𱇖	bǎn	bǎn
𱇗	lún	lún
𱇘	háng	háng
𱇙	shěn	shěn
𱇚	mò	mò
𱇛	wèi	wèi
𱇜	qū	qū
𱇝	pī	pī
𱇞	shàn	shàn
𱇟	xiá	xiá
𱇠	qiú	qiú
𱇡	xīng	xīng
𱇢	gǔn	gǔn
𱇣	bō	bō
𱇤	yǒu	yǒu
𱇥	gèng	gèng
𱇦	kū	kū
𱇧	yí	yí
𱇨	shū	shū
𱇩	jiǎo	jiǎo
𱇪	luò	luò
𱇫	rú	rú
𱇬	yí	yí
𱇭	lái	lái
𱇮	máng	máng
𱇯	shāo	shāo
𱇰	yè	yè
𱇱	tiáo	tiáo
𱇲	fū	fū
𱇳	suō	suō
𱇴	nà	nà
𱇵	jì	jì
𱇶	lù	lù
𱇷	cuò	cuò
𱇸	yìng	yìng
𱇹	zhì	zhì
𱇺	jì	jì
𱇻	xiàn	xiàn
𱇼	jiù	jiù
𱇽	jú	jú
𱇾	zōng	zōng
𱇿	sù	sù
𱈀	jù	jù
𱈁	shān	shān
𱈂	yú	yú
𱈃	wèi	wèi
𱈄	hóu	hóu
𱈅	zōng	zōng
𱈆	lóu	lóu
𱈇	gèng	gèng
𱈈	gèng	gèng
𱈉	qián	qián
𱈊	liú	liú
𱈋	hào	hào
𱈌	xiū	xiū
𱈍	ruò	ruò
𱈎	sǎng	sǎng
𱈏	zhú	zhú
𱈐	zhuān	zhuān
𱈑	huī	huī
𱈒	sī	sī
𱈓	xún	xún
𱈔	cén	cén
𱈕	fān	fān
𱈖	lài	lài
𱈗	rú	rú
𱈘	cháng	cháng
𱈙	miè	miè
𱈚	è	è
𱈛	méng	méng
𱈜	xiān	xiān
𱉇	yǐ	yǐ
𱉈	diāo	diāo
𱉊	gān	gān
𱉋	hàn	hàn
𱉌	yí	yí
𱉍	yù	yù
𱉎	fū	fū
𱉏	tuán	tuán
𱉐	jú	jú
𱉑	bān	bān
𱉒	huān	huān
𱉓	hù	hù
𱉔	jué	jué
𱉕	gē	gē
𱉖	pí	pí
𱉗	dàn	dàn
𱉘	jū	jū
𱉙	zhǐ	zhǐ
𱉚	dié	dié
𱉛	zhì	zhì
𱉜	fū	fū
𱉝	bī	bī
𱉞	wǔ	wǔ
𱉟	zé	zé
𱉠	jīng	jīng
𱉡	biǎn	biǎn
𱉢	yǎo	yǎo
𱉣	sōng	sōng
𱉤	guì	guì
𱉥	jiá	jiá
𱉦	lǎo	lǎo
𱉧	yuān	yuān
𱉨	yā	yā
𱉩	tí	tí
𱉪	ài	ài
𱉫	zhū	zhū
𱉬	jiāo	jiāo
𱉭	guǐ	guǐ
𱉮	luò	luò
𱉯	yáng	yáng
𱉰	yù	yù
𱉱	kūn	kūn
𱉲	móu	móu
𱉳	mǎi	mǎi
𱉴	yáng	yáng
𱉵	lái	lái
𱉶	hàn	hàn
𱉷	yì	yì
𱉸	tú	tú
𱉹	xī	xī
𱉺	fú	fú
𱉻	tuǒ	tuǒ
𱉼	jí	jí
𱉽	jì	jì
𱉾	jùn	jùn
𱉿	jùn	jùn
𱊀	lù	lù
𱊁	qí	qí
𱊂	míng	míng
𱊃	lí	lí
𱊄	yì	yì
𱊅	zhuī	zhuī
𱊆	tù	tù
𱊇	jú	jú
𱊈	yì	yì
𱊊	kōng	kōng
𱊋	jiān	jiān
𱊌	jū	jū
𱊍	duò	duò
𱊎	zī	zī
𱊏	fú	fú
𱊐	jiē	jiē
𱊑	chūn	chūn
𱊒	yuán	yuán
𱊓	mò	mò
𱊕	tí	tí
𱊖	tú	tú
𱊗	róu	róu
𱊘	chuàn	chuàn
𱊙	zhèn	zhèn
𱊚	tián	tián
𱊛	sǔn	sǔn
𱊜	niǎo	niǎo
𱊝	táng	táng
𱊟	xiá	xiá
𱊠	tú	tú
𱊡	yǎo	yǎo
𱊢	jí	jí
𱊣	ān	ān
𱊤	yōng	yōng
𱊥	shāng	shāng
𱊦	yì	yì
𱊧	jué	jué
𱊩	tú	tú
𱊪	líng	líng
𱊫	yú	yú
𱊬	chǔ	chǔ
𱊭	yù	yù
𱊮	luó	luó
𱊯	jī	jī
𱊰	yì	yì
𱊱	dí	dí
𱊲	bǔ	bǔ
𱊳	lěi	lěi
𱊵	yuè	yuè
𱊺	lǔ	lǔ
𱊻	lǔ	lǔ
𱊼	chuài	chuài
𱊽	huái	huái
𱋆	shàn	shàn
𱋇	hé	hé
𱋈	kuàng	kuàng
𱋊	mò	mò
𱋋	qù	qù
𱋍	tǒu	tǒu
𱋎	huá	huá
𱋐	qū	qū
𱋓	gé	gé
𱋔	bǐng	bǐng
𱋕	chǎo	chǎo
𱋖	fū	fū
𱋗	fū	fū
𱋘	shā	shā
𱋙	guǒ	guǒ
𱋜	chǎo	chǎo
𱋝	bù	bù
𱋡	lǒu	lǒu
𱋢	chǎo	chǎo
𱋪	zhí	zhí
𱋫	kuàng	kuàng
𱋬	lián	lián
𱋮	méng	méng
𱋱	fén	fén
𱋴	chǎn	chǎn
𱋶	lú	lú
𱋾	cù	cù
𱋿	qù	qù
𱌀	yāng	yāng
𱌁	qú	qú
𱌃	wā	wā
𱌄	zhī	zhī
𱌅	mí	mí
𱌆	měng	měng
𱌇	biē	biē
𱌈	má	má
𱌉	bì	bì
𱌊	chāng	chāng
𱌏	hún	hún
𱌖	nòng	nòng
𱌗	jì	jì
𱌘	zī	zī
𱌙	zī	zī
𱌫	yǎn	yǎn
𱌬	zé	zé
𱌭	zōu	zōu
𱌮	chū	chū
𱌯	chī	chī
𱌰	yǎo	yǎo
𱌱	xiè	xiè
𱌲	quán	quán
𱌳	yǔn	yǔn
𱌴	zhāi	zhāi
𱌵	zhān	zhān
𱌶	zōu	zōu
𱌷	yí	yí
𱌸	jì	jì
𱌹	óu	óu
𱌺	diān	diān
𱌽	yì	yì
𱍁	gōng	gōng
𱍂	dá	dá
𱍄	rán	rán
𱍅	gōu	gōu
𱍆	jiāo	jiāo
𱍇	tóng	tóng
𱍈	biē	biē
𱍐	qí	qí
𱍕	pā	pā
𱍛	áo	áo
𱎠	sǐ	sǐ
𱎶	kuǎ	kuǎ
𱎼	gě	gě
𱏅	jí	jí
𱏋	ān	ān
𱏤	lū	lū
𱏱	lǎo	lǎo
𱐏	gù	gù
𱐙	chǎn	chǎn
𱐛	tuǒ	tuǒ
𱐿	wài	wài
𱑖	guān	guān
𱓰	rì	rì
𱔯	zhàn	zhàn
𱕰	léi	léi
𱖀	hōng	hōng
𱖅	biǎn	biǎn
𱖇	gān	gān
𱖎	ào	ào
𱖑	jù	jù
𱖒	shàn	shàn
𱖕	zhuǎi	zhuǎi
𱖖	tū	tū
𱖙	hèn	hèn
𱖝	zài	zài
𱖞	zài	zài
𱖟	kuāng	kuāng
𱖧	chōng	chōng
𱖫	wú	wú
𱖭	gòng	gòng
𱖰	tuó	tuó
𱖲	jiàn	jiàn
𱖷	chéng	chéng
𱖼	pái	pái
𱖽	zhōng	zhōng
𱗂	sǎ	sǎ
𱗃	hūn	hūn
𱗅	niào	niào
𱗉	wā	wā
𱗋	gé	gé
𱗌	là	là
𱗎	yōu	yōu
𱗕	qiū	qiū
𱗖	zhǒng	zhǒng
𱗚	yǒng	yǒng
𱗞	kū	kū
𱗟	líng	líng
𱗢	huǎng	huǎng
𱗤	gāo	gāo
𱘆	hǎi	hǎi
𱘉	lián	lián
𱘭	nǎng	nǎng
𱘮	fēn	fēn
𱘲	tuō	tuō
𱙧	xū	xū
𱚝	zhǎ	zhǎ
𱚦	māo	māo
𱚯	mò	mò
𱚱	ā	ā
𱛆	niao	niao
𱛍	lún	lún
𱛒	hóng	hóng
𱛓	lóng	lóng
𱛔	lè	lè
𱛧	hāo	hāo
𱛨	hòng	hòng
𱛬	shí	shí
𱛹	yē	yē
𱛽	duàn	duàn
𱜀	nàng	nàng
𱜒	xiè	xiè
𱜬	liàng	liàng
𱝃	shuǎ	shuǎ
𱝄	sāo	sāo
𱝉	tòng	tòng
𱝴	hú	hú
𱞌	huā	huā
𱞝	qiè	qiè
𱟫	chàn	chàn
𱠏	kāng	kāng
𱠸	yuán	yuán
𱢡	huán	huán
𱣂	wū	wū
𱣄	huí	huí
𱣑	ròu	ròu
𱣕	qǐ	qǐ
𱣹	zàng	zàng
𱣻	hè	hè
𱤑	guī	guī
𱤗	gé	gé
𱤦	luǎn	luǎn
𱤭	pèng	pèng
𱤺	bēng	bēng
𱥟	yuè	yuè
𱥣	ruò	ruò
𱥰	yā	yā
𱥷	nà	nà
𱦈	guǐ	guǐ
𱧚	liǎn	liǎn
𱧴	mài	mài
𱨙	zhā	zhā
𱨸	kuò	kuò
𱩂	yīng	yīng
𱩉	wù	wù
𱩽	è	è
𱪿	xūn	xūn
𱬏	liàn	liàn
𱭰	wěng	wěng
𱮒	sāng	sāng
𱮜	tān	tān
𱮴	gāng	gāng
𱮷	càng	càng
𱮿	bāng	bāng
𱯧	fù	fù
𱰎	shēng	shēng
𱰗	ché	ché
𱰤	qín	qín
𱰥	lēi	lēi
𱰭	zī	zī
𱰮	lǐng	lǐng
𱱚	xī	xī
𱱭	yān	yān
𱱱	jué	jué
𱲆	cè	cè
𱲎	yìng	yìng
𱳋	chù	chù
𱳞	zī	zī
𱳢	huī	huī
𱳩	hén	hén
𱳪	dài	dài
𱳳	wù	wù
𱴂	là	là
𱴇	chéng	chéng
𱴐	chǎng	chǎng
𱴘	jiǎng	jiǎng
𱴞	hóu	hóu
𱴨	èn	èn
𱴾	guǎ	guǎ
𱵁	shěn	shěn
𱶡	gàn	gàn
𱶻	tuó	tuó
𱸂	ōu	ōu
𱸃	xī	xī
𱸇	láo	láo
𱸖	yáng	yáng
𱸛	běn	běn
𱸜	gǎn	gǎn
𱸡	háo	háo
𱸥	tiào	tiào
𱸧	lū	lū
𱹁	qí	qí
𱹼	zī	zī
𱺨	miǎn	miǎn
𱺮	háo	háo
𱻴	zhá	zhá
𱼞	hàn	hàn
𱼷	zhǐ	zhǐ
𱽎	bèi	bèi
𱽕	dāo	dāo
𱽖	shēn	shēn
𱽿	jiàng	jiàng
𱾃	huā	huā
𱾆	guàn	guàn
𱾎	xié	xié
𱾝	zhuī	zhuī
𱾾	pū	pū
𱿅	bòng	bòng
𱿗	biáng	biáng
𱿣	kè	kè
𱿫	tàng	tàng
𱿯	wāi	wāi
𲀃	bāng	bāng
𲀄	xū	xū
𲀟	háng	háng
𲀯	xié	xié
𲁉	zhēn	zhēn
𲁓	biàng	biàng
𲂆	xiá	xiá
𲂓	zāo	zāo
𲂔	zhuó	zhuó
𲂻	yīng	yīng
𲄀	mí	mí
𲄗	kuǎi	kuǎi
𲄚	lào	lào
𲄨	qián	qián
𲅂	róu	róu
𲆦	xī	xì|xī
𲆩	sōng	sōng
𲆫	xūn	xūn
𲆰	xī	xí|xī
𲆳	pǐn	pǐn
𲆵	rǒng	rǒng
𲇊	xī	xī
𲇙	xiù	xiù
𲇰	rì	rì
𲈍	yé	yé
𲈖	gá	gá
𲈼	chǔ	chǔ
𲉅	táng	táng
𲉉	lún	lún
𲉨	kuàng	kuàng
𲊹	chāi	chāi
𲊽	cí	cí
𲋁	xìng	xìng
𲋏	pāo	pāo
𲋶	mài	mài
𲌉	jù	jù
𲌞	qián	qián
𲌡	qiáng	qiáng
𲌰	mào	mào
𲍇	yí	yí
𲍉	yuán	yuán
𲍏	xiǎn	xiǎn
𲍐	mǐ	mǐ
𲍗	huàn	huàn
𲍭	zhūn	zhūn
𲍮	fāng	fāng
𲍯	jiān	jiān
𲍰	mí	mí
𲍳	yǒu	yǒu
𲍹	bǎo	bǎo
𲍾	zhuī	zhuī
𲍿	yè	yè
𲎅	chì	chì
𲎆	tóng	tóng
𲎈	méng	méng
𲎉	mò	mò
