# form	reading	naive	authority	note
㔾	jié	xiān	cc-cedict	"seal" radical in Chinese characters (Kangxi radical 26)
㺵	jiǔ	jiú	cc-cedict	black jade (variant of 玖[jiu3])
㻬	tú	tū	cc-cedict	a kind of jade
䍃	yáo	yóu	cc-cedict	(archaic) vase; pitcher
䕭	xián	qián	cc-cedict	a kind of vegetable
䠀	chǎng	tāng	cc-cedict	to squat; to sit
丼	dòng	jǐng	cc-cedict	(Tw) bowl of steamed rice with other food on top (loanword from Japanese "donburi")
乇	zhé	tuō	cc-cedict	"blade of grass" component in Chinese characters
乑	zhòng	yín	cc-cedict	to stand side by side/variant of 眾|众[zhong4]
乜	niè	miē	cc-cedict	surname Nie
乪	nāng	náng	cc-cedict	a bend in a river (Cantonese)
亃	lín	lǐn	cc-cedict	mythical animal, said to have yellow body and white tail
仡	yì	gē	cc-cedict	strong/brave
价	jiè	jià	cc-cedict	(literary) messenger; servant
伲	nì	ní	cc-cedict	(dialect) I/my/we/our
伺	sì	cì	cc-cedict	to watch/to wait/to examine/to spy
佛	fó	fú	cc-cedict-buddhist	Buddha; Buddhism (abbr. for 佛陀[Fo2 tuo2])
佣	yòng	yōng	cc-cedict	commission (for middleman)/brokerage fee
佪	huái	huí	cc-cedict	irresolute/to move back and forth
佴	èr	nài	cc-cedict	assistant
俛	miǎn	fǔ	cc-cedict	to exhort
俟	sì	qí	cc-cedict	(literary) to wait for
倔	juè	jué	cc-cedict	gruff; surly
傀	guī	kuǐ	cc-cedict	grand/strange; exotic
傌	mǎ	mà	cc-cedict	(Chinese chess) horse; knight (on the red side)
僂	lǚ	lóu	cc-cedict	crookbacked
働	xx	dòng	cc-cedict	(Japanese kokuji) labor; work
僜	dèng	chēng	cc-cedict	Deng ethnic minority of Tibet
僣	jiàn	tiě	cc-cedict	to overstep one's authority/to usurp
僯	lǐn	lìn	cc-cedict	ashamed
儅	dāng	dàng	cc-cedict	stop
儳	chàn	chán	cc-cedict	irregular/mixed
儽	lěi	léi	cc-cedict	lazy/tired out, worn fatigued
兛	qian1ke4	qiān	cc-cedict	(old) contracted variant of 千克[qian1 ke4]
兝	fen1ke4	fēn	cc-cedict	(old) contracted variant of 分克[fen1 ke4]
兞	hao2ke4	máo	cc-cedict	(old) contracted variant of 毫克[hao2 ke4]
兣	li2ke4	lǐ	cc-cedict	(old) contracted variant of 釐克|厘克[li2 ke4]
凔	cāng	chuàng	cc-cedict	cold
几	jī	jǐ	cc-cedict	small table
凵	kǎn	qiǎn	cc-cedict	receptacle
划	huá	huà	cc-cedict	to row/to paddle/profitable/worth (the effort)/it pays (to do sth)
劄	zhā	zhá	cc-cedict	to prick with a needle
劦	liè	xié	cc-cedict	unending exertion
勣	jì	jī	cc-cedict	merit; accomplishment (variant of 績|绩[ji4])
匙	chí	shi	cc-cedict	spoon
厂	hǎn	chǎng	cc-cedict	"cliff" radical in Chinese characters (Kangxi radical 27), occurring in 原, 历, 压 etc
厎	zhǐ	dǐ	cc-cedict	whetstone
厖	páng	máng	cc-cedict	huge
叶	xié	yè	cc-cedict	to be in harmony
吔	yē	yě	cc-cedict	onomat. for surprise, amazement and sigh
听	yǐn	tīng	cc-cedict	smile (archaic)
呇	qǐ	mèn	cc-cedict	star
呠	pēn	pěn	cc-cedict	to spurt/to blow out/to puff out/to snort
呴	xū	xǔ	cc-cedict	breathe on/yawn/roar
呿	qū	qù	cc-cedict	to yawn
咁	gān	hán	cc-cedict	so (Cantonese)/Mandarin equivalent: 這樣|这样[zhe4 yang4]
咔	kǎ	kā	cc-cedict	(used as phonetic "ka")
咗	zuǒ	zuo	cc-cedict	Cantonese particle equivalent to 了[le5] or 過|过[guo4]
哋	dì	diè	cc-cedict	(Cant.) plural for pronouns
唶	jiè	zé	cc-cedict	sigh/groan/loud laughter
唹	yú	yū	cc-cedict	to smile at
唻	lai	lài	cc-cedict	(dialect) modal particle similar to 呢[ne5], 啦[la5] or 來著|来着[lai2 zhe5]
唼	shǎ	shà	cc-cedict	to speak evil/gobbling sound made by ducks
啁	zhōu	zhāo	cc-cedict	twittering of birds
啅	zhào	zhuó	cc-cedict	chirp
啜	chuò	chuài	cc-cedict	(literary) to drink/to sip/to sob
啱	yān	yán	cc-cedict	correct/suitable/to suit sb/just now (Cantonese)
喣	xǔ	xù	cc-cedict	to breathe upon
喺	xǐ	xí	cc-cedict	to be at, in or on (Cantonese)/Mandarin equivalent: 在[zai4]
喼	jié	jiē	cc-cedict	box (dialect)/used to transliterate words with sounds kip-, cap- etc
喿	sào	zào	cc-cedict	chirping of birds
嗀	huò	hù	cc-cedict	to vomit
嗊	gòng	hǒng	cc-cedict	used for transcription in 嗊吥|唝吥[Gong4 bu4]
嗑	kè	kē	cc-cedict	to crack (seeds) between one's teeth
嗛	qiàn	qiǎn	cc-cedict	pouch/hold/content
嗰	gè	gě	cc-cedict	that (Cantonese)/Mandarin equivalent: 那[na4]
嗻	zhè	zhē	cc-cedict	(old) aye aye!
嘀	dī	dí	cc-cedict	(onom.) sound of dripping water, a ticking clock etc
嘅	gě	kǎi	cc-cedict	possessive particle (Cantonese)/Mandarin equivalent: 的[de5]
嘜	mài	mà	cc-cedict	mark (loanword)/also pr. [ma4]
嘮	lào	láo	cc-cedict	to gossip/to chat (dialect)
噦	yuě	huì	cc-cedict	to puke/to hiccup/Taiwan pr. [yue1]
噱	jué	xué	cc-cedict	loud laughter
嚃	tà	tā	cc-cedict	(literary) to drink; to swallow
嚕	lū	lǔ	cc-cedict	grumble/chatter
嚱	xī	xì	cc-cedict	(sigh)/(whistle)
嚼	jiáo	jué	cc-cedict	to chew/also pr. [jue2]
囉	luo	luō	cc-cedict	(final exclamatory particle)
圕	tuān	tú	cc-cedict	library (contracted form of 圖書館|图书馆[tu2 shu1 guan3])
圣	kū	shèng	cc-cedict	(literary) to dig with persistent effort (e.g. to gather wild vegetables)
垵	ǎn	ān	cc-cedict	(used in place names)/variant of 埯[an3]
垺	póu	fú	cc-cedict	extremely large
埄	fēng	běng	cc-cedict	landmark used during the Song Dynasty (960-1279 AD)
堎	líng	lèng	cc-cedict	mound/tomb
塂	jiǎng	xiàng	cc-cedict	(dialect) hill
墐	jǐn	jìn	cc-cedict	bury/plaster with mud
壆	bó	xué	cc-cedict	(dialect) mounded row of soil (in which crops are planted)
奓	zhà	zhā	cc-cedict	to open/to spread
妳	nǐ	nǎi	cc-cedict	you (Note: In Taiwan, 妳 is used to address females, but in mainland China, it is not commonly used. Instead, 你 is used t
姺	xiǎn	shēn	cc-cedict	name of an ancient state
娸	qí	qī	cc-cedict	to ridicule/ugly
婼	chuò	ruò	cc-cedict	recalcitrant
媞	tí	shì	cc-cedict	used as phonetic/female name
媠	tuó	tuǒ	cc-cedict	beautiful
嫑	biáo	báo	cc-cedict	(dialect) don't; must not (contracted form of 不要[bu4 yao4])
嬅	huá	huà	cc-cedict	beautiful/used in girls' names
嬤	mó	mā	cc-cedict	dialectal or obsolete equivalent of 媽|妈[ma1]/Taiwan pr. [ma1]
嬬	xū	rú	cc-cedict	mistress, concubine/weak
孖	zī	mā	cc-cedict	twins
孻	lái	nái	cc-cedict	last
宁	zhù	níng	cc-cedict	to store/to stand/space between the door and the entrance screen
寀	cài	cǎi	cc-cedict	feudal estate
崋	huá	huà	cc-cedict	flowery/illustrious/Chinese
崱	zé	zè	cc-cedict	lofty
崾	yǎo	yào	cc-cedict	(used in place names)
嵴	jí	jǐ	cc-cedict	ridge/crest/apex
嶭	è	niè	cc-cedict	elevated/lofty
巆	hōng	róng	cc-cedict	(onom.) crashing sound/same as 訇[hong1]
帗	fú	bō	cc-cedict	object held by dancer
帣	juàn	juǎn	cc-cedict	a bag which holds 30 pecks (i.e. approx 3 kg dry measure)
幀	zhēn	zhèng	cc-cedict	frame/classifier for paintings etc/Taiwan pr. [zheng4]
幵	qiān	jiān	cc-cedict	(literary) flat; level
并	bīng	bìng	cc-cedict	short name for Taiyuan 太原[Tai4 yuan2]
广	yǎn	guǎng	cc-cedict	"house on a cliff" radical in Chinese characters (Kangxi radical 53), occurring in 店, 序, 底 etc
庬	páng	máng	cc-cedict	huge
廆	guī	wěi	cc-cedict	ancient name of a mountain west of Luoyang, Henan, now known as 谷口山[Gu3 kou3 Shan1]
彽	chí	dī	cc-cedict	go to and fro
徻	wèi	huì	cc-cedict	a wide room
忄	xīn	xin	cc-cedict	Kangxi radical 61 (心) as a vertical side element
怞	zhòu	chóu	cc-cedict	to grieve/sorrowful
恔	xiào	jiǎo	cc-cedict	cheerful
悄	qiǎo	qiāo	cc-cedict	quiet/sad
惏	lín	lán	cc-cedict	cold/frigid
懅	qú	jù	cc-cedict	bashful/ashamed
懫	zhí	zhì	cc-cedict	enraged/resentful/to hate/to desist
戠	zhí	zhī	cc-cedict	to gather/old variant of 埴[zhi2]
扌	shǒu	shou	cc-cedict	"hand" radical in Chinese characters (Kangxi radical 64), occurring in 提, 把, 打 etc
扡	chǐ	tuō	cc-cedict	drag along
扻	zì	zhì	cc-cedict	to strike/to run against/to throw, as a stone
抆	wèn	wěn	cc-cedict	to wipe
挶	jú	jū	cc-cedict	structure for carrying dirt
掙	zhèng	zhēng	cc-cedict	to struggle to get free/to strive to acquire/to make (money)
掞	shàn	yàn	cc-cedict	easy/quiet
掫	zōu	zhōu	cc-cedict	beat the night watches/grasp
揃	jiān	jiǎn	cc-cedict	shear
揗	shǔn	xún	cc-cedict	strike, hit with hand/tap
揝	zuàn	zǎn	cc-cedict	to hold in the hand, to grasp/to wring
揲	shé	dié	cc-cedict	sort out divining stalks
搕	kè	kē	cc-cedict	to strike/to take in the hand
搷	chēn	tián	cc-cedict	to beat/to winnow
摲	shàn	chàn	cc-cedict	to cut down/mow
摴	shū	chū	cc-cedict	dice/gambling/to release
撱	tuǒ	wěi	cc-cedict	clip/shorten/throw away
擖	gě	kā	cc-cedict	scrape
擭	huò	wò	cc-cedict	trap
擻	sòu	sǒu	cc-cedict	(dialect) to stoke the embers (to revive a fire)/Taiwan pr. [sou3]
擼	lū	lǔ	cc-cedict	(dialect) to grasp (sth long or cylindrical) and slide the hand up or down/(dialect) to fire (an employee)/(dialect) to 
攂	léi	lèi	cc-cedict	to beat (old variant of 擂[lei2])
攃	sà	cā	cc-cedict	preceding
敇	chì	cè	cc-cedict	Imperial command or edict
敧	qǐ	jī	cc-cedict	to pick up thing with chopsticks or pincers.
敪	duó	duō	cc-cedict	to weigh/to cut/to come without being invited
斄	tái	lí	cc-cedict	ancient place name (a Han dynasty town in Shaanxi)/variant of 邰[Tai2]
斮	zhuó	cuò	cc-cedict	cut off
昤	līng	líng	cc-cedict	sunshine
晅	xuān	xuǎn	cc-cedict	light of the sun/to dry in the sun
晿	chēng	chāng	cc-cedict	(used in names)
暍	hè	yē	cc-cedict	hot
朘	juān	zuī	cc-cedict	(literary) to reduce/(literary) to exploit
朾	tíng	chéng	cc-cedict	to bump
杝	yí	lí	cc-cedict	(tree)
杠	gāng	gàng	cc-cedict	flagpole/footbridge
杷	bà	pá	cc-cedict	handle or shaft (of an axe etc)/hoe/to harrow
枒	yá	yā	cc-cedict	the coconut tree/rim
枙	è	ě	cc-cedict	tree knot
枸	gōu	gǒu	cc-cedict	bent/crooked
枹	fū	bāo	cc-cedict	Quercus glandulifera
柈	pán	bàn	cc-cedict	plate
柜	jǔ	guì	cc-cedict	Salix multinervis
柞	zuò	zhà	cc-cedict	oak/Quercus serrata
柣	zhí	zhì	cc-cedict	threshold
柵	zhà	shān	cc-cedict	fence/also pr. [shan1]
栟	bīng	bēn	cc-cedict	Trachycarpus excelsa
栵	lì	liè	cc-cedict	hedge
桄	guàng	guāng	cc-cedict	woven wood and bamboo utensil/classifier for threads and strings
桲	bó	po	cc-cedict	flail
梡	kuǎn	hún	cc-cedict	(tree)/stand for sacrifice
棳	zhuó	zhuō	cc-cedict	small pillars that support the roof, those which rest on the main beam
楅	bì	bī	cc-cedict	ox yoke placed on the horns
楎	hún	huī	cc-cedict	clothes-horse
楯	shǔn	dùn	cc-cedict	draw forth/horizontal railing
榥	huǎng	huàng	cc-cedict	screen
榼	kè	kē	cc-cedict	Pusaetha scandens
槑	dāi	méi	cc-cedict	(Internet slang) emphatic variant of 呆[dai1]
槾	mán	màn	cc-cedict	(tree)
樠	mén	mán	cc-cedict	elm/gum
樿	zhǎn	shàn	cc-cedict	(wood)
橁	xún	chūn	cc-cedict	Fraxinus bungeana
橎	fǎn	fán	cc-cedict	a kind of tree
欑	zàn	cuán	cc-cedict	gather
欹	yī	qī	cc-cedict	interjection
歺	cān	è	cc-cedict	second-round simplified character for 餐[can1]
氓	méng	máng	cc-cedict	(literary) common people
氜	rì	yáng	cc-cedict	old name for 氦[hai4], helium
氵	shuǐ	shui	cc-cedict	"water" radical in Chinese characters (Kangxi radical 85), occurring in 沒|没[mei2], 法[fa3], 流[liu2] etc/see also 三點水|三点水[
氿	guǐ	jiǔ	cc-cedict	mountain spring
沕	wù	mì	cc-cedict	abstruse/profound
泑	yǒu	yōu	cc-cedict	the vitreous glaze on china, porcelain etc
泭	fū	fú	cc-cedict	a raft
浰	lì	liàn	cc-cedict	to attend (official functions)
涌	chōng	yǒng	cc-cedict	(used in place names)
渢	fēng	fán	cc-cedict	(onom.) sound of flowing water/sound of wind/Taiwan pr. [feng2]
渮	gē	hé	cc-cedict	place name
湑	xǔ	xū	cc-cedict	abundant/bright/strain spirits
湞	zhēn	chēng	cc-cedict	river in Guangdong province
溈	guī	wéi	cc-cedict	name of a river in Shanxi
溎	guì	yàn	cc-cedict	name of a river
溱	zhēn	qín	cc-cedict	name of a river
溾	wēi	āi	cc-cedict	light rain
滃	wěng	wēng	cc-cedict	(of clouds) to rise/(of water) to swell
滉	huǎng	huàng	cc-cedict	bright expanse of water
漊	lǚ	lóu	cc-cedict	drizzle
漦	lí	chí	cc-cedict	go with current/mucus/spittle
漯	tà	luò	cc-cedict	name of a river
漷	kuò	huǒ	cc-cedict	clashing of two currents
潏	jué	yù	cc-cedict	to bubble up
潚	xiāo	sù	cc-cedict	sound of rain and wind
潦	lǎo	liáo	cc-cedict	flooded/heavy rain
澠	shéng	miǎn	cc-cedict	name of a river in Shandong
澮	kuài	huì	cc-cedict	drain/stream
灬	huǒ	biāo	cc-cedict	"fire" radical in Chinese characters (Kangxi radical 86), occurring in 熙, 然, 熊 etc
灴	hóng	hōng	cc-cedict	to bake, to roast/to dry at a fire
烋	xiāo	xiū	cc-cedict	to boil or fumigate
煠	yè	zhá	cc-cedict	to fry in fat or oil/to scald
熇	kǎo	hè	cc-cedict	dry
燂	qián	tán	cc-cedict	to heat/to scorch
爌	kuǎng	kuàng	cc-cedict	flame light
牏	tóu	yú	cc-cedict	short board/plank
犆	tè	zhí	cc-cedict	male animal
犉	rún	chún	cc-cedict	ox
犛	lí	máo	cc-cedict	black ox/yak
犵	qì	gē	cc-cedict	name of a tribe
狘	yuè	xuè	cc-cedict	jump
猈	bà	bài	cc-cedict	dog with short shinbone
猭	yuán	chuān	cc-cedict	ape/Hylobates agilis
琠	diǎn	tiǎn	cc-cedict	gem used as ear plug/jade earrings
琢	zhuó	zuó	cc-cedict	to cut (gems)
瓩	qian1wa3	qiān	cc-cedict	(old) contracted variant of 千瓦[qian1 wa3]
瓸	bai3wa3	bǎi	cc-cedict	(old) contracted variant of 百瓦[bai3 wa3]
甽	quǎn	zhèn	cc-cedict	drain between fields, irrigation
畷	chuò	zhuì	cc-cedict	raised path between fields
畽	tuǎn	tǔn	cc-cedict	place trodden by animals
疋	shū	pǐ	cc-cedict	foot
疶	xiè	xuē	cc-cedict	dysentery
痁	diàn	shān	cc-cedict	malarial fever
痡	pū	fū	cc-cedict	sick/disabled
痭	péng	bēng	cc-cedict	menorrhagia
痾	kē	ē	cc-cedict	(literary) disease/also pr. [e1]
瘈	jì	chì	cc-cedict	furious/hydrophobia/madness
瘩	dá	da	cc-cedict	sore/boil/scab
癐	guài	guì	cc-cedict	(literary) serious illness/(Cantonese) variant of 攰[gui4]
癿	qié	bié	cc-cedict	(used in place names)
皀	bī	jí	cc-cedict	one grain
皝	huǎng	huàng	cc-cedict	luminous/bright hoary, white
皻	cǔ	zhā	cc-cedict	chapped skin
盡	jìn	jǐn	cc-cedict	to use up/to exhaust/to end/to finish/to the utmost/exhausted/finished/to the limit (of sth)/all/entirely
眯	mí	mī	cc-cedict	to blind (as with dust)/Taiwan pr. [mi3]
睆	huǎn	huàn	cc-cedict	good-looking/cute
矼	jiāng	gāng	cc-cedict	stone bridge
矽	xī	xì	cc-cedict	(Tw) silicon (chemistry)/Taiwan pr. [xi4]
砈	è	ě	cc-cedict	astatine (chemistry) (Tw)
砠	qū	jū	cc-cedict	rocky hill
砢	luǒ	kē	cc-cedict	a heap/pile (of rocks)
砫	zhǔ	zhù	cc-cedict	ancestral tablet
硍	kèn	yín	cc-cedict	rumbling of rolling stones
硐	tóng	dòng	cc-cedict	grind
磑	wèi	wéi	cc-cedict	(literary) grindstone/(literary) to mill
磹	diàn	tán	cc-cedict	stone wedge
礧	lèi	léi	cc-cedict	roll stone down hill/stone pile
祢	nǐ	mí	cc-cedict	you (used to address a deity)
祲	jīn	jìn	cc-cedict	evil force
禔	tí	zhī	cc-cedict	well-being
禫	tǎn	dàn	cc-cedict	sacrifice at the end of mourning
离	chī	lí	cc-cedict	mythical beast (archaic)
秷	zhí	zhì	cc-cedict	sound of reaping
稙	zhí	zhī	cc-cedict	early-planted crop
穇	shān	cǎn	cc-cedict	panicum frumentaceum
穈	mén	méi	cc-cedict	porridge/rice sprouts
窔	yǎo	yào	cc-cedict	dark/deep/southeast corner of room
笐	gāng	háng	cc-cedict	bamboos placed across wooden frames on which grain may be stored in damp climates
笓	pí	bì	cc-cedict	to comb/fine-toothed comb/trap for prawns
筈	guā	kuò	cc-cedict	arrow end
筊	jiǎo	xiáo	cc-cedict	bamboo rope
築	zhù	zhú	cc-cedict	to build/to construct/to ram/to hit/Taiwan pr. [zhu2]
篢	gōng	lǒng	cc-cedict	bamboo hat
簁	xǐ	shāi	cc-cedict	sieve/to sift, to strain
簻	kē	zhuā	cc-cedict	big/hunger
籛	jiān	jiǎn	cc-cedict	surname Jian
粨	bai3mi3	bǎi	cc-cedict	(old) contracted variant of 百米[bai3 mi3]
糺	jiǔ	jiū	cc-cedict	army (used during the Liao, Jin and Yuan dynasties)
絅	jiǒng	jiōng	cc-cedict	monotone garment with no lining
絣	bǐng	bēng	cc-cedict	Ikat, a type of woven silk/Kasuri
絻	wèn	miǎn	cc-cedict	(old) mourning apparel
綏	suí	suī	cc-cedict	to pacify/Taiwan pr. [sui1]
綮	qǐ	qìng	cc-cedict	embroidered banner
緁	jié	qiè	cc-cedict	to join/to splice/to braid
緰	yú	tóu	cc-cedict	net
縝	zhěn	chēn	cc-cedict	fine and dense
縯	yǐn	yǎn	cc-cedict	long
縳	zhuàn	juàn	cc-cedict	to tie up
績	jì	jī	cc-cedict	to spin (hemp etc)/merit/accomplishment/Taiwan pr. [ji1]
繆	miào	móu	cc-cedict	surname Miao
繨	dá	da	cc-cedict	a knot (of a rope)
纕	xiāng	rǎng	cc-cedict	cord to hold up sleeves
罓	wǎng	gāng	cc-cedict	net (Kangxi radical 122)
罿	tóng	chōng	cc-cedict	bird net
羵	fěn	fén	cc-cedict	spirit
翛	shù	xiāo	cc-cedict	hastiness
肙	yuān	yuàn	cc-cedict	a small worm/to twist/to surround/empty
肵	jìn	qí	cc-cedict	table
脧	zuī	juān	cc-cedict	(literary) young boy's penis
腊	xī	là	cc-cedict	dried meat/also pr. [xi2]
腍	rěn	rèn	cc-cedict	be satiated/cooked/good-tasting
舡	gāng	chuán	cc-cedict	boat/ship
艹	cǎo	cao	cc-cedict	grass radical 草字頭兒|草字头儿[cao3 zi4 tou2 r5]
芘	pí	bǐ	cc-cedict	Malva sylvestris
芨	jí	jī	cc-cedict	Bletilla hyacinthina (mucilaginous)/Acronym for the Chinese Elder tree 菫草
芫	yuán	yán	cc-cedict	lilac daphne (Daphne genkwa), used in Chinese herbal medicine
芾	fú	fèi	cc-cedict	luxuriance of vegetation
苕	tiáo	sháo	cc-cedict	reed grass/Chinese trumpet vine (Campsis grandiflora) (old)
茆	mǎo	máo	cc-cedict	type of water plant/(dialect) loess hills
茈	zǐ	cí	cc-cedict	Common Gromwell or European stoneseed (Lithospermum officinale)
茍	jí	jì	cc-cedict	urgent
茠	xiū	hāo	cc-cedict	to weed/to eradicate
茦	cè	cì	cc-cedict	pointed grass blade/to prick
菀	yù	wǎn	cc-cedict	luxuriance of growth
葥	qián	jiàn	cc-cedict	Rubus palmatus
蒔	shì	shí	cc-cedict	(literary) to grow/(literary) to transplant/Taiwan pr. [shi2]
蓫	zhú	chù	cc-cedict	(weed)/Phytolacca acinosa
蓿	xù	xu	cc-cedict	clover/lucerne/Taiwan pr. [su4]
蕃	fán	bō	cc-cedict	luxuriant/flourishing/to reproduce/to proliferate
蕻	hòng	hóng	cc-cedict	(literary) luxuriant; flourishing/(literary) bud/(dialect) long stem of certain vegetables
薉	wèi	huì	cc-cedict	weedy
薢	xiào	xiè	cc-cedict	woody climbing plant
薧	kǎo	hāo	cc-cedict	dried food
薶	wō	mái	cc-cedict	to make dirty/to soil
薸	piāo	piáo	cc-cedict	duckweed
蘋	pín	píng	cc-cedict	clover fern (Marsilea quadrifolia)
蘵	zhí	zhī	cc-cedict	Physalis angulata
虷	gān	hán	cc-cedict	worm
蚵	é	hé	cc-cedict	(Tw) oyster (from Taiwanese, Tai-lo pr. [ô])
蛅	rán	zhān	cc-cedict	a caterpillar
蛣	jié	qī	cc-cedict	beetle
蛤	gé	há	cc-cedict	(bound form) clam/used in 蛤蚧[ge2 jie4]
蜆	xiǎn	xiàn	cc-cedict	basket clam (clam of family Corbiculidae); (esp.) Corbicula leana 真蜆|真蚬[zhen1 xian3]
蝍	jí	jié	cc-cedict	a centipede
蠙	bīn	pín	cc-cedict	pearl-oyster
蠰	shàng	náng	cc-cedict	Cerambyx rugicollis
衉	kè	kā	cc-cedict	to vomit
衵	nì	yì	cc-cedict	women's undergarments
衹	qí	zhǐ	cc-cedict-buddhist	robe of a Buddhist monk or nun
袚	fú	bō	cc-cedict	knee-pads/buskins
袮	nǐ	mí	cc-cedict	You/Thou (of deity)/variant of 你[ni3]
袲	yí	chǐ	cc-cedict	place name
裳	cháng	shang	cc-cedict	lower garment/skirts/petticoats/garments
褉	xiē	xiè	cc-cedict	short garments
襡	shú	shǔ	cc-cedict	short skirt or tunic
襢	zhàn	tǎn	cc-cedict	unadorned but elegant dress
覗	sī	sì	cc-cedict	peek
詑	tuó	yí	cc-cedict	cheat
詨	jiāo	xiào	cc-cedict	kind of cicada, cosmopsaltria
誃	chǐ	yí	cc-cedict	to separate
誒	xī	éi	cc-cedict	sigh (to express regret)
誧	pǔ	bū	cc-cedict	huge/to admonish
誰	shéi	shuí	cc-cedict	who/also pr. [shui2]
謑	xì	xǐ	cc-cedict	shame/disgrace
謦	qì	qìng	cc-cedict	cough slightly
豦	qú	jù	cc-cedict	a wild boar/to fight
賏	yìng	yīng	cc-cedict	pearls or shells strung together
賧	dǎn	tàn	cc-cedict	(old barbarian dialects) to pay a fine in atonement/river/Taiwan pr. [tan4]
贉	tǎn	dàn	cc-cedict	pay an advance/silk book cover
趄	qiè	jū	cc-cedict	to slant; to incline
跁	pá	bà	cc-cedict	to squat/crouch
跐	cǐ	cī	cc-cedict	to trample/to step/to walk on the ball of the foot
跕	dié	diǎn	cc-cedict	shuffle
跙	jǔ	jù	cc-cedict	weak, lame
跡	jì	jī	cc-cedict	(bound form) trace; mark; vestige; clue/Taiwan pr. [ji1]
踆	qūn	cūn	cc-cedict	squat
踤	cù	zú	cc-cedict	to butt against
踦	jǐ	yǐ	cc-cedict	shin
蹊	xī	qī	cc-cedict	(literary) footpath
蹓	liù	liū	cc-cedict	to stroll/walk a horse
蹜	suō	sù	cc-cedict	walk carefully
蹟	jì	jī	cc-cedict	(bound form) vestige; historical remains (variant of 跡|迹[ji4])
躂	dā	dá	cc-cedict	to stumble/to slip/variant of 達|达[da2]
躠	xiè	sǎ	cc-cedict	to limp
躦	zuān	cuó	cc-cedict	to jump
轘	huàn	huán	cc-cedict	to tear between chariots (as punishment)
轞	xiàn	jiàn	cc-cedict	vehicle for transporting prisoners
迤	yǐ	yí	cc-cedict	extending to
逌	yóu	yōu	cc-cedict	distant/joyous/satisfied
逴	chuò	chuō	cc-cedict	apparent/distant/highly
遫	sù	chì	cc-cedict	alert/nimble/quick
遻	wù	è	cc-cedict	recalcitrant/to encounter
郇	xún	huán	cc-cedict	name of a feudal state
郗	chī	xī	cc-cedict	surname Chi/name of an ancient city
鄇	hòu	hóu	cc-cedict	place name
鄎	xì	xī	cc-cedict	place name
鄏	rù	rǔ	cc-cedict	place name
鄚	mò	mào	cc-cedict	surname Mo
鄿	qí	jī	cc-cedict	(herb)/place name
酏	yí	yǐ	cc-cedict	elixirs/sweet wine
醊	chuò	zhuì	cc-cedict	pour libation on ground
醝	cuó	cuō	cc-cedict	liquor/spirit
醱	pō	fā	cc-cedict	to ferment alcohol/Taiwan pr. [po4]
釃	shī	shāi	cc-cedict	(literary) to filter (wine)/to pour (wine or tea)/to dredge/also pr. [shai1]/Taiwan pr. [si1]
釙	pō	pò	cc-cedict	polonium (chemistry)/Taiwan pr. [po4]
釩	fán	fǎn	cc-cedict	vanadium (chemistry)
釪	yú	huá	cc-cedict	an alms bowl/a small bell
鈮	ní	nǐ	cc-cedict	niobium (chemistry)
鈹	pí	pī	cc-cedict	beryllium (chemistry)
鉈	tā	shī	cc-cedict	thallium (chemistry)
鉕	pǒ	pō	cc-cedict	promethium (chemistry)
鉨	nǐ	xǐ	cc-cedict	(chemistry) nihonium
鉺	ěr	èr	cc-cedict	erbium (chemistry)
鉿	hā	jiā	cc-cedict	hafnium (chemistry)
銎	qiōng	qióng	cc-cedict	eye of an axe
銻	tī	tí	cc-cedict	antimony (chemistry)
鋘	wú	huá	cc-cedict	to plaster/trowel
鋙	wú	yǔ	cc-cedict	hoe
鋟	qín	qǐn	cc-cedict	to carve
錁	kè	guǒ	cc-cedict	grease-pot for cart/ingot
錇	péi	póu	cc-cedict	berkelium (chemistry)
錈	juàn	juǎn	cc-cedict	to bend iron
錏	yà	yā	cc-cedict	ammonium (old)
鍐	cōng	zōng	cc-cedict	a headstall, ornament on a bridle
鍩	nuò	tiǎn	cc-cedict	nobelium (chemistry)
鍶	sī	sōng	cc-cedict	strontium (chemistry)
鎉	tà	dá	cc-cedict	thallium
鎘	gé	lì	cc-cedict	cadmium (chemistry)
鎝	tǎ	dā	cc-cedict	technetium (chemistry) (Tw)
鎞	bì	bī	cc-cedict	plowshare/barb, lancet
鎤	huǎng	huàng	cc-cedict	sound of a bell/small bell
鐄	héng	huáng	cc-cedict	bell
鐐	liào	liáo	cc-cedict	fetters/leg-irons/shackles
鐓	dūn	duì	cc-cedict	upsetting (forged pieces)
鐧	jiǎn	jiān	cc-cedict	ancient weapon like a long solid metal truncheon
鑭	lán	làn	cc-cedict	lanthanum (chemistry)
鑰	yuè	yào	cc-cedict	key/also pr. [yao4]
鑴	xì	xī	cc-cedict	to engrave or carve, as a block for printing
钃	shǔ	zhú	cc-cedict	metal
閡	hé	ài	cc-cedict	obstruct
闆	pàn	bǎn	cc-cedict	to catch sight of in a doorway (old)
闟	xī	xì	cc-cedict	peacefully/quietly
阤	tuó	zhì	cc-cedict	bank/hillside
隃	yú	shù	cc-cedict	exceed/jump over
隩	yù	ào	cc-cedict	bay/cove
雘	huò	wò	cc-cedict	red earth used for paints
雟	suí	xī	cc-cedict	sparrow/revolve/place name
鞝	zhǎng	shàng	cc-cedict	patch of leather
韖	róu	rǒu	cc-cedict	tan, soften
頄	qiú	kuí	cc-cedict	cheekbone
顢	mān	mán	cc-cedict	dawdling
顣	qī	cù	cc-cedict	frown
颾	sāo	sōu	cc-cedict	blowing of the wind
飂	liáo	liù	cc-cedict	wind in high places
餔	bū	bù	cc-cedict	to eat/evening meal
餳	xíng	táng	cc-cedict	maltose syrup/molasses/heavy (eyelids)/drowsy-eyed/listless/(of dough, candy etc) to soften/to become soft and sticky
馣	yǎn	ān	cc-cedict	fragrant odor
馲	tuō	zhé	cc-cedict	camel/Taiwan pr. [luo4]
馴	xùn	xún	cc-cedict	to attain gradually/to tame/Taiwan pr. [xun2]
駃	kuài	jué	cc-cedict	(literary) fast horse/(literary) fast (variant of 快[kuai4])
駗	zhēn	zhěn	cc-cedict	chatter mark
駴	xiè	hài	cc-cedict	thunderous beating of drums
駽	xuàn	xuān	cc-cedict	gray
驃	piào	biāo	cc-cedict	white horse
驏	chǎn	zhàn	cc-cedict	(literary) to ride a horse without a saddle
骱	xiè	jiè	cc-cedict	joint of bones
髈	pǎng	bǎng	cc-cedict	(dialect) thigh
髲	pì	bì	cc-cedict	a wig
鬋	jiān	jiǎn	cc-cedict	to hang down (hair)
鬗	màn	mán	cc-cedict	head ornaments/pretty hair
鬠	kuài	kuò	cc-cedict	to make a top knot
鬵	qián	qín	cc-cedict	big iron pot/cauldron/variant of 甑[zeng4], rice pot
魣	yú	xù	cc-cedict	perch
魬	fǎn	bǎn	cc-cedict	sole or flounder
鮁	bà	bō	cc-cedict	(bound form) Spanish mackerel
鮆	jì	cǐ	cc-cedict	(fish)
鮊	bó	bà	cc-cedict	culter, a generic term for cyprinid fish of genera Culter and Erythroculter
鮨	qí	yì	cc-cedict	sushi/grouper (Portuguese: garoupa)/Epinephelus septemfasciatus
鯆	fǔ	pū	cc-cedict	the skate or ray
鯈	chóu	tiáo	cc-cedict	Leuciscus macropus
鯡	fēi	fèi	cc-cedict	Pacific herring
鯽	jì	zéi	cc-cedict	bastard carp/sand perch
鰜	jiān	qiàn	cc-cedict	flounder/flatfish
鳻	fēn	bān	cc-cedict	the wild pigeon
鳽	yán	jiān	cc-cedict	(used in naming bitterns and several other species of heron)/also pr. [jian1]
鴄	pī	pǐ	cc-cedict	wild duck
鵀	rèn	rén	cc-cedict	hoopoe
鵫	zhào	zhuó	cc-cedict	pheasant
鶻	hú	gú	cc-cedict	falcon/migratory bird
鷏	zhēn	tián	cc-cedict	bird name
鸒	yú	yù	cc-cedict	the eastern jackdaw
麌	wú	yǔ	cc-cedict	stag/herd
黕	zhěn	dǎn	cc-cedict	red
黦	yù	yuè	cc-cedict	yellowish black
黮	tán	dǎn	cc-cedict	black, dark/unclear/private
齈	nóng	nòng	cc-cedict	cold in the head catarrh of the nose
齜	zī	chái	cc-cedict	to bare (one's teeth)
齞	niàn	yǎn	cc-cedict	to display the teeth
齦	yín	kěn	cc-cedict	gums (of the teeth)
龡	chuì	chuī	cc-cedict	to blow (a flute)/archaic version of 吹
一匙	yī chí	yī shi	cc-cedict	spoonful
一宿	yī xiǔ	yī sù	cc-cedict	one whole night; all night
一打	yī dá	yī dǎ	cc-cedict	dozen
一更	yī gēng	yī gèng	cc-cedict	first of the five night watch periods 19:00-21:00 (old)
丁丁	zhēng zhēng	dīng dīng	cc-cedict	sound of chopping wood, chess pieces hitting the board etc
万俟	mò qí	wàn qí	cc-cedict	two-character surname Moqi
丈量	zhàng liáng	zhàng liàng	cc-cedict	to measure/measurement
三更	sān gēng	sān gèng	cc-cedict	third of the five night watch periods 23:00-01:00 (old)/midnight/also pr. [san1 jin1]
三藏	sān zàng	sān cáng	cc-cedict-buddhist	Tripitaka, the three main types of text that collectively constitute the Buddhist canon of scriptures: sutras, commandme
三都	sān dū	sān dōu	cc-cedict	see 三都水族自治縣|三都水族自治县[San1 du1 Shui3 zu2 Zi4 zhi4 xian4]
三重	sān chóng	sān zhòng	cc-cedict	Sanchong, a district of New Taipei City 新北市[Xin1 bei3 Shi4], Taiwan/Mie (prefecture in Japan)
三重	sān chóng	sān zhòng	cc-cedict	treble
上供	shàng gòng	shàng gōng	cc-cedict	to make offerings (to gods or ancestors)/to offer gifts to superiors in order to win their favor
上將	shàng jiàng	shàng jiāng	cc-cedict	general/admiral/air chief marshal
上當	shàng dàng	shàng dāng	cc-cedict	taken in (by sb's deceit)/to be fooled/to be duped
上相	shàng xiàng	shàng xiāng	cc-cedict	photogenic/(old) high official
上聲	shǎng shēng	shàng shēng	cc-cedict	falling and rising tone/third tone in modern Mandarin
上色	shàng shǎi	shàng sè	cc-cedict	to color (a picture etc)/to dye (fabric etc)/to stain (furniture etc)
上調	shàng tiáo	shàng diào	cc-cedict	to raise (prices)/to adjust upwards
上載	shàng zǎi	shàng zài	cc-cedict	to upload/also pr. [shang4zai4]
上都	shàng dū	shàng dōu	cc-cedict	Shangdu, also known as Xanadu, summer capital of the Yuan Dynasty (1279-1368)
下咽	xià yān	xià yàn	cc-cedict	(anatomy) hypopharynx
下地	xià dì	xià de	cc-cedict	to go down to the fields/to get up from bed/to leave one's sickbed/to be born
下調	xià tiáo	xià diào	cc-cedict	to adjust downwards/to lower (prices, wages etc)
下載	xià zǎi	xià zài	cc-cedict	to download/also pr. [xia4zai4]
下頦	xià kē	xià hái	cc-cedict	chin/Taiwan pr. [xia4hai2]
不了	bù liǎo	bù le	cc-cedict	(as a resultative verb suffix) unable to (do sth)/(pattern: {verb} + 個|个[ge5] + ~) without end; incessantly
不兒	bú r	bù ér	cc-cedict	(coll.) no (contracted form of 不是[bu4 shi4])
不匱	bù kuì	bù guì	cc-cedict	(literary) to never have a deficiency; to never be lacking
不差	bù chā	bù chà	cc-cedict	to not lack
不當	bù dàng	bù dāng	cc-cedict	unsuitable; improper; inappropriate
不盡	bù jìn	bù jǐn	cc-cedict	not completely/endlessly
不禁	bù jīn	bù jìn	cc-cedict	can't help (doing sth)/can't refrain from
不興	bù xīng	bù xìng	cc-cedict	out of fashion/outmoded/impermissible/can't
不菲	bù fěi	bù fēi	cc-cedict	considerable (cost etc)/bountiful (crop etc)/high (social status etc)
不著	bù zháo	bù zhù	cc-cedict	no need/need not
丑角	chǒu jué	chǒu jiǎo	cc-cedict	clown role in opera/clown/buffoon
世相	shì xiàng	shì xiāng	cc-cedict	the ways of the world
世行	shì háng	shì xíng	cc-cedict	World Bank (abbr. for 世界銀行|世界银行[Shi4 jie4 Yin2 hang2])
丞相	chéng xiàng	chéng xiāng	cc-cedict	the most senior minister of many kingdoms or dynasties (with varying roles)/prime minister
並處	bìng chǔ	bìng chù	cc-cedict	to impose an additional penalty
丫杈	yā chà	yā chā	cc-cedict	fork (of a tree)/tool made of forked wood
中伏	zhòng fú	zhōng fú	cc-cedict	to be ambushed
中傷	zhòng shāng	zhōng shāng	cc-cedict	to slander; to defame/to get hit (by a bullet); to be wounded
中將	zhōng jiàng	zhōng jiāng	cc-cedict	lieutenant general; vice admiral; air marshal
中式	zhòng shì	zhōng shì	cc-cedict	to pass the imperial examinations
中彈	zhòng dàn	zhōng dàn	cc-cedict	to get hit by a bullet; to get shot
中彩	zhòng cǎi	zhōng cǎi	cc-cedict	to win a prize at a lottery
中意	zhòng yì	zhōng yì	cc-cedict	to take one's fancy; to be to one's liking
中招	zhòng zhāo	zhōng zhāo	cc-cedict	(martial arts) to get hit; to get taken down/(fig.) to get infected (disease or computer virus)/(fig.) to fall for sb's 
中暑	zhòng shǔ	zhōng shǔ	cc-cedict	to suffer heat exhaustion/sunstroke; heatstroke
中槍	zhòng qiāng	zhōng qiāng	cc-cedict	to be hit by a gun/shot
中標	zhòng biāo	zhōng biāo	cc-cedict	to win a tender; to win a bid
中毒	zhòng dú	zhōng dú	cc-cedict	to be poisoned
中牟	zhōng mù	zhōng móu	cc-cedict	see 中牟縣|中牟县[Zhong1 mu4 Xian4]
中獎	zhòng jiǎng	zhōng jiǎng	cc-cedict	to win a prize (in a lottery etc)
中的	zhòng dì	zhōng de	cc-cedict	to hit the target/(fig.) to hit the nail on the head
中簽	zhòng qiān	zhōng qiān	cc-cedict	to win a ballot; to draw a lucky number
中肯	zhòng kěn	zhōng kěn	cc-cedict	pertinent; apropos
中興	zhōng xīng	zhōng xìng	cc-cedict	resurgence/recovery/restoration
中舉	zhòng jǔ	zhōng jǔ	cc-cedict	to pass the provincial level imperial examination
中行	zhōng háng	zhōng xíng	cc-cedict	abbr. for 中國銀行|中国银行[Zhong1 guo2 Yin2 hang2]
中計	zhòng jì	zhōng jì	cc-cedict	to fall into a trap; to be taken in
中試	zhòng shì	zhōng shì	cc-cedict	to pass a test
中選	zhòng xuǎn	zhōng xuǎn	cc-cedict	to be chosen; to be selected
中邪	zhòng xié	zhōng xié	cc-cedict	to be possessed; to be bewitched
中都	zhōng dū	zhōng dōu	cc-cedict	Zhongdu, capital of China during the Jin Dynasty (1115-1234), modern day Beijing
中風	zhòng fēng	zhōng fēng	cc-cedict	to suffer a paralyzing stroke
中魔	zhòng mó	zhōng mó	cc-cedict	to be possessed; to be bewitched
串供	chuàn gòng	chuàn gōng	cc-cedict	to collude to fabricate a story
串行	chuàn háng	chuàn xíng	cc-cedict	to miss a line/to confuse two lines
丹佛	dān fó	dān fú	cc-cedict	Denver, Colorado
丹參	dān shēn	dān cān	cc-cedict	(botany) red sage (Salvia miltiorrhiza)
丹稜	dān líng	dān léng	cc-cedict	see 丹稜縣|丹棱县[Dan1 ling2 Xian4]
主將	zhǔ jiàng	zhǔ jiāng	cc-cedict	commander-in-chief (military)/star player (sports)/key figure (in an organization)
主角	zhǔ jué	zhǔ jiǎo	cc-cedict	leading role; lead/protagonist
久長	jiǔ cháng	jiǔ zhǎng	cc-cedict	a long time
么二	yāo èr	me èr	cc-cedict	one-two or ace-deuce (smallest throw at dice)/a prostitute
么兒	yāo ér	me ér	cc-cedict	(coll.) youngest son
么女	yāo nǚ	me nǚ	cc-cedict	(coll.) youngest daughter
么雞	yāo jī	me jī	cc-cedict	(mahjong) bird tile; one bam
么點	yāo diǎn	me diǎn	cc-cedict	ace
乳暈	rǔ yùn	rǔ yūn	cc-cedict	mammary areola
乾俸	gān fèng	qián fèng	cc-cedict	income provided by a sinecure
乾兒	gān ér	qián ér	cc-cedict	adopted son (traditional adoption, i.e. without legal ramifications)
乾兒	gān r	qián ér	cc-cedict	dried food
乾冰	gān bīng	qián bīng	cc-cedict	dry ice (i.e. frozen CO2)/CL:塊|块[kuai4]
乾咳	gān ké	qián hāi	cc-cedict	to cough without phlegm/a dry cough
乾嘔	gān ǒu	qián ǒu	cc-cedict	to retch
乾嚎	gān háo	qián háo	cc-cedict	to cry out loud without tears
乾娘	gān niáng	qián niáng	cc-cedict	adoptive mother (traditional adoption, i.e. without legal ramifications)
乾媽	gān mā	qián mā	cc-cedict	adoptive mother (traditional adoption, i.e. without legal ramifications)
乾屍	gān shī	qián shī	cc-cedict	desiccated corpse; mummified body
乾旱	gān hàn	qián hàn	cc-cedict	drought/(of land, climate etc) arid; dry
乾杯	gān bēi	qián bēi	cc-cedict	to drink a toast/Cheers! (proposing a toast)/Here's to you!/Bottoms up!/lit. dry cup
乾果	gān guǒ	qián guǒ	cc-cedict	dried fruit/dry fruits (nuts etc)
乾枯	gān kū	qián kū	cc-cedict	withered; shriveled; dried-up
乾洗	gān xǐ	qián xǐ	cc-cedict	to dry clean/dry cleaning
乾涸	gān hé	qián hé	cc-cedict	to dry up
乾淨	gān jìng	qián jìng	cc-cedict	clean/neat
乾渴	gān kě	qián kě	cc-cedict	parched/dry mouth
乾潮	gān cháo	qián cháo	cc-cedict	low tide/low water
乾澀	gān sè	qián sè	cc-cedict	dry and rough (skin)/hoarse (voice)/dry and heavy (style)
乾煸	gān biān	qián biān	cc-cedict	to stir-fry with oil only (no addition of water)
乾燥	gān zào	qián zào	cc-cedict	(of weather, climate, soil etc) dry; arid/(of skin, mouth etc) dry/(fig.) dull; dry; boring/(of timber etc) to dry out; 
乾爹	gān diē	qián diē	cc-cedict	adoptive father (traditional adoption, i.e. without legal ramifications)
乾爽	gān shuǎng	qián shuǎng	cc-cedict	dry and clean/clear and fresh
乾瘦	gān shòu	qián shòu	cc-cedict	wizened/skinny and shriveled
乾癟	gān biě	qián biě	cc-cedict	dried out/wizened/shriveled
乾癬	gān xuǎn	qián xuǎn	cc-cedict	psoriasis
乾笑	gān xiào	qián xiào	cc-cedict	to give a hollow laugh/to force a smile/forced laugh/CL:聲|声[sheng1]
乾等	gān děng	qián děng	cc-cedict	to wait in vain; to sit around waiting
乾粉	gān fěn	qián fěn	cc-cedict	dry powder
乾糧	gān liáng	qián liáng	cc-cedict	rations (to take on expedition)
乾脆	gān cuì	qián cuì	cc-cedict	candid/direct and to the point/simply/just/might as well
乾草	gān cǎo	qián cǎo	cc-cedict	hay
乾菜	gān cài	qián cài	cc-cedict	dried vegetable
乾葉	gān yè	qián yè	cc-cedict	dried leaf
乾薑	gān jiāng	qián jiāng	cc-cedict	dried ginger
乾號	gān háo	qián hào	cc-cedict	to cry out loud without tears
乾衣	gān yī	qián yī	cc-cedict	drysuit (diving)
乾裂	gān liè	qián liè	cc-cedict	(of dry soil etc) to crack; (of skin) to chap
乾貝	gān bèi	qián bèi	cc-cedict	conpoy; dried scallop (dried adductor muscle of a scallop)
乾貨	gān huò	qián huò	cc-cedict	dried food (including dried fruits, mushrooms and seafoods such as shrimp and abalone)/(fig.) (coll.) knowledge presente
乾透	gān tòu	qián tòu	cc-cedict	to dry out/to dry completely
乾酪	gān lào	qián lào	cc-cedict	cheese
乾鍋	gān guō	qián guō	cc-cedict	dry pot, a type of dish in which ingredients are wok-fried, then served hot in a clay pot or on a metal pan
乾飯	gān fàn	qián fàn	cc-cedict	plain cooked rice (as opposed to rice porridge)
乾餾	gān liú	qián liù	cc-cedict	to carbonize/dry distillation/carbonization
乾麵	gān miàn	qián miàn	cc-cedict	noodles mixed with a sauce and served with toppings (not in a soup)/(dialect) flour
了了	liǎo liǎo	le le	cc-cedict	to realize clearly/to settle a matter/to get it over with
了事	liǎo shì	le shì	cc-cedict	to dispose of a matter/to be done with it
了債	liǎo zhài	le zhài	cc-cedict	to repay one's debt
了卻	liǎo què	le què	cc-cedict	to resolve/to settle
了局	liǎo jú	le jú	cc-cedict	end/conclusion/solution
了得	liǎo de	le dé	cc-cedict	exceptional/outstanding/dreadful/appalling
了斷	liǎo duàn	le duàn	cc-cedict	to bring to a conclusion; to resolve (a dispute etc); to put an end to (once and for all); to break off (a relationship)
了無	liǎo wú	le wú	cc-cedict	to completely lack; to have not even the slightest
了然	liǎo rán	le rán	cc-cedict	to understand clearly; evident
了當	liǎo dàng	le dāng	cc-cedict	frank; outspoken/ready; settled; in order/(old) to deal with; to handle
了知	liǎo zhī	le zhī	cc-cedict-buddhist	(Buddhism) to fully understand/to understand completely
了結	liǎo jié	le jié	cc-cedict	to settle/to finish/to conclude/to wind up
了解	liǎo jiě	le jiě	cc-cedict	to understand; to know about/to learn about; to find out
事假	shì jià	shì jiǎ	cc-cedict	leave of absence for a personal matter
事兒	shì r	shì ér	cc-cedict	one's employment/business/matter that needs to be settled/(northern dialect) (of a person) demanding/trying/troublesome/
二更	èr gēng	èr gèng	cc-cedict	second of the five night watch periods 21:00-23:00 (old)
二重	èr chóng	èr zhòng	cc-cedict	double/repeated twice
于都	yú dū	yú dōu	cc-cedict	see 于都縣|于都县[Yu2 du1 Xian4]
五更	wǔ gēng	wǔ gèng	cc-cedict	fifth of the five night watch periods 03:00-05:00 (old)
交卷	jiāo juàn	jiāo juǎn	cc-cedict	to hand in one's examination script
交差	jiāo chāi	jiāo chà	cc-cedict	to report back after completion of one's mission
交惡	jiāo wù	jiāo è	cc-cedict	to become enemies; to become hostile towards each other
交還	jiāo huán	jiāo hái	cc-cedict	to return sth/to hand back
京都	jīng dū	jīng dōu	cc-cedict	Kyoto (city in Japan)
京都	jīng dū	jīng dōu	cc-cedict	capital (of a country)
亮相	liàng xiàng	liàng xiāng	cc-cedict	to strike a pose (Chinese opera)/(fig.) to make a public appearance; to come out in public (revealing one's true persona
人兒	rén r	rén ér	cc-cedict	figurine
人參	rén shēn	rén cān	cc-cedict	ginseng
人為	rén wéi	rén wèi	cc-cedict	artificial/man-made/having human cause or origin/human attempt or effort
人相	rén xiàng	rén xiāng	cc-cedict	physiognomy
人行	rén háng	rén xíng	cc-cedict	People's Bank of China (abbr. for 中國人民銀行|中国人民银行[Zhong1 guo2 Ren2 min2 Yin2 hang2])
什器	shí qì	shén qì	cc-cedict	various kinds of everyday utensils
什菜	shí cài	shén cài	cc-cedict	mixed vegetables
什葉	shí yè	shén yè	cc-cedict	Shia (a movement in Islam)
什邡	shí fāng	shén fāng	cc-cedict	see 什邡市[Shi2 fang1 Shi4]
什錦	shí jǐn	shén jǐn	cc-cedict	(food) assorted/mixed/assortment
今兒	jīn r	jīn ér	cc-cedict	(coll.) today
今朝	jīn zhāo	jīn cháo	cc-cedict	(dialect) today/(literary) the present; this age
介殼	jiè qiào	jiè ké	cc-cedict	(zoology) shell
仔肩	zī jiān	zǐ jiān	cc-cedict	to bear responsibility for sth
仙樂	xiān yuè	xiān lè	cc-cedict	heavenly music
代為	dài wéi	dài wèi	cc-cedict	to do sth on behalf of sb else
令狐	líng hú	lìng hú	cc-cedict	old place name (in present-day Linyi County 臨猗縣|临猗县[Lin2 yi1 Xian4], Shanxi)/two-character surname Linghu
以為	yǐ wéi	yǐ wèi	cc-cedict	to think; to believe (often with the implication that the belief is mistaken – unless referring to one's own current bel
任丘	rén qiū	rèn qiū	cc-cedict	see 任丘市[Ren2 qiu1 Shi4]
任安	rén ān	rèn ān	cc-cedict	Ren An (-c. 90 BC), Han Dynasty general, also called Ren Shaoqing 任少卿
任澤	rén zé	rèn zé	cc-cedict	see 任澤區|任泽区[Ren2 ze2 Qu1]
份兒	fèn r	fèn ér	cc-cedict	degree/extent/allotted share
伄儅	diào dāng	diào dàng	cc-cedict	seldom/irregularly
伎倆	jì liǎng	jì liǎ	cc-cedict	trick; scheme; ploy/skill
伏地	fú dì	fú de	cc-cedict	to lie prostrate
休假	xiū jià	xiū jiǎ	cc-cedict	to go on vacation; to have a holiday; to take leave
伯顏	bà yán	bó yán	cc-cedict	Bayan of the Baarin (1236–1295), Mongol general under Kublai Khan who led the conquest of the Southern Song/Bayan of the
伸長	shēn cháng	shēn zhǎng	cc-cedict	to stretch; to extend
伺機	sì jī	cì jī	cc-cedict	to wait for an opportunity/to watch for one's chance
伺隙	sì xì	cì xì	cc-cedict	to wait for the opportunity
似地	shì de	sì de	cc-cedict	(used to form an adverbial phrase X + 似地[shi4 de5]) like (X); as if (X)/Taiwan pr. [si4de5]
似的	shì de	sì de	cc-cedict	seems as if/rather like/Taiwan pr. [si4 de5]
伽瑪	gā mǎ	jiā mǎ	cc-cedict	variant of 伽馬|伽马[ga1 ma3]
伽藍	qié lán	jiā lán	cc-cedict-buddhist	Buddhist temple (loanword from Sanskrit "samgharama")
伽馬	gā mǎ	jiā mǎ	cc-cedict	(loanword) gamma (Greek letter Γ, γ)
低地	dī dì	dī de	cc-cedict	lowland
住地	zhù dì	zhù de	cc-cedict	living area/residential area
住舍	zhù shè	zhù shě	cc-cedict	house/residence
何干	hé gān	hé gàn	cc-cedict	what business?
何為	hé wéi	hé wèi	cc-cedict	what is/(old) what for/(in a rhetorical question) it's no use
佛像	fó xiàng	fú xiàng	cc-cedict-buddhist	Buddhist image/statue of Buddha or Bodhisattva/CL:尊[zun1], 張|张[zhang1]
佛光	fó guāng	fú guāng	cc-cedict	Buddha's teachings/aura (around the head of Buddha)
佛典	fó diǎn	fú diǎn	cc-cedict-buddhist	Buddhist scriptures/Buddhist classics
佛坪	fó píng	fú píng	cc-cedict	see 佛坪縣|佛坪县[Fo2 ping2 Xian4]
佛塔	fó tǎ	fú tǎ	cc-cedict	pagoda
佛媛	fó yuán	fú yuàn	cc-cedict-buddhist	Buddhist griftress (female Internet influencer who exploits Buddhist imagery for self-promotion or commercial purposes)
佛學	fó xué	fú xué	cc-cedict-buddhist	Buddhist doctrine/Buddhist studies
佛家	fó jiā	fú jiā	cc-cedict-buddhist	Buddhism/Buddhist
佛寺	fó sì	fú sì	cc-cedict-buddhist	Buddhist temple
佛山	fó shān	fú shān	cc-cedict	see 佛山市[Fo2 shan1 Shi4]
佛岡	fó gāng	fú gāng	cc-cedict	see 佛岡縣|佛冈县[Fo2 gang1 Xian4]
佛州	fó zhōu	fú zhōu	cc-cedict	Florida (abbr. for 佛羅里達州|佛罗里达州[Fo2 luo2 li3 da2 Zhou1])
佛心	fó xīn	fú xīn	cc-cedict	Buddha-like heart (full of compassion)/spirit of Buddha (awakened to reality and no longer clinging to appearances)
佛性	fó xìng	fú xìng	cc-cedict	Buddha nature
佛愛	fó ài	fú ài	cc-cedict	phi (Greek letter Φ, φ)
佛手	fó shǒu	fú shǒu	cc-cedict	Buddha's hand; fingered citron (Citrus medica var. sarcodactylis)
佛教	fó jiào	fú jiào	cc-cedict-buddhist	Buddhism
佛書	fó shū	fú shū	cc-cedict-buddhist	Buddhist scripture
佛法	fó fǎ	fú fǎ	cc-cedict-buddhist	Dharma (the teachings of the Buddha)/Buddhist doctrine
佛爺	fó ye	fú yé	cc-cedict-buddhist	Buddha (term of respect for Sakyamuni 釋迦牟尼|释迦牟尼[Shi4 jia1 mou2 ni2])/His Holiness (refers to a Buddhist grandee)/Buddha/
佛牙	fó yá	fú yá	cc-cedict	Buddha's tooth (as a holy relic)
佛珠	fó zhū	fú zhū	cc-cedict-buddhist	Buddhist prayer beads
佛祖	fó zǔ	fú zǔ	cc-cedict-buddhist	Buddha/founder of a buddhist sect
佛系	fó xì	fú xì	cc-cedict	(neologism, attested by 2017) (coll.) chill about everything (typically used to describe young people who don't buy into
佛經	fó jīng	fú jīng	cc-cedict-buddhist	Buddhist texts; Buddhist scripture
佛號	fó hào	fú hào	cc-cedict	one of the many names of Buddha
佛語	fó yǔ	fú yǔ	cc-cedict-buddhist	Buddhist term
佛門	fó mén	fú mén	cc-cedict-buddhist	Buddhism
佛陀	fó tuó	fú tuó	cc-cedict	Buddha (a person who has attained Buddhahood, or specifically Siddhartha Gautama)
佛骨	fó gǔ	fú gǔ	cc-cedict	Buddha's bones (as a sacred relic)
佛龕	fó kān	fú kān	cc-cedict-buddhist	niche for statue (esp. Buddhist, Christian etc)
作坊	zuō fang	zuò fāng	cc-cedict	workshop (of artisan)
作曲	zuò qǔ	zuò qū	cc-cedict	to compose (music)
作為	zuò wéi	zuò wèi	cc-cedict	one's conduct/deed/activity/accomplishment/achievement/to act as/as (in the capacity of)/qua/to view as/to look upon (st
作興	zuò xīng	zuò xìng	cc-cedict	maybe/possibly/there is reason to believe
佝瞀	kòu mào	gōu mào	cc-cedict	variant of 怐愗[kou4 mao4]
佣金	yòng jīn	yōng jīn	cc-cedict	commission
佣錢	yòng qian	yōng qián	cc-cedict	commission; brokerage
使盡	shǐ jìn	shǐ jǐn	cc-cedict	to exert all one's strength
來朝	lái zhāo	lái cháo	cc-cedict	(literary) tomorrow (morning)
來著	lái zhe	lái zhù	cc-cedict	auxiliary showing sth happened in the past
例假	lì jià	lì jiǎ	cc-cedict	(euphemism) menstrual period/(dated euphemism) menstrual leave/legal holiday
侍應	shì yìng	shì yīng	cc-cedict	waiter; waitress (abbr. for 侍應生|侍应生[shi4 ying4 sheng1])
供品	gòng pǐn	gōng pǐn	cc-cedict	offering
供奉	gòng fèng	gōng fèng	cc-cedict	to consecrate/to enshrine and worship/an offering (to one's ancestors)/a sacrifice (to a god)
供應	gōng yìng	gōng yīng	cc-cedict	to supply; to provide (goods, services etc)
供物	gòng wù	gōng wù	cc-cedict	offering
供狀	gòng zhuàng	gōng zhuàng	cc-cedict	written confession
供稱	gòng chēng	gōng chēng	cc-cedict	to make a confession (law)
供給	gōng jǐ	gōng gěi	cc-cedict	to furnish/to provide/supply (as in supply and demand)
供職	gòng zhí	gōng zhí	cc-cedict	to hold an office or post
供花	gòng huā	gōng huā	cc-cedict	flower offering
供詞	gòng cí	gōng cí	cc-cedict	confession; statement/Taiwan pr. [gong1ci2]
供認	gòng rèn	gōng rèn	cc-cedict	to confess/confession
供述	gòng shù	gōng shù	cc-cedict	confession
供養	gòng yǎng	gōng yǎng	cc-cedict	to make offerings to (gods or ancestors)/Taiwan pr. [gong4yang4]
依著	yī zhe	yī zhù	cc-cedict	in accordance with
便便	pián pián	biàn biàn	cc-cedict	obese/bulging
便嬛	pián xuān	biàn huán	cc-cedict	(old) graceful
便宜	pián yi	biàn yí	cc-cedict	cheap; inexpensive/a petty advantage/to let sb off lightly
便溺	biàn niào	biàn nì	cc-cedict	to urinate or defecate/urine and feces
便血	biàn xiě	biàn xuè	cc-cedict	having blood in one's stool
便難	biàn nàn	biàn nán	cc-cedict	retort with challenging questions/debate
保長	bǎo cháng	bǎo zhǎng	cc-cedict	(math.) distance-preserving/isometric
俞穴	shù xué	yú xué	cc-cedict	acupuncture point
俟候	sì hòu	qí hòu	cc-cedict	to wait (literary)
俟機	sì jī	qí jī	cc-cedict	variant of 伺機|伺机[si4 ji1]
信佛	xìn fó	xìn fú	cc-cedict-buddhist	to believe in Buddhism
信差	xìn chāi	xìn chà	cc-cedict	messenger
信都	xìn dū	xìn dōu	cc-cedict	see 信都區|信都区[Xin4 du1 Qu1]
修築	xiū zhù	xiū zhú	cc-cedict	to build
修長	xiū cháng	xiū zhǎng	cc-cedict	slender/lanky/tall and thin
俳佪	pái huái	pái huí	cc-cedict	variant of 徘徊[pai2 huai2]
俸給	fèng jǐ	fèng gěi	cc-cedict	pay/salary
倉卒	cāng cù	cāng zú	cc-cedict	variant of 倉促|仓促[cang1 cu4]
倉頡	cāng jié	cāng xié	cc-cedict	Cang Jie, legendary scribe of the Yellow Emperor and inventor of Chinese writing/(computing) Cangjie input method
個兒	gè r	gè ér	cc-cedict	size/height/stature
倍兒	bèi r	bèi ér	cc-cedict	(coll.) very; really
倒下	dǎo xià	dào xià	cc-cedict	to collapse/to topple over
倒伏	dǎo fú	dào fú	cc-cedict	(of cereal crops) to collapse and lie flat
倒休	dǎo xiū	dào xiū	cc-cedict	to shift holidays, taking a weekday off
倒倉	dǎo cāng	dào cāng	cc-cedict	to transfer grain from a store (e.g. to sun it)/voice breaking (of male opera singer in puberty)
倒嗓	dǎo sǎng	dào sǎng	cc-cedict	(of a singer) to lose one's voice/(male opera singer's) voice change (at puberty)
倒噍	dǎo jiào	dào jiào	cc-cedict	to ruminate (of cows)
倒嚼	dǎo jiào	dào jué	cc-cedict	(of cows) to ruminate
倒地	dǎo dì	dào de	cc-cedict	to fall to the ground
倒坍	dǎo tān	dào tān	cc-cedict	to collapse (of building)
倒塌	dǎo tā	dào tā	cc-cedict	to collapse (of building)/to topple over
倒帳	dǎo zhàng	dào zhàng	cc-cedict	variant of 倒賬|倒账[dao3 zhang4]
倒戈	dǎo gē	dào gē	cc-cedict	to change sides in a war/turncoat
倒扁	dǎo biǎn	dào biǎn	cc-cedict	Taiwan political movement aimed at forcing the resignation of President Chen Shui-bian 陳水扁|陈水扁[Chen2 Shui3 bian3] in 200
倒手	dǎo shǒu	dào shǒu	cc-cedict	to shift from one hand to the other/to change hands (of merchandise)
倒把	dǎo bǎ	dào bǎ	cc-cedict	to play the market/to speculate (on financial markets)/to profiteer
倒換	dǎo huàn	dào huàn	cc-cedict	to take turns/to rotate (responsibility)
倒敗	dǎo bài	dào bài	cc-cedict	to collapse (of building)
倒數	dào shǔ	dào shù	cc-cedict	to count backwards (from 10 down to 0)/to count down/from the bottom (lines on a page)/from the back (rows of seats)
倒斃	dǎo bì	dào bì	cc-cedict	to fall dead
倒替	dǎo tì	dào tì	cc-cedict	to take turns (responsibility)/to replace
倒木	dǎo mù	dào mù	cc-cedict	fallen tree
倒楣	dǎo méi	dào méi	cc-cedict	variant of 倒霉[dao3 mei2]
倒槽	dǎo cáo	dào cáo	cc-cedict	to die out (of livestock)
倒灶	dǎo zào	dào zào	cc-cedict	to fall (from power)/in decline/unlucky
倒爺	dǎo yé	dào yé	cc-cedict	(coll.) a profiteer/(business) wheeler-dealer
倒班	dǎo bān	dào bān	cc-cedict	to change shifts/to work in turns
倒相	dào xiàng	dào xiāng	cc-cedict	phase reversal/phase inversion
倒臥	dǎo wò	dào wò	cc-cedict	to lie down/to drop dead
倒臺	dǎo tái	dào tái	cc-cedict	to fall from power; to collapse/downfall
倒茬	dǎo chá	dào chá	cc-cedict	rotation of crops
倒著	dào zhe	dào zhù	cc-cedict	backwards; in reverse; upside down
倒蛋	dǎo dàn	dào dàn	cc-cedict	mischief/to make trouble
倒角	dǎo jiǎo	dào jiǎo	cc-cedict	chamfer; bevel
倒賣	dǎo mài	dào mài	cc-cedict	to resell at a profit/to speculate
倒賬	dǎo zhàng	dào zhàng	cc-cedict	unrecoverable debt/bad debt/to evade debt
倒車	dǎo chē	dào chē	cc-cedict	to change buses, trains etc
倒轉	dào zhuàn	dào zhuǎn	cc-cedict	(of time, or a video clip etc) to run in reverse/Taiwan pr. [dao4zhuan3]
倒運	dǎo yùn	dào yùn	cc-cedict	to have bad luck
倒閉	dǎo bì	dào bì	cc-cedict	to go bankrupt/to close down
倒陽	dǎo yáng	dào yáng	cc-cedict	(med.) to be impotent
倒霉	dǎo méi	dào méi	cc-cedict	to have bad luck/to be out of luck
倒頭	dǎo tóu	dào tóu	cc-cedict	to lie down/to die
倒騰	dǎo teng	dào téng	cc-cedict	to move/to shift/to exchange/to buy and sell/peddling
倔強	jué jiàng	jué qiáng	cc-cedict	stubborn; obstinate; unbending
倔頭	juè tóu	jué tóu	cc-cedict	a surly, irascible person
倘佯	cháng yáng	tǎng yáng	cc-cedict	variant of 徜徉[chang2 yang2]
倡狂	chāng kuáng	chàng kuáng	cc-cedict	variant of 猖狂[chang1 kuang2]
倥侗	kōng tóng	kǒng dòng	cc-cedict	ignorant/unenlightened
假別	jià bié	jiǎ bié	cc-cedict	category of leave (maternity leave, sick leave etc)
假日	jià rì	jiǎ rì	cc-cedict	a holiday; a day off
假期	jià qī	jiǎ qī	cc-cedict	vacation
假條	jià tiáo	jiǎ tiáo	cc-cedict	leave of absence request (from work or school)/excuse note/CL:張|张[zhang1]
偏好	piān hào	piān hǎo	cc-cedict	to have a special liking (for sth)
偏將	piān jiàng	piān jiāng	cc-cedict	deputy general
偏差	piān chā	piān chà	cc-cedict	bias/deviation
做為	zuò wéi	zuò wèi	cc-cedict	to act as/used erroneously for 作為|作为
停更	tíng gēng	tíng gèng	cc-cedict	to stop updating (content)
停泊	tíng bó	tíng pō	cc-cedict	to anchor/anchorage/mooring (of a ship)
健將	jiàn jiàng	jiàn jiāng	cc-cedict	(archaic) adept and valiant military general/skilled athlete; top player/champion-level athlete (title awarded by the Ge
偲偲	sī sī	cāi cāi	cc-cedict	(literary) to learn from and encourage each other
偷空	tōu kòng	tōu kōng	cc-cedict	to take some time out/to make use of a spare moment
傘菌	sǎn jùn	sǎn jūn	cc-cedict	agaric
催吐	cuī tù	cuī tǔ	cc-cedict	to induce vomiting
催更	cuī gēng	cuī gèng	cc-cedict	(slang) (of a follower) to urge (a blogger etc) to post some fresh content (abbr. for 催促更新[cui1 cu4 geng1 xin1])
傳略	zhuàn lüè	chuán lüè	cc-cedict	biographical sketch
傳記	zhuàn jì	chuán jì	cc-cedict	biography/CL:篇[pian1],部[bu4]
傳贊	zhuàn zàn	chuán zàn	cc-cedict	postscript to a biography
傳載	chuán zǎi	chuán zài	cc-cedict	to reprint; to repost; to transmit (in writing etc)
傾倒	qīng dǎo	qīng dào	cc-cedict	to topple over; to fall over/to greatly admire; to prostrate oneself before
傾盡	qīng jìn	qīng jǐn	cc-cedict	to do all one can/to give all one has
像差	xiàng chā	xiàng chà	cc-cedict	(optics) aberration
僧伽	sēng qié	sēng jiā	cc-cedict-buddhist	(Buddhism) sangha/the monastic community/monk
僬僥	jiāo yáo	jiāo jiǎo	cc-cedict	legendary dwarfs in the west of China/(by extension) barbarians in the southwest of China
僮族	zhuàng zú	tóng zú	cc-cedict	old term for 壯族|壮族, Zhuang ethnic group of Guangxi
價差	jià chā	jià chà	cc-cedict	price difference
僻地	pì dì	pì de	cc-cedict	the sticks/the boondocks
僻處	pì chǔ	pì chù	cc-cedict	to be located in (a remote place)/to be hidden away in (an out-of-the-way area)
儀徵	yí zhēng	yí zhǐ	cc-cedict	see 儀徵市|仪征市[Yi2 zheng1 Shi4]
儉薄	jiǎn bó	jiǎn báo	cc-cedict	meager; poor
儐相	bīn xiàng	bīn xiāng	cc-cedict	attendant of the bride or bridegroom at a wedding
儒艮	rú gèn	rú gěn	cc-cedict	dugong
償還	cháng huán	cháng hái	cc-cedict	to repay; to reimburse
允當	yǔn dàng	yǔn dāng	cc-cedict	proper/suitable
元曲	yuán qǔ	yuán qū	cc-cedict	Yuan dynasty theater, including poetry, music and comedy
充分	chōng fèn	chōng fēn	cc-cedict	ample/sufficient/adequate/full/fully/to the full
充塞	chōng sè	chōng sāi	cc-cedict	congestion/to block/to congest/to crowd/to choke/to cram/to fill up/to stuff/to take up all the space
兇煞	xiōng shà	xiōng shā	cc-cedict	demon/fiend
兇相	xiōng xiàng	xiōng xiāng	cc-cedict	ferocious appearance
光暈	guāng yùn	guāng yūn	cc-cedict	halo/(photography) halation
克勒	kè lè	kè lēi	cc-cedict	Keller or Köhler (name)/Horst Köhler (1943-), German economist and CDU politician, head of the IMF 2000-2004, president 
兜兒	dōu r	dōu ér	cc-cedict	erhua variant of 兜[dou1]
入行	rù háng	rù xíng	cc-cedict	to enter a profession
內傳	nèi zhuàn	nèi chuán	cc-cedict	biography recounting apocryphal anecdotes and rumors/(old) book of exegesis of a classic
內切	nèi qiē	nèi qiè	cc-cedict	(math.) to inscribe/internally tangent
內地	nèi dì	nèi de	cc-cedict	mainland China (PRC excluding Hong Kong and Macau, but including islands such as Hainan)/Japan (used in Taiwan during Ja
內地	nèi dì	nèi de	cc-cedict	inland/interior/hinterland
內省	nèi xǐng	nèi shěng	cc-cedict	to reflect upon oneself/introspection
內蒙	nèi měng	nèi méng	cc-cedict	see 內蒙古自治區|内蒙古自治区[Nei4 meng3 gu3 Zi4 zhi4 qu1]
內行	nèi háng	nèi xíng	cc-cedict	expert/adept/experienced/an expert/a professional
全長	quán cháng	quán zhǎng	cc-cedict	overall length/span
兩相	liǎng xiàng	liǎng xiāng	cc-cedict	two-phase (physics)
兩重	liǎng chóng	liǎng zhòng	cc-cedict	dual; twofold
公了	gōng liǎo	gōng le	cc-cedict	to settle in court (opposite: 私了[si1 liao3])
公仔	gōng zǎi	gōng zǐ	cc-cedict	doll/cuddly toy
公假	gōng jià	gōng jiǎ	cc-cedict	official leave from work (e.g. maternity leave, sick leave or leave to attend to official business)
公合	gōng gě	gōng hé	cc-cedict	deciliter
公地	gōng dì	gōng de	cc-cedict	public land/land in common use
公差	gōng chā	gōng chà	cc-cedict	tolerance (allowed error)/common difference (of an arithmetic series)
公差	gōng chāi	gōng chà	cc-cedict	official errand/bailiff in a yamen
公擔	gōng dàn	gōng dān	cc-cedict	quintal (100 kg)
公斗	gōng dǒu	gōng dòu	cc-cedict	decaliter
公模	gōng mú	gōng mó	cc-cedict	(manufacturing) off-the-shelf mold (as opposed to a custom or proprietary mold)
公石	gōng dàn	gōng shí	cc-cedict	hectoliter/quintal
公轉	gōng zhuàn	gōng zhuǎn	cc-cedict	orbital revolution
公釐	gōng lí	gōng xī	cc-cedict	millimeter
六合	lù hé	liù hé	cc-cedict	see 六合區|六合区[Lu4 he2 Qu1]
六安	lù ān	liù ān	cc-cedict	see 六安市[Lu4 an1 Shi4]
共處	gòng chǔ	gòng chù	cc-cedict	to coexist/to get along (with others)
兵差	bīng chāi	bīng chà	cc-cedict	labor conscripted to support the military
典當	diǎn dàng	diǎn dāng	cc-cedict	to pawn
兼差	jiān chāi	jiān chà	cc-cedict	to moonlight/side job
冒著	mào zhe	mào zhù	cc-cedict	to brave/to face dangers
冗散	rǒng sǎn	rǒng sàn	cc-cedict	(literary) idle; unemployed/(literary) (of writing) leisurely and verbose
冗長	rǒng cháng	rǒng zhǎng	cc-cedict	long and tedious/redundant/superfluous/supernumerary/verbose (of writing)
冘疑	yóu yí	yín yí	cc-cedict	variant of 猶疑|犹疑[you2 yi2]
冘豫	yóu yù	yín yù	cc-cedict	variant of 猶豫|犹豫[you2 yu4]
冠以	guàn yǐ	guān yǐ	cc-cedict	to label/to call
冠名	guàn míng	guān míng	cc-cedict	to name (a sports team, a competition etc)
冠禮	guàn lǐ	guān lǐ	cc-cedict	the capping ceremony, a Confucian coming of age ceremony for males dating from pre-Qin times, performed when a boy reach
冠詞	guàn cí	guān cí	cc-cedict	article (in grammar)
冠軍	guàn jūn	guān jūn	cc-cedict	champion
冰斗	bīng dǒu	bīng dòu	cc-cedict	(geology) cirque
冰溜	bīng liù	bīng liū	cc-cedict	icicle
冰爪	bīng zhuǎ	bīng zhǎo	cc-cedict	crampon
冰鎬	bīng gǎo	bīng hào	cc-cedict	ice pick
冰鑽	bīng zuàn	bīng zuān	cc-cedict	ice auger
冷軋	lěng zhá	lěng yà	cc-cedict	(metallurgy) cold-rolled; cold-rolling
准將	zhǔn jiàng	zhǔn jiāng	cc-cedict	brigadier general; commodore
凍乾	dòng gān	dòng qián	cc-cedict	to freeze-dry/freeze-dried food (such as meat or fruit)
几案	jī àn	jǐ àn	cc-cedict	long narrow table
凶喪	xiōng sāng	xiōng sàng	cc-cedict	funeral arrangements
出喪	chū sāng	chū sàng	cc-cedict	to hold a funeral procession
出圈	chū juàn	chū quān	cc-cedict	to remove manure from a cowshed, pigsty etc; to muck out
出差	chū chāi	chū chà	cc-cedict	to go on an official or business trip
出沒	chū mò	chū méi	cc-cedict	to come and go/to roam about (mostly unseen)/(of a ghost) to haunt (a place)/(of a criminal) to stalk (the streets)/(of 
刁斗	diāo dǒu	diāo dòu	cc-cedict	soldier's copper saucepan, used for cooking food by day and for sounding the night watches during the hours of darkness 
刁難	diāo nàn	diāo nán	cc-cedict	to be hard on sb; to deliberately make things difficult/Taiwan pr. [diao1nan2]
分內	fèn nèi	fēn nèi	cc-cedict	within one's area of responsibility
分叉	fēn chà	fēn chā	cc-cedict	to branch; to fork/fork; branch; bifurcation
分地	fēn dì	fēn de	cc-cedict	to distribute land
分外	fèn wài	fēn wài	cc-cedict	exceptionally/not one's responsibility or job
分子	fèn zǐ	fēn zǐ	cc-cedict	member of a class or group; people of a certain type
分子	fèn zi	fēn zǐ	cc-cedict	Taiwan variant of 份子[fen4 zi5]
分拆	fèn chāi	fēn chāi	cc-cedict	to separate off/to hive off/a demerger
分為	fēn wéi	fēn wèi	cc-cedict	to divide sth into (parts); to subdivide
分當	fèn dāng	fēn dāng	cc-cedict	as should be/as expected
分相	fēn xiàng	fēn xiāng	cc-cedict	split phase (elec.)
分行	fēn háng	fēn xíng	cc-cedict	branch of bank or store/subsidiary bank
分量	fèn liàng	fēn liàng	cc-cedict	(food) portion size
分量	fèn liang	fēn liàng	cc-cedict	quantity; weight; measure/(fig.) weight (importance, prestige, authority etc); (of written material) density
分際	fèn jì	fēn jì	cc-cedict	boundary; dividing line (between roles, spheres or concepts); limits (of propriety, duty etc)/degree; extent
分餾	fēn liú	fēn liù	cc-cedict	fractional distillation
切中	qiè zhòng	qiè zhōng	cc-cedict	to hit the target (esp. in argument); to strike home
切入	qiē rù	qiè rù	cc-cedict	to cut into/(fig.) to get into; to delve into (a topic, issue, field etc); to enter (a market or industry); to approach 
切刀	qiē dāo	qiè dāo	cc-cedict	cutter/knife
切削	qiē xiāo	qiè xuē	cc-cedict	to cut/cutting/machining
切割	qiē gē	qiè gē	cc-cedict	to cut
切口	qiē kǒu	qiè kǒu	cc-cedict	incision/notch/slit/gash/margin of a page/trimmed edge (of a page in a book)
切向	qiē xiàng	qiè xiàng	cc-cedict	tangent direction
切塊	qiē kuài	qiè kuài	cc-cedict	to cut into pieces
切尼	qiē ní	qiè ní	cc-cedict	Cheney (name)/Richard B. "Dick" Cheney (1941-), US Republican politician, vice-president 2001-2008
切成	qiē chéng	qiè chéng	cc-cedict	to cut up (into pieces)/to slice/to carve/to dice/to shred
切換	qiē huàn	qiè huàn	cc-cedict	to switch over/to switch modes or data streams/to cut (to a new scene)
切斷	qiē duàn	qiè duàn	cc-cedict	to cut off; to sever
切杆	qiē gān	qiè gān	cc-cedict	chip (golf shot)
切片	qiē piàn	qiè piàn	cc-cedict	to slice/slice/thin section of a specimen (for microscopic examination)
切牙	qiē yá	qiè yá	cc-cedict	incisor tooth
切痛	qiē tòng	qiè tòng	cc-cedict	sharp pain
切碎	qiē suì	qiè suì	cc-cedict	to chop
切磋	qiē cuō	qiè cuō	cc-cedict	to compare notes; to learn from one another
切糕	qiē gāo	qiè gāo	cc-cedict	traditional Xinjiang sweet walnut cake
切線	qiē xiàn	qiè xiàn	cc-cedict	tangent line (geometry)
切腹	qiē fù	qiè fù	cc-cedict	harakiri (formal Japanese: seppuku), a samurai's suicide by disemboweling
切變	qiē biàn	qiè biàn	cc-cedict	shear (physics)
切除	qiē chú	qiè chú	cc-cedict	to excise/to cut out (a tumor)
切面	qiē miàn	qiè miàn	cc-cedict	section/cross-cut/tangent plane (math.)
切點	qiē diǎn	qiè diǎn	cc-cedict	contact (math.)
刊載	kān zǎi	kān zài	cc-cedict	to publish; to carry (a piece of writing, news, image etc) in a periodical or other publication/Taiwan pr. [kan1zai4]
划子	huá zi	huà zǐ	cc-cedict	rowboat; small boat/oar; paddle/thin rod used to control a curtain etc
划拉	huá la	huà lā	cc-cedict	to sweep/to brush away
划拳	huá quán	huà quán	cc-cedict	finger-guessing game
划槳	huá jiǎng	huà jiǎng	cc-cedict	to paddle
划算	huá suàn	huà suàn	cc-cedict	to calculate/to weigh (pros and cons)/to view as profitable/worthwhile/value for money/cost-effective
划船	huá chuán	huà chuán	cc-cedict	to row a boat/rowing; boating/small boat
划艇	huá tǐng	huà tǐng	cc-cedict	rowing boat/racing row-boat
列傳	liè zhuàn	liè chuán	cc-cedict	historical biography
列為	liè wéi	liè wèi	cc-cedict	to be classified as
初更	chū gēng	chū gèng	cc-cedict	first of the five night watch periods 19:00-21:00 (old)
判處	pàn chǔ	pàn chù	cc-cedict	to sentence/to condemn
別傳	bié zhuàn	bié chuán	cc-cedict	supplementary biography
刨冰	bào bīng	páo bīng	cc-cedict	shaved or crushed ice dessert or beverage
刨刀	bào dāo	páo dāo	cc-cedict	planing tool
刨子	bào zi	páo zǐ	cc-cedict	plane
刨工	bào gōng	páo gōng	cc-cedict	planing/planing machine operator/planer
刨床	bào chuáng	páo chuáng	cc-cedict	planer/planing machine
刨程	bào chéng	páo chéng	cc-cedict	planing length
刨花	bào huā	páo huā	cc-cedict	wood shavings
刨齒	bào chǐ	páo chǐ	cc-cedict	gear-shaping
刪帖	shān tiě	shān tiē	cc-cedict	to delete a forum post
到了	dào liǎo	dào le	cc-cedict	at last/finally/in the end
刺中	cì zhòng	cì zhōng	cc-cedict	to hit with a piercing blow
刺兒	cì r	cì ér	cc-cedict	a thorn/fig. to ridicule sb/fig. sth wrong
刺棱	cī lēng	cì léng	cc-cedict	(onom.) sound of quick movement/Taiwan pr. [ci4leng2]
刻薄	kè bó	kè báo	cc-cedict	unkind/harsh/cutting/mean/acrimony/to embezzle by making illegal deductions
削尖	xiāo jiān	xuē jiān	cc-cedict	to sharpen
削球	xiāo qiú	xuē qiú	cc-cedict	(sport) to chop/to cut
剋扣	kè kòu	kēi kòu	cc-cedict	to wrongfully withhold part of what is due (to sb); to shortchange; to skim (pay, rations, resources etc)
剋星	kè xīng	kēi xīng	cc-cedict	nemesis/bane/fated to be ill-matched
前傳	qián zhuàn	qián chuán	cc-cedict	prequel
前兒	qián r	qián ér	cc-cedict	before/day before yesterday
前咽	qián yān	qián yàn	cc-cedict	prepharynx (biology)
前燕	qián yān	qián yàn	cc-cedict	Former Yan of the Sixteen Kingdoms (337-370)
剎時	chà shí	shā shí	cc-cedict	in a flash/in the twinkling of an eye
剎那	chà nà	shā nà	cc-cedict-buddhist	an instant (Sanskrit: ksana); split second; the twinkling of an eye
剛勁	gāng jìng	gāng jìn	cc-cedict	bold/vigorous
剪切	jiǎn qiē	jiǎn qiè	cc-cedict	to cut (with scissors or similar tool); to shear/(geology) shear/(computing) to cut (as in "cut-and-paste")
副將	fù jiàng	fù jiāng	cc-cedict	deputy general
副相	fù xiàng	fù xiāng	cc-cedict	deputy prime minister
創傷	chuāng shāng	chuàng shāng	cc-cedict	wound; injury; trauma
創口	chuāng kǒu	chuàng kǒu	cc-cedict	wound; cut
創痕	chuāng hén	chuàng hén	cc-cedict	scar (physical or psychological)
創痛	chuāng tòng	chuàng tòng	cc-cedict	physical or emotional pain
剿襲	chāo xí	jiǎo xí	cc-cedict	variant of 抄襲|抄袭[chao1 xi2]
剿說	chāo shuō	jiǎo shuō	cc-cedict	to plagiarize
劃傷	huá shāng	huà shāng	cc-cedict	to damage by scratching/to gash/to lacerate
劃切	huá qiè	huà qiè	cc-cedict	to slice/to dice
劃痕	huá hén	huà hén	cc-cedict	a scratch
劃破	huá pò	huà pò	cc-cedict	to cut open/to rip/to streak across (lightning, meteor etc)/to pierce (scream, searchlight etc)
劃過	huá guò	huà guò	cc-cedict	(of a meteor etc) to streak across (the sky)/(of a searchlight, lightning etc) to play across (the sky)
劈叉	pǐ chà	pī chā	cc-cedict	the splits (move in dancing)/to do the splits/Taiwan pr. [pi3 cha1]
劈腿	pǐ tuǐ	pī tuǐ	cc-cedict	to do the splits (gymnastics)/(Tw) two-timing (in romantic relationships)/Taiwan pr. [pi1 tui3]
劉禪	liú shàn	liú chán	cc-cedict	Liu Shan (207-271), son of Liu Bei, reigned as Shu Han emperor 233-263/Taiwan pr. [Liu2 Chan2]
力拓	lì tuò	lì tà	cc-cedict	Rio Tinto (UK-Australian mining corporation)
加哩	jiā lǐ	jiā lī	cc-cedict	(loanword) curry
加徵	jiā zhēng	jiā zhǐ	cc-cedict	to levy an additional (tax or tariff)
加繆	jiā miù	jiā móu	cc-cedict	Albert Camus (1913-1960), French-Algerian philosopher, author, and journalist
加長	jiā cháng	jiā zhǎng	cc-cedict	to lengthen
劫難	jié nàn	jié nán	cc-cedict	calamity
勁兒	jìn r	jìn ér	cc-cedict	erhua variant of 勁|劲[jin4]
勁卒	jìng zú	jìn zú	cc-cedict	elite soldiers/a crack force
勁吹	jìng chuī	jìn chuī	cc-cedict	(of wind) to blow strongly/(fig.) (of trends, changes etc) to sweep through society
勁射	jìng shè	jìn shè	cc-cedict	power shot (e.g. in soccer)
勁峭	jìng qiào	jìn qiào	cc-cedict	(of wind) strong and bitterly cold
勁急	jìng jí	jìn jí	cc-cedict	strong and swift
勁拔	jìng bá	jìn bá	cc-cedict	tall and straight
勁挺	jìng tǐng	jìn tǐng	cc-cedict	strong
勁敵	jìng dí	jìn dí	cc-cedict	formidable opponent
勁旅	jìng lǚ	jìn lǚ	cc-cedict	strong contingent/elite squad
勁烈	jìng liè	jìn liè	cc-cedict	violent
勁爆	jìng bào	jìn bào	cc-cedict	(coll.) awesome/stunning/electrifying/breathtaking/(originally Cantonese)/also pr. [jin4 bao4]
勁直	jìng zhí	jìn zhí	cc-cedict	strong and upright
勁舞	jìng wǔ	jìn wǔ	cc-cedict	to dance energetically/vigorous modern style of dance
勁草	jìng cǎo	jìn cǎo	cc-cedict	tough upright grass/(fig.) a staunch character who is loyal despite danger and hardship
勁風	jìng fēng	jìn fēng	cc-cedict	strong wind/gale
勃興	bó xīng	bó xìng	cc-cedict	to rise suddenly/to grow vigorously
勉強	miǎn qiǎng	miǎn qiáng	cc-cedict	to do with difficulty/to force sb to do sth/reluctant/barely enough
勒令	lè lìng	lēi lìng	cc-cedict	to order/to force
勒戒	lè jiè	lēi jiè	cc-cedict	to force sb to give up (a drug)/to enforce abstinence/to break drug dependence
勒索	lè suǒ	lēi suǒ	cc-cedict	to blackmail/to extort
勒逼	lè bī	lēi bī	cc-cedict	to coerce/to force/to press sb into doing sth
勒馬	lè mǎ	lēi mǎ	cc-cedict	to guide a horse with the reins/to rein in a horse
勒龐	lè páng	lēi páng	cc-cedict	Jean-Marie Le Pen (1928-), French Front National extreme right-wing politician
動彈	dòng tan	dòng dàn	cc-cedict	to budge
勝地	shèng dì	shèng de	cc-cedict	well-known scenic spot
勻稱	yún chèn	yún chēng	cc-cedict	well proportioned/well shaped
勾勒	gōu lè	gōu lēi	cc-cedict	to draw the outline of/to outline/to sketch/to delineate contours of/to give a brief account of
勾當	gòu dàng	gōu dāng	cc-cedict	shady business
包乾	bāo gān	bāo qián	cc-cedict	to have the full responsibility of a job/allocated task
包扎	bāo zā	bāo zhā	cc-cedict	variant of 包紮|包扎[bao1 za1]
包長	bāo cháng	bāo zhǎng	cc-cedict	packet size (computing)
匆卒	cōng cù	cōng zú	cc-cedict	old variant of 匆猝[cong1 cu4]
化子	huā zi	huà zǐ	cc-cedict	beggar (old term)/same as 花子
北斗	běi dǒu	běi dòu	cc-cedict	Big Dipper
北漂	běi piāo	běi piào	cc-cedict	to migrate to Beijing or Taipei in search of better job opportunities/migrant worker living and working in Beijing or Ta
北燕	běi yān	běi yàn	cc-cedict	Northern Yan of the Sixteen Kingdoms (409-436)
匯差	huì chā	huì chà	cc-cedict	difference in exchange rates in different regions
匱乏	kuì fá	guì fá	cc-cedict	to be deficient in sth/to be short of sth (supplies, money etc)
匱竭	kuì jié	guì jié	cc-cedict	exhausted
匱缺	kuì quē	guì quē	cc-cedict	to be deficient in sth/to be short of sth (supplies, money etc)
區處	qū chǔ	qū chù	cc-cedict	(literary) to handle/to treat
十干	shí gān	shí gàn	cc-cedict	same as 天干/the 10 heavenly stems 甲, 乙, 丙, 丁, 戊, 己, 庚, 辛, 壬, 癸 (used cyclically in the calendar and as ordinal number lik
升斗	shēng dǒu	shēng dòu	cc-cedict	liter and decaliter dry measure/(fig.) meager quantity of foodstuff
午覺	wǔ jiào	wǔ jué	cc-cedict	siesta/afternoon nap
半打	bàn dá	bàn dǎ	cc-cedict	half a dozen
半拉	bàn lǎ	bàn lā	cc-cedict	(coll.) half
半載	bàn zǎi	bàn zài	cc-cedict	half a year
卒中	cù zhòng	zú zhōng	cc-cedict	stroke/cerebral hemorrhage
協調	xié tiáo	xié diào	cc-cedict	to coordinate/to harmonize/to fit together/to match (colors etc)/harmonious/concerted
南無	nā mó	nán wú	cc-cedict-buddhist	Buddhist salutation or expression of faith (loanword from Sanskrit)/Taiwan pr. [na2 mo2]
南燕	nán yān	nán yàn	cc-cedict	Southern Yan of the Sixteen Kingdoms (398-410)
南譙	nán qiáo	nán qiào	cc-cedict	see 南譙區|南谯区[Nan2 qiao2 Qu1]
博興	bó xīng	bó xìng	cc-cedict	see 博興縣|博兴县[Bo2 xing1 Xian4]
卜占	bǔ zhān	bo zhàn	cc-cedict	to divine; to prophesy; to foretell the future
卜卦	bǔ guà	bo guà	cc-cedict	to divine using the eight trigrams
卜問	bǔ wèn	bo wèn	cc-cedict	to predict by divining; to consult the oracle
卜宅	bǔ zhái	bo zhái	cc-cedict	to choose a capital by divination/to choose a home/to choose one's burial place by divination
卜居	bǔ jū	bo jū	cc-cedict	to choose a home
卜征	bǔ zhēng	bo zhēng	cc-cedict	to ask oracle for war forecast
卜甲	bǔ jiǎ	bo jiǎ	cc-cedict	oracle tortoise shell
卜筮	bǔ shì	bo shì	cc-cedict	divination
卜課	bǔ kè	bo kè	cc-cedict	to divine by tossing coins
卜辭	bǔ cí	bo cí	cc-cedict	oracle inscriptions of the Shang Dynasty (16th-11th century BC) on tortoiseshells or animal bones
卜骨	bǔ gǔ	bo gǔ	cc-cedict	oracle bone
占卜	zhān bǔ	zhàn bo	cc-cedict	to divine
占地	zhàn dì	zhàn de	cc-cedict	to take up space/to occupy (space)
占城	zhān chéng	zhàn chéng	cc-cedict	see 占婆[Zhan1 po2]
占婆	zhān pó	zhàn pó	cc-cedict	Champa, ancient Indochinese kingdom lasting from the 2nd to the 17th century, located in what is now central and souther
占族	zhān zú	zhàn zú	cc-cedict	Cham ethnic group
占星	zhān xīng	zhàn xīng	cc-cedict	to divine by astrology/horoscope
卡啦	kǎ lā	kǎ la	cc-cedict	crispy, deep-fried (variant of 卡拉[ka3 la1])
卡子	qiǎ zi	kǎ zǐ	cc-cedict	clip/hair fastener/checkpoint
卡扣	qiǎ kòu	kǎ kòu	cc-cedict	clip; buckle
卡殼	qiǎ ké	kǎ ké	cc-cedict	(of a bullet or shell) to jam/(fig.) to get stuck; to be held up; to reach an impasse
卡盤	qiǎ pán	kǎ pán	cc-cedict	chuck (for a drill etc)
危難	wēi nàn	wēi nán	cc-cedict	calamity
即為	jí wéi	jí wèi	cc-cedict	to be considered to be/to be defined to be/to be called
卵泡	luǎn pāo	luǎn pào	cc-cedict	ovarian follicle/Taiwan pr. [luan3pao4]
卷子	juàn zi	juǎn zǐ	cc-cedict	test paper; examination paper
卷宗	juàn zōng	juǎn zōng	cc-cedict	file/folder/dossier
卷帙	juàn zhì	juǎn zhì	cc-cedict	book
卷軸	juàn zhóu	juǎn zhóu	cc-cedict	scroll (book or painting)
厚朴	hòu pò	hòu pǔ	cc-cedict	magnolia bark (bark of Magnolia officinalis)
厚薄	hòu bó	hòu báo	cc-cedict	to favor one and discriminate against the other (abbr. for 厚此薄彼[hou4 ci3 bo2 bi3])
原地	yuán dì	yuán de	cc-cedict	(in) the original place/the place where one currently is/place of origin/local (product)
厭惡	yàn wù	yàn è	cc-cedict	to loathe/to hate/disgusted with sth
厭薄	yàn bó	yàn báo	cc-cedict	to despise/to look down upon sth
去爪	qù zhuǎ	qù zhǎo	cc-cedict	to declaw (a cat etc)/(food preparation) to remove claws, pincer legs or similar hard tips
去重	qù chóng	qù zhòng	cc-cedict	to remove duplicates
參宿	shēn xiù	cān sù	cc-cedict	Three Stars (Chinese constellation)
參差	cēn cī	cān chà	cc-cedict	uneven; jagged; snaggletooth; ragged; serrated
參校	cān jiào	cān xiào	cc-cedict	to proofread/to revise one or more editions of a text using an authoritative edition as a source book/to editorially rev
參與	cān yù	cān yǔ	cc-cedict	to participate (in sth)
參茸	shēn róng	cān róng	cc-cedict	ginseng and young deer antler (used in TCM)
參薯	shēn shǔ	cān shǔ	cc-cedict	Dioscorea alata (Kinampay or aromatic purple yam, a sweet root crop)
友盡	yǒu jìn	yǒu jǐn	cc-cedict	(Internet slang) end of friendship/friendship over!
反差	fǎn chā	fǎn chà	cc-cedict	contrast; discrepancy
反彈	fǎn tán	fǎn dàn	cc-cedict	to bounce/to bounce back/to boomerang/to ricochet/rebound (of stock market etc)/bounce/backlash/negative repercussions
反應	fǎn yìng	fǎn yīng	cc-cedict	to react/to respond/reaction/response/reply/chemical reaction/CL:個|个[ge4]
反相	fǎn xiàng	fǎn xiāng	cc-cedict	(a person's) rebellious appearance/signs of an impending rebellion/(physics) reversed phase
反省	fǎn xǐng	fǎn shěng	cc-cedict	to reflect upon oneself/to examine one's conscience/to question oneself/to search one's soul
反角	fǎn jué	fǎn jiǎo	cc-cedict	bad guy (in a story)/villain
反間	fǎn jiàn	fǎn jiān	cc-cedict	to feed the enemy misinformation through their own spies/to sow discord in the enemy camp
取模	qǔ mú	qǔ mó	cc-cedict	to take an impression (dentistry etc)
受盡	shòu jìn	shòu jǐn	cc-cedict	to suffer enough from/to suffer all kinds of/to have one's fill of
受禪	shòu shàn	shòu chán	cc-cedict	to accept abdication
受累	shòu lěi	shòu lèi	cc-cedict	to get dragged into/to get involved (on sb else's account)
受降	shòu xiáng	shòu jiàng	cc-cedict	to accept surrender
受難	shòu nàn	shòu nán	cc-cedict	to suffer a calamity/to suffer (e.g. under torture)/distress
口供	kǒu gòng	kǒu gōng	cc-cedict	oral confession (as opposed to 筆供|笔供[bi3 gong4])/statement/deposition
口角	kǒu jué	kǒu jiǎo	cc-cedict	altercation; wrangle; angry argument
古剎	gǔ chà	gǔ shā	cc-cedict-buddhist	old Buddhist temple
古都	gǔ dū	gǔ dōu	cc-cedict	ancient capital
句讀	jù dòu	jù dú	cc-cedict	pausing at the end of a phrase or sentence (in former times, before punctuation marks were used)/punctuation/periods and
叨擾	tāo rǎo	dāo rǎo	cc-cedict	to bother/to trouble/(polite expression of appreciation for time taken to hear, help or host the speaker) sorry to have 
叩應	kòu yìng	kòu yīng	cc-cedict	call-in (loanword)
只當	zhǐ dàng	zhǐ dāng	cc-cedict	(coll.) to take (sth) as …; to treat as …; to assume; to act as if …/Taiwan pr. [zhi3dang1]
召陵	shào líng	zhào líng	cc-cedict	see 召陵區|召陵区[Shao4 ling2 Qu1]
可惡	kě wù	kě è	cc-cedict	repulsive/vile/hateful/abominable
可數	kě shǔ	kě shù	cc-cedict	countable/denumerable
可汗	kè hán	kě hàn	cc-cedict	khan (loanword)
可調	kě tiáo	kě diào	cc-cedict	adjustable
台州	tāi zhōu	tái zhōu	cc-cedict	see 台州市[Tai1 zhou1 Shi4]
叱吒	chì zhà	chì zhā	cc-cedict	variant of 叱咤[chi4 zha4]
叱喝	chì hè	chì hē	cc-cedict	to shout at/to berate
史傳	shǐ zhuàn	shǐ chuán	cc-cedict	historical biography
叶韻	xié yùn	yè yùn	cc-cedict	to rhyme/also written 協韻|协韵
吃相	chī xiàng	chī xiāng	cc-cedict	table manners
各地	gè dì	gè de	cc-cedict	in all parts of (a country)/various regions
合為	hé wéi	hé wèi	cc-cedict	to combine
合著	hé zhe	hé zhù	cc-cedict	(dialect) (implying sudden realization) so/after all
吉勒	jí lè	jí lēi	cc-cedict	Gilles (name)
吊卷	diào juàn	diào juǎn	cc-cedict	variant of 調卷|调卷[diao4 juan4]
吊斗	diào dǒu	diào dòu	cc-cedict	(a container) carried suspended or underslung/cable car bucket
同好	tóng hào	tóng hǎo	cc-cedict	fellow enthusiasts
同行	tóng háng	tóng xíng	cc-cedict	person of the same profession/of the same trade, occupation or industry
名兒	míng r	míng ér	cc-cedict	name/fame
名分	míng fèn	míng fēn	cc-cedict	a person's status
名將	míng jiàng	míng jiāng	cc-cedict	famous general/(sports) renowned athlete
名帖	míng tiě	míng tiē	cc-cedict	name card/business card
名曲	míng qǔ	míng qū	cc-cedict	famous song/well-known piece of music
名為	míng wéi	míng wèi	cc-cedict	to be called/to be known as
名相	míng xiàng	míng xiāng	cc-cedict-buddhist	famous prime minister (in ancient China)/names and appearances (Buddhism)
名角	míng jué	míng jiǎo	cc-cedict	famous actor
吐嘈	tù cáo	tǔ cáo	cc-cedict	variant of 吐槽[tu4 cao2]
吐沫	tù mo	tǔ mò	cc-cedict	saliva/spittle
吐血	tù xiě	tǔ xuè	cc-cedict	to cough up blood/(coll.) (used figuratively to indicate an extreme degree of anger or frustration etc)
向著	xiàng zhe	xiàng zhù	cc-cedict	towards/facing (sb or sth)/(coll.) to side with/to favor
吞沒	tūn mò	tūn méi	cc-cedict	to embezzle/to swallow up/to engulf
吟哦	yín é	yín ó	cc-cedict	to chant/to recite rhythmically/to polish verse
吡咯	bǐ luò	bǐ gē	cc-cedict	pyrrole (C4H5N) (loanword)
吧主	bā zhǔ	ba zhǔ	cc-cedict	message board moderator or administrator
吧務	bā wù	ba wù	cc-cedict	forum manager
吧台	bā tái	ba tái	cc-cedict	counter of a bar (pub)
吧唧	bā jī	ba jī	cc-cedict	(onom.) squishing sound
吧嗒	bā da	ba dā	cc-cedict	(onom.) patter, splatter, click/to smack one's lips/to pull (on a pipe)
吧女	bā nǚ	ba nǚ	cc-cedict	barmaid
吧托	bā tuō	ba tuō	cc-cedict	scam girl/woman who lures men to an exorbitantly priced bar 酒吧[jiu3 ba1]
含括	hán guā	hán kuò	cc-cedict	(Tw) to contain/to include/to encompass
吱呀	zhī yā	zhī ya	cc-cedict	(onom.) creaking
吳堡	wú bǔ	wú bǎo	cc-cedict	see 吳堡縣|吴堡县[Wu2 bu3 Xian4]
吳興	wú xīng	wú xìng	cc-cedict	see 吳興區|吴兴区[Wu2 xing1 Qu1]
吸地	xī dì	xī de	cc-cedict	to vacuum the floor
吸盡	xī jìn	xī jǐn	cc-cedict	to absorb completely/to drink up
吸著	xī zhuó	xī zhù	cc-cedict	sorption (generic term for absorption, adsorption, diffusion, precipitation etc)
吹乾	chuī gān	chuī qián	cc-cedict	to blow-dry
告兒	gào r	gào ér	cc-cedict	(coll.) to tell
呢呢	ní ní	ne ne	cc-cedict	garrulous/talkative
呢喃	ní nán	ne nán	cc-cedict	(onom.) twittering of birds/whispering/murmuring
呢子	ní zi	ne zǐ	cc-cedict	dense wool fabric (used for coats and jackets)
呤呤	líng líng	lìng lìng	cc-cedict	(literary) to whisper
周處	zhōu chǔ	zhōu chù	cc-cedict	Zhou Chu (236-297), Jin dynasty general
周長	zhōu cháng	zhōu zhǎng	cc-cedict	perimeter/circumference
呫嚅	chè rú	tiè rú	cc-cedict	to whisper
呱呱	guā guā	gū gū	cc-cedict	(onom.) sound made by frogs, ducks etc
呲牙	zī yá	cī yá	cc-cedict	variant of 齜牙|龇牙[zi1 ya2]
味兒	wèi r	wèi ér	cc-cedict	taste
呵喝	hē hè	hē hē	cc-cedict	to shout loudly/to bellow/to berate
呷呷	gā gā	xiā xiā	cc-cedict	(onom.) quack; honk
呼喝	hū hè	hū hē	cc-cedict	to shout
呼嚕	hū lū	hū lǔ	cc-cedict	(onom.) sound of snoring, wheezing, or a cat purring
呼應	hū yìng	hū yīng	cc-cedict	to conform (with)/to echo/to correlate well/(linguistics) agreement
呼號	hū háo	hū hào	cc-cedict	to wail/to cry out in distress
命中	mìng zhòng	mìng zhōng	cc-cedict	to hit (a target)
命相	mìng xiàng	mìng xiāng	cc-cedict	horoscope
命薄	mìng bó	mìng báo	cc-cedict	to be unlucky
咋呼	zhā hu	zǎ hū	cc-cedict	bluster/ruckus/to boast loudly
咋舌	zé shé	zǎ shé	cc-cedict	(literary) to be speechless
和牌	hú pái	hé pái	cc-cedict	(mahjong) to complete a hand
和麵	huó miàn	hé miàn	cc-cedict	to knead dough
咔唑	kǎ zuò	kā zuò	cc-cedict	carbazole (chemistry) (loanword)
咔啦	kǎ lā	kā la	cc-cedict	crispy, deep-fried (variant of 卡拉[ka3 la1])
咔嘰	kǎ jī	kā jī	cc-cedict	khaki (loanword)
咔嚓	kā chā	kā cā	cc-cedict	(onom.) breaking or snapping/(coll.) cut it out/stop it/also written 喀嚓[ka1 cha1]
咖哩	kā lǐ	kā lī	cc-cedict	(Tw) (loanword) curry/colloquial pr. [ga1li3] or [ga1li2]
咖喱	gā lí	kā lí	cc-cedict	(loanword) curry
咧咧	liē liē	liě liě	cc-cedict	(dialect) to cry; to whimper/(dialect) to talk drivel
咬嚼	yǎo jiáo	yǎo jué	cc-cedict	to chew/to masticate/to ruminate/to mull over
咯嚓	gē chā	gē cā	cc-cedict	to break into two (onom.)
咯血	kǎ xiě	gē xuè	cc-cedict	to cough up blood; to have hemoptysis
咱家	zá jiā	zán jiā	cc-cedict	I/me/my/(often used in early vernacular literature)
咳嗆	ké qiàng	hāi qiāng	cc-cedict	(dialect) to cough
咳嗽	ké sou	hāi sòu	cc-cedict	to cough/CL:陣|阵[zhen4]
咳痰	ké tán	hāi tán	cc-cedict	to cough up phlegm/to expectorate
咳血	ké xiě	hāi xuè	cc-cedict	to cough up blood
咸興	xián xīng	xián xìng	cc-cedict	Hamhung, North Korea
咽喉	yān hóu	yàn hóu	cc-cedict	throat
咽峽	yān xiá	yàn xiá	cc-cedict	isthmus of the fauces
咽炎	yān yán	yàn yán	cc-cedict	pharyngitis
咽頭	yān tóu	yàn tóu	cc-cedict	pharynx
哀樂	āi yuè	āi lè	cc-cedict	funeral music/plaint/dirge
哀號	āi háo	āi hào	cc-cedict	to wail; to cry piteously (variant of 哀嚎[ai1 hao2])
品相	pǐn xiàng	pǐn xiāng	cc-cedict	condition/physical appearance (of a museum piece, item of food produced by a chef, postage stamp etc)
哄勸	hǒng quàn	hōng quàn	cc-cedict	to coax
哄瞞	hǒng mán	hōng mán	cc-cedict	to deceive
哄誘	hǒng yòu	hōng yòu	cc-cedict	to coax; to induce
哄騙	hǒng piàn	hōng piàn	cc-cedict	to deceive/to cheat
哇哇	wā wā	wa wa	cc-cedict	sound of crying
哇噻	wā sāi	wa sāi	cc-cedict	variant of 哇塞[wa1 sai1]
哇塞	wā sāi	wa sāi	cc-cedict	(slang) wow!/also pr. [wa1sei1]
哇靠	wā kào	wa kào	cc-cedict	(Tw) whoa!; holy crap! jeez! (from Taiwanese 我哭, Tai-lo pr. [goá khàu], "I cry!")
哈佛	hā fó	hā fú	cc-cedict	Harvard
哈迪	hǎ dí	hā dí	cc-cedict	Hardy or Hardie (name)
哈達	hǎ dá	hā dá	cc-cedict	khata (Tibetan or Mongolian ceremonial scarf)
哎呀	āi yā	āi ya	cc-cedict	interjection of wonder, shock or admiration
哥兒	gē r	gē ér	cc-cedict	brothers/boys
哦豁	ò huō	ó huō	cc-cedict	(dialect) oops!; oh no!; oh snap!
哨卡	shào qiǎ	shào kǎ	cc-cedict	border sentry post
哪兒	nǎ r	nǎ ér	cc-cedict	where?/wherever; anywhere; somewhere/(used in rhetorical questions) how can ...?; how could ...?
哪吒	né zhā	nǎ zhā	cc-cedict	Nezha, protection deity
哭喪	kū sāng	kū sàng	cc-cedict	to wail at a funeral/formal wailing while offering sacrifice to the departed
哽咽	gěng yè	gěng yàn	cc-cedict	to choke with emotion/to choke with sobs
唱和	chàng hè	chàng hé	cc-cedict	antiphon (i.e. solo voice answered by chorus)/sung reply (in agreement with first voice)/to reply with a poem in the sam
唱喏	chàng rě	chàng nuò	cc-cedict	(old) to bow and utter polite phrases/to open the way (for a dignitary etc)
唱曲	chàng qǔ	chàng qū	cc-cedict	to sing a song
啁啾	zhōu jiū	zhāo jiū	cc-cedict	(bird) twitter/chirp
商行	shāng háng	shāng xíng	cc-cedict	trading company
商賈	shāng gǔ	shāng jiǎ	cc-cedict	merchant
商都	shāng dū	shāng dōu	cc-cedict	see 商都縣|商都县[Shang1 du1 Xian4]
啊呀	ā yā	a ya	cc-cedict	interjection of surprise/Oh my!
啊喲	ā yo	a yō	cc-cedict	interjection of surprise or pain/Oh/Ow/My goodness!
問倒	wèn dǎo	wèn dào	cc-cedict	to stump/to baffle
問卷	wèn juàn	wèn juǎn	cc-cedict	questionnaire/CL:份[fen4]
啜泣	chuò qì	chuài qì	cc-cedict	to sob
啜飲	chuò yǐn	chuài yǐn	cc-cedict	to sip
啪嚓	pā chā	pā cā	cc-cedict	(onom.) (sound of sth smashing as it hits the ground)/(onom.) (sound made by a camera shutter)
啵啵	bō bō	bo bo	cc-cedict	(onom.) bubbling noise
喀什	kā shí	kā shén	cc-cedict	see 喀什地區|喀什地区[Ka1 shi2 Di4 qu1]/see 喀什市[Ka1 shi2 Shi4]
喀嚓	kā chā	kā cā	cc-cedict	(onom.) breaking or snapping
喁喁	yú yú	yóng yóng	cc-cedict	(onom.) speaking softly
喇賽	lā sài	lǎ sài	cc-cedict	(Tw) (slang) to chat idly; to gossip (from Taiwanese 抐屎, Tai-lo pr. [lā-sái])
喉咽	hóu yān	hóu yàn	cc-cedict	laryngopharynx/fig. a key position
喜喪	xǐ sāng	xǐ sàng	cc-cedict	peaceful death at a very advanced age
喜好	xǐ hào	xǐ hǎo	cc-cedict	to like/fond of/to prefer/to love/one's tastes/preference
喜帖	xǐ tiě	xǐ tiē	cc-cedict	wedding invitation
喝令	hè lìng	hē lìng	cc-cedict	to shout an order or command
喝叱	hè chì	hē chì	cc-cedict	see 呵斥[he1 chi4]
喝彩	hè cǎi	hē cǎi	cc-cedict	to acclaim/to cheer
喝斥	hè chì	hē chì	cc-cedict	see 呵斥[he1 chi4]
喝止	hè zhǐ	hē zhǐ	cc-cedict	to shout at sb to stop
喝道	hè dào	hē dào	cc-cedict	to shout (i.e. to say in a loud voice) (usually followed by the words shouted)/(old) (of yamen bailiffs etc) to walk ahe
喝采	hè cǎi	hē cǎi	cc-cedict	to acclaim/to cheer
喧嘩	xuān huá	xuān huā	cc-cedict	hubbub/clamor/to make a racket
喪亂	sāng luàn	sàng luàn	cc-cedict	tragic disaster/disturbance and bloodshed
喪事	sāng shì	sàng shì	cc-cedict	funeral arrangements
喪假	sāng jià	sàng jiǎ	cc-cedict	funeral leave
喪儀	sāng yí	sàng yí	cc-cedict	funeral ceremony
喪屍	sāng shī	sàng shī	cc-cedict	zombie
喪服	sāng fú	sàng fú	cc-cedict	mourning garment
喪棒	sāng bàng	sàng bàng	cc-cedict	funeral stick (held by the son as a sign of filial piety)
喪盡	sàng jìn	sàng jǐn	cc-cedict	to completely lose (one's dignity, vitality etc)
喪禮	sāng lǐ	sàng lǐ	cc-cedict	funeral
喪荒	sāng huāng	sàng huāng	cc-cedict	funerals and famines
喪葬	sāng zàng	sàng zàng	cc-cedict	funeral and interment
喪鐘	sāng zhōng	sàng zhōng	cc-cedict	knell
單于	chán yú	dān yú	cc-cedict	king of the Xiongnu 匈奴[Xiong1 nu2]
單挑	dān tiǎo	dān tiāo	cc-cedict	to pick/to choose/to fight a duel/Taiwan pr. [dan1 tiao1]
單曲	dān qǔ	dān qū	cc-cedict	single (recording industry)
單相	dān xiàng	dān xiāng	cc-cedict	single phase (elec.)
單縣	shàn xiàn	dān xiàn	cc-cedict	Shan County or Shanxian, a county in Heze City 菏澤市|菏泽市[He2 ze2 Shi4], Shandong
單薄	dān bó	dān báo	cc-cedict	weak/frail/thin/flimsy
喳喳	chā chā	zhā zhā	cc-cedict	(onom.) whisper
嗊吥	gòng bù	hǒng bù	cc-cedict	old name for Kampot province and Kampot town in Cambodia, now written 貢布|贡布[Gong4 bu4]
嗎哪	mǎ nǎ	ma nǎ	cc-cedict	manna (Israelite food)
嗎啉	mǎ lín	ma lín	cc-cedict	morpholine (chemistry) (loanword)
嗎啡	mǎ fēi	ma fēi	cc-cedict	morphine (loanword)
嗑藥	kè yào	kē yào	cc-cedict	to take (illegal) drugs
嗒喪	tà sàng	dā sàng	cc-cedict	(literary) disheartened; disappointed
嗒然	tà rán	dā rán	cc-cedict	(literary) despondent; depressed
嗔喝	chēn hè	chēn hē	cc-cedict	to yell at sb in rage
嗔著	chēn zhe	chēn zhù	cc-cedict	(coll.) to blame sb for sth
嗚咽	wū yè	wū yàn	cc-cedict	to sob/to whimper
嗜好	shì hào	shì hǎo	cc-cedict	hobby; indulgence; habit; addiction
嗞啦	zī lā	zī la	cc-cedict	(onom.) sputter; sizzle
嗯哼	en hēng	ǹg hēng	cc-cedict	uh-huh
嘀嗒	dī dā	dí dā	cc-cedict	(onom.) tick tock
嘉興	jiā xīng	jiā xìng	cc-cedict	see 嘉興市|嘉兴市[Jia1 xing1 Shi4]
嘎了	gǎ le	gā le	cc-cedict	(slang) (I'm, you're) toast; so screwed; it's game over (for sb); (sth) bit the dust
嘎啦	gá la	gā la	cc-cedict	to quarrel (Northeastern Mandarin)
嘔吐	ǒu tù	ǒu tǔ	cc-cedict	to vomit
嘔氣	òu qì	ǒu qì	cc-cedict	variant of 慪氣|怄气[ou4 qi4]
嘩啦	huā lā	huā la	cc-cedict	(onom.) sound of a crash/with a crash
嘩啦	huá la	huā la	cc-cedict	to collapse
嘩然	huá rán	huā rán	cc-cedict	in uproar/commotion/causing a storm of protest/tumultuous
嘩笑	huá xiào	huā xiào	cc-cedict	uproarious laughter
嘩變	huá biàn	huā biàn	cc-cedict	mutiny/rebellion
嘮嗑	lào kē	láo kē	cc-cedict	(dialect) to chat; to gossip
嘲哳	zhāo zhā	cháo zhā	cc-cedict	(onom.) clamorous noise made by numerous people talking or singing, or by musical instruments, or birds twittering
嘽嘽	tān tān	chǎn chǎn	cc-cedict	(literary) panting (of draft animals)/(literary) impressively numerous
器樂	qì yuè	qì lè	cc-cedict	instrumental music
噯氣	ǎi qì	āi qì	cc-cedict	to belch
噯腐	ǎi fǔ	āi fǔ	cc-cedict	putrid belching (medical term)
噯酸	ǎi suān	āi suān	cc-cedict	sour belching (medical term)
噴薄	pēn bó	pēn báo	cc-cedict	to gush/to squirt/to surge/to well out/to overflow
噴香	pèn xiāng	pēn xiāng	cc-cedict	fragrant/delicious
噶廈	gá xià	gá shà	cc-cedict	government of Tibet, dissolved in 1959
嚇倒	xià dǎo	xià dào	cc-cedict	to be frightened
嚕囌	lū sū	lǔ sū	cc-cedict	see 囉唆|啰唆[luo1 suo5]
嚼勁	jiáo jìn	jué jìn	cc-cedict	chewiness
嚼子	jiáo zi	jué zǐ	cc-cedict	bit/mouthpiece
嚼舌	jiáo shé	jué shé	cc-cedict	to gossip/to argue unnecessarily
嚼蠟	jiáo là	jué là	cc-cedict	insipid
嚼酒	jiáo jiǔ	jué jiǔ	cc-cedict	alcoholic drink made by fermenting chewed rice
嚼頭	jiáo tou	jué tóu	cc-cedict	chewiness/(fig.) substance; depth; something to chew on (in a novel, movie etc)
囉唣	luó zào	luō zào	cc-cedict	to create a disturbance; to make trouble; to harass
囊揣	nāng chuài	náng chuāi	cc-cedict	variant of 囊膪[nang1 chuai4]
囊膪	nāng chuài	náng chuài	cc-cedict	soft, fat meat of pig's belly/sow's sagging teats/weakling/flabby person/also written 囊揣
四更	sì gēng	sì gèng	cc-cedict	fourth of the five night watch periods 01:00-03:00 (old)
回佣	huí yòng	huí yōng	cc-cedict	commission/sales
回帖	huí tiě	huí tiē	cc-cedict	to reply to an invitation/(Internet) to post a comment on a forum topic
回彈	huí tán	huí dàn	cc-cedict	(of sth that has been deformed) to spring back to original shape/(fig.) to rebound/to bounce back
回應	huí yìng	huí yīng	cc-cedict	to respond/response
回還	huí huán	huí hái	cc-cedict	to return
回鶻	huí hú	huí gú	cc-cedict	Huihu, ancient name of an ethnic group who were the ancestors of the Uyghurs 維吾爾族|维吾尔族[Wei2 wu2 er3 zu2] and the Yugurs 
因應	yīn yìng	yīn yīng	cc-cedict	to respond accordingly to/to adapt to/to cope with
囤積	tún jī	dùn jī	cc-cedict	to stock up/to lay in supplies/to hoard (for speculation)/to corner the market in sth
囤貨	tún huò	dùn huò	cc-cedict	to stock up; to stockpile
圈地	quān dì	quān de	cc-cedict	staking a claim to territory/enclosure
圈養	juàn yǎng	quān yǎng	cc-cedict	to rear (an animal) in an enclosure
國樂	guó yuè	guó lè	cc-cedict	national music/Chinese traditional music
國行	guó háng	guó xíng	cc-cedict	(of a product etc) officially sold for the mainland China market
國都	guó dū	guó dōu	cc-cedict	national capital
國難	guó nàn	guó nán	cc-cedict	national calamity
園地	yuán dì	yuán de	cc-cedict	garden area
圓暈	yuán yùn	yuán yūn	cc-cedict	concentric circles/circular ripples
圖們	tú mén	tú men	cc-cedict	see 圖們市|图们市[Tu2 men2 Shi4]
土地	tǔ dì	tǔ de	cc-cedict	land/soil/territory/CL:片[pian4],塊|块[kuai4]
在地	zài dì	zài de	cc-cedict	(Tw) local; native (from Taiwanese 在地, Tai-lo pr. [tsāi-tē])
在行	zài háng	zài xíng	cc-cedict	to be adept at sth/to be an expert in a trade or profession
地上	dì shang	de shàng	cc-cedict	on the ground/on the floor
地下	dì xià	de xià	cc-cedict	underground/subterranean/covert
地主	dì zhǔ	de zhǔ	cc-cedict	landlord/landowner/host
地位	dì wèi	de wèi	cc-cedict	position/status/place/CL:個|个[ge4]
地保	dì bǎo	de bǎo	cc-cedict	(old) local constable
地價	dì jià	de jià	cc-cedict	land price
地兒	dì r	de ér	cc-cedict	place/space
地函	dì hán	de hán	cc-cedict	(geology) (the earth's) mantle (Tw)
地利	dì lì	de lì	cc-cedict	favorable location/in the right place/productivity of land
地力	dì lì	de lì	cc-cedict	fertility; productivity (of soil or land)
地動	dì dòng	de dòng	cc-cedict	earthquake (old term)
地勢	dì shì	de shì	cc-cedict	terrain/topography relief
地勤	dì qín	de qín	cc-cedict	(aviation) ground services; ground staff
地區	dì qū	de qū	cc-cedict	region; area (informal or geographical term)/prefecture (in China's administrative system)
地台	dì tái	de tái	cc-cedict	floor/platform
地史	dì shǐ	de shǐ	cc-cedict	earth history/geological history
地名	dì míng	de míng	cc-cedict	place name/toponym
地和	dì hú	de hé	cc-cedict	(mahjong) earthly hand; a hand that is completed by a non-dealer on their first draw/(mahjong) to obtain an earthly hand
地圖	dì tú	de tú	cc-cedict	map/CL:張|张[zhang1],本[ben3]
地址	dì zhǐ	de zhǐ	cc-cedict	address/CL:個|个[ge4]
地域	dì yù	de yù	cc-cedict	area/district/region
地基	dì jī	de jī	cc-cedict	foundations (of a building)/base
地堡	dì bǎo	de bǎo	cc-cedict	bunker (underground fortification)
地塊	dì kuài	de kuài	cc-cedict	parcel of land/(geology) massif
地塹	dì qiàn	de qiàn	cc-cedict	trench, rift valley
地壇	dì tán	de tán	cc-cedict	Temple of Earth (in Beijing)
地壟	dì lǒng	de lǒng	cc-cedict	lines on ridges on ploughed field
地契	dì qì	de qì	cc-cedict	title deed (for land)/CL:張|张[zhang1],份[fen4]
地委	dì wěi	de wěi	cc-cedict	prefectural Party committee
地宮	dì gōng	de gōng	cc-cedict	underground palace (as part of imperial tomb)
地層	dì céng	de céng	cc-cedict	stratum (geology)
地岬	dì jiǎ	de jiǎ	cc-cedict	cape (geography)/headland
地市	dì shì	de shì	cc-cedict	prefecture-level administrative jurisdiction (including prefecture-level cities, autonomous prefectures, prefectures and
地帶	dì dài	de dài	cc-cedict	zone/CL:個|个[ge4]
地幔	dì màn	de màn	cc-cedict	(geology) (the earth's) mantle
地底	dì dǐ	de dǐ	cc-cedict	subterranean/underground
地府	dì fǔ	de fǔ	cc-cedict	hell/the nether world/Hades
地形	dì xíng	de xíng	cc-cedict	topography/terrain/landform
地心	dì xīn	de xīn	cc-cedict	the earth's core/geocentric
地接	dì jiē	de jiē	cc-cedict	local guide/tour escort
地推	dì tuī	de tuī	cc-cedict	on-the-ground promotion (abbr. for 地面推廣|地面推广[di4 mian4 tui1 guang3])
地攤	dì tān	de tān	cc-cedict	roadside stall
地支	dì zhī	de zhī	cc-cedict	the 12 earthly branches 子[zi3], 丑[chou3], 寅[yin2], 卯[mao3], 辰[chen2], 巳[si4], 午[wu3], 未[wei4], 申[shen1], 酉[you3], 戌[xu1]
地方	dì fāng	de fāng	cc-cedict	region/regional (away from the central administration)/local
地方	dì fang	de fāng	cc-cedict	place; location; area; space; territory/aspect; part/CL:處|处[chu4]
地景	dì jǐng	de jǐng	cc-cedict	landscape/terrain
地暖	dì nuǎn	de nuǎn	cc-cedict	underfloor heating; radiant floor heating
地書	dì shū	de shū	cc-cedict	writing on the ground with a large brush dipped in water
地板	dì bǎn	de bǎn	cc-cedict	floor
地核	dì hé	de hé	cc-cedict	(geology) Earth's core
地栽	dì zāi	de zāi	cc-cedict	to grow in open ground (as opposed to pot cultivation 盆栽[pen2 zai1])
地標	dì biāo	de biāo	cc-cedict	landmark
地步	dì bù	de bù	cc-cedict	stage; degree (to which a situation has evolved)/a (usu. bad) situation/leeway
地段	dì duàn	de duàn	cc-cedict	section/district
地殼	dì qiào	de ké	cc-cedict	the Earth's crust
地毯	dì tǎn	de tǎn	cc-cedict	carpet/rug
地洞	dì dòng	de dòng	cc-cedict	tunnel; cave; burrow; dugout
地滑	dì huá	de huá	cc-cedict	landslide
地漏	dì lòu	de lòu	cc-cedict	drain/underground drainpipe/floor gutter/25th of 2nd lunar month
地熱	dì rè	de rè	cc-cedict	geothermal heat
地爐	dì lú	de lú	cc-cedict	fire pit
地牢	dì láo	de láo	cc-cedict	prison/dungeon
地獄	dì yù	de yù	cc-cedict-buddhist	hell; underworld; (Buddhism) Naraka/(coll.) (of humor, jokes, content etc) extremely dark or morally transgressive
地球	dì qiú	de qiú	cc-cedict	the earth
地理	dì lǐ	de lǐ	cc-cedict	geography
地瓜	dì guā	de guā	cc-cedict	sweet potato (Ipomoea batatas)/yam bean (Pachyrhizus erosus)/(TCM) digua fig (Ficus tikoua Bur.)
地產	dì chǎn	de chǎn	cc-cedict	real estate; landed estate; landed property
地畝	dì mǔ	de mǔ	cc-cedict	area of farmland
地痞	dì pǐ	de pǐ	cc-cedict	bully/local ruffian
地皇	dì huáng	de huáng	cc-cedict	Earthly Sovereign, one of the three legendary sovereigns 三皇[san1 huang2]
地皮	dì pí	de pí	cc-cedict	lot/section of land/ground
地盤	dì pán	de pán	cc-cedict	domain/territory under one's control/foundation of a building/base of operations/crust of earth
地磁	dì cí	de cí	cc-cedict	Earth's magnetic field; geomagnetism
地磚	dì zhuān	de zhuān	cc-cedict	floor tile
地祇	dì qí	de qí	cc-cedict	earth spirit
地租	dì zū	de zū	cc-cedict	land rent/land tax
地稅	dì shuì	de shuì	cc-cedict	local tax (abbr. for 地方稅|地方税[di4 fang1 shui4])/land tax (abbr. for 土地稅|土地税[tu3 di4 shui4])
地積	dì jī	de jī	cc-cedict	land area
地穴	dì xué	de xué	cc-cedict	pit/burrow/crypt
地窖	dì jiào	de jiào	cc-cedict	cellar/basement
地窨	dì yìn	de yìn	cc-cedict	cellar
地籍	dì jí	de jí	cc-cedict	cadaster
地籠	dì lóng	de lóng	cc-cedict	cage-like fish trap
地精	dì jīng	de jīng	cc-cedict	gnome/goblin
地級	dì jí	de jí	cc-cedict	(administrative) prefecture-level
地線	dì xiàn	de xiàn	cc-cedict	earth (wire)/ground
地緣	dì yuán	de yuán	cc-cedict	geographic situation/geo-(politics etc)
地脈	dì mài	de mài	cc-cedict	geographical position according to the principles of feng shui 風水|风水[feng1 shui3]/ley lines
地腳	dì jiǎo	de jiǎo	cc-cedict	(page) footer/(dialect) foundation (of a building)/base
地藏	dì zàng	de cáng	cc-cedict-buddhist	Kṣitigarbha, the Bodhisattva of the Great Vow (to save all souls before accepting Bodhi)/also translated Earth Treasury,
地處	dì chǔ	de chù	cc-cedict	to be located at/to be situated in
地衣	dì yī	de yī	cc-cedict	lichen
地表	dì biǎo	de biǎo	cc-cedict	the surface (of the earth)
地調	dì diào	de diào	cc-cedict	geological survey, abbr. for 地質調查|地质调查[di4 zhi4 diao4 cha2]
地貌	dì mào	de mào	cc-cedict	(geology) landform; geomorphology
地質	dì zhì	de zhì	cc-cedict	geology
地軸	dì zhóu	de zhóu	cc-cedict	the earth's axis
地返	dì fǎn	de fǎn	cc-cedict	floor monitor; foldback speaker; wedge monitor
地速	dì sù	de sù	cc-cedict	groundspeed (of an aircraft etc)
地道	dì dào	de dào	cc-cedict	tunnel/causeway
地道	dì dao	de dào	cc-cedict	authentic/genuine/proper
地鄰	dì lín	de lín	cc-cedict	neighbor on farmland
地錢	dì qián	de qián	cc-cedict	liverwort (Marchantia polymorpha)
地鐵	dì tiě	de tiě	cc-cedict	underground railway; subway/subway train
地陪	dì péi	de péi	cc-cedict	local guide/tour escort
地雷	dì léi	de léi	cc-cedict	land mine (CL:顆|颗[ke1])/(fig.) sore point; weak spot
地震	dì zhèn	de zhèn	cc-cedict	earthquake
地面	dì miàn	de miàn	cc-cedict	floor/ground/surface
地頭	dì tóu	de tóu	cc-cedict	place/locality/edge of a field/lower margin of a page
地鱉	dì biē	de biē	cc-cedict	Chinese ground beetle (Eupolyphaga sinensis), used in TCM
地鵏	dì bǔ	de bǔ	cc-cedict	see 大鴇|大鸨[da4 bao3]
地黃	dì huáng	de huáng	cc-cedict	Chinese foxglove (Rehmannia glutinosa), its rhizome used in TCM
地點	dì diǎn	de diǎn	cc-cedict	place/site/location/venue/CL:個|个[ge4]
地龍	dì lóng	de lóng	cc-cedict	(TCM) earthworm
均差	jūn chā	jūn chà	cc-cedict	(numerical analysis) divided differences/(statistics) mean absolute difference
坎兒	kǎn r	kǎn ér	cc-cedict	critical juncture/key moment
坑蒙	kēng mēng	kēng méng	cc-cedict	to swindle
坦率	tǎn shuài	tǎn lǜ	cc-cedict	frank; candid; straightforward
坨兒	tuó r	tuó ér	cc-cedict	classifier for lumps of soft things (colloquial)
坯模	pī mú	pī mó	cc-cedict	mold
坷垃	kē lā	kě lā	cc-cedict	(dialect) clod (of earth)
垣曲	yuán qǔ	yuán qū	cc-cedict	see 垣曲縣|垣曲县[Yuan2 qu3 Xian4]
埃塞	āi sài	āi sāi	cc-cedict	Ethiopia
埋怨	mán yuàn	mái yuàn	cc-cedict	to complain/to grumble (about)/to reproach/to blame
埋沒	mái mò	mái méi	cc-cedict	to engulf/to bury/to overlook/to stifle/to neglect/to fall into oblivion
執拗	zhí niù	zhí ào	cc-cedict	stubborn; willful; pigheaded/Taiwan pr. [zhi2ao4]
執著	zhí zhuó	zhí zhù	cc-cedict-buddhist	dedicated; devoted; persistent/to persist in; to cling to/(Buddhism) attachment
執著	zhí zhuó	zhí zhù	cc-cedict	variant of 執著|执着[zhi2 zhuo2]
基地	jī dì	jī de	cc-cedict	al-Qaeda
基地	jī dì	jī de	cc-cedict	base (of operations, industrial, military, research etc)
堡子	bǔ zi	bǎo zǐ	cc-cedict	village or town surrounded by earthen walls; village/Taiwan pr. [bao3 zi5]
堯都	yáo dū	yáo dōu	cc-cedict	see 堯都區|尧都区[Yao2 du1 Qu1]
報喪	bào sāng	bào sàng	cc-cedict	to announce sb's demise
報帖	bào tiě	bào tiē	cc-cedict	to announce good news in red letters
報應	bào yìng	bào yīng	cc-cedict-buddhist	(Buddhism) divine retribution; karma
報載	bào zǎi	bào zài	cc-cedict	newspaper report
場兒	chǎng r	chǎng ér	cc-cedict	see 場子|场子[chang3 zi5]
場地	chǎng dì	chǎng de	cc-cedict	space/site/place/sports pitch
場院	cháng yuàn	chǎng yuàn	cc-cedict	threshing floor
堵塞	dǔ sè	dǔ sāi	cc-cedict	to clog up/blockage
塔剎	tǎ chà	tǎ shā	cc-cedict-buddhist	Buddhist ornamentation decorating the upper story of a pagoda
塔勒	tǎ lè	tǎ lēi	cc-cedict	thaler or taler (currency of various Germanic countries in 15th-19th centuries) (loanword)
塔扎	tǎ zā	tǎ zhā	cc-cedict	Taza (a city in northern Morocco)
塞北	sài běi	sāi běi	cc-cedict	(old) territories north of the Great Wall
塞外	sài wài	sāi wài	cc-cedict	(old) territories beyond the Great Wall
塞族	sài zú	sāi zú	cc-cedict	Serb ethnic group (abbr. for 塞爾維亞族|塞尔维亚族[Sai4 er3 wei2 ya4 zu2])
塞語	sài yǔ	sāi yǔ	cc-cedict	Serbian language/Saka language
塞責	sè zé	sāi zé	cc-cedict	to carry out one's duties perfunctorily; to fulfill one's responsibility
塞音	sè yīn	sāi yīn	cc-cedict	(linguistics) plosive; stop
填地	tián dì	tián de	cc-cedict	landfill
填塞	tián sè	tián sāi	cc-cedict	to fill up/to cram/to stuff
填空	tián kòng	tián kōng	cc-cedict	to fill a job vacancy/to fill in a blank (e.g. on a form, questionnaire or exam paper)
塬地	yuán dì	yuán de	cc-cedict	fertile arable soil of loess plateau
境地	jìng dì	jìng de	cc-cedict	circumstances
墊圈	diàn juàn	diàn quān	cc-cedict	to spread litter in a cowshed, pigsty etc
墓地	mù dì	mù de	cc-cedict	cemetery/graveyard
墨斗	mò dǒu	mò dòu	cc-cedict	carpenter's straight line marker (an inked cord stretched tight then lowered onto timber)
墳地	fén dì	fén de	cc-cedict	graveyard/cemetery
壅塞	yōng sè	yōng sāi	cc-cedict	variant of 擁塞|拥塞[yong1 se4]
壓倒	yā dǎo	yā dào	cc-cedict	to overwhelm/to overpower/overwhelming
壓板	yà bǎn	yā bǎn	cc-cedict	see-saw
壓根	yà gēn	yā gēn	cc-cedict	(mainly used in the negative) in the first place; absolutely; simply
外傳	wài zhuàn	wài chuán	cc-cedict	unofficial biography (as opposed to official dynastic biography)
外地	wài dì	wài de	cc-cedict	parts of the country other than where one is
外場	wài cháng	wài chǎng	cc-cedict	outside world/society
外差	wài chā	wài chà	cc-cedict	heterodyne (electronics)
外相	wài xiàng	wài xiāng	cc-cedict	Foreign Minister
外蒙	wài měng	wài méng	cc-cedict	Outer Mongolia (abbr. for 外蒙古[Wai4 Meng3 gu3])
外行	wài háng	wài xíng	cc-cedict	layman/amateur
多佛	duō fó	duō fú	cc-cedict	Dover
多重	duō chóng	duō zhòng	cc-cedict	multi- (faceted, cultural, ethnic etc)
夜曲	yè qǔ	yè qū	cc-cedict	nocturne (music)
夠嗆	gòu qiàng	gòu qiāng	cc-cedict	unbearable/terrible/enough/unlikely
夠戧	gòu qiàng	gòu qiāng	cc-cedict	variant of 夠嗆|够呛[gou4 qiang4]
大乘	dà shèng	dà chéng	cc-cedict-buddhist	Mahayana, the Great Vehicle/Buddhism based on the Mayahana sutras, as spread to Central Asia, China and beyond/also pr. 
大地	dà dì	dà de	cc-cedict	earth/mother earth
大夫	dài fu	dà fū	cc-cedict	doctor; physician
大宛	dà yuān	dà wǎn	cc-cedict	ancient state of central Asia
大將	dà jiàng	dà jiāng	cc-cedict	a general or admiral
大汗	dà hán	dà hàn	cc-cedict	supreme khan
大為	dà wéi	dà wèi	cc-cedict	very/greatly
大盡	dà jìn	dà jǐn	cc-cedict	lunar month of 30 days/same as 大建[da4 jian4]
大興	dà xīng	dà xìng	cc-cedict	see 大興區|大兴区[Da4 xing1 Qu1]
大興	dà xīng	dà xìng	cc-cedict	to go in for something in a big way; to undertake on a large scale
大都	dà dū	dà dōu	cc-cedict	Dadu, capital of China during the Yuan Dynasty (1280-1368), modern day Beijing
大都	dà dū	dà dōu	cc-cedict	for the most part/on the whole/metropolitan
大難	dà nàn	dà nán	cc-cedict	great catastrophe
天兒	tiān r	tiān ér	cc-cedict	the weather
天分	tiān fèn	tiān fēn	cc-cedict	natural gift/talent
天台	tiān tāi	tiān tái	cc-cedict-buddhist	Mt Tiantai near Shaoxing 紹興|绍兴 in Zhejiang, the center of Tiantai Buddhism 天台宗/Tiantai county in Taizhou 台州[Tai1 zhou1],
天和	tiān hú	tiān hé	cc-cedict	(mahjong) heavenly hand; a hand that is completed by the dealer on their first draw/(mahjong) to obtain a heavenly hand
天地	tiān dì	tiān de	cc-cedict	heaven and earth/world/scope/field of activity
天干	tiān gān	tiān gàn	cc-cedict	the 10 heavenly stems 甲[jia3], 乙[yi3], 丙[bing3], 丁[ding1], 戊[wu4], 己[ji3], 庚[geng1], 辛[xin1], 壬[ren2], 癸[gui3], used cyc
天長	tiān cháng	tiān zhǎng	cc-cedict	see 天長市|天长市[Tian1 chang2 Shi4]
太監	tài jiàn	tài jiān	cc-cedict	court eunuch/palace eunuch
太阿	tài ē	tài ā	cc-cedict	variant of 泰阿[Tai4 e1]
央行	yāng háng	yāng xíng	cc-cedict	central bank (abbr. for 中央銀行|中央银行[zhong1 yang1 yin2 hang2])
失地	shī dì	shī de	cc-cedict	to lose territory/lost territory
失當	shī dàng	shī dāng	cc-cedict	inappropriate/improper
失著	shī zhāo	shī zhù	cc-cedict	unwise move/to make an unwise move
失調	shī tiáo	shī diào	cc-cedict	imbalance/to become dysfunctional/to lack proper care (after an illness etc)
夾襖	jiá ǎo	jiā ǎo	cc-cedict	lined jacket/double layered jacket/CL:件[jian4]
奇偶	jī ǒu	qí ǒu	cc-cedict	parity/odd and even
奇數	jī shù	qí shù	cc-cedict	odd number
奇羨	jī xiàn	qí xiàn	cc-cedict	surplus/profit
奉還	fèng huán	fèng hái	cc-cedict	to return with thanks/to give back (honorific)
奏帖	zòu tiě	zòu tiē	cc-cedict	memorial to the emperor (folded in accordion form)
奏樂	zòu yuè	zòu lè	cc-cedict	to perform music/to play a tune
奔三	bèn sān	bēn sān	cc-cedict	to be pushing 30
奔喪	bēn sāng	bēn sàng	cc-cedict	to hasten home for the funeral of a parent or grandparent
奔四	bèn sì	bēn sì	cc-cedict	to be pushing 40
奔月	bèn yuè	bēn yuè	cc-cedict	to fly to the moon
奔頭	bèn tou	bēn tóu	cc-cedict	sth to strive for/prospect
套兒	tào r	tào ér	cc-cedict	(coll.) loop of rope/noose/scheme/ploy/condom
套曲	tào qǔ	tào qū	cc-cedict	divertimento (music)
套種	tào zhòng	tào zhǒng	cc-cedict	to interplant
套色	tào shǎi	tào sè	cc-cedict	color printing using several overlaid images
奠都	diàn dū	diàn dōu	cc-cedict	to determine the position of the capital/to found a capital
奧什	ào shí	ào shén	cc-cedict	Osh (city in Kyrgyzstan)
奪冠	duó guàn	duó guān	cc-cedict	to seize the crown/fig. to win a championship/to win gold medal
奪舍	duó shè	duó shě	cc-cedict	to incarnate into sb else's body
女將	nǚ jiàng	nǚ jiāng	cc-cedict	female general/(fig.) woman who is a leading figure in her area of expertise
女紅	nǚ gōng	nǚ hóng	cc-cedict	(literary) the feminine arts (e.g. needlework)
好事	hào shì	hǎo shì	cc-cedict	to be meddlesome
好動	hào dòng	hǎo dòng	cc-cedict	active/restless/energetic
好勝	hào shèng	hǎo shèng	cc-cedict	eager to win/competitive/aggressive
好吃	hào chī	hǎo chī	cc-cedict	to be fond of eating; to be gluttonous
好哇	hǎo wā	hǎo wa	cc-cedict	hurray!/hurrah!/yippee!
好奇	hào qí	hǎo qí	cc-cedict	inquisitive/curious/inquisitiveness/curiosity
好學	hào xué	hǎo xué	cc-cedict	eager to study/studious/erudite
好客	hào kè	hǎo kè	cc-cedict	hospitality/to treat guests well/to enjoy having guests/hospitable/friendly
好強	hào qiáng	hǎo qiáng	cc-cedict	eager to be first
好惡	hào wù	hǎo è	cc-cedict	lit. likes and dislikes/preferences/taste
好戰	hào zhàn	hǎo zhàn	cc-cedict	warlike
好氧	hào yǎng	hǎo yǎng	cc-cedict	aerobic
好玩	hào wán	hǎo wán	cc-cedict	to be playful/to be fond of one's fun
好色	hào sè	hǎo sè	cc-cedict	to want sex/given to lust/lecherous/lascivious/horny
好處	hǎo chǔ	hǎo chù	cc-cedict	easy to get along with
好辯	hào biàn	hǎo biàn	cc-cedict	argumentative/quarrelsome
好鬥	hào dòu	hǎo dòu	cc-cedict	to be warlike/to be belligerent
妄為	wàng wéi	wàng wèi	cc-cedict	to take rash action
始興	shǐ xīng	shǐ xìng	cc-cedict	see 始興縣|始兴县[Shi3 xing1 Xian4]
委蛇	wēi yí	wěi shé	cc-cedict	variant of 逶迤[wei1 yi2]/used in 虛與委蛇|虚与委蛇[xu1 yu3 wei1 yi2]
委靡	wěi mǐ	wěi mí	cc-cedict	variant of 萎靡[wei3 mi3]
威卜	wēi bǔ	wēi bo	cc-cedict	vaporizer (e-cigarette) (loanword)
威嚇	wēi hè	wēi xià	cc-cedict	to threaten/to intimidate/to cow
威翟	wēi zhái	wēi dí	cc-cedict	Wade-Giles (romanization system for Chinese)
婀娜	ē nuó	ē nà	cc-cedict	(of a woman) graceful; elegant; lithe
婁宿	lóu xiù	lóu sù	cc-cedict	Bond (Chinese constellation)
婚假	hūn jià	hūn jiǎ	cc-cedict	marriage leave
嫌惡	xián wù	xián è	cc-cedict	to loathe/to abhor/hatred/revulsion
嬋媛	chán yuán	chán yuàn	cc-cedict	(literary) (of a woman) graceful/(literary) to be interwoven/(literary) to be emotionally involved
子兒	zǐ r	zǐ ér	cc-cedict	(coll.) penny/buck
子長	zǐ cháng	zǐ zhǎng	cc-cedict	see 子長市|子长市[Zi3 chang2 Shi4]
孕吐	yùn tù	yùn tǔ	cc-cedict	morning sickness (during pregnancy)
字帖	zì tiě	zì tiē	cc-cedict	piece of paper with short note/short letter
字帖	zì tiè	zì tiē	cc-cedict	copybook (for calligraphy)
季相	jì xiàng	jì xiāng	cc-cedict	characteristic nature of some season
孩兒	hái r	hái ér	cc-cedict	child
孱頭	càn tou	chán tóu	cc-cedict	(dialect) weakling; coward
學舍	xué shè	xué shě	cc-cedict	school building/school/(Tw) student dormitory
宅舍	zhái shè	zhái shě	cc-cedict	house/residence
守分	shǒu fèn	shǒu fēn	cc-cedict	to abide by the law/to respect the law
守喪	shǒu sāng	shǒu sàng	cc-cedict	to keep watch beside a coffin/to observe a period of mourning
守更	shǒu gēng	shǒu gèng	cc-cedict	to keep watch during the night
安分	ān fèn	ān fēn	cc-cedict	content with one's lot/knowing one's place
安塞	ān sài	ān sāi	cc-cedict	see 安塞區|安塞区[An1 sai4 Qu1]
安難	ān nàn	ān nán	cc-cedict	(classical) (of soldiers etc) resolute in the face of adversity
宗地	zōng dì	zōng de	cc-cedict	parcel of land
官倒	guān dǎo	guān dào	cc-cedict	speculation by officials/profiteering by government employees/bureaucratic turpitude
官差	guān chāi	guān chà	cc-cedict	official business/government workmen/odd-job men
定分	dìng fèn	dìng fēn	cc-cedict	predestination/one's lot (of good and bad fortune)
定當	dìng dàng	dìng dāng	cc-cedict	settled/ready/finished
定興	dìng xīng	dìng xìng	cc-cedict	see 定興縣|定兴县[Ding4 xing1 Xian4]
宜興	yí xīng	yí xìng	cc-cedict	see 宜興市|宜兴市[Yi2 xing1 Shi4]
宜都	yí dū	yí dōu	cc-cedict	see 宜都市[Yi2 du1 Shi4]
宮掖	gōng yè	gōng yē	cc-cedict	palace apartments
宮觀	gōng guàn	gōng guān	cc-cedict	Taoist temple
宰予	zǎi yú	zǎi yǔ	cc-cedict	Zai Yu (522-458 BC), disciple of Confucius
宰相	zǎi xiàng	zǎi xiāng	cc-cedict	prime minister (in feudal China)
害臊	hài sào	hài sāo	cc-cedict	to be bashful/to feel ashamed
家傳	jiā zhuàn	jiā chuán	cc-cedict	family history (as a literary genre)
家當	jiā dàng	jiā dāng	cc-cedict	familial property/belongings
宿分	sù fèn	sù fēn	cc-cedict	predestined relationship
宿將	sù jiàng	sù jiāng	cc-cedict	veteran general
宿舍	sù shè	sù shě	cc-cedict	dormitory/dorm room/living quarters/hostel/CL:間|间[jian1]
寒假	hán jià	hán jiǎ	cc-cedict	winter vacation
寒傖	hán chen	hán cāng	cc-cedict	variant of 寒磣|寒碜[han2 chen5]
寒舍	hán shè	hán shě	cc-cedict	my humble home
實地	shí dì	shí de	cc-cedict	on-site
實相	shí xiàng	shí xiāng	cc-cedict-buddhist	actual situation/the ultimate essence of things (Buddhism)
寧可	nìng kě	níng kě	cc-cedict	preferably/one would prefer to...(or not to...)/would rather/(would) be better to/(to pick) the lesser of two evils
寧肯	nìng kěn	níng kěn	cc-cedict	would rather.../it would be better.../would prefer
寧都	níng dū	níng dōu	cc-cedict	see 寧都縣|宁都县[Ning2 du1 Xian4]
寧願	nìng yuàn	níng yuàn	cc-cedict	would rather ... (than ...)
審度	shěn duó	shěn dù	cc-cedict	to observe and form a judgment
審校	shěn jiào	shěn xiào	cc-cedict	to proof-read/to review (a text)
審處	shěn chǔ	shěn chù	cc-cedict	to deliberate and decide/to try and punish/trial and execution
寫意	xiè yì	xiě yì	cc-cedict	comfortable/enjoyable/relaxed
寶地	bǎo dì	bǎo de	cc-cedict	blessed land; a place rich in beauty or natural resources etc/(term of respect) your place
寶應	bǎo yìng	bǎo yīng	cc-cedict	see 寶應縣|宝应县[Bao3 ying4 Xian4]
寶興	bǎo xīng	bǎo xìng	cc-cedict	see 寶興縣|宝兴县[Bao3 xing1 Xian4]
寶藏	bǎo zàng	bǎo cáng	cc-cedict-buddhist	precious mineral deposits/hidden treasure/(fig.) treasure/(Buddhism) the treasure of Buddha's law
封地	fēng dì	fēng de	cc-cedict	feudal fiefdom/land held as a vassal in feudal society/enfeoffment
封禪	fēng shàn	fēng chán	cc-cedict	(of an emperor) to pay homage to Heaven at Mount Tai and to Earth at Mount Liangfu
射中	shè zhòng	shè zhōng	cc-cedict	to hit the target
射干	shè gān	shè gàn	cc-cedict	blackberry lily (Belamcanda chinensis)/leopard lily
將令	jiàng lìng	jiāng lìng	cc-cedict	(old) (military) a command/an order
將伯	qiāng bó	jiāng bó	cc-cedict	to ask for assistance
將士	jiàng shì	jiāng shì	cc-cedict	officers and soldiers
將官	jiàng guān	jiāng guān	cc-cedict	general
將帥	jiàng shuài	jiāng shuài	cc-cedict	commander-in-chief, the equivalent of king in Chinese chess
將才	jiàng cái	jiāng cái	cc-cedict	talented field commander (military)
將棋	jiàng qí	jiāng qí	cc-cedict	Japanese chess (shōgi)
將牌	jiàng pái	jiāng pái	cc-cedict	trump (suit of cards)
將領	jiàng lǐng	jiāng lǐng	cc-cedict	high-ranking military officer
專長	zhuān cháng	zhuān zhǎng	cc-cedict	specialty/special knowledge or ability
尉犁	yù lí	wèi lí	cc-cedict	see 尉犁縣|尉犁县[Yu4 li2 Xian4]
尉遲	yù chí	wèi chí	cc-cedict	two-character surname Yuchi
尋的	xún dì	xún de	cc-cedict	homing/target-seeking (military)
對么	duì yāo	duì me	cc-cedict	pair of aces (in dominoes)/double one
對地	duì dì	duì de	cc-cedict	targeted (e.g. attacks)
對應	duì yìng	duì yīng	cc-cedict	to correspond (to); to be equivalent to; to be a counterpart to
對稱	duì chèn	duì chēng	cc-cedict	symmetry/symmetrical
小乘	xiǎo shèng	xiǎo chéng	cc-cedict-buddhist	Hinayana, the Lesser Vehicle/Buddhism in India before the Mayahana sutras/also pr. [Xiao3 cheng2]
小傳	xiǎo zhuàn	xiǎo chuán	cc-cedict	sketch biography/profile
小兒	xiǎo r	xiǎo ér	cc-cedict	(coll.) early childhood/(coll.) baby boy
小將	xiǎo jiàng	xiǎo jiāng	cc-cedict	(in classical literature) young military officer of high rank for his age/(during the Cultural Revolution) young militan
小曲	xiǎo qǔ	xiǎo qū	cc-cedict	popular song/folk tune/ballad
小盡	xiǎo jìn	xiǎo jǐn	cc-cedict	lunar month of 29 days
少兒	shào ér	shǎo ér	cc-cedict	child
少壯	shào zhuàng	shǎo zhuàng	cc-cedict	young and strong; in the prime of youth
少女	shào nǚ	shǎo nǚ	cc-cedict	girl/young lady
少婦	shào fù	shǎo fù	cc-cedict	young married woman
少將	shào jiàng	shǎo jiāng	cc-cedict	major general/rear admiral/air vice marshal
少尉	shào wèi	shǎo wèi	cc-cedict	second lieutenant (army rank)
少年	shào nián	shǎo nián	cc-cedict	early youth/youngster/(literary) youth; young man
少府	shào fǔ	shǎo fǔ	cc-cedict	minister in charge of the palace treasury in imperial China
少東	shào dōng	shǎo dōng	cc-cedict	boss's son/young master; young boss
少林	shào lín	shǎo lín	cc-cedict	the Shaolin monastery and martial arts school
少校	shào xiào	shǎo xiào	cc-cedict	junior ranking officer in Chinese army/major/lieutenant commander
少爺	shào ye	shǎo yé	cc-cedict	son of the boss/young master of the house/your son (honorific)
少男	shào nán	shǎo nán	cc-cedict	young, unmarried male; young guy
少艾	shào ài	shǎo ài	cc-cedict	young and pretty/pretty girl
少間	shǎo jiàn	shǎo jiān	cc-cedict	(literary) after a short while; shortly/(literary) (of an illness) slightly improved
尜兒	gá r	gá ér	cc-cedict	erhua variant of 尜[ga2]
尤為	yóu wéi	yóu wèi	cc-cedict	especially
就地	jiù dì	jiù de	cc-cedict	locally/on the spot
就著	jiù zhe	jiù zhù	cc-cedict	(eat sth) with (sth else)/taking advantage of; using
尿脬	suī pāo	niào pāo	cc-cedict	bladder
局地	jú dì	jú de	cc-cedict	local/locally
居喪	jū sāng	jū sàng	cc-cedict	to observe the ritual mourning
居處	jū chǔ	jū chù	cc-cedict	to live/to reside
屏息	bǐng xī	píng xī	cc-cedict	hold one's breath
屏氣	bǐng qì	píng qì	cc-cedict	to hold one's breath
屏營	bīng yíng	píng yíng	cc-cedict	with fear and trepidation
屏退	bǐng tuì	píng tuì	cc-cedict	to send away/to dismiss (servants etc)/to retire from public life
屏除	bǐng chú	píng chú	cc-cedict	to get rid of/to dismiss/to brush aside
屬地	shǔ dì	shǔ de	cc-cedict	dependency/possession/annexed territory
屬意	zhǔ yì	shǔ yì	cc-cedict	to set one's heart on/to set one's choice on
屬文	zhǔ wén	shǔ wén	cc-cedict	to write prose
屬相	shǔ xiàng	shǔ xiāng	cc-cedict	colloquial term for 生肖[sheng1 xiao4] the animals associated with the years of a 12-year cycle
屯邅	zhūn zhān	tún zhān	cc-cedict	variant of 迍邅[zhun1 zhan1]
山地	shān dì	shān de	cc-cedict	mountainous region/hilly area/hilly country
山斗	shān dǒu	shān dòu	cc-cedict	abbr. for 泰山北斗[Tai4 shan1 Bei3 dou3]
山查	shān zhā	shān chá	cc-cedict	variant of 山楂[shan1 zha1]
山阿	shān ē	shān ā	cc-cedict	a nook in the mountains
山難	shān nàn	shān nán	cc-cedict	mountain accident
岭巆	líng yíng	lǐng róng	cc-cedict	deep in the mountains
崆峒	kōng tóng	kōng dòng	cc-cedict	see 崆峒區|崆峒区[Kong1 tong2 Qu1]
崑曲	kūn qǔ	kūn qū	cc-cedict	Kunqu opera, influential musical theater originating in Kunshan, Jiangsu province in Yuan times
崗卡	gǎng qiǎ	gǎng kǎ	cc-cedict	checkpoint/Taiwan pr. [gang3ka3]
崗地	gǎng dì	gǎng de	cc-cedict	non-irrigated farmland on low hills
崩倒	bēng dǎo	bēng dào	cc-cedict	to collapse/to crash down/to fall down in a heap
川藏	chuān zàng	chuān cáng	cc-cedict	Sichuan and Tibet
巡更	xún gēng	xún gèng	cc-cedict	to patrol at night, marking the time by sounding clappers or gongs
工地	gōng dì	gōng de	cc-cedict	construction site
工坊	gōng fáng	gōng fāng	cc-cedict	workshop
工行	gōng háng	gōng xíng	cc-cedict	ICBC (Industrial and Commercial Bank of China)/abbr. for 工商銀行|工商银行[Gong1 Shang1 Yin2 hang2]
左傳	zuǒ zhuàn	zuǒ chuán	cc-cedict	Zuo Zhuan or Tsochuan, Mr Zuo's Annals or Mr Zuo's commentary on 春秋[Chun1 qiu1], early history c. 400 BC attributed to f
差事	chāi shi	chà shì	cc-cedict	errand/assignment/job/commission/CL:件[jian4]/see also 差使[chai1 shi5]
差使	chāi shǐ	chà shǐ	cc-cedict	to send/to assign/to appoint/servants of an official/official messenger
差價	chā jià	chà jià	cc-cedict	difference in price
差分	chā fēn	chà fēn	cc-cedict	(math.) increment/difference/(engineering) differential
差別	chā bié	chà bié	cc-cedict	difference; distinction; disparity
差商	chā shāng	chà shāng	cc-cedict	(math.) difference quotient/(math.) divided difference/(math.) finite difference
差失	chā shī	chà shī	cc-cedict	mistake/slip-up
差役	chāi yì	chà yì	cc-cedict	forced labor of feudal tenant (corvée)/bailiff of feudal yamen
差數	chā shù	chà shù	cc-cedict	difference (the result of subtraction)
差旅	chāi lǚ	chà lǚ	cc-cedict	to travel on business; to go on a business trip
差池	chā chí	chà chí	cc-cedict	mistake/error/mishap
差派	chāi pài	chà pài	cc-cedict	to dispatch
差異	chā yì	chà yì	cc-cedict	difference; discrepancy
差訛	chā é	chà é	cc-cedict	error/mistake
差誤	chā wù	chà wù	cc-cedict	mistake
差距	chā jù	chà jù	cc-cedict	disparity; gap
差遣	chāi qiǎn	chà qiǎn	cc-cedict	to send (on errand)
差遲	chā chí	chà chí	cc-cedict	variant of 差池[cha1 chi2]
差錯	chā cuò	chà cuò	cc-cedict	mistake; slip-up; fault; error/accident; mishap
差額	chā é	chà é	cc-cedict	balance (financial)/discrepancy (in a sum or quota)/difference
巴斗	bā dǒu	bā dòu	cc-cedict	variant of 笆斗[ba1 dou3]
巷弄	xiàng lòng	xiàng nòng	cc-cedict	alley/lane
市擔	shì dàn	shì dān	cc-cedict	Chinese unit of weight equal to 100 jin (or 50 kg)
布什	bù shí	bù shén	cc-cedict	Bush (name)/George H.W. Bush (1924-2018), US president 1988-1992/George W. Bush (1946-), US President 2000-2008
帑藏	tǎng zàng	tǎng cáng	cc-cedict	state treasury
帖子	tiě zi	tiē zǐ	cc-cedict	card/invitation/message/(forum) post
帝都	dì dū	dì dōu	cc-cedict	imperial capital
席勒	xí lè	xí lēi	cc-cedict	Schiller (name)/Johann Christoph Friedrich von Schiller or Friedrich Schiller (1759-1805), German poet and dramatist
席地	xí dì	xí de	cc-cedict	(literary) to spread a mat on the ground; (by extension) to be on the ground or floor (as in 席地靜坐|席地静坐[xi2 di4 jing4 zuo
帶兒	dài r	dài ér	cc-cedict	erhua variant of 帶|带[dai4]
帶累	dài lěi	dài lèi	cc-cedict	to get sb involved in one's trouble/Taiwan pr. [dai4 lei4]
干休	gān xiū	gàn xiū	cc-cedict	to let matters rest
干係	gān xì	gàn xì	cc-cedict	responsibility
干寶	gān bǎo	gàn bǎo	cc-cedict	Gan Bao (?-336), Chinese historian and writer, author of In Search of the Supernatural 搜神記|搜神记[Sou1 shen2 Ji4]
干戈	gān gē	gàn gē	cc-cedict	weapons of war/arms
干撓	gān náo	gàn náo	cc-cedict	variant of 干擾|干扰[gan1 rao3], to interfere
干擾	gān rǎo	gàn rǎo	cc-cedict	to disturb/to interfere/perturbation/interference (physics)
干支	gān zhī	gàn zhī	cc-cedict	the ten Heavenly Stems 十天干[shi2 tian1 gan1] and twelve earthly branches 十二枝/sexagenary cycle
干政	gān zhèng	gàn zhèng	cc-cedict	to interfere in state affairs; to meddle in politics
干涉	gān shè	gàn shè	cc-cedict	to interfere/to meddle/interference
干犯	gān fàn	gàn fàn	cc-cedict	(formal) to transgress; to encroach upon
干與	gān yù	gàn yǔ	cc-cedict	variant of 干預|干预[gan1 yu4]
干謁	gān yè	gàn yè	cc-cedict	(literary) to seek an audience with sb in power (to solicit favor)
干證	gān zhèng	gàn zhèng	cc-cedict	witness (in a law suit)
干邑	gān yì	gàn yì	cc-cedict	Cognac/brandy 白蘭地|白兰地[bai2 lan2 di4] from the Cognac region of southwest France
干預	gān yù	gàn yù	cc-cedict	to meddle/to intervene/intervention
平地	píng dì	píng de	cc-cedict	to level the land/level ground/plain
年假	nián jià	nián jiǎ	cc-cedict	annual leave/New Year holidays
年少	nián shào	nián shǎo	cc-cedict	young/junior
年載	nián zǎi	nián zài	cc-cedict	years
幹嗎	gàn má	gàn ma	cc-cedict	variant of 幹嘛|干嘛[gan4 ma2]
幹嘛	gàn má	gàn ma	cc-cedict	what are you doing?/whatever for?/why on earth?
幹將	gàn jiàng	gàn jiāng	cc-cedict	capable person
幼仔	yòu zǎi	yòu zǐ	cc-cedict	(zoology) the young; immature offspring
幾丁	jī dīng	jǐ dīng	cc-cedict	chitin
幾乎	jī hū	jǐ hū	cc-cedict	almost; nearly; practically
幾希	jī xī	jǐ xī	cc-cedict	not much/very little (e.g. difference)
幾微	jī wēi	jǐ wēi	cc-cedict	tiny/infinitesimal
幾欲	jī yù	jǐ yù	cc-cedict	almost/nearly going to
幾率	jī lǜ	jǐ lǜ	cc-cedict	probability/odds
幾米	jī mǐ	jǐ mǐ	cc-cedict	Jimmy Liao (1958-), pen name of 廖福彬[Liao4 Fu2 bin1], Taiwanese illustrator and picture book writer
幾至	jī zhì	jǐ zhì	cc-cedict	almost
幾諫	jī jiàn	jǐ jiàn	cc-cedict	to admonish tactfully
幾近	jī jìn	jǐ jìn	cc-cedict	to be on the brink of; to be on the verge of
庇蔭	bì yìn	bì yīn	cc-cedict	to give shade (of a tree etc)/to shield
序曲	xù qǔ	xù qū	cc-cedict	overture
度假	dù jià	dù jiǎ	cc-cedict	to go on holidays/to spend one's vacation
座兒	zuò r	zuò ér	cc-cedict	rickshaw seat (Beijing dialect)/patron (of teahouse, cinema)/passenger (in taxi, rickshaw etc)
庶幾	shù jī	shù jǐ	cc-cedict	(literary) similar; almost/(literary) if only; it is to be hoped that/(literary) maybe; perhaps
廈門	xià mén	shà mén	cc-cedict	see 廈門市|厦门市[Xia4 men2 Shi4]
廊坊	láng fáng	láng fāng	cc-cedict	see 廊坊市[Lang2 fang2 Shi4]
廣為	guǎng wéi	guǎng wèi	cc-cedict	widely
延長	yán cháng	yán zhǎng	cc-cedict	see 延長縣|延长县[Yan2 chang2 Xian4]
延長	yán cháng	yán zhǎng	cc-cedict	to prolong/to extend/to delay
建築	jiàn zhù	jiàn zhú	cc-cedict	to construct/building/CL:個|个[ge4]
建行	jiàn háng	jiàn xíng	cc-cedict	China Construction Bank (abbr.)
建都	jiàn dū	jiàn dōu	cc-cedict	to establish a capital
弄堂	lòng táng	nòng táng	cc-cedict	(dialect) alley/lane
弄混	nòng hún	nòng hùn	cc-cedict	to confuse (fail to differentiate)
弔喪	diào sāng	diào sàng	cc-cedict	to visit the bereaved to offer one's condolences
引徵	yǐn zhēng	yǐn zhǐ	cc-cedict	quotation/citing/to cite/to reference
引種	yǐn zhòng	yǐn zhǒng	cc-cedict	(agriculture) to plant an introduced variety
引著	yǐn zháo	yǐn zhù	cc-cedict	to ignite/to kindle
弦樂	xián yuè	xián lè	cc-cedict	string music
弧長	hú cháng	hú zhǎng	cc-cedict	arc length
張掖	zhāng yè	zhāng yē	cc-cedict	see 張掖市|张掖市[Zhang1 ye4 Shi4]
張角	zhāng jué	zhāng jiǎo	cc-cedict	Zhang Jue (-184), leader of the Yellow turban rebels during the late Han
強使	qiǎng shǐ	qiáng shǐ	cc-cedict	to force; to oblige
強勁	qiáng jìng	qiáng jìn	cc-cedict	strong/powerful/robust
強嘴	jiàng zuǐ	qiáng zuǐ	cc-cedict	to talk back/to reply defiantly
強徵	qiǎng zhēng	qiáng zhǐ	cc-cedict	to press into service/to impress/to commandeer
強忍	qiǎng rěn	qiáng rěn	cc-cedict	to resist (with great difficulty)
強拉	qiǎng lā	qiáng lā	cc-cedict	to drag (sb) along (to a place)/to yank
強撐	qiǎng chēng	qiáng chēng	cc-cedict	to use all one's willpower (to do sth)/to hang in there
強求	qiǎng qiú	qiáng qiú	cc-cedict	to insist on; to demand; to impose
強辯	qiǎng biàn	qiáng biàn	cc-cedict	to try to make one's case using false arguments
強迫	qiǎng pò	qiáng pò	cc-cedict	to compel/to force
強逼	qiǎng bī	qiáng bī	cc-cedict	to compel/to force
彈出	tán chū	dàn chū	cc-cedict	to eject/to exit from/to pop up
彈力	tán lì	dàn lì	cc-cedict	elasticity/elastic force/spring/rebound/bounce
彈劾	tán hé	dàn hé	cc-cedict	to impeach (an official)
彈唱	tán chàng	dàn chàng	cc-cedict	to sing and play (plucked string instrument)
彈回	tán huí	dàn huí	cc-cedict	to rebound
彈壓	tán yā	dàn yā	cc-cedict	to suppress/to quell (a disturbance)/repression
彈奏	tán zòu	dàn zòu	cc-cedict	to play (musical instrument, esp. string)
彈子	tán zi	dàn zǐ	cc-cedict	towrope
彈射	tán shè	dàn shè	cc-cedict	to catapult/to launch/to eject (from a plane)/to shoot
彈性	tán xìng	dàn xìng	cc-cedict	flexibility/elasticity
彈指	tán zhǐ	dàn zhǐ	cc-cedict	to snap one's fingers/(fig.) in a flash; in an instant
彈撥	tán bō	dàn bō	cc-cedict	to pluck (a string)
彈斥	tán chì	dàn chì	cc-cedict	accuse and criticize
彈片	tán piàn	dàn piàn	cc-cedict	plectrum
彈牙	tán yá	dàn yá	cc-cedict	al dente
彈球	tán qiú	dàn qiú	cc-cedict	to play marbles
彈琴	tán qín	dàn qín	cc-cedict	to play or strum a lute or other stringed instrument
彈窗	tán chuāng	dàn chuāng	cc-cedict	pop-up window (computing)
彈簧	tán huáng	dàn huáng	cc-cedict	spring
彈糾	tán jiū	dàn jiū	cc-cedict	to accuse/to impeach
彈舌	tán shé	dàn shé	cc-cedict	to cluck/to trill
彈花	tán huā	dàn huā	cc-cedict	to soften cotton fiber by fluffing
彈詞	tán cí	dàn cí	cc-cedict	ballad tune in southern dialects, usually to sanxian 三弦 or pipa 琵琶 accompaniment
彈跳	tán tiào	dàn tiào	cc-cedict	to bounce/to jump/to leap
彌勒	mí lè	mí lēi	cc-cedict-buddhist	Maitreya, the future Bodhisattva, to come after Shakyamuni Buddha
彌縫	mí féng	mí fèng	cc-cedict	to cover up mistakes or crimes/to stitch up/to fix
影兒	yǐng r	yǐng ér	cc-cedict	shadow
彷彿	fǎng fú	páng fú	cc-cedict	to seem; as if; seemingly/alike; similar
往還	wǎng huán	wǎng hái	cc-cedict	to contact; to have dealings (with sb)
征勦	zhēng jiǎo	zhēng chāo	cc-cedict	to mount a punitive expedition against bandits
征地	zhēng dì	zhēng de	cc-cedict	to requisition land
後傳	hòu zhuàn	hòu chuán	cc-cedict	sequel
後兒	hòu r	hòu ér	cc-cedict	the day after tomorrow
後燕	hòu yān	hòu yàn	cc-cedict	Later Yan of the Sixteen Kingdoms (384-409)
徒裼	tú xī	tú tì	cc-cedict	(archaic) barefooted and barebreasted
得中	dé zhòng	dé zhōng	cc-cedict	(as in an imperial examination) to be a successful candidate/to draw a winning ticket (in a lottery)
得了	dé liǎo	dé le	cc-cedict	(emphatically, in rhetorical questions) possible
得當	dé dàng	dé dāng	cc-cedict	appropriate/suitable
得看	děi kàn	dé kàn	cc-cedict	(it) depends on ...
得空	dé kòng	dé kōng	cc-cedict	to have leisure time
得著	dé zháo	dé zhù	cc-cedict	to obtain
得虧	děi kuī	dé kuī	cc-cedict	luckily/fortunately
得要	děi yào	dé yào	cc-cedict	to need/must
復興	fù xīng	fù xìng	cc-cedict	to revive/to rejuvenate
復辟	fù bì	fù pì	cc-cedict	to recover one's power or authority/restoration (of a past regime)
循分	xún fèn	xún fēn	cc-cedict	to abide by one's duties
循著	xún zhe	xún zhù	cc-cedict	to follow
微創	wēi chuāng	wēi chuàng	cc-cedict	(of surgery, treatment etc) minimally invasive
微薄	wēi bó	wēi báo	cc-cedict	scanty/meager
微調	wēi tiáo	wēi diào	cc-cedict	fine tuning/trimming
徵信	zhēng xìn	zhǐ xìn	cc-cedict	to examine the reliability/reliable/credit reporting
徵候	zhēng hòu	zhǐ hòu	cc-cedict	sign; indication; symptom
徵傳	zhēng zhuàn	zhǐ chuán	cc-cedict	narrative of long journey/campaign record
徵兆	zhēng zhào	zhǐ zhào	cc-cedict	omen/sign (that sth is about to happen)/warning sign
徵兵	zhēng bīng	zhǐ bīng	cc-cedict	to levy troops/recruitment
徵募	zhēng mù	zhǐ mù	cc-cedict	to conscript
徵友	zhēng yǒu	zhǐ yǒu	cc-cedict	to seek new friends through personal ads, dating apps etc
徵召	zhēng zhào	zhǐ zhào	cc-cedict	to enlist/to draft/to conscript/to appoint to an official position
徵士	zhēng shì	zhǐ shì	cc-cedict	soldier (in battle)
徵婚	zhēng hūn	zhǐ hūn	cc-cedict	to look for a partner
徵實	zhēng shí	zhǐ shí	cc-cedict	levies in kind/grain tax
徵才	zhēng cái	zhǐ cái	cc-cedict	to recruit
徵收	zhēng shōu	zhǐ shōu	cc-cedict	to levy (a tax)/to expropriate
徵文	zhēng wén	zhǐ wén	cc-cedict	to solicit articles, essays or pieces of literature (on a subject or in commemoration of an event)
徵求	zhēng qiú	zhǐ qiú	cc-cedict	to solicit/to seek/to request (opinions, feedback etc)/to petition
徵狀	zhēng zhuàng	zhǐ zhuàng	cc-cedict	symptom
徵發	zhēng fā	zhǐ fā	cc-cedict	a punitive expedition/a requisition
徵稅	zhēng shuì	zhǐ shuì	cc-cedict	to levy taxes
徵稿	zhēng gǎo	zhǐ gǎo	cc-cedict	to solicit contributions (to a publication)
徵聘	zhēng pìn	zhǐ pìn	cc-cedict	to invite job applications/to recruit
徵詢	zhēng xún	zhǐ xún	cc-cedict	to consult; to solicit the opinion of
徵調	zhēng diào	zhǐ diào	cc-cedict	to conscript/to second (personnel)/to requisition (supplies etc)
徵象	zhēng xiàng	zhǐ xiàng	cc-cedict	sign/symptom
徵選	zhēng xuǎn	zhǐ xuǎn	cc-cedict	to call for entries and select the best/to solicit (entries, submissions, applications etc)/to select (the best candidat
徵集	zhēng jí	zhǐ jí	cc-cedict	to collect/to recruit
德干	dé gān	dé gàn	cc-cedict	Deccan (India)
德興	dé xīng	dé xìng	cc-cedict	see 德興市|德兴市[De2 xing1 Shi4]
徼倖	jiǎo xìng	jiào xìng	cc-cedict	variant of 僥倖|侥幸[jiao3 xing4]
徼幸	jiǎo xìng	jiào xìng	cc-cedict	variant of 僥倖|侥幸[jiao3 xing4]
心地	xīn dì	xīn de	cc-cedict	character
必得	bì děi	bì dé	cc-cedict	must/have to
必應	bì yìng	bì yīng	cc-cedict	Bing (search engine)
忖度	cǔn duó	cǔn dù	cc-cedict	to speculate/to surmise/to wonder whether/to guess
忙著	máng zhe	máng zhù	cc-cedict	to be occupied with (doing sth)
念佛	niàn fó	niàn fú	cc-cedict	to pray to Buddha/to chant the names of Buddha
怎麽	zěn me	zěn mó	cc-cedict	variant of 怎麼|怎么[zen3 me5]
怐愗	kòu mào	jù mào	cc-cedict	(literary) stupid; ignorant
怒喝	nù hè	nù hē	cc-cedict	to shout intimidatingly; to bellow (in anger)
怔住	zhèng zhù	zhēng zhù	cc-cedict	dumbfounded; stunned
怔忪	zhēng zhōng	zhēng sōng	cc-cedict	frightened/scared/terrified
怔怔	zhèng zhèng	zhēng zhēng	cc-cedict	in a daze
急著	jí zhe	jí zhù	cc-cedict	urgently
急難	jí nàn	jí nán	cc-cedict	misfortune/crisis/grave danger/critical situation/disaster/emergency/to be zealous in helping others out of a predicamen
性地	xìng dì	xìng de	cc-cedict	innate quality/natural disposition
性徵	xìng zhēng	xìng zhǐ	cc-cedict	sexual characteristic
怨艾	yuàn yì	yuàn ài	cc-cedict	to resent/to regret/grudge
怪相	guài xiàng	guài xiāng	cc-cedict	grotesque visage/grimace
恁般	rèn bān	nèn bān	cc-cedict	(old) this way/this much
恁麼	rèn me	nèn me	cc-cedict	(old) this way/what?
恐嚇	kǒng hè	kǒng xià	cc-cedict	to threaten/to menace
恤匱	xù kuì	xù guì	cc-cedict	to relieve the distressed
恨惡	hèn wù	hèn è	cc-cedict	to despise
恩眄	ēn miǎn	ēn miàn	cc-cedict	kind patronage
恫嚇	dòng hè	dòng xià	cc-cedict	to intimidate/to threaten
恰當	qià dàng	qià dāng	cc-cedict	appropriate/suitable
悄然	qiǎo rán	qiāo rán	cc-cedict	quietly/sorrowfully
悄聲	qiǎo shēng	qiāo shēng	cc-cedict	quietly/in a low voice
悉數	xī shǔ	xī shù	cc-cedict	to enumerate in detail/to explain clearly
悖繆	bèi miù	bèi móu	cc-cedict	variant of 悖謬|悖谬[bei4 miu4]
悠著	yōu zhe	yōu zhù	cc-cedict	to take it easy
悠長	yōu cháng	yōu zhǎng	cc-cedict	long/drawn-out/prolonged/lingering
患難	huàn nàn	huàn nán	cc-cedict	trials and tribulations
悶屁	mēn pì	mèn pì	cc-cedict	silent fart
悶熱	mēn rè	mèn rè	cc-cedict	sultry/sultriness/hot and stuffy/stifling hot
悶騷	mēn sāo	mèn sāo	cc-cedict	(coll.) outwardly cold or retiring but deep and passionate inside
情兒	qíng r	qíng ér	cc-cedict	(dialect) mistress; paramour
情分	qíng fèn	qíng fēn	cc-cedict	mutual affection; friendship
情勒	qíng lè	qíng lēi	cc-cedict	emotional blackmail (abbr. for 情緒勒索|情绪勒索[qing2 xu4 le4 suo3])
惡創	è chuāng	è chuàng	cc-cedict	malign sore (TCM)
惡少	è shào	è shǎo	cc-cedict	young thug/malicious young ruffian
惡心	ě xīn	è xīn	cc-cedict	nausea/to feel sick/disgust/nauseating/to embarrass (deliberately)
惡恨	wù hèn	è hèn	cc-cedict	to hate; to abhor
惡煞	è shà	è shā	cc-cedict	demon/fiend
惡相	è xiàng	è xiāng	cc-cedict	sinister look
愚氓	yú méng	yú máng	cc-cedict	fool/stupid person
愛好	ài hào	ài hǎo	cc-cedict	to like; to be fond of; to take pleasure in; to be keen on/interest; hobby
愛將	ài jiàng	ài jiāng	cc-cedict	trusted lieutenant
愛樂	ài yuè	ài lè	cc-cedict	philharmonic (used in names of orchestras)/to love music (used in compounds like 愛樂者|爱乐者[ai4 yue4 zhe3] "music enthusias
感應	gǎn yìng	gǎn yīng	cc-cedict	response/reaction/interaction/irritability (biol.)/induction (elec.)/inductance
愷弟	kǎi tì	kǎi dì	cc-cedict	variant of 愷悌|恺悌[kai3 ti4]
慢長	màn cháng	màn zhǎng	cc-cedict	extremely long/unending
慰藉	wèi jiè	wèi jí	cc-cedict	to console; to comfort
憎惡	zēng wù	zēng è	cc-cedict	to loathe; to detest; to abhor
憑著	píng zhe	píng zhù	cc-cedict	relying on/on the basis of
憑藉	píng jiè	píng jí	cc-cedict	to rely on/to depend on/by means of/thanks to/sth that one relies on/also written 憑借|凭借[ping2 jie4]
懂行	dǒng háng	dǒng xíng	cc-cedict	to know the ropes
應付	yìng fu	yīng fù	cc-cedict	to deal with; to cope
應分	yīng fèn	yīng fēn	cc-cedict	(of a course of action) within one's area of responsibility; expected of one; obligatory (for a person in that role)
應制	yìng zhì	yīng zhì	cc-cedict	to write a poem on the order of the Emperor
應力	yìng lì	yīng lì	cc-cedict	stress (physics)
應卯	yìng mǎo	yīng mǎo	cc-cedict	to answer the roll call at 卯時|卯时[mao3 shi2], i.e. between 5 and 7 am/fig. to put in a conventional appearance
應召	yìng zhào	yīng zhào	cc-cedict	to respond to a call
應和	yìng hè	yīng hé	cc-cedict	to echo one another/to respond (in agreement)
應城	yìng chéng	yīng chéng	cc-cedict	see 應城市|应城市[Ying4 cheng2 Shi4]
應報	yìng bào	yīng bào	cc-cedict	see 報應|报应[bao4 ying4]
應對	yìng duì	yīng duì	cc-cedict	to answer; to reply/to handle; to deal with/response
應市	yìng shì	yīng shì	cc-cedict	to respond to the market/to buy or sell according to market conditions
應從	yìng cóng	yīng cóng	cc-cedict	to assent/to comply with
應徵	yìng zhēng	yīng zhǐ	cc-cedict	to apply (for a job)/to reply to a job advertisement
應急	yìng jí	yīng jí	cc-cedict	to respond to an emergency/to meet a contingency/(attributive) emergency
應戰	yìng zhàn	yīng zhàn	cc-cedict	to take up a challenge/to face an attack and meet it
應手	yìng shǒu	yīng shǒu	cc-cedict	to handle/convenient
應承	yìng chéng	yīng chéng	cc-cedict	to agree (to do sth)/to promise
應接	yìng jiē	yīng jiē	cc-cedict	to attend to/to deal with
應援	yìng yuán	yīng yuán	cc-cedict	(originally) to provide assistance/(more recently) to show one's support (for a singing idol etc)
應敵	yìng dí	yīng dí	cc-cedict	to face the enemy/to meet an attack
應時	yìng shí	yīng shí	cc-cedict	timely/occasional
應景	yìng jǐng	yīng jǐng	cc-cedict	according with the times/seasonal
應激	yìng jī	yīng jī	cc-cedict	stress (abbr. for 應激反應|应激反应[ying4 ji1 fan3 ying4])
應用	yìng yòng	yīng yòng	cc-cedict	to put to use; to apply/practical; applied (science, linguistics etc)/application; practical use/(computing) app
應答	yìng dá	yīng dá	cc-cedict	to reply
應縣	yìng xiàn	yīng xiàn	cc-cedict	Ying County or Yingxian, a county in Shuozhou City 朔州市[Shuo4 zhou1 Shi4], Shanxi
應考	yìng kǎo	yīng kǎo	cc-cedict	to take an exam
應聘	yìng pìn	yīng pìn	cc-cedict	to accept a job offer/to apply for an advertised position
應聲	yìng shēng	yīng shēng	cc-cedict	an answering voice/to answer a voice/to respond/to copy a voice/to parrot
應舉	yìng jǔ	yīng jǔ	cc-cedict	to sit for imperial examinations
應訴	yìng sù	yīng sù	cc-cedict	(of a defendant) to respond to a charge/to defend oneself
應診	yìng zhěn	yīng zhěn	cc-cedict	to see patients (of doctor)/to hold a surgery
應詔	yìng zhào	yīng zhào	cc-cedict	to respond to an imperial decree
應試	yìng shì	yīng shì	cc-cedict	to take an exam/(of an education system) to be exam-oriented
應諾	yìng nuò	yīng nuò	cc-cedict	to agree (to do sth); to promise
應變	yìng biàn	yīng biàn	cc-cedict	to meet a contingency; to adapt oneself to changes
應運	yìng yùn	yīng yùn	cc-cedict	to conform with destiny/as the occasion demands
應選	yìng xuǎn	yīng xuǎn	cc-cedict	to run for election/to be selected; to be elected
應邀	yìng yāo	yīng yāo	cc-cedict	at sb's invitation/on invitation
應酬	yìng chou	yīng chóu	cc-cedict	to engage in social activities; to socialize/dinner party; banquet; social engagement
應門	yìng mén	yīng mén	cc-cedict	to answer the door
應驗	yìng yàn	yīng yàn	cc-cedict	to come true/to come about as predicted/to be fulfilled
應點	yìng diǎn	yīng diǎn	cc-cedict	to act on one's word
懮慮	yōu lǜ	yǒu lǜ	cc-cedict	(feel) anxiety/concern
懲處	chéng chǔ	chéng chù	cc-cedict	to punish/to administer justice
懶散	lǎn sǎn	lǎn sàn	cc-cedict	indolent; negligent; slack
懸揣	xuán chuǎi	xuán chuāi	cc-cedict	to speculate/to conjecture
戇督	gàng dū	zhuàng dū	cc-cedict	stupid, ignorant (Wu dialect)
戎行	róng háng	róng xíng	cc-cedict	troops/military affairs
成佛	chéng fó	chéng fú	cc-cedict	to become a Buddha/to attain enlightenment
成分	chéng fèn	chéng fēn	cc-cedict	composition; ingredient; element; component/one's social status
成為	chéng wéi	chéng wèi	cc-cedict	to become; to turn into
成都	chéng dū	chéng dōu	cc-cedict	see 成都市[Cheng2 du1 Shi4]
戛納	gā nà	jiá nà	cc-cedict	Cannes (France)
戰地	zhàn dì	zhàn de	cc-cedict	battlefield
戲曲	xì qǔ	xì qū	cc-cedict	Chinese opera
戳兒	chuō r	chuō ér	cc-cedict	stamp/seal
戽斗	hù dǒu	hù dòu	cc-cedict	bailing bucket (tool for irrigating fields)/protruding lower jaw
房舍	fáng shè	fáng shě	cc-cedict	house/building
所為	suǒ wéi	suǒ wèi	cc-cedict	what one does/doings
所長	suǒ cháng	suǒ zhǎng	cc-cedict	what one is good at; one's strong point
扁舟	piān zhōu	biǎn zhōu	cc-cedict	(literary) small boat; skiff
扇動	shān dòng	shàn dòng	cc-cedict	to fan/to flap/to incite/to instigate (a strike etc)
扇風	shān fēng	shàn fēng	cc-cedict	to fan oneself/to fan (sb)
手卷	shǒu juàn	shǒu juǎn	cc-cedict	hand scroll
手把	shǒu bà	shǒu bǎ	cc-cedict	handle
手相	shǒu xiàng	shǒu xiāng	cc-cedict	palmistry/features of a palm (in palmistry)
手縫	shǒu féng	shǒu fèng	cc-cedict	to sew by hand/hand-sewn
手鑽	shǒu zuàn	shǒu zuān	cc-cedict	gimlet/hand drill
才分	cái fèn	cái fēn	cc-cedict	ability/talent/gift
扎帶	zā dài	zhā dài	cc-cedict	cable tie
扒手	pá shǒu	bā shǒu	cc-cedict	pickpocket
扒拉	pá la	bā lā	cc-cedict	(coll.) to push food from one's bowl into one's mouth with chopsticks (usu. hurriedly)
扒灰	pá huī	bā huī	cc-cedict	incest between father-in-law and daughter-in-law
扒犁	pá lí	bā lí	cc-cedict	variant of 爬犁[pa2 li2]
扒竊	pá qiè	bā qiè	cc-cedict	to steal/to pick pockets/to frisk
扒糕	pá gāo	bā gāo	cc-cedict	buckwheat pudding (snack of buckwheat noodles with sauce)
扒糞	pá fèn	bā fèn	cc-cedict	muckraking/to stir up scandal/to expose (corruption)
扒飯	pá fàn	bā fàn	cc-cedict	to push food into one's mouth using chopsticks while holding one's bowl up to one's mouth
打中	dǎ zhòng	dǎ zhōng	cc-cedict	to hit (a target)
打倒	dǎ dǎo	dǎ dào	cc-cedict	to overthrow/to knock down/Down with ... !
打哄	dǎ hǒng	dǎ hōng	cc-cedict	to fool around/to kid around
打啵	dǎ bō	dǎ bo	cc-cedict	(dialect) to kiss
打場	dǎ cháng	dǎ chǎng	cc-cedict	to thresh grain (on the floor)
打更	dǎ gēng	dǎ gèng	cc-cedict	to sound the night watches (on clappers or gongs, in former times)
打杈	dǎ chà	dǎ chā	cc-cedict	to prune (branches)
打烊	dǎ yàng	dǎ yáng	cc-cedict	to close shop in the evening/also pr. [da3 yang2]
打的	dǎ dī	dǎ de	cc-cedict	(coll.) to take a taxi/to go by taxi
打轉	dǎ zhuàn	dǎ zhuǎn	cc-cedict	to spin/to rotate/to revolve
打顫	dǎ zhàn	dǎ chàn	cc-cedict	to shiver/to tremble
托兒	tuō r	tuō ér	cc-cedict	(coll.) shill; tout; phony customer who pretends to buys things so as to lure real customers
扣應	kòu yìng	kòu yīng	cc-cedict	to call in (to a broadcast program) (loanword) (Tw)
扮相	bàn xiàng	bàn xiāng	cc-cedict	stage costume
扶掖	fú yè	fú yē	cc-cedict	to support/to help
扶綏	fú suí	fú suī	cc-cedict	see 扶綏縣|扶绥县[Fu2 sui2 Xian4]
批假	pī jià	pī jiǎ	cc-cedict	to approve vacation
批卷	pī juàn	pī juǎn	cc-cedict	to correct student papers/to grade exam papers
找著	zhǎo zháo	zhǎo zhù	cc-cedict	to find
承應	chéng yìng	chéng yīng	cc-cedict	to agree/to promise
技倆	jì liǎng	jì liǎ	cc-cedict	variant of 伎倆|伎俩[ji4 liang3]
把兒	bà r	bǎ ér	cc-cedict	a handle
把子	bà zi	bǎ zǐ	cc-cedict	handle
抑塞	yì sè	yì sāi	cc-cedict	to repress/gloomy
抓地	zhuā dì	zhuā de	cc-cedict	grip on the road/roadholding
投中	tóu zhòng	tóu zhōng	cc-cedict	to hit the target with one's throw/(basketball) to score
投奔	tóu bèn	tóu bēn	cc-cedict	to seek shelter/to seek asylum
投行	tóu háng	tóu xíng	cc-cedict	investment bank (abbr. for 投資銀行|投资银行[tou2 zi1 yin2 hang2])
投降	tóu xiáng	tóu jiàng	cc-cedict	to surrender
折本	shé běn	zhé běn	cc-cedict	a loss/to lose money
折秤	shé chèng	zhé chèng	cc-cedict	discrepancy in weight
折籮	zhē luó	zhé luó	cc-cedict	mixed dish of the food left over from a banquet
折縫	zhé féng	zhé fèng	cc-cedict	welt seam (doubled over and sewed again from topside)
折耗	shé hào	zhé hào	cc-cedict	loss of goods/damage to goods/shrinkage
折錢	shé qián	zhé qián	cc-cedict	a loss/to lose money
折騰	zhē teng	zhé téng	cc-cedict	to toss from side to side (e.g. sleeplessly)/to repeat sth over and over again/to torment sb/to play crazy/to squander (
披靡	pī mǐ	pī mí	cc-cedict	to be swept by the wind/to be blown about by the wind/to be routed (in battle etc)
抹布	mā bù	mǒ bù	cc-cedict	cleaning rag/also pr. [mo3 bu4]
抹胸	mò xiōng	mǒ xiōng	cc-cedict	old feminine garment, covering chest and abdomen
押解	yā jiè	yā jiě	cc-cedict	to send away under escort (criminals, goods etc)
抽中	chōu zhòng	chōu zhōng	cc-cedict	to win (a prize in a lottery)
抽佣	chōu yòng	chōu yōng	cc-cedict	to take a commission; to take a percentage cut
抽咽	chōu yè	chōu yàn	cc-cedict	to sob
抽斗	chōu dǒu	chōu dòu	cc-cedict	drawer
抽空	chōu kòng	chōu kōng	cc-cedict	to find the time to do sth
拉倒	lā dǎo	lā dào	cc-cedict	(coll.) forget it; drop it; let it go/to pull down
拉碴	lā chā	lā chá	cc-cedict	(of beard etc) stubbly/scraggly/unkempt
拉磨	lā mò	lā mó	cc-cedict	(of a donkey etc) to turn a millstone/(fig.) to do laborious and monotonous work
拉長	lā cháng	lā zhǎng	cc-cedict	to lengthen/to pull sth out longer
拋撒	pāo sǎ	pāo sā	cc-cedict	to sprinkle
拌和	bàn huò	bàn hé	cc-cedict	to mix and stir/to blend
拓寬	tuò kuān	tà kuān	cc-cedict	to broaden
拓展	tuò zhǎn	tà zhǎn	cc-cedict	to expand; to extend; to broaden (client base, outlook, territory etc)/(computing) to scale up; to increase system capac
拓拔	tuò bá	tà bá	cc-cedict	branch of the Xianbei 鮮卑|鲜卑 nomadic people, founders of Wei 北魏 of the Northern Dynasties (386-534)/also written 拓跋
拓撲	tuò pū	tà pū	cc-cedict	(math.) (loanword) topology
拓荒	tuò huāng	tà huāng	cc-cedict	to open up land (for agriculture)
拓跋	tuò bá	tà bá	cc-cedict	branch of the Xianbei 鮮卑|鲜卑 nomadic people, founders of Wei 北魏 of the Northern Dynasties (386-534)/also written 拓拔
拔地	bá dì	bá de	cc-cedict	to rise steeply from level ground
拖地	tuō dì	tuō de	cc-cedict	to mop the floor/(of a gown etc) to trail on the ground/full-length
拖斗	tuō dǒu	tuō dòu	cc-cedict	small open trailer
拖沓	tuō tà	tuō dá	cc-cedict	dilatory; sluggish; muddled; roundabout
拖累	tuō lěi	tuō lèi	cc-cedict	to encumber/to be a burden on/to implicate
拖長	tuō cháng	tuō zhǎng	cc-cedict	to lengthen/to drag out
拗斷	ǎo duàn	ào duàn	cc-cedict	(dialect) to break (by twisting, bending, snapping etc)
拘泥	jū nì	jū ní	cc-cedict	to be a stickler for formalities/to rigidly adhere to/to cling to/constrained/ill at ease
招供	zhāo gòng	zhāo gōng	cc-cedict	to confess
招降	zhāo xiáng	zhāo jiàng	cc-cedict	to ask for sb's surrender
拜佛	bài fó	bài fú	cc-cedict	to worship Buddha
拜倒	bài dǎo	bài dào	cc-cedict	to prostrate oneself/to fall on one's knees/to grovel
拜拜	bái bái	bài bài	cc-cedict	(loanword) bye-bye/also pr. [bai1 bai1] etc/(coll.) to part ways (with sb)/(fig.) to have nothing further to do (with sb
拮据	jié jū	jié jù	cc-cedict	hard pressed for money; in financial straits
拶刑	zǎn xíng	zā xíng	cc-cedict	squeezing the fingers between sticks (old form of torture)
拶子	zǎn zi	zā zǐ	cc-cedict	sticks used for squeezing the fingers (old form of torture)
拶指	zǎn zhǐ	zā zhǐ	cc-cedict	to squeeze the fingers (old form of torture)
拼攢	pīn cuán	pīn zǎn	cc-cedict	to assemble
拾級	shè jí	shí jí	cc-cedict	to go up or down stairs step by step
指徵	zhǐ zhēng	zhǐ zhǐ	cc-cedict	(medicine) indicator/indication
按蹻	àn qiāo	àn juē	cc-cedict	(old) massage
挎斗	kuà dǒu	kuà dòu	cc-cedict	sidecar
挑動	tiǎo dòng	tiāo dòng	cc-cedict	to entice/to arouse/to provoke
挑唆	tiǎo suō	tiāo suō	cc-cedict	to incite/to stir up/to instigate
挑嘴	tiǎo zuǐ	tiāo zuǐ	cc-cedict	to sow discord
挑弄	tiǎo nòng	tiāo nòng	cc-cedict	to incite/to provoke/to tease
挑戰	tiǎo zhàn	tiāo zhàn	cc-cedict	to challenge; to take on a challenge; a challenge
挑撥	tiǎo bō	tiāo bō	cc-cedict	to incite disharmony/to instigate
挑明	tiǎo míng	tiāo míng	cc-cedict	to illuminate/to open up (a topic)
挑燈	tiǎo dēng	tiāo dēng	cc-cedict	to light a lamp/to raise a lantern
挑簷	tiǎo yán	tiāo yán	cc-cedict	eaves
挑花	tiǎo huā	tiāo huā	cc-cedict	cross-stitch (embroidery)
挑起	tiǎo qǐ	tiāo qǐ	cc-cedict	to provoke/to stir up/to incite
挑逗	tiǎo dòu	tiāo dòu	cc-cedict	to provoke/to entice/to lure/to tantalize/to tease/to titillate
挑釁	tiǎo xìn	tiāo xìn	cc-cedict	to provoke; provocation
挑頭	tiǎo tóu	tiāo tóu	cc-cedict	to take the lead/to be first to (do sth)/to pioneer
挖角	wā jué	wā jiǎo	cc-cedict	to poach (talent, personnel from competitors)/to raid (a competitor for its talent)/Taiwan pr. [wa1 jiao3]
挨剋	ái kēi	āi kēi	cc-cedict	to be rebuked/to suffer blows
挨呲	ái cī	āi cī	cc-cedict	(coll.) to get scolded; to be told off
挨宰	ái zǎi	āi zǎi	cc-cedict	to get ripped off
挨延	ái yán	āi yán	cc-cedict	to delay; to procrastinate; to play for time
挨打	ái dǎ	āi dǎ	cc-cedict	to take a beating; to come under attack
挨批	ái pī	āi pī	cc-cedict	to be criticized/to suffer blame
挨揍	ái zòu	āi zòu	cc-cedict	to be beaten/to take a drubbing/buffeted/knocked about
挨擠	ái jǐ	āi jǐ	cc-cedict	to crowd together/to jostle/squeezed
挨整	ái zhěng	āi zhěng	cc-cedict	to be the target of an attack
挨罰	ái fá	āi fá	cc-cedict	to be punished/to be fined
挨罵	ái mà	āi mà	cc-cedict	to receive a scolding
挨著	āi zhe	āi zhù	cc-cedict	near
挨說	ái shuō	āi shuō	cc-cedict	to get scolded
挨餓	ái è	āi è	cc-cedict	to go hungry/to endure starvation/famished
挨鬥	ái dòu	āi dòu	cc-cedict	to suffer censure/denounced
振興	zhèn xīng	zhèn xìng	cc-cedict	see 振興區|振兴区[Zhen4 xing1 Qu1]
振興	zhèn xīng	zhèn xìng	cc-cedict	to revive; to revitalize; to invigorate; to re-energize
捧角	pěng jué	pěng jiǎo	cc-cedict	to applaud and praise a favorite actor
掃地	sǎo dì	sǎo de	cc-cedict	to sweep the floor/(fig.) (of one's reputation etc) to reach rock bottom/to be at an all-time low
掃帚	sào zhou	sǎo zhǒu	cc-cedict	broom
掃把	sào bǎ	sǎo bǎ	cc-cedict	broom
掄元	lún yuán	lūn yuán	cc-cedict	to win the top award/to come first in the examination rankings
掌相	zhǎng xiàng	zhǎng xiāng	cc-cedict	palmistry/features of a palm (in palmistry)
排行	pái háng	pái xíng	cc-cedict	to rank/ranking/seniority (among siblings)
掖垣	yè yuán	yē yuán	cc-cedict	sidewalls of a palace
掖庭	yè tíng	yē tíng	cc-cedict	Lateral Courts in the imperial palace (housing concubines and administrative offices)
掖門	yè mén	yē mén	cc-cedict	small side door of a palace
掙得	zhèng dé	zhēng dé	cc-cedict	to earn (income)/to make (money)
掙扎	zhēng zhá	zhēng zhā	cc-cedict	to struggle
掙揣	zhèng chuài	zhēng chuāi	cc-cedict	see 掙扎|挣扎[zheng1 zha2]
掙脫	zhèng tuō	zhēng tuō	cc-cedict	to throw off/to struggle free of/Taiwan pr. [zheng1 tuo1]
掙錢	zhèng qián	zhēng qián	cc-cedict	to make money
接地	jiē dì	jiē de	cc-cedict	earth (electric connection)/to earth
接應	jiē yìng	jiē yīng	cc-cedict	to provide support/to come to the rescue
接種	jiē zhòng	jiē zhǒng	cc-cedict	to be vaccinated/to be inoculated
接著	jiē zhe	jiē zhù	cc-cedict	to catch and hold on/to continue/to go on to do sth/to follow/to carry on/then/after that/subsequently/to proceed/to ens
推倒	tuī dǎo	tuī dào	cc-cedict	to push over/to overthrow
推度	tuī duó	tuī dù	cc-cedict	to infer; to guess
掩卷	yǎn juàn	yǎn juǎn	cc-cedict	(literary) to close the book (after a reading session)
提掖	tí yè	tí yē	cc-cedict	to recommend sb for a promotion/to guide and support sb
插曲	chā qǔ	chā qū	cc-cedict	music played during a movie, play etc/incidental music/music played in a theatrical interlude/(fig.) incident/episode
揚長	yáng cháng	yáng zhǎng	cc-cedict	with swagger/ostentatiously/to make the best use of one's strengths
換帖	huàn tiě	huàn tiē	cc-cedict	to exchange cards containing personal details (when taking an oath of fraternity)
換行	huàn háng	huàn xíng	cc-cedict	to wrap (text)/line feed (computing)
握爪	wò zhuǎ	wò zhǎo	cc-cedict	(humorous) to shake hands
揣度	chuǎi duó	chuāi dù	cc-cedict	to estimate/to surmise/to appraise
揣想	chuǎi xiǎng	chuāi xiǎng	cc-cedict	to conjecture
揣摩	chuǎi mó	chuāi mó	cc-cedict	to analyze/to try to figure out/to try to fathom
揣測	chuǎi cè	chuāi cè	cc-cedict	to guess/to conjecture
揭載	jiē zǎi	jiē zài	cc-cedict	to publish
援藏	yuán zàng	yuán cáng	cc-cedict	pro-Tibet/to support Tibet/to support Tibetan independence
搖晃	yáo huàng	yáo huǎng	cc-cedict	to rock; to shake; to sway
搪塞	táng sè	táng sāi	cc-cedict	to muddle through/to fob sb off/to beat around the bush/to dodge
搭擋	dā dàng	dā dǎng	cc-cedict	variant of 搭檔|搭档[da1 dang4]
搭當	dā dàng	dā dāng	cc-cedict	variant of 搭檔|搭档[da1 dang4]
搶風	qiāng fēng	qiǎng fēng	cc-cedict	against the headwind
摒擋	bìng dàng	bìng dǎng	cc-cedict	(literary) to put in order; to arrange/cuisine
摔倒	shuāi dǎo	shuāi dào	cc-cedict	to fall down/to slip and fall/to throw sb to the ground
摟錢	lōu qián	lǒu qián	cc-cedict	(coll.) to grab money/to rake in money
摩挲	mó suō	mó sā	cc-cedict	to stroke; to caress
摩的	mó dī	mó de	cc-cedict	motorcycle taxi/abbr. for 摩托車的士|摩托车的士[mo2 tuo1 che1 di1 shi4]
摸吧	mō bā	mō ba	cc-cedict	touch bar (hostess bar that allows physical contact)
摻假	chān jiǎ	càn jiǎ	cc-cedict	to mix in fake material/to adulterate
摻和	chān huo	càn hé	cc-cedict	to mix; to put together/to interfere in; to get involved in
摻水	chān shuǐ	càn shuǐ	cc-cedict	to dilute/to water down/watered down
撂倒	liào dǎo	liào dào	cc-cedict	to knock down/to mow down
撂地	liào dì	liào de	cc-cedict	(of folk artists) to give a performance at a temple fair or on the street etc
撇嘴	piě zuǐ	piē zuǐ	cc-cedict	to curl one's lip/to twitch one's mouth
撇條	piě tiáo	piē tiáo	cc-cedict	(slang) to go to the toilet
撇步	piě bù	piē bù	cc-cedict	(Tw) trick (of the trade); clever move (from Taiwanese, Tai-lo pr. [phiat-pōo])
撇號	piě hào	piē hào	cc-cedict	apostrophe
撒播	sǎ bō	sā bō	cc-cedict	to sow (seeds by scattering)/scatter sowing
撒種	sǎ zhǒng	sā zhǒng	cc-cedict	to sow seeds
撞倒	zhuàng dǎo	zhuàng dào	cc-cedict	to knock down/to knock over/to run over (sb)
撣邦	shàn bāng	dǎn bāng	cc-cedict	Shan state of east Myanmar (Burma)
撥空	bō kòng	bō kōng	cc-cedict	to make time
撩亂	liáo luàn	liāo luàn	cc-cedict	variant of 繚亂|缭乱[liao2 luan4]
撩人	liáo rén	liāo rén	cc-cedict	to attract/to titillate
撩動	liáo dòng	liāo dòng	cc-cedict	to stir up/to provoke
撩妹	liáo mèi	liāo mèi	cc-cedict	(coll.) to flirt; to hit on girls
撩惹	liáo rě	liāo rě	cc-cedict	to provoke/to tease
撩撥	liáo bō	liāo bō	cc-cedict	to provoke/to tease
撩逗	liáo dòu	liāo dòu	cc-cedict	to provoke/to tease
撩騷	liáo sāo	liāo sāo	cc-cedict	to flirt
撫綏	fǔ suí	fǔ suī	cc-cedict	to appease/to pacify
播撒	bō sǎ	bō sā	cc-cedict	to sow (seeds)/to scatter
播種	bō zhòng	bō zhǒng	cc-cedict	to grow (maize etc) from seed/to plant (maize etc) by sowing seed
撲倒	pū dǎo	pū dào	cc-cedict	to fall down
撲棱	pū lēng	pū léng	cc-cedict	(onom.) fluttering or flapping of wings
擁塞	yōng sè	yōng sāi	cc-cedict	to be clogged up/to be congested (traffic, computer network etc)
擂臺	lèi tái	léi tái	cc-cedict	elevated stage on which martial competitions or duels were held/arena/ring
擅長	shàn cháng	shàn zhǎng	cc-cedict	to be good at; to be expert in
擇刺	zhái cì	zé cì	cc-cedict	to pick out the bones in a fish
擇菜	zhái cài	zé cài	cc-cedict	to pick the edible part of vegetables
擊中	jī zhòng	jī zhōng	cc-cedict	to hit (a target); to strike
擊倒	jī dǎo	jī dào	cc-cedict	to knock down/knocked down
擔子	dàn zi	dān zǐ	cc-cedict	carrying pole and the loads on it/burden/task/responsibility/CL:副[fu4]
擔懮	dān yōu	dān yǒu	cc-cedict	worry/anxiety
擔荷	dān hè	dān hé	cc-cedict	to shoulder a burden
擦乾	cā gān	cā qián	cc-cedict	to wipe dry
擰巴	nǐng ba	níng bā	cc-cedict	(dialect) awkward; uncomfortable/(dialect) obstinate; contrary; argumentative
擰開	nǐng kāi	níng kāi	cc-cedict	to unscrew/to twist off (a lid)/to turn on (a faucet)/to switch on (by turning a knob)/to turn (a door handle)/to wrench
擲筊	zhì jiǎo	zhì xiáo	cc-cedict	(folk religion) to divine by casting moon blocks 筊杯[jiao3 bei1], with the positions of the blocks determining the divine
擲色	zhì shǎi	zhì sè	cc-cedict	to throw the dice
擲還	zhì huán	zhì hái	cc-cedict	please return (an item sent in the mail)
擺晃	bǎi huàng	bǎi huǎng	cc-cedict	to swing/to sway
擼串	lū chuàn	lǔ chuàn	cc-cedict	(coll.) to eat grilled skewers
擼管	lū guǎn	lǔ guǎn	cc-cedict	(slang) to masturbate
擼貓	lū māo	lǔ māo	cc-cedict	(slang) to pet a cat
擼鐵	lū tiě	lǔ tiě	cc-cedict	(coll.) to pump iron/to work out
攀供	pān gòng	pān gōng	cc-cedict	to implicate others, without foundation, in confessing one's own crime
攘場	rǎng cháng	rǎng chǎng	cc-cedict	to spread harvested grain over an area
攘辟	rǎng bì	rǎng pì	cc-cedict	to stand off/to make way
攙和	chān huo	chān hé	cc-cedict	to mix/to mingle/to interfere/to meddle
攢簇	cuán cù	zǎn cù	cc-cedict	to gather closely together
攢聚	cuán jù	zǎn jù	cc-cedict	to gather/to assemble
攢集	cuán jí	zǎn jí	cc-cedict	to gather/to assemble
攤兒	tān r	tān ér	cc-cedict	erhua variant of 攤|摊[tan1]
攪和	jiǎo huo	jiǎo hé	cc-cedict	to mix; to blend/(fig.) to spoil; to mess up things/(fig.) to run around with (sb); to get involved with; to mix (with o
支差	zhī chāi	zhī chà	cc-cedict	to assign corvée duties (forced labor)
支應	zhī yìng	zhī yīng	cc-cedict	to deal with/to wait on/to provide for
支行	zhī háng	zhī xíng	cc-cedict	subbranch of a bank
收假	shōu jià	shōu jiǎ	cc-cedict	(of holidays) to come to an end/end of a vacation
收地	shōu dì	shōu de	cc-cedict	to confiscate land for redistribution (China, 1947-52)/(of a government) to acquire land (with compensation)
改為	gǎi wéi	gǎi wèi	cc-cedict	to change into
改行	gǎi háng	gǎi xíng	cc-cedict	to change profession
放倒	fàng dǎo	fàng dào	cc-cedict	to knock over; to knock down; to lay flat; to fell; to bring down
放假	fàng jià	fàng jiǎ	cc-cedict	to have a holiday or vacation
放血	fàng xiě	fàng xuè	cc-cedict	(TCM) to practice bloodletting/(medicine) to perform phlebotomy/(coll.) to make sb bleed; to inflict grievous wounds/(fi
放還	fàng huán	fàng hái	cc-cedict	to release (a hostage)/to put back in place
故地	gù dì	gù de	cc-cedict	once familiar places/former haunts
故都	gù dū	gù dōu	cc-cedict	former capital/ancient capital
效應	xiào yìng	xiào yīng	cc-cedict	effect (scientific phenomenon)
救難	jiù nàn	jiù nán	cc-cedict	to rescue/rescue (operation, workers)
教壞	jiāo huài	jiào huài	cc-cedict	to misguide/to corrupt (sb)
教學	jiāo xué	jiào xué	cc-cedict	to teach
教授	jiāo shòu	jiào shòu	cc-cedict	to teach (a subject)
教書	jiāo shū	jiào shū	cc-cedict	to work as a teacher; to teach (in a school)
教會	jiāo huì	jiào huì	cc-cedict	to show/to teach
教課	jiāo kè	jiào kè	cc-cedict	to teach class/to lecture
敢為	gǎn wéi	gǎn wèi	cc-cedict	to dare to do
散亂	sǎn luàn	sàn luàn	cc-cedict	in disorder/messy/Taiwan pr. [san4 luan4]
散件	sǎn jiàn	sàn jiàn	cc-cedict	spare parts/odds and ends
散光	sǎn guāng	sàn guāng	cc-cedict	astigmatism
散兵	sǎn bīng	sàn bīng	cc-cedict	loose and disorganized soldiers/stragglers/fig. a loner
散列	sǎn liè	sàn liè	cc-cedict	to hash/hashing (computing)
散劑	sǎn jì	sàn jì	cc-cedict	powder medicine
散匪	sǎn fěi	sàn fěi	cc-cedict	scattered bandits
散客	sǎn kè	sàn kè	cc-cedict	FIT (free independent traveler); individual traveler (as opposed to one who travels with a group)
散射	sǎn shè	sàn shè	cc-cedict	(physics) to scatter
散居	sǎn jū	sàn jū	cc-cedict	(of a group of people) to live scattered over an area
散工	sǎn gōng	sàn gōng	cc-cedict	day labor/piece-time work
散座	sǎn zuò	sàn zuò	cc-cedict	single seat (in theater)/irregular passenger (in rickshaw)
散彈	sǎn dàn	sàn dàn	cc-cedict	shot (for a shotgun); canister shot
散戶	sǎn hù	sàn hù	cc-cedict	individual (shareholder)/the small investor
散打	sǎn dǎ	sàn dǎ	cc-cedict	mixed martial arts
散文	sǎn wén	sàn wén	cc-cedict	(broadly) prose (as opposed to verse)/(more narrowly) free-form literary prose, such as essays, sketches and reflections
散景	sǎn jǐng	sàn jǐng	cc-cedict	bokeh (photography)
散曲	sǎn qǔ	sàn qū	cc-cedict	verse or song form from Yuan, Ming and Qing
散板	sǎn bǎn	sàn bǎn	cc-cedict	to fall apart/opera section in free rhythm
散架	sǎn jià	sàn jià	cc-cedict	to fall apart/exhaustion
散沙	sǎn shā	sàn shā	cc-cedict	scattered sand/fig. lacking in cohesion or organization
散漫	sǎn màn	sàn màn	cc-cedict	undisciplined/unorganized
散白	sǎn bái	sàn bái	cc-cedict	bulk baijiu (i.e. clear Chinese liquor) (abbr. for 散裝白酒|散装白酒[san3 zhuang1 bai2 jiu3])
散盡	sàn jìn	sàn jǐn	cc-cedict	to be totally dispersed (crowd)
散碎	sǎn suì	sàn suì	cc-cedict	in fragments
散粉	sǎn fěn	sàn fěn	cc-cedict	loose powder (makeup)
散職	sǎn zhí	sàn zhí	cc-cedict	sinecure
散落	sǎn luò	sàn luò	cc-cedict	to lie scattered (over an area)/Taiwan pr. [san4 luo4]
散裝	sǎn zhuāng	sàn zhuāng	cc-cedict	loose goods/goods sold open/draft (of beer, as opposed to bottled)
散見	sǎn jiàn	sàn jiàn	cc-cedict	seen periodically
散記	sǎn jì	sàn jì	cc-cedict	random jottings/travel notes
散話	sǎn huà	sàn huà	cc-cedict	digression
散誕	sǎn dàn	sàn dàn	cc-cedict	free and unfettered
散錢	sǎn qián	sàn qián	cc-cedict	small sum of money/loose change/Cantonese equivalent of 零錢|零钱[ling2 qian2]
散養	sǎn yǎng	sàn yǎng	cc-cedict	free-range raising (of poultry, cattle etc)
散餌	sǎn ěr	sàn ěr	cc-cedict	groundbait
散體	sǎn tǐ	sàn tǐ	cc-cedict	free prose style
整地	zhěng dì	zhěng de	cc-cedict	to prepare the soil (agriculture)
敵地	dí dì	dí de	cc-cedict	enemy territory
敵將	dí jiàng	dí jiāng	cc-cedict	enemy general; the opposing side's commander
數九	shǔ jiǔ	shù jiǔ	cc-cedict	nine periods of nine days each after winter solstice, the coldest time of the year
數伏	shǔ fú	shù fú	cc-cedict	to mark the start of the hottest period of the year, known as 三伏天[san1 fu2 tian1]
數出	shǔ chū	shù chū	cc-cedict	to count out (a sum of money etc)
數念	shǔ niàn	shù niàn	cc-cedict	to enumerate one by one
數數	shǔ shù	shù shù	cc-cedict	to count/to reckon
數清	shǔ qīng	shù qīng	cc-cedict	to count/to enumerate exactly
數秒	shǔ miǎo	shù miǎo	cc-cedict	to count the number of seconds (between two events)
數點	shǔ diǎn	shù diǎn	cc-cedict	to count/to itemize
文蛤	wén gé	wén há	cc-cedict	clam/bivalve mollusk, many spp.
斗內	dǒu nèi	dòu nèi	cc-cedict	(Tw) (neologism) (Internet slang) to send money to a live streamer (to get a specific response or just to sponsor) (loan
斗六	dǒu liù	dòu liù	cc-cedict	Douliu or Touliu city in Yunlin county 雲林縣|云林县[Yun2 lin2 xian4], Taiwan
斗大	dǒu dà	dòu dà	cc-cedict	huge
斗室	dǒu shì	dòu shì	cc-cedict	very small room; tiny, cramped space
斗拱	dǒu gǒng	dòu gǒng	cc-cedict	dougong – an interlocking wooden bracket system between the top of a column and a crossbeam, used in traditional Chinese
斗柄	dǒu bǐng	dòu bǐng	cc-cedict	handle of the Big Dipper
斗牛	dǒu niú	dòu niú	cc-cedict	Big Dipper and Altair (astronomy)
斗笠	dǒu lì	dòu lì	cc-cedict	conical bamboo hat
斗筲	dǒu shāo	dòu shāo	cc-cedict	an ancient bamboo container/narrow-mindedness
斗篷	dǒu peng	dòu péng	cc-cedict	cloak/mantle
斗膽	dǒu dǎn	dòu dǎn	cc-cedict	(courteous) to be so bold as to
斗車	dǒu chē	dòu chē	cc-cedict	hopper car/wheelbarrow
斗門	dǒu mén	dòu mén	cc-cedict	see 斗門區|斗门区[Dou3 men2 Qu1]
料中	liào zhòng	liào zhōng	cc-cedict	to suppose correctly
料度	liào duó	liào dù	cc-cedict	to estimate; to assess
料斗	liào dǒu	liào dòu	cc-cedict	cattle feeder/hopper (wicker basket)
斤斗	jīn dǒu	jīn dòu	cc-cedict	variant of 筋斗[jin1 dou3]
新正	xīn zhēng	xīn zhèng	cc-cedict	see 正月[Zheng1 yue4]
新興	xīn xīng	xīn xìng	cc-cedict	see 新興縣|新兴县[Xin1 xing1 Xian4]/see 新興區|新兴区[Xin1 xing1 Qu1]
新興	xīn xīng	xīn xìng	cc-cedict	(of markets, industries, infectious diseases etc) rising/emerging/in the ascendant
新都	xīn dū	xīn dōu	cc-cedict	see 新都區|新都区[Xin1 du1 Qu1]
斷行	duàn háng	duàn xíng	cc-cedict	line break (computing)
方差	fāng chā	fāng chà	cc-cedict	variance (statistics)
旄倪	mào ní	máo ní	cc-cedict	variant of 耄倪[mao4 ni2]
旄期	mào qī	máo qī	cc-cedict	variant of 耄期[mao4 qi1]
旅舍	lǚ shè	lǚ shě	cc-cedict	inn; small hotel; hostel
旋子	xuàn zi	xuán zǐ	cc-cedict	whirlwind somersault (in gymnastics or martial arts)
旋風	xuàn fēng	xuán fēng	cc-cedict	whirlwind/tornado
日沒	rì mò	rì méi	cc-cedict	sunset/sundown
旦角	dàn jué	dàn jiǎo	cc-cedict	dan, female roles in Chinese opera (traditionally played by specialized male actors)
昌都	chāng dū	chāng dōu	cc-cedict	see 昌都市[Chang1 du1 Shi4]
明了	míng liǎo	míng le	cc-cedict	to understand clearly/to be clear about/plain/clear/also written 明瞭|明了[ming2 liao3]
明兒	míng r	míng ér	cc-cedict	(coll.) tomorrow/one of these days/some day
明朝	míng zhāo	míng cháo	cc-cedict	tomorrow morning/the following morning
明瞭	míng liǎo	míng liào	cc-cedict	to understand clearly/to be clear about/plain/clear
昏倒	hūn dǎo	hūn dào	cc-cedict	to faint
易傳	yì zhuàn	yì chuán	cc-cedict	Yi Zhuan, commentary on the "Book of Changes" or "I Ching" 易經|易经[Yi4 jing1]
星宿	xīng xiù	xīng sù	cc-cedict	constellation (arch., now 星座)/one of the 28 constellations of traditional Chinese astronomy and astrology/motion of star
星斗	xīng dǒu	xīng dòu	cc-cedict	stars
星相	xīng xiàng	xīng xiāng	cc-cedict	astrology and physiognomy
春假	chūn jià	chūn jiǎ	cc-cedict	spring break
昧沒	mèi mò	mèi méi	cc-cedict	veiled/obscure
昨兒	zuó r	zuó ér	cc-cedict	(coll.) yesterday
時差	shí chā	shí chà	cc-cedict	time difference/time lag/jet lag
時綏	shí suí	shí suī	cc-cedict	peace all year round (old letter closing)
時興	shí xīng	shí xìng	cc-cedict	fashionable/popular
時長	shí cháng	shí zhǎng	cc-cedict	duration
晃動	huàng dòng	huǎng dòng	cc-cedict	to shake; to sway; to rock
晾乾	liàng gān	liàng qián	cc-cedict	to dry (sth) by airing
暈倒	yūn dǎo	yūn dào	cc-cedict	to faint/to swoon/to black out/to become unconscious
暈場	yùn chǎng	yūn chǎng	cc-cedict	to faint from stress (during exam, on stage etc)
暈染	yùn rǎn	yūn rǎn	cc-cedict	to smudge (become smeared)/to smudge (create a blurred effect)/shading (wash painting technique)
暈機	yùn jī	yūn jī	cc-cedict	to become airsick
暈池	yùn chí	yūn chí	cc-cedict	to faint in the bathroom (from heat)
暈船	yùn chuán	yūn chuán	cc-cedict	to become seasick
暈血	yùn xuè	yūn xuè	cc-cedict	to feel sick when seeing blood
暈車	yùn chē	yūn chē	cc-cedict	to be carsick
暈針	yùn zhēn	yūn zhēn	cc-cedict	to faint during acupuncture or injection
暑假	shǔ jià	shǔ jiǎ	cc-cedict	summer vacation/CL:個|个[ge4]
暖和	nuǎn huo	nuǎn hé	cc-cedict	warm/nice and warm
暗地	àn dì	àn de	cc-cedict	secretly; inwardly; on the sly
曝光	bào guāng	pù guāng	cc-cedict	to expose (photography)/(fig.) to expose (a scandal)/(advertising) exposure/Taiwan pr. [pu4 guang1]
曠地	kuàng dì	kuàng de	cc-cedict	open space/open field
曬乾	shài gān	shài qián	cc-cedict	to dry in the sun
曲周	qǔ zhōu	qū zhōu	cc-cedict	see 曲周縣|曲周县[Qu3 zhou1 Xian4]
曲子	qǔ zi	qū zǐ	cc-cedict	poem for singing/tune/music/CL:支[zhi1]
曲水	qǔ shuǐ	qū shuǐ	cc-cedict	see 曲水縣|曲水县[Qu3 shui3 Xian4]
曲江	qǔ jiāng	qū jiāng	cc-cedict	see 曲江區|曲江区[Qu3 jiang1 Qu1]
曲沃	qǔ wò	qū wò	cc-cedict	see 曲沃縣|曲沃县[Qu3 wo4 Xian4]
曲目	qǔ mù	qū mù	cc-cedict	repertoire/program/song/piece of music
曲藝	qǔ yì	qū yì	cc-cedict	folk musical theater
曲調	qǔ diào	qū diào	cc-cedict	tune/melody
曲陽	qǔ yáng	qū yáng	cc-cedict	see 曲陽縣|曲阳县[Qu3 yang2 Xian4]
曲靖	qǔ jìng	qū jìng	cc-cedict	see 曲靖市[Qu3 jing4 Shi4]
曲風	qǔ fēng	qū fēng	cc-cedict	music style; music genre
更代	gēng dài	gèng dài	cc-cedict	substitution/replacing former general/change of leader
更動	gēng dòng	gèng dòng	cc-cedict	to change/to replace/to alter
更卒	gēng zú	gèng zú	cc-cedict	soldier (serving alternate watch)
更博	gēng bó	gèng bó	cc-cedict	(Internet slang) to update one's blog
更名	gēng míng	gèng míng	cc-cedict	to rename
更夫	gēng fū	gèng fū	cc-cedict	night watchman (in former times)
更始	gēng shǐ	gèng shǐ	cc-cedict	to make a new start/to regenerate
更張	gēng zhāng	gèng zhāng	cc-cedict	lit. to restring one's bow/to reform and start over again
更換	gēng huàn	gèng huàn	cc-cedict	to replace (a worn-out tire etc)/to change (one's address etc)
更改	gēng gǎi	gèng gǎi	cc-cedict	to alter
更新	gēng xīn	gèng xīn	cc-cedict	to replace the old with new/to renew/to renovate/to upgrade/to update/to regenerate
更替	gēng tì	gèng tì	cc-cedict	to take over (from one another)/to alternate/to replace/to relay
更樓	gēng lóu	gèng lóu	cc-cedict	watch tower/drum tower marking night watches
更次	gēng cì	gèng cì	cc-cedict	one watch (i.e. two-hour period during night)
更正	gēng zhèng	gèng zhèng	cc-cedict	to correct/to make a correction
更深	gēng shēn	gèng shēn	cc-cedict	deep at night
更漏	gēng lòu	gèng lòu	cc-cedict	water clock used to mark night watches
更為	gèng wéi	gèng wèi	cc-cedict	even more
更生	gēng shēng	gèng shēng	cc-cedict	resurrection/rebirth/reinvigorated/rejuvenated/a new lease of life
更番	gēng fān	gèng fān	cc-cedict	alternately/by turns
更衣	gēng yī	gèng yī	cc-cedict	to change clothes/to go to the toilet (euphemism)
更迭	gēng dié	gèng dié	cc-cedict	to alternate/to change
更遞	gēng dì	gèng dì	cc-cedict	to change/to substitute
更闌	gēng lán	gèng lán	cc-cedict	deep night
更鼓	gēng gǔ	gèng gǔ	cc-cedict	drum marking night watches/night watchman's clapper
書卷	shū juàn	shū juǎn	cc-cedict	volume/scroll
曾參	zēng shēn	céng cān	cc-cedict	Zeng Shen (505-435 BC), a.k.a. 曾子[Zeng1 zi3], student of Confucius, presumed editor or author of Confucian classic the G
曾子	zēng zǐ	céng zǐ	cc-cedict	Zengzi (505-435 BC), student of Confucius, presumed editor or author of Confucian classic the Great Learning 大學|大学[Da4 x
曾孫	zēng sūn	céng sūn	cc-cedict	great-grandson
曾樸	zēng pǔ	céng pǔ	cc-cedict	Zeng Pu (1872–1935), novelist and publisher
曾祖	zēng zǔ	céng zǔ	cc-cedict	father's father's father; paternal great-grandfather
曾都	zēng dū	céng dōu	cc-cedict	see 曾都區|曾都区[Zeng1 du1 Qu1]
曾鞏	zēng gǒng	céng gǒng	cc-cedict	Zeng Gong (1019–1083), Song dynasty writer, one of the eight giants 唐宋八大家[Tang2 Song4 ba1 da4 jia1]
替角	tì jué	tì jiǎo	cc-cedict	(theater) understudy
最為	zuì wéi	zuì wèi	cc-cedict	the most
會兒	huì r	huì ér	cc-cedict	(coll.) a short while; a moment
會計	kuài jì	huì jì	cc-cedict	accountant/accountancy/accounting
月分	yuè fèn	yuè fēn	cc-cedict	variant of 月份[yue4 fen4]
月暈	yuè yùn	yuè yūn	cc-cedict	ring around the moon/lunar halo
月氏	yuè zhī	yuè shì	cc-cedict	ancient people of central Asia during the Han dynasty
月相	yuè xiàng	yuè xiāng	cc-cedict	phase of the moon
有朝	yǒu zhāo	yǒu cháo	cc-cedict	one day; sometime in the future
有為	yǒu wéi	yǒu wèi	cc-cedict	promising/to show promise
有空	yǒu kòng	yǒu kōng	cc-cedict	to have time (to do sth)
有著	yǒu zhe	yǒu zhù	cc-cedict	to have/to possess
服喪	fú sāng	fú sàng	cc-cedict	in mourning
望都	wàng dū	wàng dōu	cc-cedict	see 望都縣|望都县[Wang4 du1 Xian4]
朝夕	zhāo xī	cháo xī	cc-cedict	morning and night/all the time
朝日	zhāo rì	cháo rì	cc-cedict	Asahi (Japanese place name, company name etc)
朝日	zhāo rì	cháo rì	cc-cedict	morning sun
朝曦	zhāo xī	cháo xī	cc-cedict	early morning sunlight
朝朝	zhāo zhāo	cháo cháo	cc-cedict	every day (archaic)
朝歌	zhāo gē	cháo gē	cc-cedict	Zhaoge, capital of the Shang dynasty 商朝/Zhaoge town in Qi county 淇縣|淇县, Hebi 鶴壁|鹤壁, Henan
朝氣	zhāo qì	cháo qì	cc-cedict	vitality/dynamism
朝著	cháo zhe	cháo zhù	cc-cedict	towards
朝陽	zhāo yáng	cháo yáng	cc-cedict	the morning sun
朝雨	zhāo yǔ	cháo yǔ	cc-cedict	morning rain
朝露	zhāo lù	cháo lù	cc-cedict	morning dew/fig. precarious brevity of human life/ephemeral
朝鮮	cháo xiǎn	cháo xiān	cc-cedict	North Korea/Korea as geographic term/Taiwan pr. [Chao2xian1]
木柵	mù zhà	mù shān	cc-cedict	Muzha (old spelling: Mucha), suburb to the southeast of Taipei
未了	wèi liǎo	wèi le	cc-cedict	unfinished/outstanding (business)/unfulfilled
未卜	wèi bǔ	wèi bo	cc-cedict	(literary) not yet divined; (of outcomes) uncertain; unknowable
末了	mò liǎo	mò le	cc-cedict	(coll.) final part; last bit/(coll.) in the end; finally
末兒	mò r	mò ér	cc-cedict	powder/puree
本分	běn fèn	běn fēn	cc-cedict	(to play) one's part/one's role/one's duty/(to stay within) one's bounds/dutiful/keeping to one's role
本地	běn dì	běn de	cc-cedict	local/this locality
本相	běn xiàng	běn xiāng	cc-cedict	original form
本色	běn shǎi	běn sè	cc-cedict	natural color
本著	běn zhe	běn zhù	cc-cedict	based on.../in conformance with../taking as one's main principle
本行	běn háng	běn xíng	cc-cedict	one's line/one's own profession
朮赤	zhú chì	shù chì	cc-cedict	Jöchi (c. 1182–1227) Mongol army commander, eldest of Genghis Khan's four sons
朴刀	pō dāo	pǔ dāo	cc-cedict	sword with a curved blade and a long hilt, wielded with both hands
朴硝	pò xiāo	pǔ xiāo	cc-cedict	(impure) mirabilite, Na2SO4x10H2O (used in TCM)
李适	lǐ kuò	lǐ shì	cc-cedict	Li Kuo, personal name of tenth Tang emperor Dezong 德宗[De2 Zong1], (742-805), reigned 779-805
村舍	cūn shè	cūn shě	cc-cedict	cottage
杓子	sháo zi	biāo zǐ	cc-cedict	scoop
杜塞	dù sè	dù sāi	cc-cedict	to stop/to block
杯筊	bēi jiǎo	bēi xiáo	cc-cedict	see 筊杯[jiao3 bei1]
東興	dōng xīng	dōng xìng	cc-cedict	see 東興區|东兴区[Dong1 xing1 Qu1]/see 東興市|东兴市[Dong1 xing1 Shi4]
東阿	dōng ē	dōng ā	cc-cedict	see 東阿縣|东阿县[Dong1 e1 Xian4]
松菌	sōng jùn	sōng jūn	cc-cedict	matsutake (Tricholoma matsutake), edible mushroom considered a great delicacy in Japan
板築	bǎn zhù	bǎn zhú	cc-cedict	variant of 版築|版筑[ban3 zhu4]
枕藉	zhěn jiè	zhěn jí	cc-cedict	to lie in total disorder/lying fallen over one another
林地	lín dì	lín de	cc-cedict	woodland
枚卜	méi bǔ	méi bo	cc-cedict	to choose officials by divination (archaic)/to practice divination without a definite question
果乾	guǒ gān	guǒ qián	cc-cedict	dried fruit
果切	guǒ qiē	guǒ qiè	cc-cedict	fresh-cut fruit
果脯	guǒ fǔ	guǒ pú	cc-cedict	candied fruit
枯乾	kū gān	kū qián	cc-cedict	dried up; shriveled; withered
枳殼	zhǐ qiào	zhǐ ké	cc-cedict	bitter orange (Fructus aurantii) (used in TCM)
枸橘	gōu jú	gǒu jú	cc-cedict	trifoliate orange (Citrus trifoliata)
枸櫞	jǔ yuán	gǒu yuán	cc-cedict	citron (Citrus medica)
柏悅	bó yuè	bǎi yuè	cc-cedict	Park Hyatt (hotel brand)
柏林	bó lín	bǎi lín	cc-cedict	Berlin, capital of Germany
某地	mǒu dì	mǒu de	cc-cedict	somewhere/some place
柔佛	róu fó	róu fú	cc-cedict	Johor (state of Malaysia at south of Malayan peninsula)
柞櫟	zuò lì	zhà lì	cc-cedict	Mongolian oak (Quercus dentata)/see also 槲樹|槲树[hu2 shu4]
查沒	chá mò	chá méi	cc-cedict	to confiscate
查處	chá chǔ	chá chù	cc-cedict	to investigate and handle (a criminal case)
柵子	zhà zi	shān zǐ	cc-cedict	bamboo fence
柵條	zhà tiáo	shān tiáo	cc-cedict	paling/fence rail
柵欄	zhà lán	shān lán	cc-cedict	fence
柵籬	zhà lí	shān lí	cc-cedict	hedge/fence
柵門	zhà mén	shān mén	cc-cedict	gate/door with grating/turnstile/logical gate (electronics)
栓塞	shuān sè	shuān sāi	cc-cedict	(medicine) embolism
校勘	jiào kān	xiào kān	cc-cedict	to collate
校地	xiào dì	xiào de	cc-cedict	(Tw) the land on which a school is built (or is intended to be built)
校場	jiào chǎng	xiào chǎng	cc-cedict	military drill ground
校對	jiào duì	xiào duì	cc-cedict	proofreader/to proofread/to calibrate
校樣	jiào yàng	xiào yàng	cc-cedict	proofs (printing)
校正	jiào zhèng	xiào zhèng	cc-cedict	to proofread and correct/to edit and rectify/to correct/to calibrate
校準	jiào zhǔn	xiào zhǔn	cc-cedict	to calibrate
校舍	xiào shè	xiào shě	cc-cedict	school building
校訂	jiào dìng	xiào dìng	cc-cedict	revision
校釋	jiào shì	xiào shì	cc-cedict	to collate and annotate/(on book titles) collated and annotated
校閱	jiào yuè	xiào yuè	cc-cedict	to check through (a document)/to proofread/to review (troops)
校驗	jiào yàn	xiào yàn	cc-cedict	to check/to examine
核兒	hú r	hé ér	cc-cedict	pit (stone of a fruit)
格勒	gé lè	gé lēi	cc-cedict	(onom.) laughing sound/glug-glug haha!
格格	gē gē	gé gé	cc-cedict	variant of 咯咯[ge1 ge1]
格登	gē dēng	gé dēng	cc-cedict	variant of 咯噔[ge1 deng1]
栽倒	zāi dǎo	zāi dào	cc-cedict	to take a fall
栽種	zāi zhòng	zāi zhǒng	cc-cedict	to plant/to grow
桁楊	háng yáng	héng yáng	cc-cedict	lit. stocks and knives/fig. any punishment equipment/torture instrument
案卷	àn juàn	àn juǎn	cc-cedict	records/files/archives
案稱	àn chèng	àn chēng	cc-cedict	counter scale
桑耶	sāng yē	sāng yé	cc-cedict	Samye town and monastery in central Tibet
桑葚	sāng shèn	sāng rèn	cc-cedict	mulberry fruit (Fructus mori)
桑藨	sāng pāo	sāng biāo	cc-cedict	mulberry fruit (Fructus mori)
桔子	jú zi	jié zǐ	cc-cedict	variant of 橘子[ju2 zi5]
梗咽	gěng yè	gěng yàn	cc-cedict	variant of 哽咽[geng3 ye4]
梗塞	gěng sè	gěng sāi	cc-cedict	to clog; to block; to obstruct
條幾	tiáo jī	tiáo jǐ	cc-cedict	long narrow table
梵剎	fàn chà	fàn shā	cc-cedict-buddhist	Buddhist temple/monastery
梵唄	fàn bài	fàn bei	cc-cedict-buddhist	(Buddhism) chanting of prayers
棒喝	bàng hè	bàng hē	cc-cedict-buddhist	practice in which a novice monk is shouted at or hit with a stick with the purpose of bringing about instant awakening (
棕繃	zōng bēng	zōng běng	cc-cedict	rectangular frame with a palm fiber mat woven across it (placed on a bed frame as the sleeping surface)
棲地	qī dì	qī de	cc-cedict	habitat
棲棲	xī xī	qī qī	cc-cedict	(literary) restless; unsettled
椏杈	yā chà	yā chā	cc-cedict	variant of 丫杈[ya1 cha4]
楞嚴	lèng yán	léng yán	cc-cedict-buddhist	one who surmounts all obstacles (Buddhism)
極地	jí dì	jí de	cc-cedict	polar region
極差	jí chā	jí chà	cc-cedict	range (of a set of data) (statistics)
極為	jí wéi	jí wèi	cc-cedict	extremely; exceedingly
榜笞	péng chī	bǎng chī	cc-cedict	(literary) to beat; to flog; to whip
榨乾	zhà gān	zhà qián	cc-cedict	(fig.) to squeeze dry; to exhaust
構築	gòu zhù	gòu zhú	cc-cedict	to build/to construct
樂兒	lè r	lè ér	cc-cedict	see 樂子|乐子[le4 zi5]
樂句	yuè jù	lè jù	cc-cedict	musical phrase
樂器	yuè qì	lè qì	cc-cedict	musical instrument/CL:件[jian4]
樂團	yuè tuán	lè tuán	cc-cedict	band/orchestra
樂壇	yuè tán	lè tán	cc-cedict	music circles/music world
樂師	yuè shī	lè shī	cc-cedict	musician
樂府	yuè fǔ	lè fǔ	cc-cedict	yuefu (Chinese style of lyric poetry)
樂律	yuè lǜ	lè lǜ	cc-cedict	tuning/temperament
樂感	yuè gǎn	lè gǎn	cc-cedict	musicality; feel for music
樂手	yuè shǒu	lè shǒu	cc-cedict	instrumental performer
樂曲	yuè qǔ	lè qū	cc-cedict	musical composition
樂清	yuè qīng	lè qīng	cc-cedict	see 樂清市|乐清市[Yue4 qing1 Shi4]
樂理	yuè lǐ	lè lǐ	cc-cedict	music theory
樂章	yuè zhāng	lè zhāng	cc-cedict	movement (of a symphony)
樂經	yuè jīng	lè jīng	cc-cedict	Book of Music, said to be one of the Six Classics lost after Qin's burning of the books in 212 BC, but may simply refer 
樂譜	yuè pǔ	lè pǔ	cc-cedict	a musical score/sheet music
樂迷	yuè mí	lè mí	cc-cedict	music fan
樂都	lè dū	lè dōu	cc-cedict	see 樂都區|乐都区[Le4 du1 Qu1]
樂隊	yuè duì	lè duì	cc-cedict	band/pop group/CL:支[zhi1]
樂音	yuè yīn	lè yīn	cc-cedict	musical note/tone
樅陽	zōng yáng	cōng yáng	cc-cedict	see 樅陽縣|枞阳县[Zong1 yang2 Xian4]
標地	biāo dì	biāo de	cc-cedict	plot of land
標的	biāo dì	biāo de	cc-cedict	target/aim/objective/what one hopes to gain
標識	biāo zhì	biāo shí	cc-cedict	variant of 標誌|标志[biao1 zhi4]
模具	mú jù	mó jù	cc-cedict	(manufacturing) mold; die/also pr. [mo2ju4]
模壓	mú yā	mó yā	cc-cedict	mold pressing
模子	mú zi	mó zǐ	cc-cedict	mold/matrix/pattern or die
模板	mú bǎn	mó bǎn	cc-cedict	template/(architecture) formwork
模樣	mú yàng	mó yàng	cc-cedict	look/style/appearance/approximation/about/CL:個|个[ge4]/also pr. [mo2 yang4]
模版	mú bǎn	mó bǎn	cc-cedict	variant of 模板[mu2 ban3]
樣兒	yàng r	yàng ér	cc-cedict	see 樣子|样子[yang4 zi5]
機殼	jī qiào	jī ké	cc-cedict	case, casing, cabinet or housing (of a computer, photocopier etc)
橫切	héng qiē	héng qiè	cc-cedict	to cut across/a horizontal cut
檃栝	yǐn kuò	yǐn guā	cc-cedict	straightening machine/also pr. [yin3 gua1]
檢校	jiǎn jiào	jiǎn xiào	cc-cedict	to check/to verify/to proof-read
檳城	bīng chéng	bīn chéng	cc-cedict	Penang (Malaysian state)
檳州	bīng zhōu	bīn zhōu	cc-cedict	Penang (Malaysian state)
檻車	jiàn chē	kǎn chē	cc-cedict	cart with cage, used to escort prisoner
欄柵	lán zhà	lán shān	cc-cedict	barrier
欺哄	qī hǒng	qī hōng	cc-cedict	to dupe/to deceive
欽差	qīn chāi	qīn chà	cc-cedict	imperial envoy
款兒	kuǎn r	kuǎn ér	cc-cedict	haughty manner/proud bearing
歌兒	gē r	gē ér	cc-cedict	song
歌曲	gē qǔ	gē qū	cc-cedict	song
歐冠	ōu guàn	ōu guān	cc-cedict	UEFA Champions League
歐泊	ōu bó	ōu pō	cc-cedict-buddhist	opal (Sanskrit: upala)
止咳	zhǐ ké	zhǐ hāi	cc-cedict	to suppress coughing
正傳	zhèng zhuàn	zhèng chuán	cc-cedict	main subject of long novel/true biography
正切	zhèng qiē	zhèng qiè	cc-cedict	(math.) tangent (trigonometric function)
正月	zhēng yuè	zhèng yuè	cc-cedict	first month of the lunar year
正朔	zhēng shuò	zhèng shuò	cc-cedict	first day of the first lunar month/(old) calendar promulgated by the first emperor of a dynasty
正當	zhèng dàng	zhèng dāng	cc-cedict	honest/reasonable/fair/sensible
正著	zhèng zháo	zhèng zhù	cc-cedict	head-on/red-handed
正角	zhèng jué	zhèng jiǎo	cc-cedict	good guy (in a story)/hero
此地	cǐ dì	cǐ de	cc-cedict	here/this place
武將	wǔ jiàng	wǔ jiāng	cc-cedict	general/military leader/fierce man
武都	wǔ dū	wǔ dōu	cc-cedict	see 武都區|武都区[Wu3 du1 Qu1]
歲差	suì chā	suì chà	cc-cedict	(astronomy) precession
歷數	lì shǔ	lì shù	cc-cedict	to enumerate/to count (one by one)
歷盡	lì jìn	lì jǐn	cc-cedict	to have experienced a lot of/to have been through
歸省	guī xǐng	guī shěng	cc-cedict	to go home for a visit; to return to one's parents' home to pay respects
歸綏	guī suí	guī suī	cc-cedict	old name for Hohhot city 呼和浩特[Hu1 he2 hao4 te4], Inner Mongolia
歸還	guī huán	guī hái	cc-cedict	to return sth/to revert
死當	sǐ dàng	sǐ dāng	cc-cedict	to flunk (Tw)/(computing) to crash/to stop working
死難	sǐ nàn	sǐ nán	cc-cedict	to die in an accident/to die for a just cause
殆盡	dài jìn	dài jǐn	cc-cedict	almost exhausted; nearly depleted; practically nothing left
殉難	xùn nàn	xùn nán	cc-cedict	to sacrifice oneself in a just cause/a victim of a disaster
殘卷	cán juàn	cán juǎn	cc-cedict	surviving section of a classic work/remaining chapters (while reading a book)
殷紅	yān hóng	yīn hóng	cc-cedict	dark red
殷都	yīn dū	yīn dōu	cc-cedict	see 殷都區|殷都区[Yin1 du1 Qu1]
殼兒	ké r	ké ér	cc-cedict	shell/crust
殼牌	qiào pái	ké pái	cc-cedict	see 殼牌公司|壳牌公司[Qiao4 pai2 gong1 si1]
殼菜	qiào cài	ké cài	cc-cedict	mussels (as food)
殼質	qiào zhì	ké zhì	cc-cedict	chitin
毋寧	wú nìng	wú níng	cc-cedict	not as good as/would rather
母喪	mǔ sāng	mǔ sàng	cc-cedict	the death of one's mother
毒參	dú shēn	dú cān	cc-cedict	hemlock (Conium maculatum)
毒爪	dú zhuǎ	dú zhǎo	cc-cedict	forcipules (the venomous pair of pincer-like appendages of a centipede)
比干	bǐ gān	bǐ gàn	cc-cedict	Bi Gan (Chinese god of wealth)
比為	bǐ wéi	bǐ wèi	cc-cedict	to liken to/to compare to
比耶	bǐ yē	bǐ yé	cc-cedict	to make a V sign (esp. when posing for photos)
毛廁	máo si	máo cè	cc-cedict	variant of 茅廁|茅厕[mao2 si5]
毛肚	máo dǔ	máo dù	cc-cedict	tripe (gastronomy)
民樂	mín yuè	mín lè	cc-cedict	folk music, esp. for traditional instruments
氣切	qì qiē	qì qiè	cc-cedict	(medicine) tracheotomy (abbr. for 氣管切開術|气管切开术[qi4 guan3 qie1 kai1 shu4])
氣鑽	qì zuàn	qì zuān	cc-cedict	pneumatic drill
水分	shuǐ fèn	shuǐ fēn	cc-cedict	moisture content/(fig.) overstatement; padding
水相	shuǐ xiàng	shuǐ xiāng	cc-cedict	aqueous solution
水著	shuǐ zhuó	shuǐ zhù	cc-cedict	(HK) swimsuit (loanword from Japanese "mizugi")
永興	yǒng xīng	yǒng xìng	cc-cedict	see 永興縣|永兴县[Yong3 xing1 Xian4]
氹仔	dàng zǎi	dàng zǐ	cc-cedict	Taipa, an island of Macau
氾濫	fàn làn	fán làn	cc-cedict	to overflow; to inundate; to flood/(fig.) to proliferate unchecked
汗國	hán guó	hàn guó	cc-cedict	khanate (Mongol state)
江都	jiāng dū	jiāng dōu	cc-cedict	see 江都區|江都区[Jiang1 du1 Qu1]
沈溺	chén nì	shěn nì	cc-cedict	variant of 沉溺[chen2 ni4]
沈澱	chén diàn	shěn diàn	cc-cedict	variant of 沉澱|沉淀[chen2 dian4]
沉沒	chén mò	chén méi	cc-cedict	to sink
沉痾	chén kē	chén ē	cc-cedict	chronic illness; (fig.) deep-rooted problem; longstanding issue
沉著	chén zhuó	chén zhù	cc-cedict	steady/calm and collected/not nervous
沒收	mò shōu	méi shōu	cc-cedict	to confiscate; to seize
沒落	mò luò	méi luò	cc-cedict	to decline/to wane
沒藥	mò yào	méi yào	cc-cedict	myrrh (Commiphora myrrha)
沖調	chōng tiáo	chōng diào	cc-cedict	to reconstitute (a powdered beverage) by adding water, milk etc
沙參	shā shēn	shā cān	cc-cedict	ladybell root (Radix adenophorae)
沙地	shā dì	shā de	cc-cedict	sandy beach or river bank/sand dune/sandy land
河叉	hé chà	hé chā	cc-cedict	river mouth
河曲	hé qǔ	hé qū	cc-cedict	see 河曲縣|河曲县[He2 qu3 Xian4]
河涌	hé chōng	hé yǒng	cc-cedict	tributary; branch of a river
油炸	yóu zhá	yóu zhà	cc-cedict	to deep fry
治喪	zhì sāng	zhì sàng	cc-cedict	to organize and carry out a funeral
沿兒	yán r	yán ér	cc-cedict	edge (used directly after a noun, e.g. roadside 馬路沿兒|马路沿儿)
沿著	yán zhe	yán zhù	cc-cedict	to go along/to follow
泊位	bó wèi	pō wèi	cc-cedict	berth (for a ship)/parking space (for a vehicle)
泊松	bó sōng	pō sōng	cc-cedict	S.D. Poisson (1781-1840), French mathematician/also pr. [Po1 song1]
泊船	bó chuán	pō chuán	cc-cedict	to moor a boat or ship
泊車	bó chē	pō chē	cc-cedict	to park a vehicle
泊頭	bó tóu	pō tóu	cc-cedict	see 泊頭市|泊头市[Bo2 tou2 Shi4]
泌陽	bì yáng	mì yáng	cc-cedict	see 泌陽縣|泌阳县[Bi4 yang2 Xian4]
法兒	fǎ r	fǎ ér	cc-cedict	way/method/means/Taiwan pr. [fa1 r5]
泡吧	pào bā	pào ba	cc-cedict	to spend time in a bar (alcohol, Internet etc)/to go clubbing
泡子	pāo zi	pào zǐ	cc-cedict	small lake/pond
泡桐	pāo tóng	pào tóng	cc-cedict	Paulownia (genus)
泡貨	pāo huò	pào huò	cc-cedict	light but bulky goods
波長	bō cháng	bō zhǎng	cc-cedict	wavelength
泥古	nì gǔ	ní gǔ	cc-cedict	stick-in-the-mud/to stick to old ways/stubbornly conservative
泥子	nì zi	ní zǐ	cc-cedict	putty (used by plumbers and glaziers)
泥守	nì shǒu	ní shǒu	cc-cedict	stubborn and conservative
泯沒	mǐn mò	mǐn méi	cc-cedict	to sink into oblivion/to be lost to memory/to vanish
泰勒	tài lè	tài lēi	cc-cedict	Taylor (name)
泰斗	tài dǒu	tài dòu	cc-cedict	abbr. for 泰山北斗[Tai4 shan1 Bei3 dou3]
泰興	tài xīng	tài xìng	cc-cedict	see 泰興市|泰兴市[Tai4 xing1 Shi4]
泰華	tài huà	tài huá	cc-cedict	Mt Tai 泰山 and Mt Hua 華山|华山/another name for Mt Hua
泰阿	tài ē	tài ā	cc-cedict	name of a famous sword mentioned in ancient texts
泳將	yǒng jiàng	yǒng jiāng	cc-cedict	champion swimmer; swimming star
洋將	yáng jiàng	yáng jiāng	cc-cedict	(Tw) (sports) foreign player/import
洋殼	yáng qiào	yáng ké	cc-cedict	oceanic crust (geology)
洋相	yáng xiàng	yáng xiāng	cc-cedict	social gaffe or blunder/faux pas/see 出洋相[chu1 yang2 xiang4]
洋行	yáng háng	yáng xíng	cc-cedict	(old) foreign firm
洋鎬	yáng gǎo	yáng hào	cc-cedict	pickaxe
洗地	xǐ dì	xǐ de	cc-cedict	to clean the floor/(Internet slang) (lit.) to wash (the blood) off the floor/(fig.) to cover up evidence of sb's wrongdo
洗馬	xiǎn mǎ	xǐ mǎ	cc-cedict	(official title) herald to the crown prince (in imperial China)
洪佛	hóng fó	hóng fú	cc-cedict	Hung Fut style kung fu
洪洞	hóng tóng	hóng dòng	cc-cedict	see 洪洞縣|洪洞县[Hong2 tong2 Xian4]
活佛	huó fó	huó fú	cc-cedict	Living Buddha/title of Mongolian Lamas from 17th century
活兒	huó r	huó ér	cc-cedict	work/(lots of) things to do
活著	huó zhe	huó zhù	cc-cedict	alive
流眄	liú miǎn	liú miàn	cc-cedict	to ogle/to glance in a shifty manner
浚縣	xùn xiàn	jùn xiàn	cc-cedict	Xun County or Xunxian, a county in Hebi City 鶴壁市|鹤壁市[He4 bi4 Shi4], Henan
浮漂	fú piāo	fú piào	cc-cedict	see 漂浮[piao1 fu2]
浮著	fú zhe	fú zhù	cc-cedict	afloat
浮薄	fú bó	fú báo	cc-cedict	frivolous; superficial
海參	hǎi shēn	hǎi cān	cc-cedict	sea cucumber
海地	hǎi dì	hǎi de	cc-cedict	Haiti
海相	hǎi xiàng	hǎi xiāng	cc-cedict	marine facies (geology)
海興	hǎi xīng	hǎi xìng	cc-cedict	see 海興縣|海兴县[Hai3 xing1 Xian4]
海蜇	hǎi zhé	hǎi zhē	cc-cedict	Rhopilema esculenta, an edible jellyfish
海難	hǎi nàn	hǎi nán	cc-cedict	perils of the sea
浸沒	jìn mò	jìn méi	cc-cedict	to immerse/to swamp
淋病	lìn bìng	lín bìng	cc-cedict	gonorrhea/Taiwan pr. [lin2 bing4]
淡泊	dàn bó	dàn pō	cc-cedict	living a simple life
淡薄	dàn bó	dàn báo	cc-cedict	thin/light/flagging/faint
淤塞	yū sè	yū sāi	cc-cedict	choked with silt/silted up
淨盡	jìng jìn	jìng jǐn	cc-cedict	to eliminate/to purge
淪沒	lún mò	lún méi	cc-cedict	to sink/to drown
淪為	lún wéi	lún wèi	cc-cedict	to sink down to/to be reduced to (sth inferior)
淫靡	yín mǐ	yín mí	cc-cedict	profligate/extravagantly showy/(of music) lascivious/decadent
深長	shēn cháng	shēn zhǎng	cc-cedict	profound (meaning, implications etc)
混和	hùn huò	hùn hé	cc-cedict	mixture/amalgam
混熟	hùn shóu	hùn shú	cc-cedict	to get familiar with
混球	hún qiú	hùn qiú	cc-cedict	bastard/wretch/scoundrel
混矇	hùn mēng	hùn méng	cc-cedict	to deceive/to mislead
混蛋	hún dàn	hùn dàn	cc-cedict	scoundrel/bastard/hoodlum/wretch
混行	hún xíng	hùn xíng	cc-cedict	mixed use (e.g. pedestrians and vehicles)/joint operation (e.g. trains and buses)
淹沒	yān mò	yān méi	cc-cedict	to submerge/to drown/to flood/to drown out (also fig.)
淺薄	qiǎn bó	qiǎn báo	cc-cedict	superficial
淺鮮	qiǎn xiǎn	qiǎn xiān	cc-cedict	meager/slight
渡假	dù jià	dù jiǎ	cc-cedict	(Tw) to go on holidays; to spend one's vacation
渦陽	guō yáng	wō yáng	cc-cedict	see 渦陽縣|涡阳县[Guo1 yang2 Xian4]
測度	cè duó	cè dù	cc-cedict	to estimate/to conjecture
測量	cè liáng	cè liàng	cc-cedict	survey/to measure/to gauge/to determine
湞江	zhēn jiāng	chēng jiāng	cc-cedict	see 湞江區|浈江区[Zhen1 jiang1 Qu1]
湮沒	yān mò	yān méi	cc-cedict	to bury/to submerge/to pass into oblivion/to obliterate/to annihilate (physics)
湯匙	tāng chí	tāng shi	cc-cedict	soup spoon/tablespoon/CL:把[ba3]
準的	zhǔn dì	zhǔn de	cc-cedict	standard/norm/criterion
溫和	wēn huo	wēn hé	cc-cedict	lukewarm
溫差	wēn chā	wēn chà	cc-cedict	difference in temperature
溶沒	róng mò	róng méi	cc-cedict	to fade away/to disappear/to hide from view
溼地	shī dì	shī de	cc-cedict	variant of 濕地|湿地[shi1 di4]
滇藏	diān zàng	diān cáng	cc-cedict	Yunnan and Tibet
滎經	yíng jīng	xíng jīng	cc-cedict	see 滎經縣|荥经县[Ying2 jing1 Xian4]
滑倒	huá dǎo	huá dào	cc-cedict	to slip and fall; to lose one's footing and fall
滴答	dī dā	dī dá	cc-cedict	(onom.) pattering sound/drip drip (of water)/tick tock (of clock)/also pr. [di1 da5]
滿擰	mǎn nǐng	mǎn níng	cc-cedict	totally inconsistent/completely at odds
漂搖	piāo yáo	piào yáo	cc-cedict	swaying/tottering/unstable
漂染	piǎo rǎn	piào rǎn	cc-cedict	to bleach and dye
漂泊	piāo bó	piào pō	cc-cedict	(of a boat) to float; to drift; to lie at anchor/(fig.) to roam; to lead a wandering existence
漂洋	piāo yáng	piào yáng	cc-cedict	to cross the ocean
漂洗	piǎo xǐ	piào xǐ	cc-cedict	to rinse (clothes)
漂流	piāo liú	piào liú	cc-cedict	to float on the current/to drift along or about/rafting
漂浮	piāo fú	piào fú	cc-cedict	to float/to hover/to drift (also fig., to lead a wandering life)/to rove/showy/superficial
漂白	piǎo bái	piào bái	cc-cedict	to bleach/to whiten
漂礫	piāo lì	piào lì	cc-cedict	(geology) glacial erratic; rock transported by a glacier
漂移	piāo yí	piào yí	cc-cedict	to drift
漂綠	piǎo lǜ	piào lǜ	cc-cedict	to greenwash
漂蕩	piāo dàng	piào dàng	cc-cedict	variant of 飄盪|飘荡[piao1 dang4]
漂走	piāo zǒu	piào zǒu	cc-cedict	to float away; to drift; to be swept off
漂遊	piāo yóu	piào yóu	cc-cedict	drift
漂零	piāo líng	piào líng	cc-cedict	variant of 飄零|飘零[piao1 ling2]
漂雷	piāo léi	piào léi	cc-cedict	floating mine
漂鷸	piāo yù	piào yù	cc-cedict	(bird species of China) wandering tattler (Tringa incana)
漏斗	lòu dǒu	lòu dòu	cc-cedict	funnel
漚凼	òu dàng	ōu dàng	cc-cedict	cesspool/compost pit
漚步	òu bù	ōu bù	cc-cedict	(Tw) dirty trick; unethical tactic (from Taiwanese 漚步, Tai-lo pr. [àu-pōo])
漚肥	òu féi	ōu féi	cc-cedict	to make fertilizer by steeping organic materials in water and leaving them to decompose/fertilizer produced by this meth
漫應	màn yìng	màn yīng	cc-cedict	to reply casually
漫長	màn cháng	màn zhǎng	cc-cedict	very long/endless
漲奶	zhàng nǎi	zhǎng nǎi	cc-cedict	to have engorged breasts (after childbirth); to have swollen and painful breasts from excess milk
漲滿	zhàng mǎn	zhǎng mǎn	cc-cedict	full to the point of overflowing (fluid, emotions etc)
漲紅	zhàng hóng	zhǎng hóng	cc-cedict	to turn red (in the face)/to flush (with embarrassment or anger)
漿糊	jiàng hu	jiāng hú	cc-cedict	paste/Taiwan pr. [jiang4 hu2]
漿紙	jiàng zhǐ	jiāng zhǐ	cc-cedict	paper pulp
潛沒	qián mò	qián méi	cc-cedict	to submerge/to subduct (of tectonic plates)
潦倒	liáo dǎo	liáo dào	cc-cedict	down on one's luck; in straitened circumstances; disappointed; frustrated
澄清	dèng qīng	chéng qīng	cc-cedict	to settle (of liquid)/to become clear (by precipitation of impurities)/precipitate (chemistry)/to put in order/to quell 
澆築	jiāo zhù	jiāo zhú	cc-cedict	to pour (concrete etc)
澹泊	dàn bó	dàn pō	cc-cedict	variant of 淡泊[dan4 bo2]
激將	jī jiàng	jī jiāng	cc-cedict	to spur sb into action by making negative remarks
濕地	shī dì	shī de	cc-cedict	wetland
濟南	jǐ nán	jì nán	cc-cedict	see 濟南市|济南市[Ji3 nan2 Shi4]
濟寧	jǐ níng	jì níng	cc-cedict	see 濟寧市|济宁市[Ji3 ning2 Shi4]
濟水	jǐ shuǐ	jì shuǐ	cc-cedict	Ji River, former river of north-eastern China which disappeared after the Yellow River flooded in 1852
濟濟	jǐ jǐ	jì jì	cc-cedict	large number of people
濟陽	jǐ yáng	jì yáng	cc-cedict	see 濟陽區|济阳区[Ji3 yang2 Qu1]
瀝乾	lì gān	lì qián	cc-cedict	to drain
瀧水	shuāng shuǐ	lóng shuǐ	cc-cedict	Shuang river in Hunan and Guangdong (modern Wu river 武水)
灣仔	wān zǎi	wān zǐ	cc-cedict	Wan Chai district of Hong Kong
火兒	huǒ r	huǒ ér	cc-cedict	fire/fury/angry
災難	zāi nàn	zāi nán	cc-cedict	disaster; catastrophe
炒更	chǎo gēng	chǎo gèng	cc-cedict	to moonlight
炮烙	páo luò	pào lào	cc-cedict	form of torture said to have been used by King Zhou of Shang 商紂王|商纣王[Shang1 Zhou4 Wang2] in which the victim was forced 
炮煉	páo liàn	pào liàn	cc-cedict	to parch and refine medicinal herbs
炮製	páo zhì	pào zhì	cc-cedict	to concoct/to invent/to fabricate/to produce/to process/processing and curing (Chinese medicine)
炸兩	zhá liǎng	zhà liǎng	cc-cedict	(Cantonese cuisine) zhaliang, rice noodle rolls 腸粉|肠粉[chang2 fen3] stuffed with youtiao 油條|油条[you2 tiao2]
炸物	zhá wù	zhà wù	cc-cedict	(Tw) deep-fried food
炸糕	zhá gāo	zhà gāo	cc-cedict	fried glutinous rice dough cake
炸鍋	zhá guō	zhà guō	cc-cedict	fryer
炸雞	zhá jī	zhà jī	cc-cedict	fried chicken
炸魚	zhá yú	zhà yú	cc-cedict	deep-fried fish
為上	wéi shàng	wèi shàng	cc-cedict	to be valued above all else
為主	wéi zhǔ	wèi zhǔ	cc-cedict	to rely mainly on/to attach most importance to
為人	wéi rén	wèi rén	cc-cedict	to conduct oneself/behavior; conduct; personal character
為伍	wéi wǔ	wèi wǔ	cc-cedict	to associate with/to keep company with
為例	wéi lì	wèi lì	cc-cedict	used in the construction 以...為例|以...为例, "to take ... as an example"
為夫	wéi fū	wèi fū	cc-cedict	(archaic) term used by a husband to refer to himself when speaking to his wife
為害	wéi hài	wèi hài	cc-cedict	to cause harm
為師	wéi shī	wèi shī	cc-cedict	term used by a teacher or master to refer to themself when speaking to their student
為數	wéi shù	wèi shù	cc-cedict	(used before 不少[bu4 shao3] or 不多[bu4 duo1]) in terms of quantity; (before a number) numbering; amounting to
為時	wéi shí	wèi shí	cc-cedict	timewise/pertaining to time
為期	wéi qī	wèi qī	cc-cedict	(to be done) by (a certain date)/lasting (a certain time)
為止	wéi zhǐ	wèi zhǐ	cc-cedict	until/(used in combination with words like 到[dao4] or 至[zhi4] in constructs of the form 到...為止|到...为止)
為準	wéi zhǔn	wèi zhǔn	cc-cedict	to serve as the norm/...shall prevail (as standard for rules, regulations, price etc)
為父	wéi fù	wèi fù	cc-cedict	term used by a father to refer to himself when speaking to his child
為生	wéi shēng	wèi shēng	cc-cedict	to make a living
為著	wèi zhe	wèi zhù	cc-cedict	in order to/because of/for the sake of
為重	wéi zhòng	wèi zhòng	cc-cedict	to attach most importance to
為難	wéi nán	wèi nán	cc-cedict	to feel embarrassed or awkward/to make things difficult (for someone)/to find things difficult (to do or manage)
為首	wéi shǒu	wèi shǒu	cc-cedict	head/be headed by
烏什	wū shí	wū shén	cc-cedict	see 烏什縣|乌什县[Wu1 shi2 Xian4]
烏拉	wù la	wū lā	cc-cedict	leather shoe stuffed with Carex meyeriana 烏拉草|乌拉草[wu4 la5 cao3], worn in northeastern China during winter
烘乾	hōng gān	hōng qián	cc-cedict	to dry over a stove
烹調	pēng tiáo	pēng diào	cc-cedict	to cook
焌油	qū yóu	jùn yóu	cc-cedict	to pour heated oil and seasonings over food (e.g. a cooked fish)
焙乾	bèi gān	bèi qián	cc-cedict	to dry over a fire/to roast
無寧	wú nìng	wú níng	cc-cedict	variant of 毋寧|毋宁[wu2 ning4]
無干	wú gān	wú gàn	cc-cedict	to have nothing to do with
無為	wú wéi	wú wèi	cc-cedict	see 無為市|无为市[Wu2 wei2 Shi4]
無為	wú wéi	wú wèi	cc-cedict	the Daoist doctrine of inaction/let things take their own course/laissez-faire
無盡	wú jìn	wú jǐn	cc-cedict	endless/inexhaustible
無著	wú zhuó	wú zhù	cc-cedict-buddhist	Asanga (Buddhist philosopher, c. 4th century AD)
無著	wú zhuó	wú zhù	cc-cedict	(of income etc) to be unassured; to lack a reliable source
無間	wú jiàn	wú jiān	cc-cedict	very close/no gap between them/continuously/unbroken/hard to separate/indistinguishable
煎炸	jiān zhá	jiān zhà	cc-cedict	to fry
煙斗	yān dǒu	yān dòu	cc-cedict	(smoking) pipe
煞到	shà dào	shā dào	cc-cedict	(Tw) to like/to fall in love with
煞是	shà shì	shā shì	cc-cedict	extremely/very
煞氣	shà qì	shā qì	cc-cedict	baleful look/inauspicious influence/(of a tire, balloon etc) to leak air
煞白	shà bái	shā bái	cc-cedict	deathly white
煞神	shà shén	shā shén	cc-cedict	demon/fiend
照應	zhào yìng	zhào yīng	cc-cedict	to correlate with/to correspond to
照相	zhào xiàng	zhào xiāng	cc-cedict	to take a photograph
煮熟	zhǔ shóu	zhǔ shú	cc-cedict	to boil thoroughly/to cook thoroughly
熟地	shú dì	shú de	cc-cedict	cultivated land/in Chinese medicine, preparation from rhizome of Chinese foxglove (Rehmannia glutinosa)
熨斗	yùn dǒu	yùn dòu	cc-cedict	clothes iron
熱帖	rè tiě	rè tiē	cc-cedict	hot thread (in an Internet forum)
熱軋	rè zhá	rè yà	cc-cedict	(metallurgy) hot-rolled; hot-rolling
燉煌	dūn huáng	dùn huáng	cc-cedict	variant of 敦煌[Dun1 huang2]
燕京	yān jīng	yàn jīng	cc-cedict	Yanjing, an old name for Beijing/capital of Yan at different periods
燕國	yān guó	yàn guó	cc-cedict	Yan, a vassal state of Zhou in modern Hebei and Liaoning/north Hebei/the four Yan kingdoms of the Sixteen Kingdoms, name
燕山	yān shān	yàn shān	cc-cedict	Yan mountain range across north Hebei
燕趙	yān zhào	yàn zhào	cc-cedict	Yan and Zhao, two of the Warring States in Hebei and Shanxi/beautiful women/women dancers and singers
燙斗	tàng dǒu	tàng dòu	cc-cedict	clothes iron
營地	yíng dì	yíng de	cc-cedict	camp
爆吧	bào bā	bào ba	cc-cedict	spam flooding
爆肚	bào dǔ	bào dù	cc-cedict	deep fried tripe
爪兒	zhuǎ r	zhǎo ér	cc-cedict	paws (of small animal)/foot of a utensil/stupid person
爪哇	zhǎo wā	zhǎo wa	cc-cedict	Java (island of Indonesia)
爪子	zhuǎ zi	zhǎo zǐ	cc-cedict	(animal's) claw
爪機	zhuǎ jī	zhǎo jī	cc-cedict	(Internet slang) mobile phone
爪蟾	zhuǎ chán	zhǎo chán	cc-cedict	Xenopus (type of frog)
父喪	fù sāng	fù sàng	cc-cedict	the death of one's father
爹地	diē dì	diē de	cc-cedict	daddy (loanword)
片兒	piān r	piàn ér	cc-cedict	sheet/thin film
片名	piān míng	piàn míng	cc-cedict	movie title
片子	piān zi	piàn zǐ	cc-cedict	film/movie/film reel/phonograph record/X-ray image
片長	piàn cháng	piàn zhǎng	cc-cedict	length (duration) of a film
片頭	piān tóu	piàn tóu	cc-cedict	leader (blank section at the beginning or end of a reel of film)
版築	bǎn zhù	bǎn zhú	cc-cedict	to construct a rammed-earth wall
牙行	yá háng	yá xíng	cc-cedict	middleman (in former times)/broker
牙齦	yá yín	yá kěn	cc-cedict	gums/gingiva
牛仔	niú zǎi	niú zǐ	cc-cedict	cowboy
牛扒	niú pá	niú bā	cc-cedict	(dialect) beef steak
牛肚	niú dǔ	niú dù	cc-cedict	beef tripe
牛鞅	niú yàng	niú yāng	cc-cedict	wooden yoke for a draft ox
牟平	mù píng	móu píng	cc-cedict	see 牟平區|牟平区[Mu4 ping2 Qu1]
牧地	mù dì	mù de	cc-cedict	pasture/grazing land
牧畜	mù xù	mù chù	cc-cedict	raising livestock/animal husbandry
特地	tè dì	tè de	cc-cedict	specially/for a special purpose
特徵	tè zhēng	tè zhǐ	cc-cedict	characteristic/diagnostic property/distinctive feature/trait
特調	tè tiáo	tè diào	cc-cedict	special blend; house blend
特長	tè cháng	tè zhǎng	cc-cedict	personal strength/one's special ability or strong points
牽強	qiān qiǎng	qiān qiáng	cc-cedict	far-fetched/implausible (chain of reasoning)
牽累	qiān lěi	qiān lèi	cc-cedict	to weigh down/to trouble/to implicate (sb)/tied down (by affairs)
犁地	lí dì	lí de	cc-cedict	to plow
犁靬	lí jiān	lí qián	cc-cedict	Han dynasty name for countries in far West/may refer to Silk Road states or Alexandria or the Roman empire
犂靬	lí jiān	lí qián	cc-cedict	variant of 犁靬[Li2 jian1]
犍為	qián wéi	jiān wèi	cc-cedict	see 犍為縣|犍为县[Qian2 wei2 Xian4]
犬舍	quǎn shè	quǎn shě	cc-cedict	kennel
狗仔	gǒu zǎi	gǒu zǐ	cc-cedict	paparazzi
狗舍	gǒu shè	gǒu shě	cc-cedict	kennel
狗血	gǒu xiě	gǒu xuè	cc-cedict	melodramatic/contrived
狹長	xiá cháng	xiá zhǎng	cc-cedict	long and narrow
猛將	měng jiàng	měng jiāng	cc-cedict	fierce general/valiant military leader/fig. brave individual
猛獁	měng mǎ	měng mà	cc-cedict	mammoth (genus Mammuthus)
猛省	měng xǐng	měng shěng	cc-cedict	to realize suddenly/to suddenly recall
猜中	cāi zhòng	cāi zhōng	cc-cedict	to guess correctly/to figure out the right answer
猜度	cāi duó	cāi dù	cc-cedict	to surmise/to conjecture
猜著	cāi zháo	cāi zhù	cc-cedict	to guess correctly
猴兒	hóu r	hóu ér	cc-cedict-buddhist	monkey
猵狙	piàn jū	biān jū	cc-cedict	mythical beast similar to an ape with dog's head
獎掖	jiǎng yè	jiǎng yē	cc-cedict	to reward and promote
獨處	dú chǔ	dú chù	cc-cedict	to live alone/to spend time alone (or with a significant other)
獻處	xiàn chǔ	xiàn chù	cc-cedict	to give one's virginity to
玄參	xuán shēn	xuán cān	cc-cedict	Ningpo figwort (Scrophularia ningpoensis)/root of Ningpo figwort (used in TCM)
率先	shuài xiān	lǜ xiān	cc-cedict	to take the lead/to show initiative
率性	shuài xìng	lǜ xìng	cc-cedict	to act naturally, authentically and spontaneously (whether seen as admirable – "bold" – or problematic – "impulsive")
率然	shuài rán	lǜ rán	cc-cedict	hastily/rashly/suddenly
率直	shuài zhí	lǜ zhí	cc-cedict	frank/straightforward/blunt
率真	shuài zhēn	lǜ zhēn	cc-cedict	frank and sincere/candid
率領	shuài lǐng	lǜ lǐng	cc-cedict	to lead/to command/to head
玩兒	wán r	wán ér	cc-cedict	to play/to have fun/to hang out
玩轉	wán zhuàn	wán zhuǎn	cc-cedict	to know all the ins and outs of sth/to get to know (a place) inside out
班什	bān shí	bān shén	cc-cedict	Binche (Belgian city)
球差	qiú chā	qiú chà	cc-cedict	spherical aberration (optics)
理兒	lǐ r	lǐ ér	cc-cedict	reason
琢磨	zhuó mó	zuó mó	cc-cedict	to carve and polish (jade)/to polish and refine a literary work
瑪曲	mǎ qǔ	mǎ qū	cc-cedict	see 瑪曲縣|玛曲县[Ma3 qu3 Xian4]
璧還	bì huán	bì hái	cc-cedict	return (a borrowed object) with thanks/decline (a gift) with thanks
瓤兒	ráng r	ráng ér	cc-cedict	erhua variant of 瓤[rang2]
瓦隆	wǎ lōng	wǎ lóng	cc-cedict	Walloon, inhabitant of Southern French-speaking area of Belgium
甘地	gān dì	gān de	cc-cedict	(Mahatma) Gandhi
甚為	shèn wéi	shèn wèi	cc-cedict	very/extremely
生還	shēng huán	shēng hái	cc-cedict	to return alive/to survive
產假	chǎn jià	chǎn jiǎ	cc-cedict	maternity leave
產地	chǎn dì	chǎn de	cc-cedict	source (of a product)/place of origin/manufacturing location
用盡	yòng jìn	yòng jǐn	cc-cedict	to exhaust; to use up completely
用間	yòng jiàn	yòng jiān	cc-cedict	using spies
甩乾	shuǎi gān	shuǎi qián	cc-cedict	to remove excess moisture by spinning; to put (clothes) through the spin cycle; to spin-dry
田地	tián dì	tián de	cc-cedict	field/farmland/cropland/plight/extent
田舍	tián shè	tián shě	cc-cedict	farmhouse
由著	yóu zhe	yóu zhù	cc-cedict	let (one) have his way/as (one) pleases/at (one's) will
甲殼	jiǎ qiào	jiǎ ké	cc-cedict	carapace/crust/outer shell/also pr. [jia3 ke2]
申曲	shēn qǔ	shēn qū	cc-cedict	Shanghai opera/same as 滬劇|沪剧
留空	liú kòng	liú kōng	cc-cedict	to leave blank space in a document/to leave some time free
留都	liú dū	liú dōu	cc-cedict	the old capital (after a move)
留難	liú nàn	liú nán	cc-cedict	to make sth difficult/to create obstacles
畚斗	běn dǒu	běn dòu	cc-cedict	dustpan
畜牧	xù mù	chù mù	cc-cedict	to raise animals
略為	lüè wéi	lüè wèi	cc-cedict	slightly
番禺	pān yú	fān yú	cc-cedict	see 番禺區|番禺区[Pan1 yu2 Qu1]
番茄	fān qié	fān jiā	cc-cedict	tomato
畫兒	huà r	huà ér	cc-cedict	picture/drawing/painting
畫卷	huà juàn	huà juǎn	cc-cedict	picture scroll; (fig.) panorama; vivid tableau
異地	yì dì	yì de	cc-cedict	different place/abroad
當事	dàng shì	dāng shì	cc-cedict	to consider as a matter of importance/to be of importance
當作	dàng zuò	dāng zuò	cc-cedict	to treat as/to regard as
當做	dàng zuò	dāng zuò	cc-cedict	to treat as/to regard as/to look upon as
當兒	dāng r	dāng ér	cc-cedict	the very moment/just then/during (that brief interval)
當地	dāng dì	dāng de	cc-cedict	local
當夜	dàng yè	dāng yè	cc-cedict	that very night/the same night
當天	dàng tiān	dāng tiān	cc-cedict	the same day
當年	dàng nián	dāng nián	cc-cedict	that very same year
當成	dàng chéng	dāng chéng	cc-cedict	to consider as; to take to be
當掉	dàng diào	dāng diào	cc-cedict	to fail (a student)/to pawn/(of a computer or program) to crash/to stop working
當日	dàng rì	dāng rì	cc-cedict	that very day/the same day
當時	dàng shí	dāng shí	cc-cedict	immediately; right then
當晚	dàng wǎn	dāng wǎn	cc-cedict	the same evening
當月	dàng yuè	dāng yuè	cc-cedict	the same month
當機	dàng jī	dāng jī	cc-cedict	variant of 宕機|宕机[dang4 ji1]
當當	dàng dàng	dāng dāng	cc-cedict	to pawn
當真	dàng zhēn	dāng zhēn	cc-cedict	to take seriously/serious/No joking, really!
當著	dāng zhe	dāng zhù	cc-cedict	in front of/in the presence of
當鋪	dàng pù	dāng pù	cc-cedict	pawnshop/CL:家[jia1],間|间[jian1]
當頭	dàng tou	dāng tóu	cc-cedict	(coll.) pledge; surety
疏勒	shū lè	shū lēi	cc-cedict	see 疏勒縣|疏勒县[Shu1 le4 Xian4]
疏散	shū sǎn	shū sàn	cc-cedict	idle; leisurely; laid-back/Taiwan pr. [shu1san4]
疏率	shū shuài	shū lǜ	cc-cedict	careless and rash/heedless
疙疸	gē da	gē dǎn	cc-cedict	variant of 疙瘩[ge1 da5]
疲匱	pí kuì	pí guì	cc-cedict	tired/weary
病倒	bìng dǎo	bìng dào	cc-cedict	to fall ill/to be stricken with an illness
病假	bìng jià	bìng jiǎ	cc-cedict	sick leave
病徵	bìng zhēng	bìng zhǐ	cc-cedict	symptom (of a disease)
痛惡	tòng wù	tòng è	cc-cedict	to detest/to abhor
瘠薄	jí bó	jí báo	cc-cedict	(of land) infertile/barren
瘦長	shòu cháng	shòu zhǎng	cc-cedict	slim
瘧子	yào zi	nüè zǐ	cc-cedict	(coll.) malaria
癖好	pǐ hào	pǐ hǎo	cc-cedict	one's passion/one's obsession
癟三	biē sān	biě sān	cc-cedict	(Wu dialect) bum/wretched-looking tramp who lives by begging or stealing
登載	dēng zǎi	dēng zài	cc-cedict	to publish (in newspapers or magazines)/to record (bookkeeping entries)
發喪	fā sāng	fā sàng	cc-cedict	to hold a funeral
發帖	fā tiě	fā tiē	cc-cedict	to post (an item on a forum)
發蒙	fā mēng	fā méng	cc-cedict	to be confused/to be at a loss/Taiwan pr. [fa1 meng2]
發難	fā nàn	fā nán	cc-cedict	to rise in revolt/to raise difficult questions
白卷	bái juàn	bái juǎn	cc-cedict	blank exam paper
白朮	bái zhú	bái shù	cc-cedict	the rhizome of large-headed atractylodes (Atractylodes macrocephaia)
的哥	dī gē	de gē	cc-cedict	male taxi driver/cabbie (slang)
的士	dī shì	de shì	cc-cedict	taxi (loanword)
的姐	dī jiě	de jiě	cc-cedict	female taxi driver
的款	dí kuǎn	de kuǎn	cc-cedict	reliable funds
的確	dí què	de què	cc-cedict	really/indeed
皮兒	pí r	pí ér	cc-cedict	wrapper/cover
皮殼	pí qiào	pí ké	cc-cedict	carapace/hard outer shell/also pr. [pi2 ke2]
盆地	pén dì	pén de	cc-cedict	(geography) basin/depression
盛器	chéng qì	shèng qì	cc-cedict	vessel/receptacle
盛裝	chéng zhuāng	shèng zhuāng	cc-cedict	(of a receptacle etc) to contain
盛飯	chéng fàn	shèng fàn	cc-cedict	to fill a bowl with rice
盡到	jìn dào	jǐn dào	cc-cedict	to fulfill (one's duty etc)
盡力	jìn lì	jǐn lì	cc-cedict	to strive one's hardest; to spare no effort
盡失	jìn shī	jǐn shī	cc-cedict	(of hope, appetite, authority etc) to be lost
盡孝	jìn xiào	jǐn xiào	cc-cedict	to do one's filial duty
盡展	jìn zhǎn	jǐn zhǎn	cc-cedict	to display (one's potential, one's talents etc)
盡心	jìn xīn	jǐn xīn	cc-cedict	with all of one's heart
盡忠	jìn zhōng	jǐn zhōng	cc-cedict	to display utter loyalty/to be loyal to the end
盡快	jìn kuài	jǐn kuài	cc-cedict	see 儘快|尽快[jin3 kuai4]
盡性	jìn xìng	jǐn xìng	cc-cedict	displaying fully/developing to the greatest extent
盡情	jìn qíng	jǐn qíng	cc-cedict	as much as one likes
盡意	jìn yì	jǐn yì	cc-cedict	to express fully/all one's feelings
盡數	jìn shǔ	jǐn shù	cc-cedict	to count all of them
盡數	jìn shù	jǐn shù	cc-cedict	in its entirety; all of it; all of them
盡是	jìn shì	jǐn shì	cc-cedict	to be full of/completely
盡歡	jìn huān	jǐn huān	cc-cedict	to thoroughly enjoy oneself
盡皆	jìn jiē	jǐn jiē	cc-cedict	all/without exception/complete/whole/entirely
盡職	jìn zhí	jǐn zhí	cc-cedict	to discharge one's duties/conscientious
盡致	jìn zhì	jǐn zhì	cc-cedict	in the finest detail
盡興	jìn xìng	jǐn xìng	cc-cedict	to enjoy oneself to the full/to one's heart's content
盡言	jìn yán	jǐn yán	cc-cedict	saying everything/to speak out fully
盡調	jìn diào	jǐn diào	cc-cedict	(law) due diligence (abbr. for 盡職調查|尽职调查[jin4 zhi2 diao4 cha2])
盡責	jìn zé	jǐn zé	cc-cedict	to do one's duty/to do one's bit conscientiously
盡速	jìn sù	jǐn sù	cc-cedict	as quick as possible
盡量	jìn liàng	jǐn liàng	cc-cedict	as much as possible/to the greatest extent
盡頭	jìn tóu	jǐn tóu	cc-cedict	end; extremity; limit
盡飽	jìn bǎo	jǐn bǎo	cc-cedict	to be stuffed to the gills/to eat to satiety
監利	jiàn lì	jiān lì	cc-cedict	see 監利市|监利市[Jian4 li4 Shi4]
盤倒	pán dǎo	pán dào	cc-cedict	to interrogate, leaving sb speechless
目劄	mù zhā	mù zhá	cc-cedict	(TCM) excessive blinking of the eyes
目的	mù dì	mù de	cc-cedict	purpose; aim; goal; target; objective
直奔	zhí bèn	zhí bēn	cc-cedict	to go straight to/to make a beeline for
直率	zhí shuài	zhí lǜ	cc-cedict	candid/frank
直餾	zhí liú	zhí liù	cc-cedict	direct distillation
相中	xiāng zhòng	xiāng zhōng	cc-cedict	to find to one's taste/to pick (after looking at)/Taiwan pr. [xiang4 zhong4]
相位	xiàng wèi	xiāng wèi	cc-cedict	phase (waves)
相冊	xiàng cè	xiāng cè	cc-cedict	photo album
相切	xiāng qiē	xiāng qiè	cc-cedict	(math.) to be tangential to each other
相國	xiàng guó	xiāng guó	cc-cedict	prime minister (in ancient China)
相圖	xiàng tú	xiāng tú	cc-cedict	phase diagram (math.)/phase portrait
相城	xiàng chéng	xiāng chéng	cc-cedict	see 相城區|相城区[Xiang4 cheng2 Qu1]
相士	xiàng shì	xiāng shì	cc-cedict	fortune-teller who uses the subject's face for his prognostication
相山	xiàng shān	xiāng shān	cc-cedict	see 相山區|相山区[Xiang4 shan1 Qu1]
相干	xiāng gān	xiāng gàn	cc-cedict	relevant/to have to do with/(physics) (of light etc) coherent
相態	xiàng tài	xiāng tài	cc-cedict	phase (state of matter)
相應	xiāng yìng	xiāng yīng	cc-cedict	to correspond/answering (one another)/to agree (among the part)/corresponding/relevant/appropriate/(modify) accordingly
相架	xiàng jià	xiāng jià	cc-cedict	picture frame
相框	xiàng kuàng	xiāng kuàng	cc-cedict	photo frame
相機	xiàng jī	xiāng jī	cc-cedict	camera (abbr. for 照相機|照相机[zhao4 xiang4 ji1])/at the opportune moment/as the circumstances allow
相片	xiàng piàn	xiāng piàn	cc-cedict	image/photograph/CL:張|张[zhang1]
相稱	xiāng chèn	xiāng chēng	cc-cedict	to match/to suit/mutually compatible
相簿	xiàng bù	xiāng bù	cc-cedict	photo album
相紙	xiàng zhǐ	xiāng zhǐ	cc-cedict	photographic paper
相聲	xiàng sheng	xiāng shēng	cc-cedict	comic dialogue/sketch/crosstalk
相處	xiāng chǔ	xiāng chù	cc-cedict	to be in contact (with sb)/to associate/to interact/to get along (well, poorly)
相術	xiàng shù	xiāng shù	cc-cedict	physiognomy
相角	xiàng jiǎo	xiāng jiǎo	cc-cedict	photo corner (used to mount a photo in an album)/(math.) phase angle
相貌	xiàng mào	xiāng mào	cc-cedict	facial features; looks
相間	xiāng jiàn	xiāng jiān	cc-cedict	to alternate/to follow one another
相面	xiàng miàn	xiāng miàn	cc-cedict	fortune telling based on the subject's face
省事	xǐng shì	shěng shì	cc-cedict	perceptive; understanding/(archaic) to handle administrative work
省分	shěng fèn	shěng fēn	cc-cedict	variant of 省份[sheng3 fen4]
省察	xǐng chá	shěng chá	cc-cedict	to examine/to cast a critical eye over (especially in the context of introspection)
省悟	xǐng wù	shěng wù	cc-cedict	to wake up to reality/to come to oneself/to realize/to see the truth
省視	xǐng shì	shěng shì	cc-cedict	to call upon/to inspect
省親	xǐng qīn	shěng qīn	cc-cedict	to visit one's parents
看中	kàn zhòng	kàn zhōng	cc-cedict	to have a preference for/to fancy/to choose after consideration/to settle on
看好	kān hǎo	kàn hǎo	cc-cedict	to keep an eye on
看守	kān shǒu	kàn shǒu	cc-cedict	to guard/to watch over
看家	kān jiā	kàn jiā	cc-cedict	to look after the house/(of skill, ability) special/outstanding
看押	kān yā	kàn yā	cc-cedict	to detain/to take into custody/to imprison temporarily
看相	kàn xiàng	kàn xiāng	cc-cedict	to tell fortune by reading the subject's facial features
看管	kān guǎn	kàn guǎn	cc-cedict	to look after
看護	kān hù	kàn hù	cc-cedict	to nurse/to look after/to watch over/(old) hospital nurse
真率	zhēn shuài	zhēn lǜ	cc-cedict	sincere/genuine/straightforward
真相	zhēn xiàng	zhēn xiāng	cc-cedict	the truth about sth; the actual facts
真蜆	zhēn xiǎn	zhēn xiàn	cc-cedict	Corbicula leana, a species of clam
眩暈	xuàn yùn	xuàn yūn	cc-cedict	vertigo/dizziness/fainting/feeling of swaying, head spinning, lack of balance or floating (e.g. from a stroke)/Taiwan pr
眼暈	yǎn yùn	yǎn yūn	cc-cedict	to feel dizzy
睏覺	kùn jiào	kùn jué	cc-cedict	(dialect) to sleep
睡相	shuì xiàng	shuì xiāng	cc-cedict	sleeping posture
睡著	shuì zháo	shuì zhù	cc-cedict	to fall asleep
睡覺	shuì jiào	shuì jué	cc-cedict	to go to bed/to sleep
睪丸	gāo wán	yì wán	cc-cedict	Taiwan variant of 睾丸[gao1 wan2]
瞎晃	xiā huàng	xiā huǎng	cc-cedict-buddhist	to roam about/to monkey around
瞓覺	fèn jiào	fèn jué	cc-cedict	to sleep (Cantonese)/Mandarin equivalent: 睡覺|睡觉[shui4 jiao4]
瞞哄	mán hǒng	mán hōng	cc-cedict	to deceive/to cheat (sb)
瞤息	shùn xī	rún xī	cc-cedict	in a flash/twinkling/ephemeral
瞭然	liǎo rán	liào rán	cc-cedict	to understand clearly/evident
瞭解	liǎo jiě	liào jiě	cc-cedict	variant of 了解[liao3 jie3]
瞽闍	gǔ shé	gǔ dū	cc-cedict-buddhist	blind monk/refers to famous blind historian 左丘明[Zuo3 Qiu1 ming2]
矇騙	mēng piàn	méng piàn	cc-cedict	to hoodwink/to deceive/to dupe sb
知了	zhī liǎo	zhī le	cc-cedict	cicada (onom.)
矯情	jiáo qing	jiǎo qíng	cc-cedict	(Beijing dialect) argumentative; unreasonable
石勒	shí lè	shí lēi	cc-cedict	Shi Le, founder of Later Zhao of the Sixteen Kingdoms 後趙|后赵[Hou4 Zhao4] (319-350)
石磨	shí mò	shí mó	cc-cedict	grindstone
矽片	xī piàn	xì piàn	cc-cedict	(Tw) silicon wafer
矽肺	xī fèi	xì fèi	cc-cedict	see 矽肺病[xi1 fei4 bing4]
矽膠	xī jiāo	xì jiāo	cc-cedict	(Tw, HK) silica gel/(Tw, HK) silicone rubber
矽藻	xī zǎo	xì zǎo	cc-cedict	diatom
矽谷	xī gǔ	xì gǔ	cc-cedict	Silicon Valley
破的	pò dì	pò de	cc-cedict	to hit the target/(fig.) to hit the nail on the head
破相	pò xiàng	pò xiāng	cc-cedict	(of facial features) to be marred by a scar etc/to disfigure/to make a fool of oneself
破處	pò chǔ	pò chù	cc-cedict	to break the hymen/to lose virginity
碇泊	dìng bó	dìng pō	cc-cedict	to moor/to drop anchor
碌曲	lù qǔ	lù qū	cc-cedict	see 碌曲縣|碌曲县[Lu4 qu3 Xian4]
碎鑽	suì zuàn	suì zuān	cc-cedict	small diamonds/melee (small diamonds used in embellishing mountings for larger gems)/splints (sharp-pointed diamond spli
碑帖	bēi tiè	bēi tiē	cc-cedict	a rubbing from a stone inscription
碰倒	pèng dǎo	pèng dào	cc-cedict	to knock sth over
碾坊	niǎn fáng	niǎn fāng	cc-cedict	grain mill
碾場	niǎn cháng	niǎn chǎng	cc-cedict	to thresh or husk grain on a threshing ground (dialect)
磅礡	páng bó	bàng bó	cc-cedict	majestic; boundless/to fill; to pervade
磑磑	ái ái	wéi wéi	cc-cedict	(literary) lofty; towering/(literary) glistening white/(literary) hard; solid/(literary) piled up
磨坊	mò fáng	mó fāng	cc-cedict	mill
磨子	mò zi	mó zǐ	cc-cedict	mill; grain mill; millstone
磨煩	mò fan	mó fán	cc-cedict	to pester/to bother sb incessantly/to delay/to prevaricate
磨盤	mò pán	mó pán	cc-cedict	lower millstone/tray of a mill
磨碎	mò suì	mó suì	cc-cedict	to grind up
磨難	mó nàn	mó nán	cc-cedict	a torment/a trial/tribulation/a cross (to bear)/well-tried
礦難	kuàng nàn	kuàng nán	cc-cedict	mining disaster
示教	shì jiāo	shì jiào	cc-cedict	to teach by demonstration
神佛	shén fó	shén fú	cc-cedict	Gods and Buddhas
神曲	shén qǔ	shén qū	cc-cedict	The Divine Comedy by Dante Alighieri 但丁
禁受	jīn shòu	jìn shòu	cc-cedict	to stand/to endure
禁地	jìn dì	jìn de	cc-cedict	forbidden area/restricted area/(fig.) sth considered off-limits
禁用	jīn yòng	jìn yòng	cc-cedict	to withstand heavy use/durable
福地	fú dì	fú de	cc-cedict	happy land/paradise
福相	fú xiàng	fú xiāng	cc-cedict	facial expression of good fortune/joyous and contented look
禪位	shàn wèi	chán wèi	cc-cedict	to abdicate (as king)
禪讓	shàn ràng	chán ràng	cc-cedict	to abdicate
禮佛	lǐ fó	lǐ fú	cc-cedict	to worship Buddha; to pray to Buddha
禮樂	lǐ yuè	lǐ lè	cc-cedict	(Confucianism) rites and music (the means of regulating society)
禾場	hé cháng	hé chǎng	cc-cedict	threshing floor
私了	sī liǎo	sī le	cc-cedict	to settle privately/to solve behind closed doors/to settle out of court
私模	sī mú	sī mó	cc-cedict	(manufacturing) proprietary mold; custom mold
科斗	kē dǒu	kē dòu	cc-cedict	old variant of 蝌蚪[ke1 dou3]
秘魯	bì lǔ	mì lǔ	cc-cedict	Peru
租地	zū dì	zū de	cc-cedict	to rent land/to lease farmland
秦檜	qín huì	qín guì	cc-cedict	Qin Hui (1090-1155 AD), Song Dynasty official said to have betrayed General Yue Fei 岳飛|岳飞[Yue4 Fei1]
秦都	qín dū	qín dōu	cc-cedict	see 秦都區|秦都区[Qin2 du1 Qu1]
稀薄	xī bó	xī báo	cc-cedict	thin/rarefied
稍息	shào xī	shāo xī	cc-cedict	(military) Stand at ease!
種地	zhòng dì	zhǒng de	cc-cedict	to farm; to work the land
種差	zhǒng chā	zhǒng chà	cc-cedict	determinant (characteristic of a species)
種植	zhòng zhí	zhǒng zhí	cc-cedict	to plant; to grow (a crop); to cultivate
種樹	zhòng shù	zhǒng shù	cc-cedict	to plant trees
種牙	zhòng yá	zhǒng yá	cc-cedict	dental implant
種田	zhòng tián	zhǒng tián	cc-cedict	to farm/farming
種糧	zhòng liáng	zhǒng liáng	cc-cedict	to grow grain
種花	zhòng huā	zhǒng huā	cc-cedict	to grow flowers/(dialect) to vaccinate/(dialect) to grow cotton
種草	zhòng cǎo	zhǒng cǎo	cc-cedict	(neologism) (slang) to spark interest in a product or idea (esp. on social media)
種菜	zhòng cài	zhǒng cài	cc-cedict	to grow vegetables
稱多	chèn duō	chēng duō	cc-cedict	see 稱多縣|称多县[Chen4 duo1 Xian4]
稱心	chèn xīn	chēng xīn	cc-cedict	satisfactory/agreeable
稱意	chèn yì	chēng yì	cc-cedict	to be satisfactory
稱為	chēng wéi	chēng wèi	cc-cedict	to be called; to be known as; to call it "..."
稱職	chèn zhí	chēng zhí	cc-cedict	well qualified/competent/to be equal to the task/able to do sth very well
稱量	chēng liáng	chēng liàng	cc-cedict	to weigh
稱錢	chèn qián	chēng qián	cc-cedict	(coll.) rich/well-heeled
稱願	chèn yuàn	chēng yuàn	cc-cedict	to feel gratified (esp. at the misfortune of a loathed person); to have one's wish fulfilled
稽顙	qǐ sǎng	jī sǎng	cc-cedict	to kowtow (touch the forehead to the floor)
穆稜	mù líng	mù léng	cc-cedict	see 穆稜市|穆棱市[Mu4 ling2 Shi4]
積累	jī lěi	jī lèi	cc-cedict	to accumulate/accumulation/cumulative/cumulatively
空兒	kòng r	kōng ér	cc-cedict	spare time/free time
空匱	kòng kuì	kōng guì	cc-cedict	scarce/poor
空地	kōng dì	kōng de	cc-cedict	air-to-surface (missile)
空地	kòng dì	kōng de	cc-cedict	vacant land/open space
空子	kòng zi	kōng zǐ	cc-cedict	gap/unoccupied space or time/fig. gap/loophole
空少	kōng shào	kōng shǎo	cc-cedict	airline steward (abbr. for 空中少爺|空中少爷[kong1 zhong1 shao4 ye5])
空心	kòng xīn	kōng xīn	cc-cedict	on an empty stomach
空日	kòng rì	kōng rì	cc-cedict	day that is named but not numbered (on ethnic calendar)
空暇	kòng xiá	kōng xiá	cc-cedict	idle/free time/leisure
空格	kòng gé	kōng gé	cc-cedict	blank/blank space on a form/space/囗 (indicating missing or illegible character)
空檔	kòng dàng	kōng dàng	cc-cedict	gap (between two objects)/interval of time (between events)/opening in one's schedule/free time/(fig.) gap (in the marke
空當	kòng dāng	kōng dāng	cc-cedict	gap/interval
空白	kòng bái	kōng bái	cc-cedict	blank space
空穴	kòng xué	kōng xué	cc-cedict	electron hole (physics)
空缺	kòng quē	kōng quē	cc-cedict	vacancy
空調	kōng tiáo	kōng diào	cc-cedict	air conditioning/air conditioner (including units that have a heating mode)/CL:臺|台[tai2]
空閒	kòng xián	kōng xián	cc-cedict	leisure; spare time/(of a person) free; unoccupied/(of equipment, rooms etc) unused; idle; vacant
空隙	kòng xì	kōng xì	cc-cedict	crack/gap between two objects/gap in time between two events
空難	kōng nàn	kōng nán	cc-cedict	air crash/aviation accident or incident
空額	kòng é	kōng é	cc-cedict	vacancy/unfilled work place
空餘	kòng yú	kōng yú	cc-cedict	free/vacant/unoccupied
穿著	chuān zhuó	chuān zhù	cc-cedict	attire; clothes; dress
窘匱	jiǒng kuì	jiǒng guì	cc-cedict	destitute/impoverished
窪地	wā dì	wā de	cc-cedict	low-lying ground; depression
窮匱	qióng kuì	qióng guì	cc-cedict	to be short of sth/to be wanting in sth
窮盡	qióng jìn	qióng jǐn	cc-cedict	to use up/to exhaust/to probe to the bottom/limit/end
窰場	yáo cháng	yáo chǎng	cc-cedict	(Yuan dynasty) porcelain kilns (under imperial administration)
窺伺	kuī sì	kuī cì	cc-cedict	to spy upon/to lie in wait for (an opportunity)
立傳	lì zhuàn	lì chuán	cc-cedict	to record sb's achievements in writing/to write a biography enhancing the subject's image
立筊	lì jiǎo	lì xiáo	cc-cedict	(folk religion) inconclusive divination result from casting moon blocks 筊杯[jiao3 bei1] (at least one block lands on its 
站地	zhàn dì	zhàn de	cc-cedict	stop (on a bus or train route)
竭盡	jié jìn	jié jǐn	cc-cedict	to use up; to exhaust
端的	duān dì	duān de	cc-cedict	really/after all/details/particulars
笆斗	bā dǒu	bā dòu	cc-cedict	round-bottomed wicker basket
笑筊	xiào jiǎo	xiào xiáo	cc-cedict	(folk religion) inconclusive divination result from casting moon blocks 筊杯[jiao3 bei1] (both blocks flat side up); ambig
筆供	bǐ gòng	bǐ gōng	cc-cedict	written evidence, as opposed to oral evidence 口供[kou3 gong4]
等差	děng chā	děng chà	cc-cedict	degree of disparity/equal difference
筊杯	jiǎo bēi	xiáo bēi	cc-cedict	(folk religion) moon blocks – a pair of crescent-shaped divination blocks thrown on the ground to seek a deity's respons
筋斗	jīn dǒu	jīn dòu	cc-cedict	tumble/somersault
答允	dā yǔn	dá yǔn	cc-cedict	(literary) to agree; to consent
答卷	dá juàn	dá juǎn	cc-cedict	completed examination paper/answer sheet/CL:份[fen4],張|张[zhang1]
答應	dā ying	dá yīng	cc-cedict	to answer; to respond/to answer positively; to agree; to accept; to promise
答理	dā li	dá lǐ	cc-cedict	(usu. used in the negative) to acknowledge (sb's greeting etc); to respond; to answer
答白	dā bái	dá bái	cc-cedict	to answer
答腔	dā qiāng	dá qiāng	cc-cedict	to answer/to respond/to converse
答訕	dā shàn	dá shàn	cc-cedict	variant of 搭訕|搭讪[da1 shan4]
策勒	cè lè	cè lēi	cc-cedict	see 策勒縣|策勒县[Ce4 le4 Xian4]
策應	cè yìng	cè yīng	cc-cedict	to support by coordinated action
筠連	jūn lián	yún lián	cc-cedict	see 筠連縣|筠连县[Jun1 lian2 Xian4]
筵上	yán shǎng	yán shàng	cc-cedict	feast
節子	jiē zi	jié zǐ	cc-cedict	gnarl/knot
範兒	fàn r	fàn ér	cc-cedict	(coll.) style; manner
篇什	piān shí	piān shén	cc-cedict	poem
築城	zhù chéng	zhú chéng	cc-cedict	fortification
築巢	zhù cháo	zhú cháo	cc-cedict	to nest; to build a nest
築牢	zhù láo	zhú láo	cc-cedict	to fortify; to strengthen; to firmly establish (safeguards, foundations or other abstract things)
簡帖	jiǎn tiě	jiǎn tiē	cc-cedict	a letter
簸箕	bò jī	bǒ jī	cc-cedict	wicker or bamboo winnowing basket/dustpan
籍沒	jí mò	jí méi	cc-cedict	(literary) (of the government) to register and confiscate (sb's property)
籠子	lǒng zi	lóng zǐ	cc-cedict	large box; trunk; chest
籠檻	lóng jiàn	lóng kǎn	cc-cedict	cage (for animals)
籠絡	lǒng luò	lóng luò	cc-cedict	to coax/to beguile/to win over
籠統	lǒng tǒng	lóng tǒng	cc-cedict	general/broad/sweeping/lacking in detail/vague
籠罩	lǒng zhào	lóng zhào	cc-cedict	to envelop/to shroud
米芾	mǐ fú	mǐ fèi	cc-cedict	Mi Fu (1051-1107), Song poet and calligrapher
粗率	cū shuài	cū lǜ	cc-cedict	rough/coarse/crude/without due care/ill-considered
粘性	nián xìng	zhān xìng	cc-cedict	variant of 黏性[nian2 xing4]
粘稠	nián chóu	zhān chóu	cc-cedict	viscous; thick and sticky
粘糯	nián nuò	zhān nuò	cc-cedict	sticky; glutinous (mouthfeel)
粘纏	nián chán	zhān chán	cc-cedict	to stick closely to/cloying
粘聚	nián jù	zhān jù	cc-cedict	to cohere/to group together as a unit/to agglomerate
粘蟲	nián chóng	zhān chóng	cc-cedict	army worm (e.g. Mythimna separata or Leucania separata etc, major cereal pests)
粘連	nián lián	zhān lián	cc-cedict	to adhere/to stick together
精校	jīng jiào	jīng xiào	cc-cedict	to proofread meticulously (abbr. for 精確校對|精确校对[jing1 que4 jiao4 dui4])
精當	jīng dàng	jīng dāng	cc-cedict	precise and appropriate
糖分	táng fèn	táng fēn	cc-cedict	sugar content
糞耙	fèn pá	fèn bà	cc-cedict	manure rake
糧行	liáng háng	liáng xíng	cc-cedict	grain retailer (in former times)
糾彈	jiū tán	jiū dàn	cc-cedict	to censure/to denounce/to impeach
約塔	yāo tǎ	yuē tǎ	cc-cedict	iota (Greek letter Ιι)
紅暈	hóng yùn	hóng yūn	cc-cedict	a reddish flush on the face (as from emotion, health or exertion); a rosy tint (on clouds, flowers or water)
納什	nà shí	nà shén	cc-cedict	(surname) Nash
納降	nà xiáng	nà jiàng	cc-cedict	to surrender/to accept defeat
紕繆	pī miù	pī móu	cc-cedict	error/mistake
級差	jí chā	jí chà	cc-cedict	differential (between grades)/salary differential
紮實	zhā shi	zā shí	cc-cedict	variant of 扎實|扎实[zha1 shi5]
紮寨	zhā zhài	zā zhài	cc-cedict	to set up an encampment
紮營	zhā yíng	zā yíng	cc-cedict	to camp/to pitch camp/stationed/quartered/Taiwan pr. [zha2 ying2]
累及	lěi jí	lèi jí	cc-cedict	to involve/to affect
累墜	léi zhuì	lèi zhuì	cc-cedict	variant of 累贅|累赘[lei2 zhui4]
累犯	lěi fàn	lèi fàn	cc-cedict	to repeatedly commit an offense/repeat offender/habitual criminal/recidivist/recidivism
累積	lěi jī	lèi jī	cc-cedict	to accumulate
累累	léi léi	lèi lèi	cc-cedict	(literary) (of fruit, achievements etc) clusters of; piles of; heaps of/(literary) gaunt; haggard; wretched/Taiwan pr. [
累累	lěi lěi	lèi lèi	cc-cedict	again and again/innumerable/repeated/riddled with/accumulated
累計	lěi jì	lèi jì	cc-cedict	to calculate the running total/cumulative/the total/in total
累贅	léi zhuì	lèi zhuì	cc-cedict	superfluous/cumbersome/a burden on sb/a nuisance to sb/to inconvenience/to tie sb down/long-winded (of writing)/also pr.
累進	lěi jìn	lèi jìn	cc-cedict	progressive (taxation etc)
細數	xì shǔ	xì shù	cc-cedict	to enumerate; to review (events, experiences etc) in detail
細長	xì cháng	xì zhǎng	cc-cedict	slender
紹興	shào xīng	shào xìng	cc-cedict	see 紹興市|绍兴市[Shao4 xing1 Shi4]
終了	zhōng liǎo	zhōng le	cc-cedict	to end
組分	zǔ fèn	zǔ fēn	cc-cedict	components/individual parts making up a compound
組曲	zǔ qǔ	zǔ qū	cc-cedict	suite (music)
絆倒	bàn dǎo	bàn dào	cc-cedict	to trip/to stumble
絎縫	háng féng	háng fèng	cc-cedict	to quilt
結出	jiē chū	jié chū	cc-cedict	to bear (fruit)
結子	jiē zǐ	jié zǐ	cc-cedict	to bear seeds (of plant)
結實	jiē shí	jié shí	cc-cedict	to bear fruit
結實	jiē shi	jié shí	cc-cedict	rugged/sturdy/strong/durable/buff (physique)
結巴	jiē ba	jié bā	cc-cedict	to stutter
結果	jiē guǒ	jié guǒ	cc-cedict	to bear fruit
絕倒	jué dǎo	jué dào	cc-cedict	to split one's sides laughing
絕地	jué dì	jué de	cc-cedict	danger spot/Jedi (in Star Wars)
給予	jǐ yǔ	gěi yǔ	cc-cedict	(literary) to give; to accord; to render
給事	jǐ shì	gěi shì	cc-cedict	the name of an official position in the imperial court, aka 給事中|给事中[ji3 shi4 zhong1]
給付	jǐ fù	gěi fù	cc-cedict	to pay/payment
給水	jǐ shuǐ	gěi shuǐ	cc-cedict	to supply water/to provide feedwater
給與	jǐ yǔ	gěi yǔ	cc-cedict	variant of 給予|给予[ji3 yu3]
給藥	jǐ yào	gěi yào	cc-cedict	to administer medicine
給養	jǐ yǎng	gěi yǎng	cc-cedict	provisions; supplies; victuals/(literary) to support; to provide for; to look after
統率	tǒng shuài	tǒng lǜ	cc-cedict	to command; to direct
絲柏	sī bó	sī bǎi	cc-cedict	cypress
綏中	suí zhōng	suī zhōng	cc-cedict	see 綏中縣|绥中县[Sui2 zhong1 Xian4]
綏化	suí huà	suī huà	cc-cedict	see 綏化市|绥化市[Sui2 hua4 Shi4]
綏寧	suí níng	suī níng	cc-cedict	see 綏寧縣|绥宁县[Sui2 ning2 Xian4]
綏德	suí dé	suī dé	cc-cedict	see 綏德縣|绥德县[Sui2 de2 Xian4]
綏江	suí jiāng	suī jiāng	cc-cedict	see 綏江縣|绥江县[Sui2 jiang1 Xian4]
綏濱	suí bīn	suī bīn	cc-cedict	see 綏濱縣|绥滨县[Sui2 bin1 Xian4]
綏稜	suí líng	suī léng	cc-cedict	see 綏稜縣|绥棱县[Sui2 ling2 Xian4]
綏遠	suí yuǎn	suī yuǎn	cc-cedict	old name for district of Hohhot city 呼和浩特[Hu1 he2 hao4 te4], Inner Mongolia
綏陽	suí yáng	suī yáng	cc-cedict	see 綏陽縣|绥阳县[Sui2 yang2 Xian4]
綏靖	suí jìng	suī jìng	cc-cedict	to pacify/to appease/appeasement
經傳	jīng zhuàn	jīng chuán	cc-cedict	classic work (esp. Confucian classics)
經卷	jīng juàn	jīng juǎn	cc-cedict	volumes of classics/volumes of scriptures/ancient scrolls
綠地	lǜ dì	lǜ de	cc-cedict	green area (e.g. urban park or garden)
網吧	wǎng bā	wǎng ba	cc-cedict	Internet café
網杓	wǎng sháo	wǎng biāo	cc-cedict	skimmer (kitchen utensil)
綺靡	qǐ mǐ	qǐ mí	cc-cedict	beautiful and intricate/ornate/gorgeous
綿薄	mián bó	mián báo	cc-cedict	my humble effort/my meager contribution (humble)
綿長	mián cháng	mián zhǎng	cc-cedict	long and continuous (coastline, sound etc)/extensive/prolonged
緊繃	jǐn bēng	jǐn běng	cc-cedict	to stretch taut/(of muscles etc) taut; strained; tense
緣分	yuán fèn	yuán fēn	cc-cedict	fate or chance that brings people together/predestined affinity or relationship/(Budd.) destiny
編曲	biān qǔ	biān qū	cc-cedict	to compose (music)/arrangement
緩徵	huǎn zhēng	huǎn zhǐ	cc-cedict	to suspend taxes momentarily/to postpone military draft
縝匝	zhěn zā	chēn zā	cc-cedict	dense/fine (texture)
縝密	zhěn mì	chēn mì	cc-cedict	meticulous/careful/deliberate/delicate/fine (texture)
縝潤	zhěn rùn	chēn rùn	cc-cedict	fine and smooth
縣地	xiàn dì	xiàn de	cc-cedict	county seat/county town
縫合	féng hé	fèng hé	cc-cedict	to sew together/suture (in surgery)/to sew up (a wound)
縫窮	féng qióng	fèng qióng	cc-cedict	to sew and mend clothes for a pittance
縫紉	féng rèn	fèng rèn	cc-cedict	to sew
縫絍	féng rèn	fèng rèn	cc-cedict	to sew/to stitch
縫綴	féng zhuì	fèng zhuì	cc-cedict	to patch together/to mend
縫線	féng xiàn	fèng xiàn	cc-cedict	sewing thread/suture
縫補	féng bǔ	fèng bǔ	cc-cedict	to darn (clothing)/to sew and mend
縫製	féng zhì	fèng zhì	cc-cedict	to sew/to make (clothes, bedding)
縫針	féng zhēn	fèng zhēn	cc-cedict	to stitch fabric/(medicine) to sew up a wound or incision
縹渺	piāo miǎo	piǎo miǎo	cc-cedict	variant of 飄渺|飘渺[piao1 miao3]
縹緲	piāo miǎo	piǎo miǎo	cc-cedict	variant of 飄渺|飘渺[piao1 miao3]
總得	zǒng děi	zǒng dé	cc-cedict	must/have to/be bound to
總長	zǒng cháng	zǒng zhǎng	cc-cedict	total length
繁峙	fán shì	fán zhì	cc-cedict	see 繁峙縣|繁峙县[Fan2 shi4 Xian4]
繃子	bēng zi	běng zǐ	cc-cedict	embroidery frame/hoop/tambour
繃帶	bēng dài	běng dài	cc-cedict	(loanword) bandage
繃簧	bēng huáng	běng huáng	cc-cedict	spring
繃緊	bēng jǐn	běng jǐn	cc-cedict	to stretch taut
繆巧	miù qiǎo	móu qiǎo	cc-cedict	plan/scheme/intelligent/quick-witted
繆思	miù sī	móu sī	cc-cedict	variant of 繆斯|缪斯[Miu4 si1]
繆斯	miù sī	móu sī	cc-cedict	Muse (Greek mythology)
繞地	rào dì	rào de	cc-cedict	to orbit the Earth
繫上	jì shang	xì shàng	cc-cedict	to tie on/to buckle up/to fasten
繫泊	jì bó	xì pō	cc-cedict	to moor
續假	xù jià	xù jiǎ	cc-cedict	extended leave/prolonged absence
纖薄	xiān bó	xiān báo	cc-cedict	very thin; delicate
缺覺	quē jiào	quē jué	cc-cedict	to lack sleep; to be sleep-deprived
罄匱	qìng kuì	qìng guì	cc-cedict	used-up/exhausted
罄盡	qìng jìn	qìng jǐn	cc-cedict	to use up entirely
罰沒	fá mò	fá méi	cc-cedict	to impose a fine and confiscate (property)
罷了	bà liǎo	bà le	cc-cedict	a modal particle indicating (don't mind it, ok)
罹難	lí nàn	lí nán	cc-cedict	to die in an accident or disaster/to be killed
羅剎	luó chà	luó shā	cc-cedict-buddhist	demon in Buddhism/poltergeist in temple that plays tricks on monks and has a taste for their food
羅勒	luó lè	luó lēi	cc-cedict	sweet basil (Ocimum basilicum)
美差	měi chāi	měi chà	cc-cedict	cushy job; pleasant task
美的	měi dí	měi de	cc-cedict	Midea (brand)
美眄	měi miǎn	měi miàn	cc-cedict	captivating glance
翹企	qiáo qǐ	qiào qǐ	cc-cedict	to look forward eagerly/to long for
翹曲	qiáo qū	qiào qū	cc-cedict	to warp/to bend/fig. distorted opinion/prejudice
翹望	qiáo wàng	qiào wàng	cc-cedict	to raise one's head and look into the distance/fig. to forward to/to long for
翹材	qiáo cái	qiào cái	cc-cedict	outstandingly talented person
翹楚	qiáo chǔ	qiào chǔ	cc-cedict	person of outstanding talent
翹盼	qiáo pàn	qiào pàn	cc-cedict	to long for/eager for
翹足	qiáo zú	qiào zú	cc-cedict	lit. on tiptoes/to look forward eagerly/to long for
翹首	qiáo shǒu	qiào shǒu	cc-cedict	to raise one's head and look
翻供	fān gòng	fān gōng	cc-cedict	to retract a confession or testimony
翻倒	fān dǎo	fān dào	cc-cedict	to overturn/to overthrow/to capsize/to collapse
老么	lǎo yāo	lǎo me	cc-cedict	(coll.) youngest child
老姥	lǎo mǔ	lǎo lǎo	cc-cedict	old lady/(old woman's self-reference) I, me
老將	lǎo jiàng	lǎo jiāng	cc-cedict	lit. old general/commander-in-chief 將帥|将帅, the equivalent of king in Chinese chess/fig. old-timer/veteran
老少	lǎo shào	lǎo shǎo	cc-cedict	the old and the young
考中	kǎo zhòng	kǎo zhōng	cc-cedict	to pass an exam
考卷	kǎo juàn	kǎo juǎn	cc-cedict	exam paper
考量	kǎo liáng	kǎo liàng	cc-cedict	to consider/to give serious consideration to sth/consideration
耕地	gēng dì	gēng de	cc-cedict	arable land/to plow land
耕種	gēng zhòng	gēng zhǒng	cc-cedict	to till/to cultivate
耗盡	hào jìn	hào jǐn	cc-cedict	to exhaust/to use up/to deplete/to drain
耙地	bà dì	bà de	cc-cedict	to harrow/to break the ground with a hoe
耙子	pá zi	bà zǐ	cc-cedict	a rake
耳片	ěr piān	ěr piàn	cc-cedict	tab (of a web browser)
耶律	yē lǜ	yé lǜ	cc-cedict	two-character surname Yelü
耶戶	yē hù	yé hù	cc-cedict	Jehu (842-815 BC), Israelite king, prominent character in 2 Kings 9:10
耶穌	yē sū	yé sū	cc-cedict	Jesus
耶西	yē xī	yé xī	cc-cedict	Jesse (son of Obed)
耶酥	yē sū	yé sū	cc-cedict	variant of 耶穌|耶稣[Ye1 su1]
耶魯	yē lǔ	yé lǔ	cc-cedict	Yale
耷著	dā zhe	dā zhù	cc-cedict	to droop; to hang down; to dangle
聖地	shèng dì	shèng de	cc-cedict	holy land (of a religion)/sacred place/shrine/holy city (such as Jerusalem, Mecca etc)/center of historic interest
聖筊	shèng jiǎo	shèng xiáo	cc-cedict	(folk religion) favorable divination result from casting moon blocks 筊杯[jiao3 bei1] (one flat side and one rounded side 
聲樂	shēng yuè	shēng lè	cc-cedict	vocal music
職分	zhí fèn	zhí fēn	cc-cedict	duty
肉乾	ròu gān	ròu qián	cc-cedict	dried meat; jerky
肉脯	ròu fǔ	ròu pú	cc-cedict	dried meat
肖恩	xiāo ēn	xiào ēn	cc-cedict	Sean, Shaun or Shawn (name)
肖揚	xiāo yáng	xiào yáng	cc-cedict	Xiao Yang (1938-), president of the PRC Supreme Court 1998-2008
肖蛸	xiāo shāo	xiào shāo	cc-cedict	variant of 蠨蛸|蟏蛸[xiao1 shao1]
肖邦	xiāo bāng	xiào bāng	cc-cedict	Frédéric Chopin (1810-1849), Polish pianist and composer
肚兒	dǔ r	dù ér	cc-cedict	erhua variant of 肚[du3]
肥差	féi chāi	féi chà	cc-cedict	lucrative job/cushy job
背包	bēi bāo	bèi bāo	cc-cedict	knapsack/rucksack/infantry pack/field pack/blanket roll/CL:個|个[ge4]
背地	bèi dì	bèi de	cc-cedict	secretly/in private/behind someone's back
背帶	bēi dài	bèi dài	cc-cedict	braces/suspenders/sling (for a rifle)/straps (for a knapsack)
背榜	bēi bǎng	bèi bǎng	cc-cedict	to score last in an examination
背簍	bēi lǒu	bèi lǒu	cc-cedict	a basket carried on the back
背著	bēi zhe	bèi zhù	cc-cedict	carrying on one's back
背著	bèi zhe	bèi zhù	cc-cedict	turning one's back to (sth or sb)/keeping sth secret from (sb)/keeping (one's hands) behind one's back
背負	bēi fù	bèi fù	cc-cedict	to bear/to carry on one's back/to shoulder
背鍋	bēi guō	bèi guō	cc-cedict	(slang) (neologism derived from 背黑鍋|背黑锅[bei1 hei1 guo1]) to carry the can; to be a scapegoat
背頭	bēi tóu	bèi tóu	cc-cedict	swept-back hairstyle
胡佛	hú fó	hú fú	cc-cedict	Hoover (name)/Herbert Hoover (1874-1964) US mining engineer and Republican politician, president (1929-1933)
胡同	hú tòng	hú tóng	cc-cedict	lane; alley/CL:條|条[tiao2]
胡樂	hú yuè	hú lè	cc-cedict	Hu music/central Asian music (e.g. as appreciated by Tang literati)
胳臂	gē bei	gē bì	cc-cedict	arm/CL:條|条[tiao2],隻|只[zhi1]/also pr. [ge1 bi4]
胸悶	xiōng mēn	xiōng mèn	cc-cedict	chest pain/chest distress
脈脈	mò mò	mài mài	cc-cedict	affectionate/loving
脊令	jí líng	jǐ lìng	cc-cedict	variant of 鶺鴒|鹡鸰[ji2 ling2]
脖頸	bó gěng	bó jǐng	cc-cedict	back of the neck; nape
腌臢	ā zā	yān zā	cc-cedict	dirty/filthy/awkward/disgusting/nauseating/Taiwan pr. [ang1 zang1]
腕兒	wàn r	wàn ér	cc-cedict	see 大腕[da4 wan4]
腦兒	nǎo r	nǎo ér	cc-cedict	brains (as food)
腦杓	nǎo sháo	nǎo biāo	cc-cedict	the spoon shape slope on the nape
腳色	jué sè	jiǎo sè	cc-cedict	variant of 角色[jue2 se4]
腹地	fù dì	fù de	cc-cedict	hinterland/interior/outback
膀胱	páng guāng	bǎng guāng	cc-cedict	urinary bladder
膏立	gào lì	gāo lì	cc-cedict	to annoint
膠著	jiāo zhuó	jiāo zhù	cc-cedict	to stick onto/stalemate/gridlock/to agglutinate
膻中	dàn zhōng	shān zhōng	cc-cedict	see 膻中穴[dan4 zhong1 xue2]
膽兒	dǎn r	dǎn ér	cc-cedict	see 膽子|胆子[dan3 zi5]
臉相	liǎn xiàng	liǎn xiāng	cc-cedict	complexion/looks/appearance of one's face
臊子	sào zi	sāo zǐ	cc-cedict	(dialect) minced or diced meat (as part of a dish)
臥佛	wò fó	wò fú	cc-cedict	reclining Buddha
臥倒	wò dǎo	wò dào	cc-cedict	to lie down/to drop to the ground
臨了	lín liǎo	lín le	cc-cedict	at the last moment/right at the end
臨帖	lín tiè	lín tiē	cc-cedict	to practice calligraphy from a model
臨難	lín nàn	lín nán	cc-cedict	in peril/facing disaster
自傳	zì zhuàn	zì chuán	cc-cedict	autobiography
自盡	zì jìn	zì jǐn	cc-cedict	to kill oneself; to commit suicide
自省	zì xǐng	zì shěng	cc-cedict	to examine oneself/to reflect on one's shortcomings/introspection/self-awareness/self-criticism
自給	zì jǐ	zì gěi	cc-cedict	self-reliant
自轉	zì zhuàn	zì zhuǎn	cc-cedict	(of a celestial body) to rotate on its own axis
至當	zhì dàng	zhì dāng	cc-cedict	most suitable; extremely appropriate
臺地	tái dì	tái de	cc-cedict	tableland/mesa
與會	yù huì	yǔ huì	cc-cedict	to participate in a meeting
興亡	xīng wáng	xìng wáng	cc-cedict	to flourish and decay/rise and fall
興仁	xīng rén	xìng rén	cc-cedict	see 興仁市|兴仁市[Xing1 ren2 Shi4]
興兵	xīng bīng	xìng bīng	cc-cedict	to send troops
興化	xīng huà	xìng huà	cc-cedict	see 興化市|兴化市[Xing1 hua4 Shi4]
興和	xīng hé	xìng hé	cc-cedict	see 興和縣|兴和县[Xing1 he2 Xian4]
興國	xīng guó	xìng guó	cc-cedict	see 興國縣|兴国县[Xing1 guo2 Xian4]
興國	xīng guó	xìng guó	cc-cedict	to invigorate the country
興城	xīng chéng	xìng chéng	cc-cedict	see 興城市|兴城市[Xing1 cheng2 Shi4]
興奮	xīng fèn	xìng fèn	cc-cedict	excited/excitement/(physiology) excitation
興學	xīng xué	xìng xué	cc-cedict	to establish schools/to raise the standard of education
興安	xīng ān	xìng ān	cc-cedict	see 興安盟|兴安盟[Xing1 an1 Meng2]/see 興安區|兴安区[Xing1 an1 Qu1]/see 興安縣|兴安县[Xing1 an1 Xian4]
興寧	xīng níng	xìng níng	cc-cedict	see 興寧市|兴宁市[Xing1 ning2 Shi4]/see 興寧區|兴宁区[Xing1 ning2 Qu1]
興山	xīng shān	xìng shān	cc-cedict	see 興山縣|兴山县[Xing1 shan1 Xian4]/see 興山區|兴山区[Xing1 shan1 Qu1]
興師	xīng shī	xìng shī	cc-cedict	to dispatch troops/to send an army/to mobilize forces
興平	xīng píng	xìng píng	cc-cedict	see 興平市|兴平市[Xing1 ping2 Shi4]
興建	xīng jiàn	xìng jiàn	cc-cedict	to build/to construct
興慶	xīng qìng	xìng qìng	cc-cedict	see 興慶區|兴庆区[Xing1 qing4 Qu1]
興文	xīng wén	xìng wén	cc-cedict	see 興文縣|兴文县[Xing1 wen2 Xian4]
興旺	xīng wàng	xìng wàng	cc-cedict	prosperous/thriving/to prosper/to flourish
興替	xīng tì	xìng tì	cc-cedict	rise and fall
興業	xīng yè	xìng yè	cc-cedict	see 興業縣|兴业县[Xing1 ye4 Xian4]
興榮	xīng róng	xìng róng	cc-cedict	to flourish/to prosper
興海	xīng hǎi	xìng hǎi	cc-cedict	see 興海縣|兴海县[Xing1 hai3 Xian4]
興盛	xīng shèng	xìng shèng	cc-cedict	to flourish/to thrive
興盡	xìng jìn	xìng jǐn	cc-cedict	to have lost interest; to have had enough
興縣	xīng xiàn	xìng xiàn	cc-cedict	Xing County or Xingxian, a county in Lüliang City 呂梁市|吕梁市[Lu : 3 liang2 Shi4], Shanxi
興義	xīng yì	xìng yì	cc-cedict	see 興義市|兴义市[Xing1 yi4 Shi4]
興衰	xīng shuāi	xìng shuāi	cc-cedict	prosperity and decline (of a kingdom)/rise and fall
興許	xīng xǔ	xìng xǔ	cc-cedict	(coll.) perhaps
興賓	xīng bīn	xìng bīn	cc-cedict	see 興賓區|兴宾区[Xing1 bin1 Qu1]
興起	xīng qǐ	xìng qǐ	cc-cedict	to rise/to spring up/to burgeon/to be aroused/to come into vogue
興辦	xīng bàn	xìng bàn	cc-cedict	to begin/to set in motion
興隆	xīng lóng	xìng lóng	cc-cedict	see 興隆縣|兴隆县[Xing1 long2 Xian4]
興隆	xīng lóng	xìng lóng	cc-cedict	prosperous/thriving/flourishing
舊地	jiù dì	jiù de	cc-cedict	once familiar places/former haunts
舊都	jiù dū	jiù dōu	cc-cedict	old capital
舌苔	shé tāi	shé tái	cc-cedict	(TCM) coating on the tongue (examined for the purpose of diagnosis)
舍下	shè xià	shě xià	cc-cedict	my humble home
舍人	shè rén	shě rén	cc-cedict	ancient office title/rich and important person
舍利	shè lì	shě lì	cc-cedict-buddhist	(Buddhism) relic found in the cremated ashes of Buddhists (from Sanskrit "śarīra")
舍友	shè yǒu	shě yǒu	cc-cedict	dormitory roommate; dormmate
舍妹	shè mèi	shě mèi	cc-cedict	(humble) my younger sister
舍弟	shè dì	shě dì	cc-cedict	(humble) my younger brother
舞曲	wǔ qǔ	wǔ qū	cc-cedict	dance music
舟曲	zhōu qǔ	zhōu qū	cc-cedict	see 舟曲縣|舟曲县[Zhou1 qu3 Xian4]
般桓	pán huán	bān huán	cc-cedict	variant of 盤桓|盘桓[pan2 huan2]
般樂	pán lè	bān lè	cc-cedict	to play/to amuse oneself
般若	bō rě	bān ruò	cc-cedict-buddhist	(Buddhism) wisdom; insight into the true nature of reality (from Sanskrit prajñā)
般遊	pán yóu	bān yóu	cc-cedict	to amuse oneself
色子	shǎi zi	sè zǐ	cc-cedict	dice (used in gambling)
色盅	shǎi zhōng	sè zhōng	cc-cedict	dice cup
色相	sè xiàng	sè xiāng	cc-cedict	coloration/hue/sex/sex appeal
色酒	shǎi jiǔ	sè jiǔ	cc-cedict	colored wine (made from grapes or other fruit, as opposed to a rice wine etc)
色鍾	shǎi zhōng	sè zhōng	cc-cedict	variant of 色盅[shai3 zhong1]
芍陂	què bēi	sháo pí	cc-cedict	Quebei, the ancient name of an irrigation reservoir constructed during the Spring and Autumn period in present-day Anhui
芒種	máng zhòng	máng zhǒng	cc-cedict	Mangzhong or Grain in Beard, 9th of the 24 solar terms 二十四節氣|二十四节气 6th-20th June
芥藍	gài lán	jiè lán	cc-cedict	Chinese broccoli/Chinese kale/cabbage mustard/Brassica oleracea var. alboglabra/also pr. [jie4 lan2]
芥蘭	gài lán	jiè lán	cc-cedict	variant of 芥藍|芥蓝[gai4 lan2]
芫花	yuán huā	yán huā	cc-cedict	lilac daphne/Daphne genkwa
芯子	xìn zi	xīn zǐ	cc-cedict	fuse; wick/forked tongue (of a snake)
花兒	huā r	huā ér	cc-cedict	erhua variant of 花[hua1]
花呢	huā ní	huā ne	cc-cedict	fancy suiting
花著	huā zhāo	huā zhù	cc-cedict	variant of 花招[hua1 zhao1]
花蛤	huā gé	huā há	cc-cedict	clam/bivalve mollusk, many spp.
花都	huā dū	huā dōu	cc-cedict	see 花都區|花都区[Hua1 du1 Qu1]/alternative name for Paris
若干	ruò gān	ruò gàn	cc-cedict	a certain number or amount/how many?/how much?
苦參	kǔ shēn	kǔ cān	cc-cedict	liquorice (Sophora flavescens), with roots used in TCM
苦差	kǔ chāi	kǔ chà	cc-cedict	hard task/difficult mission/arduous and unrewarding undertaking/drudgery/grind/chore
苦難	kǔ nàn	kǔ nán	cc-cedict	suffering
苧麻	zhù má	níng má	cc-cedict	(botany) ramie (Boehmeria nivea)/the fiber of this plant
英哩	yīng lǐ	yīng lī	cc-cedict	variant of 英里[ying1 li3]
英石	yīng dàn	yīng shí	cc-cedict	stone (British unit of mass equal to 14 pounds (about 6.3 kilograms))
范縝	fàn zhěn	fàn chēn	cc-cedict-buddhist	Fan Zhen (c. 450-c. 510), philosopher from Qi and Liang of the Southern dynasties, as atheist denying Buddhist teachings
范蠡	fàn lǐ	fàn lí	cc-cedict	Fan Li (536-488 BC), politician of Yue state, businessman and economist
茄子	qié zi	jiā zǐ	cc-cedict	eggplant (Solanum melongena L.)/aubergine/brinjal/Guinea squash/phonetic "cheese" (when being photographed)/equivalent o
茄科	qié kē	jiā kē	cc-cedict	Solanaceae (the potato and eggplant family)
茅廁	máo si	máo cè	cc-cedict	(dialect) latrine
茅舍	máo shè	máo shě	cc-cedict	cottage/hut
茬地	chá dì	chá de	cc-cedict	stubble land after crop has been taken
茶几	chá jī	chá jǐ	cc-cedict	small side table/coffee table/teapoy (ornamental tripod with caddies for tea)
茶匙	chá chí	chá shi	cc-cedict	teaspoon
茶坊	chá fáng	chá fāng	cc-cedict	teahouse
草地	cǎo dì	cǎo de	cc-cedict	lawn/meadow/sod/turf/CL:片[pian4]
草率	cǎo shuài	cǎo lǜ	cc-cedict	careless/negligent/sloppy/not serious
草耙	cǎo pá	cǎo bà	cc-cedict	a rake
荒地	huāng dì	huāng de	cc-cedict	wasteland/uncultivated land
荷重	hè zhòng	hé zhòng	cc-cedict	weight load/load capacity
荸薺	bí qí	bí jì	cc-cedict	Chinese water chestnut (Eleocharis dulcis)
莎草	suō cǎo	shā cǎo	cc-cedict	coco-grass; nut sedge (Cyperus rotundus)
莞爾	wǎn ěr	guǎn ěr	cc-cedict	(literary) to smile
菌傘	jùn sǎn	jūn sǎn	cc-cedict	mushroom top
菌子	jùn zi	jūn zǐ	cc-cedict	(dialect) mushroom
菌柄	jùn bǐng	jūn bǐng	cc-cedict	mushroom stem
菌蓋	jùn gài	jūn gài	cc-cedict	cap of mushroom
菌褶	jùn zhě	jūn zhě	cc-cedict	lamella (under the cap of a mushroom)
菜地	cài dì	cài de	cc-cedict	vegetable field
菜脯	cài fǔ	cài pú	cc-cedict	dried, pickled white radish
菥蓂	xī mì	xī míng	cc-cedict	pennycress
華佗	huà tuó	huá tuó	cc-cedict	Hua Tuo (c. 145–208), physician of the Eastern Han dynasty
華山	huà shān	huá shān	cc-cedict	Mt Hua in Shaanxi, western mountain of the Five Sacred Mountains 五嶽|五岳[Wu3 yue4]
華為	huá wéi	huá wèi	cc-cedict	Huawei (brand)
華陀	huà tuó	huá tuó	cc-cedict	variant of 華佗|华佗[Hua4 Tuo2]
華龍	huà lóng	huá lóng	cc-cedict	see 華龍區|华龙区[Hua4 long2 Qu1]
菲姬	fěi jī	fēi jī	cc-cedict	Fergie (Stacy Ann Ferguson, 1975-), US pop singer
菲薄	fěi bó	fēi báo	cc-cedict	humble/meager/thin/to despise
菲酌	fěi zhuó	fēi zhuó	cc-cedict	(humble) the poor food I offer you; my inadequate hospitality
菸斗	yān dǒu	yān dòu	cc-cedict	variant of 煙斗|烟斗[yan1 dou3]
萎靡	wěi mǐ	wěi mí	cc-cedict	listless; dispirited; lacking in vigor; languishing
萹豆	biǎn dòu	biān dòu	cc-cedict	variant of 扁豆[bian3 dou4]
落價	lào jià	luò jià	cc-cedict	(coll.) to fall or drop in price/to go down in price
落地	luò dì	luò de	cc-cedict	to fall to the ground; to be set on the ground; to reach to the ground/(of a baby) to be born/(of a plane) to land/(fig.
落子	lào zi	luò zǐ	cc-cedict	see 蓮花落|莲花落[lian2 hua1 lao4]
落差	luò chā	luò chà	cc-cedict	drop in elevation/(fig.) gap (in wages, expectations etc)/disparity
落忍	lào rěn	luò rěn	cc-cedict	(coll.) (usu. in the negative) to be able to bear (doing sth); to feel it is acceptable/(Tw) to feel one cannot bear it;
落拓	luò tuò	luò tà	cc-cedict	down and out/in dire straits/unrestrained/unconventional
落枕	lào zhěn	luò zhěn	cc-cedict	to have a stiff neck after sleeping/(of the head) to touch the pillow
落棧	lào zhàn	luò zhàn	cc-cedict	see 落棧|落栈[luo4 zhan4]
落汗	lào hàn	luò hàn	cc-cedict	to stop sweating/(mahjong and card games) to mark the tiles or cards with one's sweat, fragrance etc
落泊	luò bó	luò pō	cc-cedict	down and out/in dire straits/unrestrained/unconventional
落炕	lào kàng	luò kàng	cc-cedict	to be laid up in bed with illness
落空	là kòng	luò kōng	cc-cedict	to omit; to neglect (to do sth)/to miss a chance; to let an opportunity slip by
落空	lào kōng	luò kōng	cc-cedict	to fail to achieve something; to be fruitless
落色	lào shǎi	luò sè	cc-cedict	to fade/to discolor/also pr. [luo4 se4]
落難	luò nàn	luò nán	cc-cedict	to meet with misfortune/to fall into dire straits
著力	zhuó lì	zhù lì	cc-cedict	to put effort into sth/to try really hard
著勁	zhuó jìn	zhù jìn	cc-cedict	to put effort into sth/to try really hard
著呢	zhe ne	zhù ne	cc-cedict	comes at the end of the sentence to indicate a strong degree/quite/rather
著地	zháo dì	zhù de	cc-cedict	to land/to touch the ground/also pr. [zhuo2 di4]
著墨	zhuó mò	zhù mò	cc-cedict	to describe (in writing, applying ink)
著實	zhuó shí	zhù shí	cc-cedict	truly/indeed/severely/harshly
著床	zhuó chuáng	zhù chuáng	cc-cedict	to lie down on a bed/(physiology) implantation (attachment of a blastocyst to the lining of the uterus)/(of an oyster la
著忙	zháo máng	zhù máng	cc-cedict	to rush/in a hurry/to worry about being late
著急	zháo jí	zhù jí	cc-cedict	to worry; to feel anxious/to feel a sense of urgency; to be in a hurry/Taiwan pr. [zhao1ji2]
著惱	zhuó nǎo	zhù nǎo	cc-cedict	to be enraged
著想	zhuó xiǎng	zhù xiǎng	cc-cedict	to give thought (to others)/to consider (other people's needs)/also pr. [zhao2 xiang3]
著意	zhuó yì	zhù yì	cc-cedict	to act with diligent care
著慌	zháo huāng	zhù huāng	cc-cedict	alarmed/panicking
著手	zhuó shǒu	zhù shǒu	cc-cedict	to put one's hand to it/to start out on a task/to set out
著數	zhāo shù	zhù shù	cc-cedict	move (in chess, on stage, in martial arts)/gambit/trick/scheme/movement/same as 招數|招数[zhao1 shu4]
著棋	zhuó qí	zhù qí	cc-cedict	to play chess
著法	zhāo fǎ	zhù fǎ	cc-cedict	move (in chess or martial arts)
著涼	zháo liáng	zhù liáng	cc-cedict	to catch cold/Taiwan pr. [zhao1 liang2]
著火	zháo huǒ	zhù huǒ	cc-cedict	to catch fire
著然	zhuó rán	zhù rán	cc-cedict	really/indeed
著眼	zhuó yǎn	zhù yǎn	cc-cedict	to have one's eyes on (a goal)/having sth in mind/to concentrate
著筆	zhuó bǐ	zhù bǐ	cc-cedict	to put pen to paper
著緊	zháo jǐn	zhù jǐn	cc-cedict	urgent/in a great hurry/in intimate relationship with sb
著色	zhuó sè	zhù sè	cc-cedict	to apply color; to color; to paint
著花	zháo huā	zhù huā	cc-cedict	to blossom/to come to flower/to be in bloom
著花	zhuó huā	zhù huā	cc-cedict	to blossom/see 著花|着花[zhao2 hua1]
著落	zhuó luò	zhù luò	cc-cedict	whereabouts/place to settle/reliable source (of funds etc)/(of responsibility for a matter) to rest with sb/settlement/s
著處	zhuó chù	zhù chù	cc-cedict	everywhere
著衣	zhuó yī	zhù yī	cc-cedict	to get dressed
著裝	zhuó zhuāng	zhù zhuāng	cc-cedict	to dress/dress/clothes/outfit
著迷	zháo mí	zhù mí	cc-cedict	to be fascinated/to be captivated
著邊	zháo biān	zhù biān	cc-cedict	relevant/to the point/has sth to do with the matter (also used with negative)
著重	zhuó zhòng	zhù zhòng	cc-cedict	to put emphasis on; to stress
著陸	zhuó lù	zhù lù	cc-cedict	landing/touchdown/to land/to touch down
著魔	zháo mó	zhù mó	cc-cedict	obsessed/bewitched/enchanted/as if possessed
葛優	gě yōu	gé yōu	cc-cedict	Ge You (1957-), Chinese actor
葛摩	gě mó	gé mó	cc-cedict	Comoros (Tw)
葛洪	gě hóng	gé hóng	cc-cedict	Ge Hong (283–363), Jin dynasty Daoist and alchemist, author of 抱朴子[Bao4 pu3 zi3]
葵涌	kuí chōng	kuí yǒng	cc-cedict	Kwai Chung (area in Hong Kong)/Kwai Cheong
葷粥	xūn yù	hūn zhōu	cc-cedict	Xunyu, an ethnic group of northern China in ancient times
蒙古	měng gǔ	méng gǔ	cc-cedict	Mongolia/Mongol ethnic group
蒙哄	méng hǒng	méng hōng	cc-cedict	to deceive/to cheat
蒙圈	mēng quān	méng quān	cc-cedict	(Internet slang) dazed/confused
蒙文	měng wén	méng wén	cc-cedict	Mongolian language
蒙牛	měng niú	méng niú	cc-cedict	China Mengniu Dairy Company Limited
蒙藥	měng yào	méng yào	cc-cedict	traditional Mongolian medicine (or drug)
蒙語	měng yǔ	méng yǔ	cc-cedict	Mongolian (language)
蒙難	méng nàn	méng nán	cc-cedict	to meet with disaster/killed/in the clutches of the enemy/to fall foul of/in danger
蒙騙	mēng piàn	méng piàn	cc-cedict	variant of 矇騙|蒙骗[meng1 pian4]
蒸餾	zhēng liú	zhēng liù	cc-cedict	to distill/distillation
蒼勁	cāng jìng	cāng jìn	cc-cedict	(of a tree) old and strong/(of calligraphy or painting) bold; vigorous
蓋兒	gài r	gài ér	cc-cedict	cover/lid
蓬散	péng sǎn	péng sàn	cc-cedict	loose; ruffled; disheveled
蓮都	lián dū	lián dōu	cc-cedict	see 蓮都區|莲都区[Lian2 du1 Qu1]
蔚為	wèi wéi	wèi wèi	cc-cedict	see 蔚成[wei4 cheng2]
蔚縣	yù xiàn	wèi xiàn	cc-cedict	Yu County or Yuxian, a county in Zhangjiakou City 張家口市|张家口市[Zhang1 jia1 kou3 Shi4], Hebei
蔫兒	niān r	niān ér	cc-cedict	erhua variant of 蔫[nian1]
蔭涼	yìn liáng	yīn liáng	cc-cedict	shady and cool
蔭蔽	yìn bì	yīn bì	cc-cedict	to be shaded or concealed by foliage/to conceal/hidden/covert/shade (of a tree)
蕃廡	fán wú	bō wǔ	cc-cedict	variant of 繁蕪|繁芜[fan2 wu2]
蕃茄	fān qié	bō jiā	cc-cedict	variant of 番茄[fan1 qie2]
蕃衍	fán yǎn	bō yǎn	cc-cedict	variant of 繁衍[fan2 yan3]
蕉萃	qiáo cuì	jiāo cuì	cc-cedict	variant of 憔悴[qiao2 cui4]
蕪累	wú lěi	wú lèi	cc-cedict	mixed-up and superfluous
薄利	bó lì	báo lì	cc-cedict	small profits
薄厚	bó hòu	báo hòu	cc-cedict	meanness and generosity/intimacy and alienation
薄命	bó mìng	báo mìng	cc-cedict	to be born under an unlucky star (usu. of women)/to be born unlucky
薄地	bó dì	báo de	cc-cedict	barren land/poor soil
薄幸	bó xìng	báo xìng	cc-cedict	fickle/inconstant person
薄弱	bó ruò	báo ruò	cc-cedict	weak; frail
薄待	bó dài	báo dài	cc-cedict	mean treatment/indifference/meager hospitality
薄情	bó qíng	báo qíng	cc-cedict	inconstant in love/fickle
薄技	bó jì	báo jì	cc-cedict	meager skill/my poor talents (humble)
薄明	bó míng	báo míng	cc-cedict	dim light/early dawn
薄暗	bó àn	báo àn	cc-cedict	at dusk/evening
薄暮	bó mù	báo mù	cc-cedict	dusk/twilight
薄曉	bó xiǎo	báo xiǎo	cc-cedict	at dawn
薄海	bó hǎi	báo hǎi	cc-cedict	vast area/all the way to the sea
薄產	bó chǎn	báo chǎn	cc-cedict	meager estate/small means
薄田	bó tián	báo tián	cc-cedict	barren field/poor land
薄禮	bó lǐ	báo lǐ	cc-cedict	my meager gift (humble)
薄膜	bó mó	báo mó	cc-cedict	membrane/film/CL:層|层[ceng2]
薄酒	bó jiǔ	báo jiǔ	cc-cedict	(my inferior) wine (humble term used by a host)
薄酬	bó chóu	báo chóu	cc-cedict	small reward (for work)/meager remuneration
薄霧	bó wù	báo wù	cc-cedict	mist/haze
薄面	bó miàn	báo miàn	cc-cedict	my meager sensibilities/blushing face/please do it for my sake (i.e. to save my face)(humble)
薪給	xīn jǐ	xīn gěi	cc-cedict	salary; wage
薺苧	jì zhù	jì níng	cc-cedict	(botany) Mosla grosseserrata/(botany) Mosla chinensis
藉以	jiè yǐ	jí yǐ	cc-cedict	variant of 借以[jie4 yi3]
藉口	jiè kǒu	jí kǒu	cc-cedict	to use as an excuse/on the pretext/excuse/pretext/also written 借口[jie4 kou3]
藉此	jiè cǐ	jí cǐ	cc-cedict	using this as a pretext; thereby
藉由	jiè yóu	jí yóu	cc-cedict	by means of; through; by
藉由	jiè yóu	jí yóu	cc-cedict	by means of; through; by
藉著	jiè zhe	jí zhù	cc-cedict	by means of; through; with the help of
藏人	zàng rén	cáng rén	cc-cedict	Tibetan (person)
藏區	zàng qū	cáng qū	cc-cedict	the Tibetan-inhabited areas of China
藏文	zàng wén	cáng wén	cc-cedict	Tibetan script/Tibetan written language/Tibetan language
藏族	zàng zú	cáng zú	cc-cedict	Tibetan ethnic group
藏獒	zàng áo	cáng áo	cc-cedict	Tibetan mastiff
藏獨	zàng dú	cáng dú	cc-cedict	Tibetan Independence (movement)/abbr. for 西藏獨立運動|西藏独立运动
藏羚	zàng líng	cáng líng	cc-cedict	Tibetan antelope/Pantholops hodgsonii/chiru
藏語	zàng yǔ	cáng yǔ	cc-cedict	Tibetan language
藏象	zàng xiàng	cáng xiàng	cc-cedict	hidden inner properties and their external manifestations (TCM)
藏雀	zàng què	cáng què	cc-cedict	(bird species of China) Tibetan rosefinch (Carpodacus roborowskii)
藏青	zàng qīng	cáng qīng	cc-cedict	see 藏青色[zang4 qing1 se4]
藏鵐	zàng wú	cáng wú	cc-cedict	(bird species of China) Tibetan bunting (Emberiza koslowi)
蘇打	sū dá	sū dǎ	cc-cedict	(loanword) soda/(loanword) carbonated drink; soft drink
蘊藉	yùn jiè	yùn jí	cc-cedict	implicit/restrained/to be imbued with
蘡薁	yīng yù	yīng ào	cc-cedict	Vitis bryoniifolia
蘭若	lán rě	lán ruò	cc-cedict-buddhist	Buddhist temple (transliteration of Sanskrit "Aranyakah") (abbr. for 阿蘭若|阿兰若[a1 lan2 re3])
虎將	hǔ jiàng	hǔ jiāng	cc-cedict	valiant general
處世	chǔ shì	chù shì	cc-cedict	to conduct oneself in society
處事	chǔ shì	chù shì	cc-cedict	to handle affairs; to deal with matters
處分	chǔ fèn	chù fēn	cc-cedict	to discipline sb/to punish/disciplinary action/to deal with (a matter)/CL:個|个[ge4]
處刑	chǔ xíng	chù xíng	cc-cedict	to sentence/to condemn
處在	chǔ zài	chù zài	cc-cedict	to be situated at/to find oneself at
處境	chǔ jìng	chù jìng	cc-cedict	situation (of a person)
處女	chǔ nǚ	chù nǚ	cc-cedict	virgin; maiden/maiden (voyage etc); virgin (land); (a novelist's) first (work)
處子	chǔ zǐ	chù zǐ	cc-cedict	(literary) virgin/maiden
處方	chǔ fāng	chù fāng	cc-cedict	medical prescription/to write out a prescription/(fig.) recommendation/advice
處於	chǔ yú	chù yú	cc-cedict	to be in (some state, position, or condition)
處暑	chǔ shǔ	chù shǔ	cc-cedict	Chushu or End of Heat, 14th of the 24 solar terms 二十四節氣|二十四节气 23rd August-7th September
處死	chǔ sǐ	chù sǐ	cc-cedict	an execution/to put sb to death
處決	chǔ jué	chù jué	cc-cedict	to execute (a condemned criminal)
處治	chǔ zhì	chù zhì	cc-cedict	to punish/to handle/to deal with (literary)
處理	chǔ lǐ	chù lǐ	cc-cedict	to handle; to deal with/to punish/to treat sth by a special process; to process/to sell at reduced prices
處男	chǔ nán	chù nán	cc-cedict	virgin (male)
處置	chǔ zhì	chù zhì	cc-cedict	to handle/to take care of/to punish
處罰	chǔ fá	chù fá	cc-cedict	to penalize/to punish
處警	chǔ jǐng	chù jǐng	cc-cedict	(of police etc) to deal with an emergency incident
號叫	háo jiào	hào jiào	cc-cedict	to howl/to yell
號咷	háo táo	hào táo	cc-cedict	variant of 號啕|号啕[hao2 tao2]
號哭	háo kū	hào kū	cc-cedict	to bawl/to wail/to cry
號啕	háo táo	hào táo	cc-cedict	variant of 嚎啕[hao2 tao2]
蚌埠	bèng bù	bàng bù	cc-cedict	see 蚌埠市[Beng4 bu4 Shi4]
蚌山	bèng shān	bàng shān	cc-cedict	see 蚌山區|蚌山区[Beng4 shan1 Qu1]
蛇藨	shé pāo	shé biāo	cc-cedict	Indian strawberry (Potentilla indica)
蛤蚌	gé bàng	há bàng	cc-cedict	clam
蛤蚧	gé jiè	há jiè	cc-cedict	tokay gecko (Gekko gecko), used in TCM
蛤蜊	gé lí	há lí	cc-cedict	clam
蛤蟹	gé xiè	há xiè	cc-cedict	clams and crabs/tokay gecko (Gekko gecko)
蛤蠣	gé lì	há lì	cc-cedict	clam/same as 蛤蜊[ge2 li2]
蛻殼	tuì qiào	tuì ké	cc-cedict	see 蛻殼|蜕壳[tui4 ke2]
蜀相	shǔ xiàng	shǔ xiāng	cc-cedict	the Prime Minister of Shu (i.e. Zhuge Liang 諸葛亮|诸葛亮[Zhu1 ge3 Liang4])
蜚蠊	fěi lián	fēi lián	cc-cedict	cockroach
蝃蝥	zhuō máo	dì máo	cc-cedict	spider (old)
蝦乾	xiā gān	xiā qián	cc-cedict	dried shrimps
蝦蟆	há ma	xiā má	cc-cedict	variant of 蛤蟆[ha2 ma5]
蝲蛄	là gǔ	là gū	cc-cedict	crayfish
蝳蝐	dài mào	dú mào	cc-cedict	variant of 玳瑁[dai4 mao4]/hawksbill turtle
螞螂	mā láng	mǎ láng	cc-cedict	dragonfly
螵蛸	piāo xiāo	piāo shāo	cc-cedict	ootheca, i.e. eggs in their capsule, of a praying mantis (used in TCM)/cuttlebone (abbr. for 海螵蛸[hai3 piao1 xiao1])
蟲兒	chóng r	chóng ér	cc-cedict	see 蟲子|虫子[chong2 zi5]
蠡縣	lǐ xiàn	lí xiàn	cc-cedict	Li County or Lixian, a county in Baoding City 保定市[Bao3 ding4 Shi4], Hebei
蠶薄	cán bó	cán báo	cc-cedict	variant of 蠶箔|蚕箔[can2 bo2]
血塞	xuè sè	xuè sāi	cc-cedict	blood obstruction
血暈	xiě yùn	xuè yūn	cc-cedict	bruise/pale red
血暈	xuè yùn	xuè yūn	cc-cedict	coma caused by loss of blood/fainting at the sight of blood/Taiwan pr. [xie3 yun1]
血腸	xiě cháng	xuè cháng	cc-cedict	blood sausage
血鑽	xuè zuàn	xuè zuān	cc-cedict	blood diamond/conflict diamond
行列	háng liè	xíng liè	cc-cedict	formation/array/(fig.) ranks (as in "join the ranks of ...")
行員	háng yuán	xíng yuán	cc-cedict	(Tw) staff; clerk; employee (of a bank 銀行|银行[yin2 hang2] or commercial firm 商行[shang1 hang2])
行商	háng shāng	xíng shāng	cc-cedict	traveling salesman/itinerant trader/hawker/peddler
行家	háng jiā	xíng jiā	cc-cedict	connoisseur; expert; veteran
行市	háng shì	xíng shì	cc-cedict	quotation on market price
行情	háng qíng	xíng qíng	cc-cedict	market price/quotation of market price/the current market situation
行會	háng huì	xíng huì	cc-cedict	guild
行棧	háng zhàn	xíng zhàn	cc-cedict	warehouse
行業	háng yè	xíng yè	cc-cedict	trade; profession; industry; business
行為	xíng wéi	xíng wèi	cc-cedict	action; conduct; behavior; activity
行當	háng dang	xíng dāng	cc-cedict	profession/role (acting)
行號	háng hào	xíng hào	cc-cedict	(computing) (text file) line number; (data table or spreadsheet) row number/(Tw) unincorporated firm (typically a smalle
行話	háng huà	xíng huà	cc-cedict	jargon/language of the trade
行語	háng yǔ	xíng yǔ	cc-cedict	slang/jargon/cant/lingo/patois/argot
行貨	háng huò	xíng huò	cc-cedict	goods sold through official distribution channels/(old) crudely-made goods
行距	háng jù	xíng jù	cc-cedict	row spacing
行輩	háng bèi	xíng bèi	cc-cedict	generation and age ranking/seniority
行長	háng zhǎng	xíng zhǎng	cc-cedict	bank president
行間	háng jiān	xíng jiān	cc-cedict	between rows
行頭	háng tóu	xíng tóu	cc-cedict	team leader (archaic)/shopkeeper (archaic)
衝勁	chòng jìn	chōng jìn	cc-cedict	dynamism/drive
衝壓	chòng yā	chōng yā	cc-cedict	to stamp; to press (sheet metal)/Taiwan pr. [chong1ya1]
衝床	chòng chuáng	chōng chuáng	cc-cedict	stamping press (metalworking)
衡量	héng liáng	héng liàng	cc-cedict	to weigh/to examine/to consider
衣甲	yì jiǎ	yī jiǎ	cc-cedict	armor
衣著	yī zhuó	yī zhù	cc-cedict	clothes
表徵	biǎo zhēng	biǎo zhǐ	cc-cedict	symbol; indicator; representation
表率	biǎo shuài	biǎo lǜ	cc-cedict	example/model
袒裼	tǎn xī	tǎn tì	cc-cedict	to bare the upper body
袷襖	jiá ǎo	qiā ǎo	cc-cedict	variant of 夾襖|夹袄[jia2 ao3]
裁切	cái qiē	cái qiè	cc-cedict	to crop/to trim
裁度	cái duó	cái dù	cc-cedict	(formal) to make a judgement call; to decide
裁縫	cái féng	cái fèng	cc-cedict	to make an item of clothing/to tailor
裁處	cái chǔ	cái chù	cc-cedict	to handle
裊娜	niǎo nuó	niǎo nà	cc-cedict	slim and graceful
補種	bǔ zhòng	bǔ zhǒng	cc-cedict	to reseed/to resow/to replant
補給	bǔ jǐ	bǔ gěi	cc-cedict	supply/replenishment/to replenish
補覺	bǔ jiào	bǔ jué	cc-cedict	to make up for lost sleep
補闕	bǔ quē	bǔ què	cc-cedict	old variant of 補缺|补缺[bu3 que1]
裸地	luǒ dì	luǒ de	cc-cedict	bare ground
製模	zhì mú	zhì mó	cc-cedict	mold making
褪下	tùn xià	tuì xià	cc-cedict	to take off (trousers)/to drop one's pants
襄都	xiāng dū	xiāng dōu	cc-cedict	see 襄都區|襄都区[Xiang1 du1 Qu1]
西打	xī dá	xī dǎ	cc-cedict	cider (loanword)
西藏	xī zàng	xī cáng	cc-cedict	see 西藏自治區|西藏自治区[Xi1 zang4 Zi4 zhi4 qu1]
西鯡	xī fēi	xī fèi	cc-cedict	allis shad (Alosa alosa)
要功	yāo gōng	yào gōng	cc-cedict	variant of 邀功[yao1 gong1]
要地	yào dì	yào de	cc-cedict	strategic location
要塞	yào sài	yào sāi	cc-cedict	stronghold/fort/fortification
要挾	yāo xié	yào xié	cc-cedict	to threaten/to blackmail
要擊	yāo jī	yào jī	cc-cedict	to intercept/to ambush
要末	yào me	yào mò	cc-cedict	variant of 要麼|要么[yao4 me5]
要求	yāo qiú	yào qiú	cc-cedict	to request/to require/requirement/to stake a claim/to ask/to demand/CL:點|点[dian3]
要約	yāo yuē	yào yuē	cc-cedict	to restrict/to agree to a contract/offer; bid
要著	yào zhuó	yào zhù	cc-cedict	important thing/crucial thing
覃塘	qín táng	tán táng	cc-cedict	see 覃塘區|覃塘区[Qin2 tang2 Qu1]
覆沒	fù mò	fù méi	cc-cedict	annihilated/capsized
見地	jiàn dì	jiàn de	cc-cedict	opinion/view/insight
見長	jiàn cháng	jiàn zhǎng	cc-cedict	to excel at (typically used after the area of expertise) (Example: 以研究見長|以研究见长[yi3 yan2 jiu1 jian4 chang2] to be known f
視差	shì chā	shì chà	cc-cedict	parallax
視為	shì wéi	shì wèi	cc-cedict	to view as/to see as/to consider to be/to deem
親家	qìng jia	qīn jiā	cc-cedict	parents of one's daughter-in-law or son-in-law/relatives by marriage
觀塘	guàn táng	guān táng	cc-cedict	Kwun Tong district of Kowloon, Hong Kong
角力	jué lì	jiǎo lì	cc-cedict	to wrestle/(fig.) to lock horns; to tussle; to wrangle/Taiwan pr. [jiao3li4]
角口	jué kǒu	jiǎo kǒu	cc-cedict	(literary) to quarrel/also pr. [jiao3kou3]
角妓	jué jì	jiǎo jì	cc-cedict	courtesan
角抵	jué dǐ	jiǎo dǐ	cc-cedict	wrestling/to wrestle
角色	jué sè	jiǎo sè	cc-cedict	role; part (in a play or movie etc)/also pr. [jiao3se4]
角逐	jué zhú	jiǎo zhú	cc-cedict	to tussle/to contend/to contest
角鬥	jué dòu	jiǎo dòu	cc-cedict	to wrestle
觜宿	zī xiù	zī sù	cc-cedict	number 20 of the 28 constellations 二十八宿, approx. Orion 獵戶座|猎户座
解㑊	xiè yì	jiě yì	cc-cedict	(TCM) fatigue, often associated with muscle atony and emaciation
解元	jiè yuán	jiě yuán	cc-cedict	first-placed candidate in the provincial imperial examinations (old)
解廌	xiè zhì	jiě zhì	cc-cedict	variant of 獬豸[xie4 zhi4]
解數	xiè shù	jiě shù	cc-cedict	talent/ability/capability/martial arts technique/Taiwan pr. [jie3 shu4]
解調	jiě tiáo	jiě diào	cc-cedict	demodulation/to demodulate
言中	yán zhòng	yán zhōng	cc-cedict	to have one's words prove to be prophetic
計都	jì dū	jì dōu	cc-cedict-buddhist	Ketu (Sanskrit), one of the nine celestial bodies of Indian astronomy and astrology, paired with Rahu 羅睺|罗睺[Luo2 hou2]/(
討還	tǎo huán	tǎo hái	cc-cedict	to ask for sth back/to recover
記傳	jì zhuàn	jì chuán	cc-cedict	history and biography
記為	jì wéi	jì wèi	cc-cedict	denoted by
記載	jì zǎi	jì zài	cc-cedict	to write down/to record/written account
詐降	zhà xiáng	zhà jiàng	cc-cedict	feigned surrender
評卷	píng juàn	píng juǎn	cc-cedict	to grade exam papers
評彈	píng tán	píng dàn	cc-cedict	pingtan, a traditional Suzhou narrative art that combines storytelling and ballad singing, typically performed by two ar
評為	píng wéi	píng wèi	cc-cedict	to elect as/to choose as/to consider as
試卷	shì juàn	shì juǎn	cc-cedict	examination paper/test paper/CL:份[fen4],張|张[zhang1]
試種	shì zhòng	shì zhǒng	cc-cedict	test planting/crop grown on a trial basis
試著	shì zhe	shì zhù	cc-cedict	(coll.) to try to
詳盡	xiáng jìn	xiáng jǐn	cc-cedict	thorough and detailed/exhaustive/the tedious details in full
認為	rèn wéi	rèn wèi	cc-cedict	to believe; to think; to consider; to feel
誘掖	yòu yè	yòu yē	cc-cedict	to help and encourage
語塞	yǔ sè	yǔ sāi	cc-cedict	to be at a loss for words/speechless
誤差	wù chā	wù chà	cc-cedict	difference/error/inaccuracy
說中	shuō zhòng	shuō zhōng	cc-cedict	to hit the nail on the head/to predict correctly
說帖	shuō tiě	shuō tiē	cc-cedict	memorandum/note (i.e. written statement)
誰料	shéi liào	shuí liào	cc-cedict	who would have thought that/who would have expected that
誰知	shéi zhī	shuí zhī	cc-cedict	who would have thought/unexpectedly
課徵	kè zhēng	kè zhǐ	cc-cedict	to levy (a tax)
調休	tiáo xiū	diào xiū	cc-cedict	to compensate for working on a holiday by resting on a workday/to compensate for resting on a workday by working on a ho
調侃	tiáo kǎn	diào kǎn	cc-cedict	to ridicule/to tease/to mock/idle talk/chitchat
調停	tiáo tíng	diào tíng	cc-cedict	to reconcile/to mediate/to bring warring parties to agreement/to arbitrate
調價	tiáo jià	diào jià	cc-cedict	to raise or lower the price/price adjustment
調制	tiáo zhì	diào zhì	cc-cedict	to modulate; modulation
調劑	tiáo jì	diào jì	cc-cedict	to adjust; to redistribute (resources etc)/(fig.) (of an activity) to provide variety in one's daily life; to serve as a
調勻	tiáo yún	diào yún	cc-cedict	to blend (cooking)/to mix evenly
調升	tiáo shēng	diào shēng	cc-cedict	to adjust upward/to upgrade/(price) hike
調協	tiáo xié	diào xié	cc-cedict	to harmonize/to match
調卷	diào juàn	diào juǎn	cc-cedict	to consult the archives; to check the records (usually of legal proceedings)
調味	tiáo wèi	diào wèi	cc-cedict	seasoning/condiment/flavoring/dressing/essences
調和	tiáo hé	diào hé	cc-cedict	harmonious/to mediate; to reconcile/mediation/to compromise/to mix; to blend/blended/to season/seasoning/to placate
調唆	tiáo suō	diào suō	cc-cedict	to provoke/to stir up (trouble)/to instigate
調嘴	tiáo zuǐ	diào zuǐ	cc-cedict	to hold forth/to quibble
調幅	tiáo fú	diào fú	cc-cedict	amplitude modulation (AM)/size of an adjustment
調弄	tiáo nòng	diào nòng	cc-cedict	to tease/to make fun of/to provoke/to stir up (trouble)
調律	tiáo lǜ	diào lǜ	cc-cedict	to tune (e.g. piano)
調情	tiáo qíng	diào qíng	cc-cedict	to flirt
調戲	tiáo xì	diào xì	cc-cedict	to take liberties with a woman/to dally/to assail a woman with obscenities
調控	tiáo kòng	diào kòng	cc-cedict	to regulate/to control
調撥	tiáo bō	diào bō	cc-cedict	to sow discord
調擋	tiáo dǎng	diào dǎng	cc-cedict	gear shift
調攝	tiáo shè	diào shè	cc-cedict	(literary) to nurse to health; to recuperate
調教	tiáo jiào	diào jiào	cc-cedict	to instruct/to teach/to train/to raise (livestock)
調整	tiáo zhěng	diào zhěng	cc-cedict	to adjust; to revise; to reorganize
調料	tiáo liào	diào liào	cc-cedict	condiment/seasoning/flavoring
調準	tiáo zhǔn	diào zhǔn	cc-cedict	to adjust to the right value/to tune/to focus (a camera etc)/to set (the date, the time) to the correct value
調焦	tiáo jiāo	diào jiāo	cc-cedict	to focus
調理	tiáo lǐ	diào lǐ	cc-cedict	to nurse one's health/to recuperate/to take care of/to look after/to discipline/to educate/to train/to prepare food/(dia
調皮	tiáo pí	diào pí	cc-cedict	naughty/mischievous/unruly
調相	tiáo xiàng	diào xiāng	cc-cedict	phase modulation
調笑	tiáo xiào	diào xiào	cc-cedict	to tease/to poke fun at
調節	tiáo jié	diào jié	cc-cedict	to adjust/to regulate/to harmonize/to reconcile (accountancy etc)
調羹	tiáo gēng	diào gēng	cc-cedict	spoon; (esp.) Chinese soup spoon (often ceramic)
調色	tiáo sè	diào sè	cc-cedict	to blend colors/to mix colors
調製	tiáo zhì	diào zhì	cc-cedict	to concoct by mixing ingredients; to prepare according to a recipe; to make (a salad, a cocktail, cosmetics etc)
調解	tiáo jiě	diào jiě	cc-cedict	to mediate/to bring parties to an agreement
調訓	tiáo xùn	diào xùn	cc-cedict	to train/to care for and educate
調試	tiáo shì	diào shì	cc-cedict	to debug/to adjust components during testing/debugging
調諧	tiáo xié	diào xié	cc-cedict	harmonious/to adjust/to tune (e.g. wireless receiver)/to bring into harmony
調謔	tiáo xuè	diào xuè	cc-cedict	to make fun of/to mock
調變	tiáo biàn	diào biàn	cc-cedict	modulation/to modulate (electronics)
調資	tiáo zī	diào zī	cc-cedict	wage adjustment/to raise or lower wages
調速	tiáo sù	diào sù	cc-cedict	to adjust the speed
調適	tiáo shì	diào shì	cc-cedict	to adapt (to an environment etc)/to make sth suitable/adaptation/adjustment/adaptive
調配	tiáo pèi	diào pèi	cc-cedict	to blend (colors, herbs); to mix
調酒	tiáo jiǔ	diào jiǔ	cc-cedict	to mix drinks/cocktail
調門	tiáo mén	diào mén	cc-cedict	valve
調降	tiáo jiàng	diào jiàng	cc-cedict	to lower; to reduce; to cut (prices, interest rates etc)
調音	tiáo yīn	diào yīn	cc-cedict	to tune (a musical instrument)
調頻	tiáo pín	diào pín	cc-cedict	frequency modulation/FM
調養	tiáo yǎng	diào yǎng	cc-cedict	to take care of (sb's health)/to nurse
請假	qǐng jià	qǐng jiǎ	cc-cedict	to request leave of absence
請帖	qǐng tiě	qǐng tiē	cc-cedict	invitation card/written invitation
論語	lún yǔ	lùn yǔ	cc-cedict	The Analects of Confucius 孔子[Kong3 zi3]
諸相	zhū xiàng	zhū xiāng	cc-cedict-buddhist	the appearance of all things (Buddhism)
諸葛	zhū gě	zhū gé	cc-cedict	two-character surname Zhuge/Taiwan pr. [Zhu1ge2]
謝帖	xiè tiě	xiè tiē	cc-cedict	letter of thanks
謾罵	màn mà	mán mà	cc-cedict	to hurl abuse/to deride/to call sb names
證供	zhèng gòng	zhèng gōng	cc-cedict	(law) testimony; evidence (given by a witness)
識相	shí xiàng	shí xiāng	cc-cedict	sensitive/tactful
譙城	qiáo chéng	qiào chéng	cc-cedict	see 譙城區|谯城区[Qiao2 cheng2 Qu1]
譜曲	pǔ qǔ	pǔ qū	cc-cedict	to compose a piece of music
護著	hù zhe	hù zhù	cc-cedict	to protect/to guard/to shield
變更	biàn gēng	biàn gèng	cc-cedict	to change/to alter/to modify
變為	biàn wéi	biàn wèi	cc-cedict	to change into
變相	biàn xiàng	biàn xiāng	cc-cedict	in disguised form/covert
谷地	gǔ dì	gǔ de	cc-cedict	valley
豁免	huò miǎn	huō miǎn	cc-cedict	to exempt/exemption
豁拳	huá quán	huō quán	cc-cedict	variant of 划拳[hua2 quan2]
豁然	huò rán	huō rán	cc-cedict	wide and open/a flash of understanding
豁達	huò dá	huō dá	cc-cedict	optimistic/sanguine/generous/magnanimous/open-minded
豆乾	dòu gān	dòu qián	cc-cedict	variant of 豆干[dou4 gan1]
豆干	dòu gān	dòu gàn	cc-cedict	pressed tofu; dried tofu (ingredient of Chinese cuisine made by pressing, drying and flavoring tofu to produce a firm ch
豆皀	dòu bī	dòu jí	cc-cedict	pea or bean (dialect)
豐都	fēng dū	fēng dōu	cc-cedict	see 豐都縣|丰都县[Feng1 du1 Xian4]
象徵	xiàng zhēng	xiàng zhǐ	cc-cedict	symbol; emblem/to symbolize; to signify; to represent
豬仔	zhū zǎi	zhū zǐ	cc-cedict	piglet/(old) exploited Chinese laborer tricked into working abroad
豬圈	zhū juàn	zhū quān	cc-cedict	(lit. and fig.) pigsty
豬扒	zhū pá	zhū bā	cc-cedict	see 豬排|猪排[zhu1 pai2]
豬肚	zhū dǔ	zhū dù	cc-cedict	pork tripe
豬舍	zhū shè	zhū shě	cc-cedict	pig shed
貌相	mào xiàng	mào xiāng	cc-cedict	appearance (esp. superficial)/looks/to judge a person by appearances
貓腰	máo yāo	māo yāo	cc-cedict	to bend over; to stoop down/Taiwan pr. [mao1yao1]
貓舍	māo shè	māo shě	cc-cedict	cattery (cat-breeding establishment)
負累	fù lěi	fù lèi	cc-cedict	to implicate/to involve
負荷	fù hè	fù hé	cc-cedict	load/burden/charge
財會	cái kuài	cái huì	cc-cedict	finance and accounting
財相	cái xiàng	cái xiāng	cc-cedict	minister of finance
貢嘎	gòng gá	gòng gā	cc-cedict	see 貢嘎縣|贡嘎县[Gong4 ga2 Xian4]
貧相	pín xiàng	pín xiāng	cc-cedict	mean/stingy
責難	zé nàn	zé nán	cc-cedict	to censure
貼吧	tiē bā	tiē ba	cc-cedict	Baidu Tieba, lit. "Baidu Post Bar", a Chinese online forum hosted by Baidu Inc.
賀正	hè zhēng	hè zhèng	cc-cedict	to exchange compliments on New Year's Day
賁門	bēn mén	bì mén	cc-cedict	cardia (anatomy)
資興	zī xīng	zī xìng	cc-cedict	see 資興市|资兴市[Zi1 xing1 Shi4]
賈客	gǔ kè	jiǎ kè	cc-cedict	merchant (old)
賈禍	gǔ huò	jiǎ huò	cc-cedict	(literary) to bring disaster upon oneself; to court disaster
賢相	xián xiàng	xián xiāng	cc-cedict	sagacious prime minister (in feudal China)
賣卜	mài bǔ	mài bo	cc-cedict	to do trade as a fortune teller
賣相	mài xiàng	mài xiāng	cc-cedict	outward appearance/demeanor
質地	zhì dì	zhì de	cc-cedict	texture/background (texture)/grain/quality/character/disposition
質難	zhì nàn	zhì nán	cc-cedict	to blame
賬載	zhàng zǎi	zhàng zài	cc-cedict	per book/as recorded in the accounts
賺哄	zhuàn hǒng	zhuàn hōng	cc-cedict	to cheat/to hoodwink/to defraud
走相	zǒu xiàng	zǒu xiāng	cc-cedict	to lose one's good looks
起圈	qǐ juàn	qǐ quān	cc-cedict	to remove manure from a cowshed or pigsty etc (for use as fertilizer)/to muck out
跂坐	qì zuò	qí zuò	cc-cedict	to sit with legs dangling
跂想	qǐ xiǎng	qí xiǎng	cc-cedict	to expect anxiously
跂望	qǐ wàng	qí wàng	cc-cedict	variant of 企望[qi3 wang4]
跂望	qì wàng	qí wàng	cc-cedict	to stand on tiptoe looking forward to sb or sth
跂訾	qǐ zǐ	qí zǐ	cc-cedict	opinionated
跌倒	diē dǎo	diē dào	cc-cedict	to tumble/to fall/fig. to suffer a reverse (in politics or business)
跟差	gēn chāi	gēn chà	cc-cedict	attendant
跟著	gēn zhe	gēn zhù	cc-cedict	to follow after/immediately afterwards
跪倒	guì dǎo	guì dào	cc-cedict	to kneel down/to sink to one's knees/to grovel
跳踉	tiào liáng	tiào liàng	cc-cedict	variant of 跳梁[tiao4 liang2]
踉蹌	liàng qiàng	liàng qiāng	cc-cedict	to stagger; to walk falteringly
踉蹡	liàng qiàng	liàng qiāng	cc-cedict	variant of 踉蹌|踉跄[liang4 qiang4]
踏實	tā shi	tà shí	cc-cedict	firmly-based/steady/steadfast/to have peace of mind/free from anxiety/Taiwan pr. [ta4 shi2]
踶跂	dì zhī	dì qí	cc-cedict	overconfident and conceited mannerisms
蹊徑	xī jìng	qī jìng	cc-cedict	path/(fig.) way
蹌踉	qiàng liàng	qiāng liàng	cc-cedict	see 踉蹌|踉跄[liang4 qiang4]
蹦兒	bèng r	bèng ér	cc-cedict	erhua variant of 蹦[beng4]
蹭蹬	cèng dèng	cèng dēng	cc-cedict	(literary) to encounter setbacks; to have bad luck
身分	shēn fèn	shēn fēn	cc-cedict	variant of 身份[shen1 fen4]
身為	shēn wéi	shēn wèi	cc-cedict	in the capacity of/as
身著	shēn zhuó	shēn zhù	cc-cedict	to wear
身處	shēn chǔ	shēn chù	cc-cedict	in (some place)/to be in (adversity, a difficult situation, danger, turmoil etc)/to find oneself in/placed in/surrounded
身長	shēn cháng	shēn zhǎng	cc-cedict	height (of person)/length of clothing from shoulders to bottom (tailor or dressmaker's measure)
躲難	duǒ nàn	duǒ nán	cc-cedict	to take refuge/to seek refuge from disaster
躺倒	tǎng dǎo	tǎng dào	cc-cedict	to lie down
軀殼	qū qiào	qū ké	cc-cedict	the body (as opposed to the soul)
車斗	chē dǒu	chē dòu	cc-cedict	open-topped container (mounted on a truck or cart) for carrying loads/dump box (of a dump truck)/bucket (of a front load
車行	chē háng	chē xíng	cc-cedict	car-related business/car dealership/taxi company/(commercial) garage
軋場	yà cháng	yà chǎng	cc-cedict	to roll with a stone roller/to thresh grain by rolling
軋機	zhá jī	yà jī	cc-cedict	steel rolling mill
軋空	gá kōng	yà kōng	cc-cedict	(finance) to squeeze short sellers
軋製	zhá zhì	yà zhì	cc-cedict	rolling steel
軋輥	zhá gǔn	yà gǔn	cc-cedict	(steelmaking) roll/roller/CL:根[gen1]
軋鋼	zhá gāng	yà gāng	cc-cedict	to roll steel (into sheets or bars)
軍樂	jūn yuè	jūn lè	cc-cedict	military music
軒掖	xuān yè	xuān yē	cc-cedict	forbidden place
軒檻	xuān jiàn	xuān kǎn	cc-cedict	railings of a balcony
軟呢	ruǎn ní	ruǎn ne	cc-cedict	soft, pliable wool fabric
軟和	ruǎn huo	ruǎn hé	cc-cedict	(coll.) pleasantly soft/comfy/(of words) gentle/soothing
較差	jiào chā	jiào chà	cc-cedict	range (the difference between the lowest and highest values)
較為	jiào wéi	jiào wèi	cc-cedict	comparatively/relatively/fairly
載入	zǎi rù	zài rù	cc-cedict	to load into/to record/to write into/to enter (data)/to go into (the records)/to go down (in history)
載明	zǎi míng	zài míng	cc-cedict	to state explicitly in writing/to specify/to stipulate
載湉	zǎi tián	zài tián	cc-cedict	birth name of Qing emperor Guangxu 光緒|光绪[Guang1 xu4]
載籍	zǎi jí	zài jí	cc-cedict	books (in Confucian education)
載荷	zài hè	zài hé	cc-cedict	load
輕率	qīng shuài	qīng lǜ	cc-cedict	cavalier/offhand/reckless
輕薄	qīng bó	qīng báo	cc-cedict	light (weight)/frivolous/a philanderer/to scorn/disrespectful
輩兒	bèi r	bèi ér	cc-cedict	generation
輪種	lún zhòng	lún zhǒng	cc-cedict	rotation of crops
輪轉	lún zhuàn	lún zhuǎn	cc-cedict	to rotate
輾軋	niǎn yà	zhǎn yà	cc-cedict	variant of 碾軋|碾轧[nian3 ya4]
輿地	yú dì	yú de	cc-cedict	land/map/(old) geography
轉位	zhuàn wèi	zhuǎn wèi	cc-cedict	index (rotating gauge)/cam gradation
轉動	zhuàn dòng	zhuǎn dòng	cc-cedict	to rotate (about an axis)/to revolve/to turn/to move in a circle/to gyrate
轉去	zhuàn qù	zhuǎn qù	cc-cedict	to return/to go back
轉台	zhuàn tái	zhuǎn tái	cc-cedict	rotating stage/swivel table
轉向	zhuàn xiàng	zhuǎn xiàng	cc-cedict	to get lost/to lose one's way
轉圈	zhuàn quān	zhuǎn quān	cc-cedict	to rotate/to twirl/to run around/to encircle/rotation/(coll.) to speak indirectly/to beat about the bush
轉塔	zhuàn tǎ	zhuǎn tǎ	cc-cedict	rotating turret
轉子	zhuàn zǐ	zhuǎn zǐ	cc-cedict	(electricity) rotor
轉差	zhuǎn chā	zhuǎn chà	cc-cedict	to slip (e.g. of clutch)/slippage/also used of economic indicators, statistical discrepancies etc
轉文	zhuǎi wén	zhuǎn wén	cc-cedict	to parade by interspersing one's speech or writing with literary allusions/Taiwan pr. [zhuan3 wen2]
轉椅	zhuàn yǐ	zhuǎn yǐ	cc-cedict	swivel chair/children's roundabout
轉爐	zhuàn lú	zhuǎn lú	cc-cedict	converter (rotary furnace in steelmaking)
轉盤	zhuàn pán	zhuǎn pán	cc-cedict	turntable/rotary (traffic)
轉矩	zhuàn jǔ	zhuǎn jǔ	cc-cedict	torque
轉磨	zhuàn mò	zhuǎn mó	cc-cedict	rotary grindstone
轉筋	zhuàn jīn	zhuǎn jīn	cc-cedict	muscle cramp
轉紐	zhuàn niǔ	zhuǎn niǔ	cc-cedict	organ stop (button activating a row of pipes)
轉置	zhuàn zhì	zhuǎn zhì	cc-cedict	to transpose
轉行	zhuǎn háng	zhuǎn xíng	cc-cedict	to change profession
轉車	zhuàn chē	zhuǎn chē	cc-cedict	a turntable
轉軸	zhuàn zhóu	zhuǎn zhóu	cc-cedict	axis of rotation
轉載	zhuǎn zǎi	zhuǎn zài	cc-cedict	to forward (a shipment)/to reprint sth published elsewhere/Taiwan pr. [zhuan3 zai4]
轉輪	zhuàn lún	zhuǎn lún	cc-cedict-buddhist	rotating disk/wheel/rotor/cycle of reincarnation in Buddhism
轉速	zhuàn sù	zhuǎn sù	cc-cedict	angular velocity/number of revolutions per minute
轉鈴	zhuàn líng	zhuǎn líng	cc-cedict	bicycle bell (with a rotating internal mechanism)
轉門	zhuàn mén	zhuǎn mén	cc-cedict	revolving door/turnstile
轉頭	zhuàn tóu	zhuǎn tóu	cc-cedict	nutation (plants turning to face the sun)
轉鼓	zhuàn gǔ	zhuǎn gǔ	cc-cedict	rotary drum
轘裂	huàn liè	huán liè	cc-cedict	see 車裂|车裂[che1 lie4]
轟隆	hōng lōng	hōng lóng	cc-cedict	(onom.) rumbling/rolling
辟穀	bì gǔ	pì gǔ	cc-cedict	(Taoism) to abstain from eating cereals; to fast/also pr. [pi4gu3]
辟邪	bì xié	pì xié	cc-cedict	to ward off evil spirits/mythical lion-like animal that wards off evil (also called 貔貅[pi2 xiu1])
辟雍	bì yōng	pì yōng	cc-cedict	central of the five Zhou dynasty royal academies
辯難	biàn nàn	biàn nán	cc-cedict	to debate/to retort/to refute
農地	nóng dì	nóng de	cc-cedict	farmland
農舍	nóng shè	nóng shě	cc-cedict	farmhouse
返還	fǎn huán	fǎn hái	cc-cedict	restitution/return of something to its original owner/remittance
迤邐	yǐ lǐ	yí lǐ	cc-cedict	meandering/winding
迪吧	dí bā	dí ba	cc-cedict	disco (coll.)/diva (loanword)
迫供	pò gòng	pò gōng	cc-cedict	to extort a confession/Taiwan pr. [po4 gong1]
迫降	pò xiáng	pò jiàng	cc-cedict	to force sb to surrender
追還	zhuī huán	zhuī hái	cc-cedict	to recover (lost property or money)/to win back
退還	tuì huán	tuì hái	cc-cedict	to return (sth borrowed etc); to send back; to refund; to rebate
送還	sòng huán	sòng hái	cc-cedict	to return/to give back/to send back/to repatriate
逃奔	táo bèn	táo bēn	cc-cedict	to run away to/to flee
逃難	táo nàn	táo nán	cc-cedict	to run away from trouble/to flee from calamity/to be a refugee
逆差	nì chā	nì chà	cc-cedict	adverse trade balance/trade deficit
逐行	zhú háng	zhú xíng	cc-cedict	line by line (translation, scanning etc)/progressive
逗遛	dòu liú	dòu liù	cc-cedict	variant of 逗留[dou4 liu2]
這兒	zhè r	zhè ér	cc-cedict	here
這末	zhè me	zhè mò	cc-cedict	variant of 這麼|这么[zhe4 me5]
這麽	zhè me	zhè mó	cc-cedict	variant of 這麼|这么[zhe4 me5]
逢俉	féng wú	féng wǔ	cc-cedict	to come across sth scary; to have a fright
連翹	lián qiáo	lián qiào	cc-cedict	Forsythia
連載	lián zǎi	lián zài	cc-cedict	serialized/published as a serial (in a newspaper)
逮捕	dài bǔ	dǎi bǔ	cc-cedict	to arrest; to apprehend; to take into custody/Taiwan pr. [dai3bu3]
週長	zhōu cháng	zhōu zhǎng	cc-cedict	variant of 周長|周长[zhou1 chang2]
逼供	bī gòng	bī gōng	cc-cedict	to extort a confession
遇難	yù nàn	yù nán	cc-cedict	to perish/to be killed
運將	yùn jiàng	yùn jiāng	cc-cedict	driver (of a taxi etc) (loanword from Japanese) (Tw)
遍地	biàn dì	biàn de	cc-cedict	everywhere/all over
過分	guò fèn	guò fēn	cc-cedict	excessive; undue/unduly; overly
過當	guò dàng	guò dāng	cc-cedict	excessive
道地	dào dì	dào de	cc-cedict	authentic/original
道藏	dào zàng	dào cáng	cc-cedict	Daoist scripture
道行	dào héng	dào xíng	cc-cedict	skills acquired through religious practice/(fig.) ability/skill/Taiwan pr. [dao4 hang5]
道觀	dào guàn	dào guān	cc-cedict	Daoist temple
遞解	dì jiè	dì jiě	cc-cedict	to escort a criminal under guard (in former times)
適應	shì yìng	shì yīng	cc-cedict	to adapt/to fit/to suit
適當	shì dàng	shì dāng	cc-cedict	suitable; appropriate
遭難	zāo nàn	zāo nán	cc-cedict	to run into misfortune
遷都	qiān dū	qiān dōu	cc-cedict	to move the capital (city)
選中	xuǎn zhòng	xuǎn zhōng	cc-cedict	to select; to choose; to decide on
選角	xuǎn jué	xuǎn jiǎo	cc-cedict	to cast actors for a film, play etc
避難	bì nàn	bì nán	cc-cedict	to take refuge; to seek asylum
還俗	huán sú	hái sú	cc-cedict	to return to normal life (leaving a monastic order)
還債	huán zhài	hái zhài	cc-cedict	to settle a debt
還價	huán jià	hái jià	cc-cedict	to make a counteroffer when haggling/to bargain
還原	huán yuán	hái yuán	cc-cedict	to restore to the original state/to reconstruct (an event)/reduction (chemistry)
還口	huán kǒu	hái kǒu	cc-cedict	to retort/to answer back
還嘴	huán zuǐ	hái zuǐ	cc-cedict	to retort/to answer back
還報	huán bào	hái bào	cc-cedict	to return a favor/to reciprocate/(literary) to report back
還席	huán xí	hái xí	cc-cedict	to offer a return banquet
還手	huán shǒu	hái shǒu	cc-cedict	to hit back/to retaliate
還擊	huán jī	hái jī	cc-cedict	to hit back/to return fire
還書	huán shū	hái shū	cc-cedict	return books
還本	huán běn	hái běn	cc-cedict	to repay capital
還款	huán kuǎn	hái kuǎn	cc-cedict	repayment/to pay back money
還清	huán qīng	hái qīng	cc-cedict	to pay back in full/to redeem a debt
還禮	huán lǐ	hái lǐ	cc-cedict	to return a politeness/to present a gift in return
還給	huán gěi	hái gěi	cc-cedict	to return sth to sb
還貸	huán dài	hái dài	cc-cedict	to repay a loan
還賬	huán zhàng	hái zhàng	cc-cedict	to settle and account
還鄉	huán xiāng	hái xiāng	cc-cedict	(literary) to return to one's native place
還陽	huán yáng	hái yáng	cc-cedict	to come back to life (after death)
還願	huán yuàn	hái yuàn	cc-cedict	to redeem a vow (to a deity)/to fulfill a promise/votive
還魂	huán hún	hái hún	cc-cedict	to return from the grave/(old) to recycle (waste products)
邊兒	biān r	biān ér	cc-cedict	side/edge/margin/border/boundary/proximity/thread (of ideas, plots etc)/see also 邊|边[bian1]
邊卡	biān qiǎ	biān kǎ	cc-cedict	border checkpoint
邊地	biān dì	biān de	cc-cedict	border district/borderland
邊塞	biān sài	biān sāi	cc-cedict	frontier fortress
邊長	biān cháng	biān zhǎng	cc-cedict	(geometry) side length
那兒	nà r	nà ér	cc-cedict	there
那堤	nà tí	nà dī	cc-cedict	(Tw) (loanword) latte
那曲	nà qǔ	nà qū	cc-cedict	see 那曲市[Na4 qu3 Shi4]
那末	nà me	nà mò	cc-cedict	variant of 那麼|那么[na4 me5]
那知	nǎ zhī	nà zhī	cc-cedict	variant of 哪知[na3 zhi1]
那麽	nà me	nà mó	cc-cedict	variant of 那麼|那么[na4 me5]
郫都	pí dū	pí dōu	cc-cedict	see 郫都區|郫都区[Pi2 du1 Qu1]
郵差	yóu chāi	yóu chà	cc-cedict	postman; mailman (dated in mainland China)
都勻	dū yún	dōu yún	cc-cedict	see 都勻市|都匀市[Du1 yun2 Shi4]
都城	dū chéng	dōu chéng	cc-cedict	capital city
都安	dū ān	dōu ān	cc-cedict	see 都安瑤族自治縣|都安瑶族自治县[Du1 an1 Yao2 zu2 Zi4 zhi4 xian4]
都尉	dū wèi	dōu wèi	cc-cedict	military rank
都市	dū shì	dōu shì	cc-cedict	city; metropolis
都昌	dū chāng	dōu chāng	cc-cedict	see 都昌縣|都昌县[Du1 chang1 Xian4]
都會	dū huì	dōu huì	cc-cedict	city/metropolis
都督	dū dū	dōu dū	cc-cedict	(army) commander-in-chief (archaic)/provincial military governor and civil administrator during the early Republic of Ch
都蘭	dū lán	dōu lán	cc-cedict	see 都蘭縣|都兰县[Du1 lan2 Xian4]
都護	dū hù	dōu hù	cc-cedict	(old) highest administrative post in border areas/governor of a march
都靈	dū líng	dōu líng	cc-cedict	Torino/Turin (Italy)
鄙薄	bǐ bó	bǐ báo	cc-cedict	to despise/to scorn
鄧拓	dèng tuò	dèng tà	cc-cedict	Deng Tuo (1912-1966), sociologist and journalist, died under persecution at the start of the Cultural Revolution/wrote u
鄰舍	lín shè	lín shě	cc-cedict	neighbor/person next door
酆都	fēng dū	fēng dōu	cc-cedict	old variant of 豐都|丰都[Feng1 du1]/Fengdu county Chongqing municipality/name of a famous necropolis
酌處	zhuó chǔ	zhuó chù	cc-cedict	to use one's own discretion
酌量	zhuó liáng	zhuó liàng	cc-cedict	to consider/to allow for/to use one's discretion/to measure (food and drink)
配樂	pèi yuè	pèi lè	cc-cedict	to create music for a movie or stage production/to dub music onto a soundtrack/incidental music/soundtrack music
配稱	pèi chèn	pèi chēng	cc-cedict	worthy
配給	pèi jǐ	pèi gěi	cc-cedict	to ration/to allocate
配角	pèi jué	pèi jiǎo	cc-cedict	supporting role; minor role/(of actors) to perform together
酒吧	jiǔ bā	jiǔ ba	cc-cedict	bar (place to buy drinks)/CL:家[jia1]
酒殽	jiǔ yáo	jiǔ xiáo	cc-cedict	wine and meat/food and drink
酩酊	mǐng dǐng	mǐng dīng	cc-cedict	blind drunk
酬和	chóu hè	chóu hé	cc-cedict	to respond to a poem with a poem
酬應	chóu yìng	chóu yīng	cc-cedict	social interaction
酸曲	suān qǔ	suān qū	cc-cedict	love song
醉倒	zuì dǎo	zuì dào	cc-cedict	to pass out drunk
醒豁	xǐng huò	xǐng huō	cc-cedict	clear/unambiguous
醜相	chǒu xiàng	chǒu xiāng	cc-cedict	ugly expression/unsightly manners
醫卜	yī bǔ	yī bo	cc-cedict	medicine and divination
采地	cài dì	cǎi de	cc-cedict	fief
采邑	cài yì	cǎi yì	cc-cedict	fief
釋卷	shì juàn	shì juǎn	cc-cedict	to stop reading
里弄	lǐ lòng	lǐ nòng	cc-cedict	lanes and alleys/neighborhood/lane neighborhoods in parts of Shanghai, with modified Chinese courtyard houses, occupied 
重九	chóng jiǔ	zhòng jiǔ	cc-cedict	the Double Ninth Festival (9th day of the 9th lunar month)
重五	chóng wǔ	zhòng wǔ	cc-cedict	Dragon Boat Festival (5th day of 5th lunar month)
重估	chóng gū	zhòng gū	cc-cedict	to re-evaluate
重來	chóng lái	zhòng lái	cc-cedict	to start over/to do sth all over again
重修	chóng xiū	zhòng xiū	cc-cedict	to reconstruct/to repair/to revamp/to revise/to retake a failed course
重做	chóng zuò	zhòng zuò	cc-cedict	to redo
重光	chóng guāng	zhòng guāng	cc-cedict	to recover one's sight/(fig.) to recover (lost territories)
重刊	chóng kān	zhòng kān	cc-cedict	to reprint
重創	zhòng chuāng	zhòng chuàng	cc-cedict	to inflict heavy losses; to inflict serious damage
重午	chóng wǔ	zhòng wǔ	cc-cedict	Dragon Boat Festival (5th day of 5th lunar month)
重印	chóng yìn	zhòng yìn	cc-cedict	to reprint
重又	chóng yòu	zhòng yòu	cc-cedict	once again
重合	chóng hé	zhòng hé	cc-cedict	to match up/to coincide
重名	chóng míng	zhòng míng	cc-cedict	to have the same name
重啟	chóng qǐ	zhòng qǐ	cc-cedict	to restart (a machine etc); to reactivate (a postponed project etc)
重回	chóng huí	zhòng huí	cc-cedict	to return
重圍	chóng wéi	zhòng wéi	cc-cedict	to redouble a siege
重地	zhòng dì	zhòng de	cc-cedict	location of political, economic, military, or cultural importance (usu. not open to the general public); sensitive area
重塑	chóng sù	zhòng sù	cc-cedict	to reconstruct (an art object)/to remodel
重奏	chóng zòu	zhòng zòu	cc-cedict	musical ensemble of several instruments (e.g. duet 二重奏 or trio 三重奏)
重婚	chóng hūn	zhòng hūn	cc-cedict	bigamy
重孫	chóng sūn	zhòng sūn	cc-cedict	great-grandson
重審	chóng shěn	zhòng shěn	cc-cedict	to reinvestigate/to investigate and reconsider a judgment
重屋	chóng wū	zhòng wū	cc-cedict	lit. multiple roof/building of several stories
重建	chóng jiàn	zhòng jiàn	cc-cedict	to rebuild; to reconstruct; to reestablish
重影	chóng yǐng	zhòng yǐng	cc-cedict	overlapping images/double exposure of photo (e.g. due to fault or motion of camera)/double vision
重慶	chóng qìng	zhòng qìng	cc-cedict	Chongqing municipality (short name 渝[Yu2])
重拾	chóng shí	zhòng shí	cc-cedict	to pick up (a theme etc)/to regain (confidence)/to revive (a custom, friendship etc)
重振	chóng zhèn	zhòng zhèn	cc-cedict	to revitalize; to restore (prestige, prosperity etc)/revival; recovery
重排	chóng pái	zhòng pái	cc-cedict	to rearrange/to retypeset
重提	chóng tí	zhòng tí	cc-cedict	to raise the same topic
重插	chóng chā	zhòng chā	cc-cedict	to replug/to disconnect and reconnect (from a plug, port, connection etc)
重播	chóng bō	zhòng bō	cc-cedict	to replay/to rerun/(agriculture) to reseed/to oversow
重擔	zhòng dàn	zhòng dān	cc-cedict	heavy burden; difficult task; great responsibility
重整	chóng zhěng	zhòng zhěng	cc-cedict	to restructure/to reorganize/to revamp
重文	chóng wén	zhòng wén	cc-cedict	repetitious passage/multiple variants of Chinese characters
重新	chóng xīn	zhòng xīn	cc-cedict	again; once more; re-
重映	chóng yìng	zhòng yìng	cc-cedict	to reshow (a movie)
重查	chóng chá	zhòng chá	cc-cedict	to reinvestigate; to check again
重構	chóng gòu	zhòng gòu	cc-cedict	to reconstruct/reconstruction/(computing) refactoring
重樓	chóng lóu	zhòng lóu	cc-cedict	multistory building
重樣	chóng yàng	zhòng yàng	cc-cedict	same/similar/same type
重沓	chóng tà	zhòng dá	cc-cedict	redundant/to pile up
重洋	chóng yáng	zhòng yáng	cc-cedict	seas and oceans
重混	chóng hùn	zhòng hùn	cc-cedict	remix (music)
重溫	chóng wēn	zhòng wēn	cc-cedict	to learn sth over again/to review/to brush up/to revive (memories, friendship etc)
重演	chóng yǎn	zhòng yǎn	cc-cedict	to recur (of events, esp. adverse ones)/to repeat (a performance)
重版	chóng bǎn	zhòng bǎn	cc-cedict	to republish
重獲	chóng huò	zhòng huò	cc-cedict	to regain
重玩	chóng wán	zhòng wán	cc-cedict	to replay (a video game)
重現	chóng xiàn	zhòng xiàn	cc-cedict	to reappear
重瓣	chóng bàn	zhòng bàn	cc-cedict	(botany) double-flowered
重生	chóng shēng	zhòng shēng	cc-cedict	to be reborn/rebirth
重申	chóng shēn	zhòng shēn	cc-cedict	to reaffirm/to reiterate
重疊	chóng dié	zhòng dié	cc-cedict	to overlap/to superimpose/to telescope/to run together/to duplicate/one over another/superposition/an overlap/redundancy
重碼	chóng mǎ	zhòng mǎ	cc-cedict	repeated code/coincident code (i.e. two characters or words having the same encoding)
重算	chóng suàn	zhòng suàn	cc-cedict	to recalculate/to reckon again
重組	chóng zǔ	zhòng zǔ	cc-cedict	to reorganize; to recombine; to restructure
重編	chóng biān	zhòng biān	cc-cedict	(of a dictionary etc) revised edition
重繭	chóng jiǎn	zhòng jiǎn	cc-cedict	thick callus/(literary) thick silkwaste padded clothes
重置	chóng zhì	zhòng zhì	cc-cedict	to reset/reset/replacement
重聚	chóng jù	zhòng jù	cc-cedict	to meet again
重聯	chóng lián	zhòng lián	cc-cedict	(physics) magnetic reconnection/(railways) double heading (using two locomotives at the front of a train)
重茬	chóng chá	zhòng chá	cc-cedict	continuous cropping; to plant the same crop continuously on the same land
重荷	zhòng hè	zhòng hé	cc-cedict	heavy load/heavy burden
重裝	chóng zhuāng	zhòng zhuāng	cc-cedict	(computing) to reinstall
重製	chóng zhì	zhòng zhì	cc-cedict	to make a copy/to reproduce/to remake (a movie)
重複	chóng fù	zhòng fù	cc-cedict	to repeat/to duplicate/CL:個|个[ge4]
重覆	chóng fù	zhòng fù	cc-cedict	variant of 重複|重复[chong2 fu4]
重訪	chóng fǎng	zhòng fǎng	cc-cedict	to revisit
重設	chóng shè	zhòng shè	cc-cedict	to reset
重評	chóng píng	zhòng píng	cc-cedict	to reevaluate/to reassess
重試	chóng shì	zhòng shì	cc-cedict	to retry/to try again
重譯	chóng yì	zhòng yì	cc-cedict	to translate again (i.e. to redo the same translation)/to translate repeatedly from one language to the next (so multipl
重趼	chóng jiǎn	zhòng jiǎn	cc-cedict	thick callus
重蹈	chóng dǎo	zhòng dǎo	cc-cedict	(fig.) to follow (a path that has proved ill-advised)
重載	chóng zài	zhòng zài	cc-cedict	(computing) overloading
重返	chóng fǎn	zhòng fǎn	cc-cedict	to return to
重迭	chóng dié	zhòng dié	cc-cedict	variant of 重疊|重叠[chong2 die2]
重述	chóng shù	zhòng shù	cc-cedict	to repeat/to restate/to recapitulate
重造	chóng zào	zhòng zào	cc-cedict	to reconstruct
重逢	chóng féng	zhòng féng	cc-cedict	to meet again/to be reunited/reunion
重連	chóng lián	zhòng lián	cc-cedict	to reconnect
重重	chóng chóng	zhòng zhòng	cc-cedict	layer upon layer/one after another
重開	chóng kāi	zhòng kāi	cc-cedict	to reopen
重陽	chóng yáng	zhòng yáng	cc-cedict	Double Ninth or Yang Festival/9th day of 9th lunar month
重霄	chóng xiāo	zhòng xiāo	cc-cedict	ninth heaven/Highest Heaven
重頭	chóng tóu	zhòng tóu	cc-cedict	anew/from the beginning/(in poetry and song) repetition of a melody or rhythm
重黎	chóng lí	zhòng lí	cc-cedict	Chongli, another name for Zhurong 祝融[Zhu4 rong2], god of fire
重點	chóng diǎn	zhòng diǎn	cc-cedict	to recount (e.g. results of election)/to re-evaluate
野地	yě dì	yě de	cc-cedict	wilderness
量具	liáng jù	liàng jù	cc-cedict	measuring device
量器	liáng qì	liàng qì	cc-cedict	measuring vessel/measuring apparatus
量度	liáng dù	liàng dù	cc-cedict	to measure/measurement
量杯	liáng bēi	liàng bēi	cc-cedict	measuring cup/graduated measuring cylinder
量測	liáng cè	liàng cè	cc-cedict	to measure/measurement
量瓶	liáng píng	liàng píng	cc-cedict	measuring flask/graduated measuring cylinder
量程	liáng chéng	liàng chéng	cc-cedict	range (of scales or measuring equipment)
量筒	liáng tǒng	liàng tǒng	cc-cedict	graduated measuring cylinder/volumetric cylinder
量表	liáng biǎo	liàng biǎo	cc-cedict	gauge/meter/scale
量規	liáng guī	liàng guī	cc-cedict	gauge held against an object to judge thickness, diameter etc (e.g. feeler gauge, calipers)/rubric (i.e. a guide listing
量計	liáng jì	liàng jì	cc-cedict	gauge
量身	liáng shēn	liàng shēn	cc-cedict	to take sb's measurements/to measure sb up
釐克	lí kè	xī kè	cc-cedict	centigram
釐升	lí shēng	xī shēng	cc-cedict	centiliter
釐析	lí xī	xī xī	cc-cedict	to analyze in detail
釐清	lí qīng	xī qīng	cc-cedict	to clarify (the facts)/clarification
釐瓦	lí wǎ	xī wǎ	cc-cedict	centiwatt
釐米	lí mǐ	xī mǐ	cc-cedict	centimeter
金曲	jīn qǔ	jīn qū	cc-cedict	hit song
金桔	jīn jú	jīn jié	cc-cedict	kumquat
釘死	dìng sǐ	dīng sǐ	cc-cedict	to nail securely/to execute by means of impalement/to crucify
釘耙	dīng pá	dīng bà	cc-cedict	rake
鉛山	yán shān	qiān shān	cc-cedict	see 鉛山縣|铅山县[Yan2 shan1 Xian4]
鉤兒	gōu r	gōu ér	cc-cedict	erhua variant of 鉤|钩[gou1]
銀行	yín háng	yín xíng	cc-cedict	bank/CL:家[jia1],個|个[ge4]
銑工	xǐ gōng	xiǎn gōng	cc-cedict	milling (machining)/milling machine operator
銑床	xǐ chuáng	xiǎn chuáng	cc-cedict	milling machine
銷假	xiāo jià	xiāo jiǎ	cc-cedict	to report back after a period of absence
銷冠	xiāo guàn	xiāo guān	cc-cedict	top salesperson; sales champion/top-selling product; best-selling model
鋤地	chú dì	chú de	cc-cedict	to hoe/to weed the soil
鋪墊	pū diàn	pù diàn	cc-cedict	to spread out bedding/bedcover
鋪展	pū zhǎn	pù zhǎn	cc-cedict	to spread out
鋪平	pū píng	pù píng	cc-cedict	to spread out (material)/to pave (the way, a road etc)
鋪床	pū chuáng	pù chuáng	cc-cedict	to make a bed/to lay bedding
鋪張	pū zhāng	pù zhāng	cc-cedict	ostentation/extravagance
鋪排	pū pái	pù pái	cc-cedict	to arrange
鋪擺	pū bǎi	pù bǎi	cc-cedict	to display (goods)/to dispose of
鋪放	pū fàng	pù fàng	cc-cedict	to display
鋪敘	pū xù	pù xù	cc-cedict	to explain all the details/complete narrative
鋪梗	pū gěng	pù gěng	cc-cedict	(Tw) to set the scene; to lay the groundwork; to pique the interest of one's audience
鋪炕	pū kàng	pù kàng	cc-cedict	to make a bed/to lay bedding
鋪砌	pū qì	pù qì	cc-cedict	to pave
鋪蓋	pū gài	pù gài	cc-cedict	to spread evenly over
鋪蓋	pū gai	pù gài	cc-cedict	bedding; bedclothes
鋪襯	pū chèn	pù chèn	cc-cedict	to serve as a contrasting element
鋪設	pū shè	pù shè	cc-cedict	to lay (railroad tracks, carpet, pipeline)/to install (wiring, cable)/to construct (road, concrete slab)
鋪路	pū lù	pù lù	cc-cedict	to pave (with paving stones)/to lay a road/(fig.) to lay the groundwork (for sth)/to give a present to sb to ensure succ
鋪軌	pū guǐ	pù guǐ	cc-cedict	to lay railway track
鋪陳	pū chén	pù chén	cc-cedict	to arrange/to spread out/to narrate in detail/to describe at great length/to elaborate
鋪面	pū miàn	pù miàn	cc-cedict	paving/pavement
鋪首	pū shǒu	pù shǒu	cc-cedict	holder for door knocker
錄供	lù gòng	lù gōng	cc-cedict	to take down a confession/Taiwan pr. [lu4gong1]
錄相	lù xiàng	lù xiāng	cc-cedict	variant of 錄像|录像[lu4 xiang4]
鎖匙	suǒ chí	suǒ shi	cc-cedict	(dialect) key/Taiwan pr. [suo3 shi5]
鎖鑰	suǒ yuè	suǒ yào	cc-cedict	key and lock/(fig.) strategic place
鎦子	liù zi	liú zǐ	cc-cedict	(dialect) finger ring
鎬把	gǎo bǎ	hào bǎ	cc-cedict	pickaxe handle
鎬頭	gǎo tou	hào tóu	cc-cedict	pickaxe
鎮咳	zhèn ké	zhèn hāi	cc-cedict	cough suppressant
鏹水	qiāng shuǐ	qiǎng shuǐ	cc-cedict	(coll.) strong acid
鐘樂	zhōng yuè	zhōng lè	cc-cedict	bells
鑽卡	zuàn qiǎ	zuān kǎ	cc-cedict	drill chuck
鑽壓	zuàn yā	zuān yā	cc-cedict	pressure on a drill bit
鑽床	zuàn chuáng	zuān chuáng	cc-cedict	drilling machine; drill press
鑽戒	zuàn jiè	zuān jiè	cc-cedict	diamond ring/CL:隻|只[zhi1]
鑽機	zuàn jī	zuān jī	cc-cedict	drilling machine
鑽石	zuàn shí	zuān shí	cc-cedict	diamond/CL:顆|颗[ke1]
鑽頭	zuàn tóu	zuān tóu	cc-cedict	drill bit
長三	cháng sān	zhǎng sān	cc-cedict	(old) high-class prostitute
長久	cháng jiǔ	zhǎng jiǔ	cc-cedict	long-time; long-term/lasting; enduring; permanent/for a long time
長倉	cháng cāng	zhǎng cāng	cc-cedict	long position (finance)
長假	cháng jià	zhǎng jiǎ	cc-cedict	long vacation
長凳	cháng dèng	zhǎng dèng	cc-cedict	pew/bench/CL:張|张[zhang1]
長命	cháng mìng	zhǎng mìng	cc-cedict	long-lived
長嘆	cháng tàn	zhǎng tàn	cc-cedict	long sigh/deep sigh
長垣	cháng yuán	zhǎng yuán	cc-cedict	see 長垣市|长垣市[Chang2 yuan2 Shi4]
長城	cháng chéng	zhǎng chéng	cc-cedict	the Great Wall
長壽	cháng shòu	zhǎng shòu	cc-cedict	see 長壽區|长寿区[Chang2 shou4 Qu1]
長壽	cháng shòu	zhǎng shòu	cc-cedict	longevity/long-lived
長多	cháng duō	zhǎng duō	cc-cedict	good prospects in the long term (finance)
長夜	cháng yè	zhǎng yè	cc-cedict	long dark night/fig. long period of misery and oppression
長存	cháng cún	zhǎng cún	cc-cedict	to last for a long time; to endure/to exist forever
長安	cháng ān	zhǎng ān	cc-cedict	Chang'an (ancient name of Xi'an 西安[Xi1 an1]), capital of several Chinese dynasties from 202 BC to 907 CE/see 長安區|长安区[Cha
長寧	cháng níng	zhǎng níng	cc-cedict	Changning County in Yibin 宜賓|宜宾[Yi2 bin1], Sichuan/Changning District in Shanghai
長寬	cháng kuān	zhǎng kuān	cc-cedict	length and width; size; dimensions
長尾	cháng wěi	zhǎng wěi	cc-cedict	long tail
長崎	cháng qí	zhǎng qí	cc-cedict	Nagasaki (city in Japan)
長嶺	cháng lǐng	zhǎng lǐng	cc-cedict	see 長嶺縣|长岭县[Chang2 ling3 Xian4]
長平	cháng píng	zhǎng píng	cc-cedict	Changping, place name in Gaoping County 高平縣|高平县, southern Shanxi, the scene of the great battle of 262-260 BC between Qi
長年	cháng nián	zhǎng nián	cc-cedict	all the year round
長庚	cháng gēng	zhǎng gēng	cc-cedict	Classical Chinese name for planet Venus in the west after dusk
長度	cháng dù	zhǎng dù	cc-cedict	length
長廊	cháng láng	zhǎng láng	cc-cedict	promenade/long hallway/Long Corridor in the Summer Palace, Beijing 北京頤和園|北京颐和园[Bei3 jing1 Yi2 he2 yuan2]
長弓	cháng gōng	zhǎng gōng	cc-cedict	longbow
長征	cháng zhēng	zhǎng zhēng	cc-cedict	Long March (retreat of the Red Army 1934-1935)
長征	cháng zhēng	zhǎng zhēng	cc-cedict	expedition/long journey
長情	cháng qíng	zhǎng qíng	cc-cedict	to have an enduring and faithful love for sb or sth
長技	cháng jì	zhǎng jì	cc-cedict	special skill
長拳	cháng quán	zhǎng quán	cc-cedict	Changquan - Northern Shaolin (北少林) - Longfist - Martial Art
長按	cháng àn	zhǎng àn	cc-cedict	to long press (a button)
長揖	cháng yī	zhǎng yī	cc-cedict	to bow deeply, starting upright with arms straight out in front, one hand cupped in the other, then moving the hands dow
長效	cháng xiào	zhǎng xiào	cc-cedict	to be effective over an extended period
長於	cháng yú	zhǎng yú	cc-cedict	to be adept in/to excel at
長春	cháng chūn	zhǎng chūn	cc-cedict	see 長春市|长春市[Chang2 chun1 Shi4]
長期	cháng qī	zhǎng qī	cc-cedict	long-term; for a protracted period
長板	cháng bǎn	zhǎng bǎn	cc-cedict	longboard
長柄	cháng bǐng	zhǎng bǐng	cc-cedict	long handle/stem
長條	cháng tiáo	zhǎng tiáo	cc-cedict	strip
長棍	cháng gùn	zhǎng gùn	cc-cedict	baguette
長椅	cháng yǐ	zhǎng yǐ	cc-cedict	bench
長榮	cháng róng	zhǎng róng	cc-cedict	Evergreen (Group), Taiwan-based shipping and transportation conglomerate
長槍	cháng qiāng	zhǎng qiāng	cc-cedict	pike/CL:支[zhi1]
長樂	cháng lè	zhǎng lè	cc-cedict	see 長樂區|长乐区[Chang2 le4 Qu1]/Princess Changle of Western Wei of the Northern Dynasties 西魏[Xi1 Wei4], given in marriage c.
長武	cháng wǔ	zhǎng wǔ	cc-cedict	see 長武縣|长武县[Chang2 wu3 Xian4]
長毛	cháng máo	zhǎng máo	cc-cedict	(derog.) the Longhairs (Taiping rebels of the 19th century)
長毛	cháng máo	zhǎng máo	cc-cedict	long-wool (sheep etc)/long-haired (dog etc)
長汀	cháng tīng	zhǎng tīng	cc-cedict	see 長汀縣|长汀县[Chang2 ting1 Xian4]
長江	cháng jiāng	zhǎng jiāng	cc-cedict	Yangtze River, or Chang Jiang
長沙	cháng shā	zhǎng shā	cc-cedict	see 長沙市|长沙市[Chang2 sha1 Shi4]/see 長沙縣|长沙县[Chang2 sha1 Xian4]
長河	cháng hé	zhǎng hé	cc-cedict	long river; (fig.) long flow of time
長治	cháng zhì	zhǎng zhì	cc-cedict	see 長治市|长治市[Chang2 zhi4 Shi4]
長波	cháng bō	zhǎng bō	cc-cedict	longwave (radio)
長泰	cháng tài	zhǎng tài	cc-cedict	see 長泰區|长泰区[Chang2 tai4 Qu1]
長洲	cháng zhōu	zhǎng zhōu	cc-cedict	see 長洲區|长洲区[Chang2 zhou1 Qu1]
長海	cháng hǎi	zhǎng hǎi	cc-cedict	see 長海縣|长海县[Chang2 hai3 Xian4]
長清	cháng qīng	zhǎng qīng	cc-cedict	see 長清區|长清区[Chang2 qing1 Qu1]
長漂	cháng piāo	zhǎng piào	cc-cedict	rafting on the Yangtze River (abbr. for 長江漂流|长江漂流[Chang2 Jiang1 piao1 liu2])
長煙	cháng yān	zhǎng yān	cc-cedict	endless mist
長照	cháng zhào	zhǎng zhào	cc-cedict	(Tw) (social welfare) long-term care (abbr. for 長期照顧|长期照顾[chang2 qi1 zhao4 gu5])
長片	cháng piàn	zhǎng piàn	cc-cedict	feature-length film
長牙	cháng yá	zhǎng yá	cc-cedict	tusk
長物	cháng wù	zhǎng wù	cc-cedict	(literary) things other than the bare necessities of life/item of some value/Taiwan pr. [zhang4 wu4]
長班	cháng bān	zhǎng bān	cc-cedict	(old) footman/servant
長生	cháng shēng	zhǎng shēng	cc-cedict	long life
長白	cháng bái	zhǎng bái	cc-cedict	see 長白朝鮮族自治縣|长白朝鲜族自治县[Chang2 bai2 Chao2 xian3 zu2 Zi4 zhi4 xian4]
長相	zhǎng xiàng	zhǎng xiāng	cc-cedict	appearance/looks/profile/countenance
長眠	cháng mián	zhǎng mián	cc-cedict	(euphemism) to rest eternally; to lie buried in (one's final resting place)
長矛	cháng máo	zhǎng máo	cc-cedict	pike/lance/CL:把[ba3],柄[bing3]
長短	cháng duǎn	zhǎng duǎn	cc-cedict	length/accident; mishap/right and wrong; good and bad; merits and demerits
長石	cháng shí	zhǎng shí	cc-cedict	(mineralogy) feldspar
長空	cháng kōng	zhǎng kōng	cc-cedict	(literary) the vast sky/(finance) eventual downturn/poor prospects in the long term
長笛	cháng dí	zhǎng dí	cc-cedict	(Western) concert flute
長篇	cháng piān	zhǎng piān	cc-cedict	lengthy (report or speech)
長籼	cháng xiān	zhǎng xiān	cc-cedict	long-grained rice (Indian rice, as opposed to round-grained rice)
長線	cháng xiàn	zhǎng xiàn	cc-cedict	long term
長至	cháng zhì	zhǎng zhì	cc-cedict	the summer solstice
長興	cháng xīng	zhǎng xìng	cc-cedict	see 長興縣|长兴县[Chang2 xing1 Xian4]
長舌	cháng shé	zhǎng shé	cc-cedict	loquacious/to have a loose tongue
長葛	cháng gě	zhǎng gé	cc-cedict	see 長葛市|长葛市[Chang2 ge3 Shi4]
長處	cháng chù	zhǎng chù	cc-cedict	good aspects/strong points
長號	cháng hào	zhǎng hào	cc-cedict	trombone
長虹	cháng hóng	zhǎng hóng	cc-cedict	Changhong (brand)
長衫	cháng shān	zhǎng shān	cc-cedict	long gown/cheongsam/traditional Asian dress for men or (in Hong Kong) women's qipao
長袍	cháng páo	zhǎng páo	cc-cedict	chang pao (traditional Chinese men's robe)/gown/robe/CL:件[jian4]
長袖	cháng xiù	zhǎng xiù	cc-cedict	long sleeves/long-sleeved shirt
長裙	cháng qún	zhǎng qún	cc-cedict	long skirt; full-length skirt
長褲	cháng kù	zhǎng kù	cc-cedict	trousers
長襪	cháng wà	zhǎng wà	cc-cedict	hose/stocking
長詩	cháng shī	zhǎng shī	cc-cedict	long poem
長談	cháng tán	zhǎng tán	cc-cedict	a long talk
長豐	cháng fēng	zhǎng fēng	cc-cedict	see 長豐縣|长丰县[Chang2 feng1 Xian4]
長足	cháng zú	zhǎng zú	cc-cedict	remarkable (progress, improvement, expansion etc)
長跑	cháng pǎo	zhǎng pǎo	cc-cedict	long-distance running
長跪	cháng guì	zhǎng guì	cc-cedict	to kneel as in prayer (without sitting back on the heels)
長途	cháng tú	zhǎng tú	cc-cedict	long distance/long-distance phone call (abbr. for 長途電話|长途电话[chang2 tu2 dian4 hua4])/long-distance coach (abbr. for 長途汽車|
長逝	cháng shì	zhǎng shì	cc-cedict	to depart this life/to be no more
長達	cháng dá	zhǎng dá	cc-cedict	to extend as long as/to lengthen out to
長遠	cháng yuǎn	zhǎng yuǎn	cc-cedict	long-term/long-range
長野	cháng yě	zhǎng yě	cc-cedict	(Japanese surname) Nagano/Nagano (prefecture and city in Japan)
長釘	cháng dìng	zhǎng dīng	cc-cedict	spike
長針	cháng zhēn	zhǎng zhēn	cc-cedict	minute hand (of a clock or watch)/double crochet
長陽	cháng yáng	zhǎng yáng	cc-cedict	see 長陽土家族自治縣|长阳土家族自治县[Chang2 yang2 Tu3 jia1 zu2 Zi4 zhi4 xian4]
長隊	cháng duì	zhǎng duì	cc-cedict	line (i.e. of people waiting)/queue
長青	cháng qīng	zhǎng qīng	cc-cedict	(literary) evergreen; enduring (friendship etc)
長靴	cháng xuē	zhǎng xuē	cc-cedict	boot
長順	cháng shùn	zhǎng shùn	cc-cedict	see 長順縣|长顺县[Chang2 shun4 Xian4]
長髮	cháng fà	zhǎng fà	cc-cedict	long hair
長龍	cháng lóng	zhǎng lóng	cc-cedict	long queue/long line (of cars, people etc)
門地	mén dì	mén de	cc-cedict	variant of 門第|门第[men2 di4]
門將	mén jiàng	mén jiāng	cc-cedict	official gatekeeper/goalkeeper (soccer, hockey etc)
閉塞	bì sè	bì sāi	cc-cedict	to stop up/to close up/hard to get to/out of the way/inaccessible/unenlightened/blocking
閉著	bì zhe	bì zhù	cc-cedict	closed
開卷	kāi juàn	kāi juǎn	cc-cedict	to open a book/open-book (exam)
開地	kāi dì	kāi de	cc-cedict	to clear land (for cultivation)/to open up land
開徵	kāi zhēng	kāi zhǐ	cc-cedict	to start collecting taxes
開拓	kāi tuò	kāi tà	cc-cedict	to break new ground (for agriculture)/to open up (a new seam)/to develop (border regions)/fig. to open up (new horizons)
開衩	kāi chà	kāi chǎ	cc-cedict	slit (in clothing)
閒散	xián sǎn	xián sàn	cc-cedict	laid back; leisurely/(of resources: workers, funds etc) unused; idle
閒晃	xián huàng	xián huǎng	cc-cedict	to hang around/to hang out
閒空	xián kòng	xián kōng	cc-cedict	idle/free time/leisure
間作	jiàn zuò	jiān zuò	cc-cedict	interplanting
間使	jiàn shǐ	jiān shǐ	cc-cedict	secret envoy/acupuncture point Pc-5
間壁	jiàn bì	jiān bì	cc-cedict	next door/partition wall
間或	jiàn huò	jiān huò	cc-cedict	occasionally/now and then
間接	jiàn jiē	jiān jiē	cc-cedict	indirect
間斷	jiàn duàn	jiān duàn	cc-cedict	disconnected/interrupted/suspended/a gap/a break
間歇	jiàn xiē	jiān xiē	cc-cedict	to stop in the middle of sth/intermittent/intermittence
間苗	jiàn miáo	jiān miáo	cc-cedict	thinning out seedlings
間諜	jiàn dié	jiān dié	cc-cedict	spy
間隔	jiàn gé	jiān gé	cc-cedict	gap/interval/compartment/to divide/to separate/to leave a gap of (two weeks, three meters etc)
間隙	jiàn xì	jiān xì	cc-cedict	interval/gap/clearance
閩侯	mǐn hòu	mǐn hóu	cc-cedict	see 閩侯縣|闽侯县[Min3 hou4 Xian4]
閱卷	yuè juàn	yuè juǎn	cc-cedict	to grade exam papers/to review case files
閼氏	yān zhī	è shì	cc-cedict	formal wife of a Xiongnu chief during the Han Dynasty (206 BC-220 AD)
闊少	kuò shào	kuò shǎo	cc-cedict	(derog.) young man from a wealthy family
闌干	lán gān	lán gàn	cc-cedict	(literary) crisscross/uneven/disorderly/rim of the eye/variant of 欄杆|栏杆[lan2 gan1]
闌檻	lán jiàn	lán kǎn	cc-cedict	railing/fence/banisters
闍梨	shé lí	dū lí	cc-cedict-buddhist	Buddhist monk (Sanskrit: jala)
闍黎	shé lí	dū lí	cc-cedict-buddhist	Buddhist teacher (Sanskrit transliteration)/also written 闍梨|阇梨[she2 li2]
關卡	guān qiǎ	guān kǎ	cc-cedict	checkpoint (for taxation, security etc)/(fig.) barrier; hurdle; red tape/CL:道[dao4]/Taiwan pr. [guan1ka3]
關塞	guān sài	guān sāi	cc-cedict	border fort, esp. defending narrow valley
阻嚇	zǔ hè	zǔ xià	cc-cedict	to deter
阻塞	zǔ sè	zǔ sāi	cc-cedict	to block/to clog
阻橈	zǔ náo	zǔ ráo	cc-cedict	variant of 阻撓|阻挠[zu3 nao2]
阻難	zǔ nàn	zǔ nán	cc-cedict	to thwart/to impede
阿堵	ē dǔ	ā dǔ	cc-cedict	(literary) (colloquial term of the Six Dynasties period 六朝[Liu4 Chao2]) this/(abbr. for 阿堵物[e1 du3 wu4]) money
阿家	ā gū	ā jiā	cc-cedict	husband's mother
阿斗	ā dǒu	ā dòu	cc-cedict	A-dou, nickname of Liu Shan 劉禪|刘禅[Liu2 Shan4] (207-271), son of Liu Bei, reigned as Shu Han emperor 233-263/(fig.) weak 
阿膠	ē jiāo	ā jiāo	cc-cedict	donkey-hide gelatin (used in TCM)/Taiwan pr. [a1 jiao1]
阿諛	ē yú	ā yú	cc-cedict	to flatter/to toady
阿附	ē fù	ā fù	cc-cedict	to fawn (as flatterer)
阿難	ē nán	ā nán	cc-cedict	Prince Ananda, cousin of the Buddha and his closest disciple
陂塘	bēi táng	pí táng	cc-cedict	pool/pond
陂陀	pō tuó	pí tuó	cc-cedict	sloping and uneven
附和	fù hè	fù hé	cc-cedict	to agree/to go along with/to echo (what sb says)
附著	fù zhuó	fù zhù	cc-cedict	to adhere/attachment
降伏	xiáng fú	jiàng fú	cc-cedict	to subdue/to vanquish/to tame
降妖	xiáng yāo	jiàng yāo	cc-cedict	to subdue monsters
降將	xiáng jiàng	jiàng jiāng	cc-cedict	surrendered enemy general
降服	xiáng fú	jiàng fú	cc-cedict	to yield/to surrender
陡削	dǒu xiāo	dǒu xuē	cc-cedict	precipitous
陣地	zhèn dì	zhèn de	cc-cedict	(military) position/front
陪都	péi dū	péi dōu	cc-cedict	provisional capital of a country (e.g. in time of war)/secondary capital/alternative capital
陰乾	yīn gān	yīn qián	cc-cedict	to dry in the shade
陰筊	yīn jiǎo	yīn xiáo	cc-cedict	(folk religion) unfavorable divination result from casting moon blocks 筊杯[jiao3 bei1] (both blocks rounded side up); neg
陸地	lù dì	lù de	cc-cedict	dry land (as opposed to the sea)
陽曲	yáng qǔ	yáng qū	cc-cedict	see 陽曲縣|阳曲县[Yang2 qu3 Xian4]
階地	jiē dì	jiē de	cc-cedict	terrace (geography)
隔行	gé háng	gé xíng	cc-cedict	to interlace/to interleave (computing)
隔閡	gé hé	gé ài	cc-cedict	misunderstanding/estrangement/(language etc) barrier
隨地	suí dì	suí de	cc-cedict	according to the location/everywhere/any place/from any location/from wherever you like
隨著	suí zhe	suí zhù	cc-cedict	along with/in the wake of/following
隱沒	yǐn mò	yǐn méi	cc-cedict	to vanish gradually/to disappear/to fade out
雀子	qiāo zi	què zǐ	cc-cedict	a freckle/lentigo
雅什	yǎ shí	yǎ shén	cc-cedict	fine verse
雅樂	yǎ yuè	yǎ lè	cc-cedict	formal ceremonial music of each succeeding Chinese dynasty starting with the Zhou/Korean a'ak/Japanese gagaku
雅片	yā piàn	yǎ piàn	cc-cedict	variant of 鴉片|鸦片[ya1 pian4]
雅相	yǎ xiàng	yǎ xiāng	cc-cedict	elegant appearance/dignity
雋譽	jùn yù	juàn yù	cc-cedict	high fame
雕琢	diāo zhuó	diāo zuó	cc-cedict	to sculpt/to carve (jade)/ornate artwork/overly elaborate prose
雙重	shuāng chóng	shuāng zhòng	cc-cedict	double
雚菌	huán jūn	guàn jūn	cc-cedict	a type of poisonous fungus that grows on reeds, used in Chinese medicine to help cure patients suffering from ascaris (p
雜沓	zá tà	zá dá	cc-cedict	small craftsman (contemptuous)/clatter (e.g. of footsteps)/jumbled mass/press of bodies/tumult
雜處	zá chǔ	zá chù	cc-cedict	(of disparate elements) to mix in with one another/(of diverse groups of people) to live in the same area/to coexist
雞扒	jī pá	jī bā	cc-cedict	see 雞排|鸡排[ji1 pai2]
雞樅	jī zōng	jī cōng	cc-cedict	variant of 雞㙡|鸡𭎂[ji1 zong1]
雞爪	jī zhuǎ	jī zhǎo	cc-cedict	chicken foot
雞舍	jī shè	jī shě	cc-cedict	chicken coop
離間	lí jiàn	lí jiān	cc-cedict	to drive a wedge between (allies, partners etc)
難倒	nán dǎo	nán dào	cc-cedict	to baffle/to confound/to stump
難彈	nán tán	nán dàn	cc-cedict	hard to play (of music for stringed instrument)
難民	nàn mín	nán mín	cc-cedict	refugee
難經	nàn jīng	nán jīng	cc-cedict	Classic on Medical Problems, c. 1st century AD/abbr. for 黃帝八十一難經|黄帝八十一难经[Huang2 di4 Ba1 shi2 yi1 Nan4 jing1]
雪地	xuě dì	xuě de	cc-cedict	snow-covered ground
零散	líng sǎn	líng sàn	cc-cedict	scattered
電暈	diàn yùn	diàn yūn	cc-cedict	corona discharge
電磨	diàn mò	diàn mó	cc-cedict	electric mill (for grinding wheat etc)
電荷	diàn hè	diàn hé	cc-cedict	electric charge
電鑽	diàn zuàn	diàn zuān	cc-cedict	electric drill
霍地	huò dì	huò de	cc-cedict	suddenly; abruptly
霓裳	ní cháng	ní shang	cc-cedict	Nichang, abbr. for the Tang Dynasty song "Raiment of Rainbows and Feathers" 霓裳羽衣曲[Ni2 chang2 yu3 yi1 qu1] or 霓裳羽衣舞[Ni2 c
霓裳	ní cháng	ní shang	cc-cedict	nichang, rainbow colored clothes worn by the Eight Immortals 八仙[Ba1 xian1]
霧都	wù dū	wù dōu	cc-cedict	nickname for Chongqing 重慶|重庆[Chong2 qing4]
露富	lòu fù	lù fù	cc-cedict	to show one's wealth/to let one's wealth show
露底	lòu dǐ	lù dǐ	cc-cedict	to let out a secret
露怯	lòu qiè	lù qiè	cc-cedict	to display one's ignorance/to make a fool of oneself by an ignorant blunder
露白	lòu bái	lù bái	cc-cedict	to reveal one's valuables inadvertently/to betray one's silver (money) when traveling
露相	lòu xiàng	lù xiāng	cc-cedict	to show one's true colors
露肩	lòu jiān	lù jiān	cc-cedict	(of a garment) off-the-shoulder; shoulder-baring
露背	lòu bèi	lù bèi	cc-cedict	(of a garment) backless; halterneck
露臉	lòu liǎn	lù liǎn	cc-cedict	to show one's face/to make one's good name/to become successful and well known/to shine
露苗	lòu miáo	lù miáo	cc-cedict	(young sprouts) come out/same as 出苗[chu1 miao2]
露醜	lòu chǒu	lù chǒu	cc-cedict	to make a fool of oneself
露面	lòu miàn	lù miàn	cc-cedict	to show one's face/to appear (in public)
露頭	lòu tóu	lù tóu	cc-cedict	to show one's head/to give a sign to show one's presence
露風	lòu fēng	lù fēng	cc-cedict	to divulge a secret/to leak
露餡	lòu xiàn	lù xiàn	cc-cedict	to leak/to expose (sb's secret)/to spill the beans/to let the cat out of the bag
露點	lòu diǎn	lù diǎn	cc-cedict	(coll.) to accidentally or intentionally expose intimate body parts (e.g. nipples or genitals)
靈長	líng cháng	líng zhǎng	cc-cedict	long life and prosperity
青藏	qīng zàng	qīng cáng	cc-cedict	Qinghai and Tibet
非分	fēi fèn	fēi fēn	cc-cedict	improper/presumptuous/assuming/overstepping one's bounds/also written 非份[fei1 fen4]
非得	fēi děi	fēi dé	cc-cedict	(followed by a verb phrase, then – optionally – 不可, or 不行 etc) must
非處	fēi chǔ	fēi chù	cc-cedict	unmarried woman who is not a virgin
非難	fēi nàn	fēi nán	cc-cedict	reproof/blame
面兒	miàn r	miàn ér	cc-cedict	cover/outside
面相	miàn xiàng	miàn xiāng	cc-cedict	facial features/appearence/physiognomy
靦腆	miǎn tiǎn	tiǎn tiǎn	cc-cedict	shy; bashful
靦覥	miǎn tiǎn	tiǎn tiǎn	cc-cedict	variant of 靦腆|腼腆[mian3 tian3]
鞅牛	yàng niú	yāng niú	cc-cedict	ox harnessed for plowing
音樂	yīn yuè	yīn lè	cc-cedict	music/CL:張|张[zhang1],曲[qu3],段[duan4]
音長	yīn cháng	yīn zhǎng	cc-cedict	sound duration/length of a musical note
響應	xiǎng yìng	xiǎng yīng	cc-cedict	to respond to/answer/CL:個|个[ge4]
順差	shùn chā	shùn chà	cc-cedict	(trade or budget) surplus
順應	shùn yìng	shùn yīng	cc-cedict	to comply with; to conform to; to adapt to; to go along with; in tune with
順著	shùn zhe	shùn zhù	cc-cedict	to follow/following/along
預卜	yù bǔ	yù bo	cc-cedict	to foretell; to predict
頗為	pō wéi	pō wèi	cc-cedict	rather/quite
領地	lǐng dì	lǐng de	cc-cedict	territory; domain; estate/(old) fief
頭兒	tóu r	tóu ér	cc-cedict	leader
頹靡	tuí mǐ	tuí mí	cc-cedict	(literary) devastated
頻數	pín shuò	pín shù	cc-cedict	(literary) frequent; repeated
顛倒	diān dǎo	diān dào	cc-cedict	to turn upside down/to reverse/back to front/confused/deranged/crazy
顛兒	diān r	diān ér	cc-cedict	(Beijing dialect) to skedaddle; to make oneself scarce
顛茄	diān qié	diān jiā	cc-cedict	deadly nightshade (Atropa belladonna)
顧眄	gù miǎn	gù miàn	cc-cedict	to turn one's head and look around
顫慄	zhàn lì	chàn lì	cc-cedict	variant of 戰慄|战栗[zhan4 li4]
顫聲	zhàn shēng	chàn shēng	cc-cedict	trembling voice/see also 顫聲|颤声[chan4 sheng1]
顯豁	xiǎn huò	xiǎn huō	cc-cedict	evident/clear and bright
風乾	fēng gān	fēng qián	cc-cedict	to air-dry/to season (timber etc)/air-dried/air-drying
風鑽	fēng zuàn	fēng zuān	cc-cedict	pneumatic drill/jackhammer
風靡	fēng mǐ	fēng mí	cc-cedict	fashionable/popular
飄泊	piāo bó	piāo pō	cc-cedict	variant of 漂泊[piao1 bo2]
飛地	fēi dì	fēi de	cc-cedict	enclave; exclave (territory belonging to one jurisdiction but entirely surrounded by another)
飛撾	fēi zhuā	fēi wō	cc-cedict	ancient weapon with a tip like a grappling hook, thrown at enemy combatants in order to capture them
飛轉	fēi zhuàn	fēi zhuǎn	cc-cedict	to spin rapidly; to whirl around/(of time) to fly by
食菌	shí jùn	shí jūn	cc-cedict	edible mushroom
飯匙	fàn chí	fàn shi	cc-cedict	rice paddle
飲水	yìn shuǐ	yǐn shuǐ	cc-cedict	to give water (to animals)
餄餎	hé le	jiá le	cc-cedict	"hele" noodles, a type of noodle made from buckwheat or sorghum flour
餅乾	bǐng gān	bǐng qián	cc-cedict	biscuit; cracker; cookie/CL:片[pian4],塊|块[kuai4]
餅鐺	bǐng chēng	bǐng dāng	cc-cedict	baking pan
養分	yǎng fèn	yǎng fēn	cc-cedict	nutrient
養地	yǎng dì	yǎng de	cc-cedict	to maintain the land (with rotation of crops or fertilizer)
餓莩	è piǎo	è fú	cc-cedict	variant of 餓殍|饿殍[e4 piao3]
餘切	yú qiē	yú qiè	cc-cedict	cotangent (of angle), written cot θ or ctg θ
餘地	yú dì	yú de	cc-cedict	margin/leeway
餘干	yú gān	yú gàn	cc-cedict	see 餘干縣|余干县[Yu2 gan1 Xian4]
餡兒	xiàn r	xiàn ér	cc-cedict	erhua variant of 餡|馅[xian4]
館地	guǎn dì	guǎn de	cc-cedict	school (old)
餳麵	xíng miàn	táng miàn	cc-cedict	to let the dough rest
餾分	liú fèn	liù fēn	cc-cedict	fraction (of a distillate)/key (one component part of a distillate)
饢嗓	nǎng sǎng	náng sǎng	cc-cedict	to stuff one's throat with food
首相	shǒu xiàng	shǒu xiāng	cc-cedict	prime minister (of Japan or UK etc)
首都	shǒu dū	shǒu dōu	cc-cedict	capital (city)/CL:個|个[ge4]
香乾	xiāng gān	xiāng qián	cc-cedict	smoked bean curd
香几	xiāng jī	xiāng jǐ	cc-cedict	a small table to accommodate an incense burner
馬仔	mǎ zǎi	mǎ zǐ	cc-cedict	henchman/gang member
馬勒	mǎ lè	mǎ lēi	cc-cedict	Mahler (name)/Gustav Mahler (1860-1911), Austrian composer
馬圈	mǎ juàn	mǎ quān	cc-cedict	stable
馱子	duò zi	tuó zǐ	cc-cedict	pack animal's load
駁倒	bó dǎo	bó dào	cc-cedict	to refute/to demolish (an argument, theory etc)
駐地	zhù dì	zhù de	cc-cedict	station/encampment
駐紮	zhù zhā	zhù zā	cc-cedict	to station/to garrison (troops)
騙供	piàn gòng	piàn gōng	cc-cedict	to cheat sb into confessing/to induce a confession
驍將	xiāo jiàng	xiāo jiāng	cc-cedict	valiant general
驗血	yàn xiě	yàn xuè	cc-cedict	to do a blood test/to have one's blood tested
骨朵	gū duo	gǔ duǒ	cc-cedict	(coll.) flower bud
骨殖	gǔ shi	gǔ zhí	cc-cedict	skeletal remains/Taiwan pr. [gu3 zhi2]
體徵	tǐ zhēng	tǐ zhǐ	cc-cedict	(medical) sign/physical sign
體長	tǐ cháng	tǐ zhǎng	cc-cedict	body length
高中	gāo zhòng	gāo zhōng	cc-cedict	to pass brilliantly (used in congratulatory fashion)
高地	gāo dì	gāo de	cc-cedict	highland/upland
高挑	gāo tiǎo	gāo tiāo	cc-cedict	raised high/(of a person) slender; tall and thin (Taiwan pr. [gao1tiao1])
高要	gāo yāo	gāo yào	cc-cedict	see 高要區|高要区[Gao1 yao1 Qu1]
高麗	gāo lí	gāo lì	cc-cedict	Korean Goryeo dynasty, 918-1392/Korea, esp. in context of art and culture
髮卡	fà qiǎ	fà kǎ	cc-cedict	hair grip/hair clip
鬍碴	hú chā	hú chá	cc-cedict	beard stubble/Taiwan pr. [hu2 cha2]
鬱塞	yù sè	yù sāi	cc-cedict	constricted (feeling); pent-up; repressed
魏徵	wèi zhēng	wèi zhǐ	cc-cedict	Wei Zheng (580-643), Tang politician and historian, notorious as a critic, editor of History of the Sui Dynasty 隋書|隋书
魏都	wèi dū	wèi dōu	cc-cedict	see 魏都區|魏都区[Wei4 du1 Qu1]
魔都	mó dū	mó dōu	cc-cedict	Modu, nickname for Shanghai
魔難	mó nàn	mó nán	cc-cedict	variant of 磨難|磨难[mo2 nan4]
魚乾	yú gān	yú qián	cc-cedict	dried fish
魚漂	yú piāo	yú piào	cc-cedict	fishing float
魚肚	yú dǔ	yú dù	cc-cedict	fish maw/a food dish made from the swim bladder of fish
魣魚	yú yú	xù yú	cc-cedict	perch
鮁魚	bà yú	bō yú	cc-cedict	Japanese Spanish mackerel (Scomberomorus niphonius)
鮑耶	bào yē	bào yé	cc-cedict	János Bolyai (1802–1860), Hungarian mathematician, one of the founders of non-Euclidean geometry
鮟鱇	ān kāng	àn kāng	cc-cedict	anglerfish
鮨科	qí kē	yì kē	cc-cedict	the grouper family/Serranidae (fish family including Epinephelinae or grouper 石斑魚|石斑鱼)
鮮少	xiǎn shǎo	xiān shǎo	cc-cedict	very few/rarely
鮮見	xiǎn jiàn	xiān jiàn	cc-cedict	rare; rarely seen
鯖魚	qīng yú	zhēng yú	cc-cedict	mackerel
鯡魚	fēi yú	fèi yú	cc-cedict	herring
鯽魚	jì yú	zéi yú	cc-cedict	crucian carp
鰟鮍	páng pí	fáng pī	cc-cedict	bitterling (fish of genus Rhodeus)
鳥人	diǎo rén	niǎo rén	cc-cedict	(vulgar) damned wretch/fucker/also pr. [niao3 ren2]
鳥兒	niǎo r	niǎo ér	cc-cedict	bird
鳥蛤	niǎo gé	niǎo há	cc-cedict	cockle (mollusk of the family Cardiidae)
鳳爪	fèng zhuǎ	fèng zhǎo	cc-cedict	(cuisine) chicken foot
鵠的	gǔ dì	hú de	cc-cedict	bull's-eye/target/objective
鹽分	yán fèn	yán fēn	cc-cedict	salt content
鹽都	yán dū	yán dōu	cc-cedict	see 鹽都區|盐都区[Yan2 du1 Qu1]
麇集	qún jí	jūn jí	cc-cedict	(literary) to flock; to swarm; to congregate en masse; to cluster together
麗水	lí shuǐ	lì shuǐ	cc-cedict	see 麗水市|丽水市[Li2 shui3 Shi4]
麵的	miàn dī	miàn de	cc-cedict	abbr. of 麵包車的士|面包车的士[mian4 bao1 che1 di1 shi4]/minivan taxi
麵糊	miàn hù	miàn hú	cc-cedict	panada; cooked flour paste/flour paste (used in crafts); batter (used in cooking)/Taiwan pr. [mian4hu2]
麻將	má jiàng	má jiāng	cc-cedict	mahjong/CL:局[ju2],副[fu4]
麻苧	má zhù	má níng	cc-cedict	hemp and ramie/coarse cloth
黃埔	huáng pǔ	huáng bù	cc-cedict	see 黃埔區|黄埔区[Huang2 pu3 Qu1]
黃柏	huáng bò	huáng bǎi	cc-cedict	variant of 黃檗|黄檗[huang2 bo4]
黃漂	huáng piāo	huáng piào	cc-cedict	rafting on the Yellow River (abbr. for 黃河漂流|黄河漂流[Huang2 He2 piao1 liu2])
黃興	huáng xīng	huáng xìng	cc-cedict	Huang Xing (1874-1916), revolutionary politician, close collaborator of Sun Yat-sen, prominent in the 1911 Xinhai Revolu
黌舍	hóng shè	hóng shě	cc-cedict	school building/school
黏兒	nián r	nián ér	cc-cedict	gum/resin
黏著	nián zhuó	nián zhù	cc-cedict	to adhere; to stick together; to bond; to agglutinate
黑帖	hēi tiě	hēi tiē	cc-cedict	poison pen letter
點兒	diǎn r	diǎn ér	cc-cedict	erhua variant of 點|点[dian3]
點將	diǎn jiàng	diǎn jiāng	cc-cedict	to appoint a general (in theater)/fig. to appoint sb for a task
點著	diǎn zháo	diǎn zhù	cc-cedict	to light (a candle, cigarette etc)
黨參	dǎng shēn	dǎng cān	cc-cedict	poor man's ginseng (Codonopsis pilosula)/codonopsis root (used in TCM)
鼠蹊	shǔ xī	shǔ qī	cc-cedict	groin
鼻兒	bí r	bí ér	cc-cedict	eye/a hole in an implement or utensil for insertion
鼻咽	bí yān	bí yàn	cc-cedict	nose and throat
鼻塞	bí sè	bí sāi	cc-cedict	to have a stuffy nose
齒更	chǐ gēng	chǐ gèng	cc-cedict	dental transition (from milk teeth to adult teeth)
齒齦	chǐ yín	chǐ kěn	cc-cedict	gum/gingiva
齜牙	zī yá	chái yá	cc-cedict	to bare one's teeth
齦炎	yín yán	kěn yán	cc-cedict	gingivitis
齦病	yín bìng	kěn bìng	cc-cedict	gingival disease
齦音	yín yīn	kěn yīn	cc-cedict	alveolar sound (linguistics)
齱齵	zōu yú	zōu óu	cc-cedict	(archaic) uneven teeth; buckteeth
龍圩	lóng xū	lóng wéi	cc-cedict	see 龍圩區|龙圩区[Long2 xu1 Qu1]
龜茲	qiū cí	guī zī	cc-cedict-buddhist	Kucha, ancient Silk Road kingdom and Buddhist center on the northern rim of the Taklamakan Desert (Han-Tang period), in 
龜裂	jūn liè	guī liè	cc-cedict	to crack/cracked/fissured/creviced/(of skin) chapped
一下兒	yī xià r	yī xià ér	cc-cedict	erhua form of 一下[yi1 xia4]
一刀切	yī dāo qiē	yī dāo qiè	cc-cedict	lit. to cut all at one stroke (idiom); to impose uniformity/one solution fits a diversity of problems/one size fits all
一剎那	yī chà nà	yī shā nà	cc-cedict	a moment/an instant/in a flash
一場空	yī cháng kōng	yī chǎng kōng	cc-cedict	all in vain; futile
一塊兒	yī kuài r	yī kuài ér	cc-cedict	erhua variant of 一塊|一块[yi1 kuai4]
一字兒	yī zì r	yī zì ér	cc-cedict	erhua form of 一字[yi1 zi4]
一對兒	yī duì r	yī duì ér	cc-cedict	a pair; a couple
一撥兒	yī bō r	yī bō ér	cc-cedict	group of people
一會兒	yī huì r	yī huì ér	cc-cedict	a moment/a while/in a moment/now...now.../also pr. [yi1 hui3 r5]
一水兒	yī shuǐ r	yī shuǐ ér	cc-cedict	(coll.) of the same type/identical
一溜煙	yī liù yān	yī liū yān	cc-cedict	like a wisp of smoke/(to disappear etc) in an instant
一邊倒	yī biān dǎo	yī biān dào	cc-cedict	to have the advantage overwhelmingly on one side/to support unconditionally
一面倒	yī miàn dǎo	yī miàn dào	cc-cedict	to be entirely on one side/one-sided/lopsided/partisan/overwhelmingly on one side
一點兒	yī diǎn r	yī diǎn ér	cc-cedict	erhua variant of 一點|一点[yi1 dian3]
丁字鎬	dīng zì gǎo	dīng zì hào	cc-cedict	hammer pick
三班倒	sān bān dǎo	sān bān dào	cc-cedict	three-shift system (work rostering)
三相點	sān xiàng diǎn	sān xiāng diǎn	cc-cedict	triple point (thermodynamics)
三部曲	sān bù qǔ	sān bù qū	cc-cedict	trilogy/(fig.) three-stage process; three-part progression
三都縣	sān dū xiàn	sān dōu xiàn	cc-cedict	see 三都水族自治縣|三都水族自治县[San1 du1 Shui3 zu2 Zi4 zhi4 xian4]
三重奏	sān chóng zòu	sān zhòng zòu	cc-cedict	trio (musical ensemble)
上將軍	shàng jiàng jūn	shàng jiāng jūn	cc-cedict	top general/commander-in-chief
上邊兒	shàng bian r	shàng biān ér	cc-cedict	erhua variant of 上邊|上边[shang4 bian5]
上鉤兒	shàng gōu r	shàng gōu ér	cc-cedict	erhua variant of 上鉤|上钩[shang4 gou1]
下咽癌	xià yān ái	xià yàn ái	cc-cedict	hypopharyngeal cancer
下巴頦	xià ba kē	xià bā hái	cc-cedict	chin
下邊兒	xià bian r	xià biān ér	cc-cedict	erhua variant of 下邊|下边[xia4 bian5]
不中意	bù zhòng yì	bù zhōng yì	cc-cedict	not to one's liking
不作為	bù zuò wéi	bù zuò wèi	cc-cedict	nonfeasance/omission (law)
不倒翁	bù dǎo wēng	bù dào wēng	cc-cedict	roly-poly toy
不划算	bù huá suàn	bù huà suàn	cc-cedict	it isn't worth it/not cost-effective/not profitable/too expensive
不協調	bù xié tiáo	bù xié diào	cc-cedict	uncoordinated/disharmony
不可數	bù kě shǔ	bù kě shù	cc-cedict	uncountable
不失為	bù shī wéi	bù shī wèi	cc-cedict	can be regarded as; qualifies as (something positive)
不對稱	bù duì chèn	bù duì chēng	cc-cedict	unsymmetrical/asymmetric
不干涉	bù gān shè	bù gàn shè	cc-cedict	noninterference/nonintervention
不得了	bù dé liǎo	bù dé le	cc-cedict	desperately serious/disastrous/extremely/exceedingly
不應期	bù yìng qī	bù yīng qī	cc-cedict	refractory period (physiology)
不拉幾	bù lā jī	bù lā jǐ	cc-cedict	(dialect) extremely
不正當	bù zhèng dàng	bù zhèng dāng	cc-cedict	dishonest/unfair/improper
不為過	bù wéi guò	bù wèi guò	cc-cedict	not an exaggeration/not excessive/not wide of the mark
不盡根	bù jìn gēn	bù jǐn gēn	cc-cedict	surd (math.)
不盡然	bù jìn rán	bù jǐn rán	cc-cedict	not always; not entirely/not necessarily so; not entirely correct
不相干	bù xiāng gān	bù xiāng gàn	cc-cedict	to be irrelevant/to have nothing to do with
不調和	bù tiáo hé	bù diào hé	cc-cedict	discord
不適當	bù shì dàng	bù shì dāng	cc-cedict	inadequate/unfit
不離兒	bù lí r	bù lí ér	cc-cedict	not bad/pretty good/pretty close
丫巴兒	yā bā r	yā bā ér	cc-cedict	fork (of a tree, road, argument etc)/bifurcation/fork junction
中圈套	zhòng quān tào	zhōng quān tào	cc-cedict	to fall in a trap
中杓鷸	zhōng sháo yù	zhōng biāo yù	cc-cedict	(bird species of China) Eurasian whimbrel; common whimbrel (Numenius phaeopus)
中樂透	zhòng lè tòu	zhōng lè tòu	cc-cedict	to win in a lotto game
中毒性	zhòng dú xìng	zhōng dú xìng	cc-cedict	poisonous/toxic
中毒者	zhòng dú zhě	zhōng dú zhě	cc-cedict	poisoned person (food poisoning, drug overdose or toxic exposure)/(coll.) addict; junkie; enthusiast (video games, shopp
中爪哇	zhōng zhǎo wā	zhōng zhǎo wa	cc-cedict	Central Java, province of Indonesia
中牟縣	zhōng mù xiàn	zhōng móu xiàn	cc-cedict	Zhongmu, a county in Zhengzhou City 鄭州市|郑州市[Zheng4 zhou1 Shi4], Henan
中郎將	zhōng láng jiàng	zhōng láng jiāng	cc-cedict	general of the household, a mid-ranking military officer responsible for palace or court duties
中長跑	zhōng cháng pǎo	zhōng zhǎng pǎo	cc-cedict	middle distance race
串處理	chuàn chǔ lǐ	chuàn chù lǐ	cc-cedict	string processing (computing)
串門兒	chuàn mén r	chuàn mén ér	cc-cedict	erhua variant of 串門|串门[chuan4 men2]
丹稜縣	dān líng xiàn	dān léng xiàn	cc-cedict	Danling, a county in Meishan City 眉山市[Mei2 shan1 Shi4], Sichuan
主題曲	zhǔ tí qǔ	zhǔ tí qū	cc-cedict	theme song
么並矢	yāo bìng shǐ	me bìng shǐ	cc-cedict	idemfactor (math.)
九重霄	jiǔ chóng xiāo	jiǔ zhòng xiāo	cc-cedict	ninth heaven/Highest Heaven
乾兒子	gān ér zi	qián ér zǐ	cc-cedict	adopted son (traditional adoption, i.e. without legal ramifications)
乾女兒	gān nǚ ér	qián nǚ ér	cc-cedict	adopted daughter (traditional adoption, i.e. without legal ramifications)
乾巴巴	gān bā bā	qián bā bā	cc-cedict	dry/parched/dull/insipid
乾手機	gān shǒu jī	qián shǒu jī	cc-cedict	hand dryer
乾打壘	gān dǎ lěi	qián dǎ lěi	cc-cedict	rammed earth/adobe house
乾旱土	gān hàn tǔ	qián hàn tǔ	cc-cedict	aridisol (soil taxonomy)
乾梅子	gān méi zi	qián méi zǐ	cc-cedict	prunes
乾燥劑	gān zào jì	qián zào jì	cc-cedict	desiccant
乾燥機	gān zào jī	qián zào jī	cc-cedict	a drier
乾物女	gān wù nǚ	qián wù nǚ	cc-cedict	single girl who lives a lackadaisical life, uninterested in relationships (orthographic borrowing from Japanese 干物女 "him
乾眼症	gān yǎn zhèng	qián yǎn zhèng	cc-cedict	(medicine) xerophthalmia; dry eye syndrome
乾瞪眼	gān dèng yǎn	qián dèng yǎn	cc-cedict	to watch helplessly
乾糧袋	gān liáng dài	qián liáng dài	cc-cedict	knapsack (for provisions)/haversack
乾著急	gān zháo jí	qián zhù jí	cc-cedict	to worry helplessly
乾酪素	gān lào sù	qián lào sù	cc-cedict	casein
乾電池	gān diàn chí	qián diàn chí	cc-cedict	dry cell (battery)
亂彈琴	luàn tán qín	luàn dàn qín	cc-cedict	to talk nonsense/to behave like a fool
了不得	liǎo bu de	le bù dé	cc-cedict	terrific/terrible/(after 得[de5]) very
了不起	liǎo bu qǐ	le bù qǐ	cc-cedict	amazing/terrific/extraordinary
事兒媽	shì r mā	shì ér mā	cc-cedict	(coll.) fussbudget/pain in the ass
二人轉	èr rén zhuàn	èr rén zhuǎn	cc-cedict	genre of song-and-dance duet popular in northeast China
二地主	èr dì zhǔ	èr de zhǔ	cc-cedict	sublandlord/tenant who sublets
二重唱	èr chóng chàng	èr zhòng chàng	cc-cedict	duet
二重奏	èr chóng zòu	èr zhòng zòu	cc-cedict	duet (in music)
二重性	èr chóng xìng	èr zhòng xìng	cc-cedict	dualism/two sided/double nature
二重根	èr chóng gēn	èr zhòng gēn	cc-cedict	a double root of an equation
于都縣	yú dū xiàn	yú dōu xiàn	cc-cedict	Yudu, a county in Ganzhou City 贛州市|赣州市[Gan4 zhou1 Shi4], Jiangxi
五斗櫃	wǔ dǒu guì	wǔ dòu guì	cc-cedict	chest of drawers
五苓散	wǔ líng sǎn	wǔ líng sàn	cc-cedict	wuling powder (decoction of poria mushroom used in TCM)/poria five powder/Hoelen five powder/five ling powder
五虎將	wǔ hǔ jiàng	wǔ hǔ jiāng	cc-cedict	Liu Bei's five great generals in Romance of the Three Kingdoms, namely: Guan Yu 關羽|关羽, Zhang Fei 張飛|张飞, Zhao Yun 趙雲|赵云, 
亞平寧	yà píng nìng	yà píng níng	cc-cedict	Apennine (Mountains)
亞投行	yà tóu háng	yà tóu xíng	cc-cedict	Asian Infrastructure Investment Bank, abbr. for 亞洲基礎設施投資銀行|亚洲基础设施投资银行[Ya4 zhou1 Ji1 chu3 She4 shi1 Tou2 zi1 Yin2 hang2]
交響曲	jiāo xiǎng qǔ	jiāo xiǎng qū	cc-cedict	symphony
交響樂	jiāo xiǎng yuè	jiāo xiǎng lè	cc-cedict	symphony
京都府	jīng dū fǔ	jīng dōu fǔ	cc-cedict	Kyoto (prefecture in Japan)
人參果	rén shēn guǒ	rén cān guǒ	cc-cedict	fictional fruit in the classic Chinese novel Journey to the West 西遊記|西游记[Xi1 you2 ji4]/pepino melon
人尖兒	rén jiān r	rén jiān ér	cc-cedict	outstanding individual/person of great ability
人為土	rén wéi tǔ	rén wèi tǔ	cc-cedict	anthrosol (soil taxonomy)
人相學	rén xiàng xué	rén xiāng xué	cc-cedict	physiognomy (judgment of a person's fate, character etc, based on facial features)
人緣兒	rén yuán r	rén yuán ér	cc-cedict	erhua form of 人緣|人缘[ren2 yuan2]
什剎海	shí chà hǎi	shén shā hǎi	cc-cedict	Shichahai, scenic area of northwest Beijing with three lakes
什葉派	shí yè pài	shén yè pài	cc-cedict	Shia sect (of Islam)
什邡市	shí fāng shì	shén fāng shì	cc-cedict	Shifang, a county-level city in Deyang City 德陽市|德阳市[De2 yang2 Shi4], Sichuan
今兒個	jīn r ge	jīn ér gè	cc-cedict	(coll.) today
仙方兒	xiān fāng r	xiān fāng ér	cc-cedict	erhua variant of 仙方[xian1 fang1]
以太坊	yǐ tài fáng	yǐ tài fāng	cc-cedict	Ethereum
以斯帖	yǐ sī tiě	yǐ sī tiē	cc-cedict	Esther (name)
以此為	yǐ cǐ wéi	yǐ cǐ wèi	cc-cedict	to regard as/to treat as
任丘市	rén qiū shì	rèn qiū shì	cc-cedict	Renqiu, a county-level city in Cangzhou City 滄州市|沧州市[Cang1 zhou1 Shi4], Hebei
任澤區	rén zé qū	rèn zé qū	cc-cedict	Renze, a district of Xingtai City 邢臺市|邢台市[Xing2 tai2 Shi4], Hebei
任達華	rén dá huá	rèn dá huá	cc-cedict	Simon Yam Tat-Wah (1955-), Hong Kong actor and film producer
份兒飯	fèn r fàn	fèn ér fàn	cc-cedict	set meal
伊妹兒	yī mèi r	yī mèi ér	cc-cedict	(loanword) email
伊媚兒	yī mèi r	yī mèi ér	cc-cedict	variant of 伊妹兒|伊妹儿[yi1 mei4 r5]
伏地魔	fú dì mó	fú de mó	cc-cedict	Lord Voldemort, villain in the Harry Potter series
伏都教	fú dū jiào	fú dōu jiào	cc-cedict	Voodoo
估堆兒	gū duī r	gū duī ér	cc-cedict	to assess an entire lot
伺服器	sì fú qì	cì fú qì	cc-cedict	server (computer) (Tw)
佔便宜	zhàn pián yi	zhàn biàn yí	cc-cedict	advantageous/favorable/to benefit at others' expense/to take unfair advantage
何應欽	hé yìng qīn	hé yīng qīn	cc-cedict	He Yingqin (1890-1987), senior Guomindang general
佛卡夏	fó kǎ xià	fú kǎ xià	cc-cedict	(loanword) focaccia
佛坪縣	fó píng xiàn	fú píng xiàn	cc-cedict	Foping, a county in Hanzhong City 漢中市|汉中市[Han4 zhong1 Shi4], Shaanxi
佛山市	fó shān shì	fú shān shì	cc-cedict	Foshan, prefecture-level city in Guangdong Province 廣東省|广东省[Guang3 dong1 Sheng3]
佛岡縣	fó gāng xiàn	fú gāng xiàn	cc-cedict	Fogang, a county in Qingyuan City 清遠市|清远市[Qing1 yuan3 Shi4], Guangdong
佛得角	fó dé jiǎo	fú dé jiǎo	cc-cedict	Cape Verde
佛手柑	fó shǒu gān	fú shǒu gān	cc-cedict	Buddha's hand; fingered citron (Citrus medica var. sarcodactylis)
佛手瓜	fó shǒu guā	fú shǒu guā	cc-cedict	chayote (Sechium edule); choko; mirliton
佛教徒	fó jiào tú	fú jiào tú	cc-cedict-buddhist	Buddhist
佛教語	fó jiào yǔ	fú jiào yǔ	cc-cedict-buddhist	Buddhist term
佛朗哥	fó lǎng gē	fú lǎng gē	cc-cedict	Franco (name)/Generalissimo Francisco Franco Bahamonde (1892-1975), Spanish dictator and head of state 1939-1975
佛朗機	fó lǎng jī	fú lǎng jī	cc-cedict	Portuguese (Ming era loanword)
佛舍利	fó shè lì	fú shě lì	cc-cedict	ashes of cremated Buddha
佛蒙特	fó méng tè	fú méng tè	cc-cedict	Vermont, US state
佛蘭德	fó lán dé	fú lán dé	cc-cedict	of or relating to Flemish people, language or culture
佛誕日	fó dàn rì	fú dàn rì	cc-cedict	Buddha's Birthday (8th day of the 4th Lunar month)
佛跳牆	fó tiào qiáng	fú tiào qiáng	cc-cedict	lit. Buddha jumps over the wall, name for a Chinese dish that uses many non-vegetarian ingredients
佛香閣	fó xiāng gé	fú xiāng gé	cc-cedict-buddhist	Tower of Buddhist Incense in the Summer Palace 頤和園|颐和园[Yi2 he2 yuan2], Beijing
佛骨塔	fó gǔ tǎ	fú gǔ tǎ	cc-cedict-buddhist	stupa (Buddhist shrine)
作曲家	zuò qǔ jiā	zuò qū jiā	cc-cedict	composer/songwriter
作曲者	zuò qǔ zhě	zuò qū zhě	cc-cedict	composer/song writer
使勁兒	shǐ jìn r	shǐ jìn ér	cc-cedict	erhua variant of 使勁|使劲[shi3 jin4]
來火兒	lái huǒ r	lái huǒ ér	cc-cedict	to get angry
侍應生	shì yìng shēng	shì yīng shēng	cc-cedict	waiter; waitress
供佛花	gòng fó huā	gōng fú huā	cc-cedict	flower offering
供應品	gōng yìng pǐn	gōng yīng pǐn	cc-cedict	supplies
供應商	gōng yìng shāng	gōng yīng shāng	cc-cedict	supplier
供應室	gōng yìng shì	gōng yīng shì	cc-cedict	supply room; (esp. in a hospital) central supply room
供應者	gōng yìng zhě	gōng yīng zhě	cc-cedict	supplier
供應鏈	gōng yìng liàn	gōng yīng liàn	cc-cedict	supply chain
便宜貨	pián yi huò	biàn yí huò	cc-cedict	a bargain/cheap goods
俄勒岡	é lè gāng	é lēi gāng	cc-cedict	Oregon
信息差	xìn xī chā	xìn xī chà	cc-cedict	information asymmetry; information gap (esp. a difference in access to information that can be exploited for profit)
信都區	xìn dū qū	xìn dōu qū	cc-cedict	Xindu, a district of Xingtai City 邢臺市|邢台市[Xing2 tai2 Shi4], Hebei
俱舍宗	jù shè zōng	jù shě zōng	cc-cedict-buddhist	Kusha-shū (Japanese Buddhism school)
倆錢兒	liǎ qián r	liǎ qián ér	cc-cedict	erhua variant of 倆錢|俩钱[lia3 qian2]
個頭兒	gè tóu r	gè tóu ér	cc-cedict	size/height/stature
倍兒棒	bèi r bàng	bèi ér bàng	cc-cedict	(dialect) awesome/excellent
倒座兒	dào zuò r	dào zuò ér	cc-cedict	the north-facing room opposite the master's in a siheyuan 四合院[si4 he2 yuan4]
倒時差	dǎo shí chā	dào shí chà	cc-cedict	to adjust to a different time zone
倒胃口	dǎo wèi kǒu	dào wèi kǒu	cc-cedict	to spoil one's appetite/fig. to get fed up with sth
倒血霉	dǎo xuè méi	dào xuè méi	cc-cedict	to have rotten luck (stronger version of 倒霉[dao3 mei2])
倒過兒	dào guò r	dào guò ér	cc-cedict	the wrong way round (back to front, inside out etc)
倒霉蛋	dǎo méi dàn	dào méi dàn	cc-cedict	(coll.) poor devil/unfortunate man
借單兒	jiè dān r	jiè dān ér	cc-cedict	receipt for a loan/written confirmation of a debt/IOU
借字兒	jiè zì r	jiè zì ér	cc-cedict	IOU/receipt for a loan
假芫茜	jiǎ yuán qiàn	jiǎ yán qiàn	cc-cedict	Eryngium foetidum
做伴兒	zuò bàn r	zuò bàn ér	cc-cedict	erhua variant of 做伴[zuo4 ban4]
做活兒	zuò huó r	zuò huó ér	cc-cedict	erhua variant of 做活[zuo4 huo2]
傍家兒	bàng jiā r	bàng jiā ér	cc-cedict	lover/partner
傑佛茲	jié fó zī	jié fú zī	cc-cedict	James Jeffords (1934-2014), former US Senator from Vermont
催吐劑	cuī tù jì	cuī tǔ jì	cc-cedict	an emetic
催眠曲	cuī mián qǔ	cuī mián qū	cc-cedict	lullaby
傳熱學	zhuàn rè xué	chuán rè xué	cc-cedict	theory of heat/heat transmission (physics)
傻帽兒	shǎ mào r	shǎ mào ér	cc-cedict	erhua variant of 傻帽[sha3 mao4]
儀徵市	yí zhēng shì	yí zhǐ shì	cc-cedict	Yizheng, a county-level city in Yangzhou City 揚州市|扬州市[Yang2 zhou1 Shi4], Jiangsu
優酪乳	yōu luò rǔ	yōu lào rǔ	cc-cedict	yogurt (loanword) (Tw)
元好問	yuán hào wèn	yuán hǎo wèn	cc-cedict	Yuan Haowen (1190-1257), famous poet Northern China during the Jin-Yuan transition
光感應	guāng gǎn yìng	guāng gǎn yīng	cc-cedict	optical response/reaction to light/light sensitive/photoinduction
光棍兒	guāng gùn r	guāng gùn ér	cc-cedict	bachelor; single man (erhua form of 光棍[guang1 gun4])
光波長	guāng bō cháng	guāng bō zhǎng	cc-cedict	optical wavelength
克孜勒	kè zī lè	kè zī lēi	cc-cedict	Kyzyl, capital of Tuva 圖瓦|图瓦[Tu2 wa3]
克耶族	kè yē zú	kè yé zú	cc-cedict	Kaya or Karenni ethnic group of Myanmar
克耶邦	kè yē bāng	kè yé bāng	cc-cedict	Kaya state of Myanmar
克蕾兒	kè lěi r	kè lěi ér	cc-cedict	Clare (name)
免不了	miǎn bù liǎo	miǎn bù le	cc-cedict	unavoidable/can't be avoided
內切球	nèi qiē qiú	nèi qiè qiú	cc-cedict	inside cut (golf)/(math.) inscribed sphere/insphere
內比都	nèi bǐ dū	nèi bǐ dōu	cc-cedict	Naypyidaw or Nay Pyi Taw, capital of Myanmar
內省性	nèi xǐng xìng	nèi shěng xìng	cc-cedict	introversion/introspective
內蒙古	nèi měng gǔ	nèi méng gǔ	cc-cedict	see 內蒙古自治區|内蒙古自治区[Nei4 meng3 gu3 Zi4 zhi4 qu1]
內飛地	nèi fēi dì	nèi fēi de	cc-cedict	exclave (our land inside them)/(Tw) enclave (foreign land embedded in us)
兩口兒	liǎng kǒu r	liǎng kǒu ér	cc-cedict	husband and wife/couple
兩重天	liǎng chóng tiān	liǎng zhòng tiān	cc-cedict	two entirely different worlds; two contrasting realities
兩頭兒	liǎng tóu r	liǎng tóu ér	cc-cedict	erhua variant of 兩頭|两头[liang3 tou2]
八哥兒	bā gē r	bā gē ér	cc-cedict	erhua variant of 八哥[ba1 ge1]
八家將	bā jiā jiàng	bā jiā jiāng	cc-cedict	Ba Jia Jiang, the eight generals that guard the godly realm in Taiwanese folklore, represented by troupes of dancers in 
八爪魚	bā zhuǎ yú	bā zhǎo yú	cc-cedict	octopus
八行書	bā háng shū	bā xíng shū	cc-cedict	formal recommendation letter in eight columns
八重奏	bā chóng zòu	bā zhòng zòu	cc-cedict	octet (musical ensemble)
公仔麵	gōng zǎi miàn	gōng zǐ miàn	cc-cedict	brand of Hong Kong instant noodles/also used as term for instant noodles in general
公羊傳	gōng yáng zhuàn	gōng yáng chuán	cc-cedict	Mr Gongyang's Annals or commentary on 春秋[Chun1 qiu1], early history, probably written by multiple authors during Han dyn
六合區	lù hé qū	liù hé qū	cc-cedict	Luhe, a district of Nanjing City 南京市[Nan2 jing1 Shi4], Jiangsu
六安市	lù ān shì	liù ān shì	cc-cedict	Lu'an, prefecture-level city in Anhui Province 安徽省[An1 hui1 Sheng3]
共患難	gòng huàn nàn	gòng huàn nán	cc-cedict	to go through hardship together
典當行	diǎn dàng háng	diǎn dāng xíng	cc-cedict	pawnshop
再處理	zài chǔ lǐ	zài chù lǐ	cc-cedict	reprocessing
冗長度	rǒng cháng dù	rǒng zhǎng dù	cc-cedict	(level of) redundancy
冠軍賽	guàn jūn sài	guān jūn sài	cc-cedict	championship
冰棍兒	bīng gùn r	bīng gùn ér	cc-cedict	ice lolly/popsicle
冷處理	lěng chǔ lǐ	lěng chù lǐ	cc-cedict	(mechanics) cold treatment/to downplay; to handle in a low-key way
凹朴皮	āo pò pí	āo pǔ pí	cc-cedict	bark of tulip tree (TCM)/Cortex Liriodendri
出圈兒	chū quān r	chū quān ér	cc-cedict	to overstep the bounds/to go too far
出大差	chū dà chāi	chū dà chà	cc-cedict	(old) to be taken out to be executed
出尖兒	chū jiān r	chū jiān ér	cc-cedict	erhua variant of 出尖[chu1 jian1]
出攤兒	chū tān r	chū tān ér	cc-cedict	(coll.) to set up a vendor's stall (in the street or at a night market etc)
出洋相	chū yáng xiàng	chū yáng xiāng	cc-cedict	to make a fool of oneself
出生地	chū shēng dì	chū shēng de	cc-cedict	birthplace
刀削麵	dāo xiāo miàn	dāo xuē miàn	cc-cedict	knife-shaved noodles (pared or shaved into strips), a Shanxi specialty
切分音	qiē fēn yīn	qiè fēn yīn	cc-cedict	syncopation
切向力	qiē xiàng lì	qiè xiàng lì	cc-cedict	tangential force
切向量	qiē xiàng liàng	qiè xiàng liàng	cc-cedict	tangent vector
切平面	qiē píng miàn	qiè píng miàn	cc-cedict	(geometry) tangent plane
切空間	qiē kōng jiān	qiè kōng jiān	cc-cedict	space of sections (math.)
切肉刀	qiē ròu dāo	qiè ròu dāo	cc-cedict	meat cleaver
切菜板	qiē cài bǎn	qiè cài bǎn	cc-cedict	cutting board; chopping board
切葉蜂	qiē yè fēng	qiè yè fēng	cc-cedict	leafcutter bee
划不來	huá bu lái	huà bù lái	cc-cedict	not worth it
划得來	huá de lái	huà dé lái	cc-cedict	worth it/it pays to
划船機	huá chuán jī	huà chuán jī	cc-cedict	rowing machine
刨根兒	páo gēn r	páo gēn ér	cc-cedict	erhua variant of 刨根[pao2 gen1]
刨筆刀	bào bǐ dāo	páo bǐ dāo	cc-cedict	pencil sharpener
刨絲器	bào sī qì	páo sī qì	cc-cedict	grater/shredder
刨花板	bào huā bǎn	páo huā bǎn	cc-cedict	particle board/chipboard
制服呢	zhì fú ní	zhì fú ne	cc-cedict	(textiles) uniform coating; durable, warm fabric used for uniforms
刺兒李	cì r lǐ	cì ér lǐ	cc-cedict	gooseberry
刺兒話	cì r huà	cì ér huà	cc-cedict	biting words/stinging words
刺兒頭	cì r tóu	cì ér tóu	cc-cedict	troublesome person; difficult person to deal with
削鉛筆	xiāo qiān bǐ	xuē qiān bǐ	cc-cedict	to sharpen a pencil
前奏曲	qián zòu qǔ	qián zòu qū	cc-cedict	prelude (music)
前邊兒	qián bian r	qián biān ér	cc-cedict	erhua variant of 前邊|前边[qian2 bian5]
前首相	qián shǒu xiàng	qián shǒu xiāng	cc-cedict	former prime minister
剪刀差	jiǎn dāo chā	jiǎn dāo chà	cc-cedict	(economics) price scissors
剪切力	jiǎn qiē lì	jiǎn qiè lì	cc-cedict	shear/shearing force
剪切板	jiǎn qiē bǎn	jiǎn qiè bǎn	cc-cedict	(computing) clipboard
剪應力	jiǎn yìng lì	jiǎn yīng lì	cc-cedict	shear stress
創口貼	chuāng kǒu tiē	chuàng kǒu tiē	cc-cedict	band-aid
創可貼	chuāng kě tiē	chuàng kě tiē	cc-cedict	band-aid; sticking plaster
劉少奇	liú shào qí	liú shǎo qí	cc-cedict	Liu Shaoqi (1898-1969), Chinese communist leader, a martyr of the Cultural Revolution
加勁兒	jiā jìn r	jiā jìn ér	cc-cedict	erhua variant of 加勁|加劲[jia1 jin4]
加勒比	jiā lè bǐ	jiā lēi bǐ	cc-cedict	Caribbean
加塞兒	jiā sāi r	jiā sāi ér	cc-cedict	to push into a line out of turn; to cut in line; to jump the queue
加的斯	jiā dì sī	jiā de sī	cc-cedict	Cádiz, Spain
努勁兒	nǔ jìn r	nǔ jìn ér	cc-cedict	to extend/to put forth
努嘴兒	nǔ zuǐ r	nǔ zuǐ ér	cc-cedict	erhua variant of 努嘴[nu3 zui3]
勃艮第	bó gèn dì	bó gěn dì	cc-cedict	Burgundy (Bourgogne), a medieval kingdom and later a powerful duchy, now a region of France
勒克斯	lè kè sī	lēi kè sī	cc-cedict	lux (unit of illuminance) (loanword)
勒威耶	lè wēi yē	lēi wēi yé	cc-cedict	Urbain Le Verrier (1811-1877), French mathematician and astronomer who predicted the position of Neptune
勒索罪	lè suǒ zuì	lēi suǒ zuì	cc-cedict	blackmail
勒維夫	lè wéi fu	lēi wéi fū	cc-cedict	Lviv (Lvov), town in western Ukraine
勞什子	láo shí zi	láo shén zǐ	cc-cedict	(dialect) nuisance/pain
包乾兒	bāo gān r	bāo qián ér	cc-cedict	erhua variant of 包乾|包干[bao1 gan1]
包乾制	bāo gān zhì	bāo qián zhì	cc-cedict	a system of payment partly in kind and partly in cash
包圓兒	bāo yuán r	bāo yuán ér	cc-cedict	to buy the whole lot/to take everything remaining
北京咳	běi jīng ké	běi jīng hāi	cc-cedict	"Beijing cough", respiratory problems caused by dry and polluted Beijing air, typically experienced by non-acclimated fo
北斗星	běi dǒu xīng	běi dòu xīng	cc-cedict	the Big Dipper/the Plow
北朝鮮	běi cháo xiǎn	běi cháo xiān	cc-cedict	North Korea
北邊兒	běi biān r	běi biān ér	cc-cedict	erhua variant of 北邊|北边[bei3 bian1]
北領地	běi lǐng dì	běi lǐng de	cc-cedict	Northern Territory, sparsely populated federal territory extending from center to north of Australia
匯出行	huì chū háng	huì chū xíng	cc-cedict	remitting bank
十天干	shí tiān gān	shí tiān gàn	cc-cedict	the ten Heavenly Stems 甲[jia3], 乙[yi3], 丙[bing3], 丁[ding1], 戊[wu4], 己[ji3], 庚[geng1], 辛[xin1], 壬[ren2], 癸[gui3] (used cy
十字鎬	shí zì gǎo	shí zì hào	cc-cedict	pickaxe
千佛洞	qiān fó dòng	qiān fú dòng	cc-cedict-buddhist	Buddhist grottos
半分兒	bàn fēn r	bàn fēn ér	cc-cedict	erhua variant of 半分[ban4 fen1]
半長軸	bàn cháng zhóu	bàn zhǎng zhóu	cc-cedict	semiaxis/radius
協奏曲	xié zòu qǔ	xié zòu qū	cc-cedict	concerto
協方差	xié fāng chā	xié fāng chà	cc-cedict	(statistics) covariance
協調人	xié tiáo rén	xié diào rén	cc-cedict	coordinator
協調員	xié tiáo yuán	xié diào yuán	cc-cedict	coordinator
南北長	nán běi cháng	nán běi zhǎng	cc-cedict	north-south distance
南朝鮮	nán cháo xiǎn	nán cháo xiān	cc-cedict	South Korea
南譙區	nán qiáo qū	nán qiào qū	cc-cedict	Nanqiao, a district of Chuzhou City 滁州市[Chu2 zhou1 Shi4], Anhui
南邊兒	nán bian r	nán biān ér	cc-cedict	erhua variant of 南邊|南边[nan2 bian5]
博興縣	bó xīng xiàn	bó xìng xiàn	cc-cedict	Boxing, a county in Binzhou City 濱州市|滨州市[Bin1 zhou1 Shi4], Shandong
占地兒	zhàn dì r	zhàn de ér	cc-cedict	to take up space
占地方	zhàn dì fang	zhàn de fāng	cc-cedict	to take up space
占星學	zhān xīng xué	zhàn xīng xué	cc-cedict	astrology
占星家	zhān xīng jiā	zhàn xīng jiā	cc-cedict	astrologer
占星師	zhān xīng shī	zhàn xīng shī	cc-cedict	astrologer
占星術	zhān xīng shù	zhàn xīng shù	cc-cedict	astrology
卡哇伊	kǎ wā yī	kǎ wa yī	cc-cedict	cute/adorable/charming (loanword from Japanese)
卡哇依	kǎ wā yī	kǎ wa yī	cc-cedict	variant of 卡哇伊[ka3 wa1 yi1]
卡地亞	kǎ dì yà	kǎ de yà	cc-cedict	Cartier (brand)
卡脖子	qiǎ bó zi	kǎ bó zǐ	cc-cedict	to squeeze the throat/(fig.) to have in a stranglehold/critical
印古什	yìn gǔ shí	yìn gǔ shén	cc-cedict	Ingushetia, republic in southwestern Russia
印地語	yìn dì yǔ	yìn de yǔ	cc-cedict	Hindi (language)
印把子	yìn bà zi	yìn bǎ zǐ	cc-cedict	seal of authority/official seal
卷地皮	juǎn dì pí	juǎn de pí	cc-cedict	to plunder the land and extort from the peasant/corrupt practice
卸肩兒	xiè jiān r	xiè jiān ér	cc-cedict	lit. a weight off one's shoulders/fig. to resign a post/to lay down a burden/to be relieved of a job
厚生相	hòu shēng xiàng	hòu shēng xiāng	cc-cedict	minister of health (of Japan, UK etc)
厚薄規	hòu bó guī	hòu báo guī	cc-cedict	feeler gauge
原產地	yuán chǎn dì	yuán chǎn de	cc-cedict	original source/place of origin/provenance
參宿七	shēn xiù qī	cān sù qī	cc-cedict	Rigel (star)/lit. seventh star of the Three Stars Chinese constellation
參與者	cān yù zhě	cān yǔ zhě	cc-cedict	participant
參雞湯	shēn jī tāng	cān jī tāng	cc-cedict	samgyetang, popular Korean chicken soup with ginseng, spices etc
反應堆	fǎn yìng duī	fǎn yīng duī	cc-cedict	reactor
反應式	fǎn yìng shì	fǎn yīng shì	cc-cedict	equation of a chemical reaction
反應時	fǎn yìng shí	fǎn yīng shí	cc-cedict	response time
反應爐	fǎn yìng lú	fǎn yīng lú	cc-cedict	(nuclear etc) reactor
反應鍋	fǎn yìng guō	fǎn yīng guō	cc-cedict	(chemical engineering) reaction vessel; reaction tank
反散射	fǎn sǎn shè	fǎn sàn shè	cc-cedict	backscatter
反相器	fǎn xiàng qì	fǎn xiāng qì	cc-cedict	(electronics) inverter; NOT gate
反間計	fǎn jiàn jì	fǎn jiān jì	cc-cedict	stratagem of sowing dissension/CL:條|条[tiao2]
反間諜	fǎn jiàn dié	fǎn jiān dié	cc-cedict	counterintelligence/protection against espionage
反面兒	fǎn miàn r	fǎn miàn ér	cc-cedict	erhua variant of 反面[fan3 mian4]
取燈兒	qǔ dēng r	qǔ dēng ér	cc-cedict	(dialect) match (for lighting fire)
受不了	shòu bù liǎo	shòu bù le	cc-cedict	unbearable/unable to endure/can't stand
受得了	shòu de liǎo	shòu dé le	cc-cedict	to put up with; to endure
受難日	shòu nàn rì	shòu nán rì	cc-cedict	Good Friday
受難者	shòu nàn zhě	shòu nán zhě	cc-cedict	sufferer/a victim of a calamity/a person in distress
口嚼酒	kǒu jiáo jiǔ	kǒu jué jiǔ	cc-cedict	alcoholic drink made by fermenting chewed rice
古典樂	gǔ diǎn yuè	gǔ diǎn lè	cc-cedict	classical music (mainly Western)
古地磁	gǔ dì cí	gǔ de cí	cc-cedict	paleomagnetism
古惑仔	gǔ huò zǎi	gǔ huò zǐ	cc-cedict	gangster/hooligan/problem youth/at-risk youth
另存為	lìng cún wéi	lìng cún wèi	cc-cedict	Save As ... (menu option in a software application)
叫化子	jiào huā zi	jiào huà zǐ	cc-cedict	variant of 叫花子[jiao4 hua1 zi5]
召陵區	shào líng qū	zhào líng qū	cc-cedict	Shaoling, a district of Luohe City 漯河市[Luo4 he2 Shi4], Henan
叭啦狗	bā lā gǒu	bā la gǒu	cc-cedict	bulldog
可勁兒	kě jìn r	kě jìn ér	cc-cedict	erhua variant of 可勁|可劲[ke3 jin4]
可數集	kě shǔ jí	kě shù jí	cc-cedict	countable set (math.)/denumerable set
可耕地	kě gēng dì	kě gēng de	cc-cedict	arable land
台州市	tāi zhōu shì	tái zhōu shì	cc-cedict	Taizhou, prefecture-level city in Zhejiang Province 浙江省[Zhe4 jiang1 Sheng3]
史丹佛	shǐ dān fó	shǐ dān fú	cc-cedict	(Tw) Stanford (University)
右撇子	yòu piě zi	yòu piē zǐ	cc-cedict	right-hander
右邊兒	yòu bian r	yòu biān ér	cc-cedict	erhua variant of 右邊|右边[you4 bian5]
吃乾飯	chī gān fàn	chī qián fàn	cc-cedict	(coll.) to be incompetent/useless/good-for-nothing
吃空額	chī kòng é	chī kōng é	cc-cedict	to embezzle by adding to the payroll employees existing in name only
吃空餉	chī kòng xiǎng	chī kōng xiǎng	cc-cedict	to embezzle by adding to the payroll employees existing in name only
合轍兒	hé zhé r	hé zhé ér	cc-cedict	erhua variant of 合轍|合辙[he2 zhe2]
吉布地	jí bù dì	jí bù de	cc-cedict	(Tw) Djibouti
吊膀子	diào bàng zi	diào bǎng zǐ	cc-cedict	(dialect) to flirt (derog.)
名牌兒	míng pái r	míng pái ér	cc-cedict	erhua form of 名牌[ming2 pai2]
名角兒	míng jué r	míng jiǎo ér	cc-cedict	erhua variant of 名角[ming2 jue2]
吐谷渾	tǔ yù hún	tǔ gǔ hún	cc-cedict	Tuyuhun, nomadic people related to the Xianbei 鮮卑|鲜卑[Xian1 bei1]/a state in Qinghai in 4th-7th century AD
吧托女	bā tuō nǚ	ba tuō nǚ	cc-cedict	scam girl/woman who lures men to an exorbitantly priced bar 酒吧[jiu3 ba1]
吱吱聲	zī zī shēng	zhī zhī shēng	cc-cedict	squeak
吳堡縣	wú bǔ xiàn	wú bǎo xiàn	cc-cedict	Wubu, a county in Yulin City 榆林市[Yu2 lin2 Shi4], Shaanxi
吳興區	wú xīng qū	wú xìng qū	cc-cedict	Wuxing, a district of Huzhou City 湖州市[Hu2 zhou1 Shi4], Zhejiang
吹管樂	chuī guǎn yuè	chuī guǎn lè	cc-cedict	woodwind music
呀諾達	yā nuò dá	ya nuò dá	cc-cedict	Yanoda, a rainforest in southern Hainan
呆會兒	dāi huì r	dāi huì ér	cc-cedict	variant of 待會兒|待会儿[dai1 hui4 r5]
呱呱叫	guā guā jiào	gū gū jiào	cc-cedict	excellent/tip-top
呼啦啦	hū lā lā	hū la la	cc-cedict	flapping sound
呼啦圈	hū lā quān	hū la quān	cc-cedict	hula hoop (loanword)
呼嚕嚕	hū lū lū	hū lǔ lǔ	cc-cedict	(onom.) to snore/wheezing
命中率	mìng zhòng lǜ	mìng zhōng lǜ	cc-cedict	hit rate/scoring rate
命令行	mìng lìng háng	mìng lìng xíng	cc-cedict	(computing) command line
和散那	hé sǎn nà	hé sàn nà	cc-cedict	Hosanna (in Christian praise)
和稀泥	huò xī ní	hé xī ní	cc-cedict	to try to smooth things over/to paper over the issues/to gloss things over
咕嚕肉	gū lū ròu	gū lǔ ròu	cc-cedict	sweet and sour meat (pork)
咖喱粉	gā lí fěn	kā lí fěn	cc-cedict	curry powder
咸興市	xián xīng shì	xián xìng shì	cc-cedict	Hamhung, North Korea
咽峽炎	yān xiá yán	yàn xiá yán	cc-cedict	angina/sore throat
咽鼓管	yān gǔ guǎn	yàn gǔ guǎn	cc-cedict	Eustachian tube (linking the pharynx 咽[yan1] to the tympanic cavity 鼓室[gu3 shi4] of the middle ear)/auditory tube
哇沙比	wā shā bǐ	wa shā bǐ	cc-cedict	wasabi (loanword) (Tw)
哇沙米	wā shā mǐ	wa shā mǐ	cc-cedict	wasabi (loanword) (Tw)
哈喇子	hā lá zi	hā lǎ zǐ	cc-cedict	(dialect) saliva
哈士蟆	hà shi má	hā shì má	cc-cedict	Chinese brown frog (Rana chensinensis) (loanword from Manchu)/Taiwan pr. [ha1 shi4 ma2]
哈巴狗	hǎ bā gǒu	hā bā gǒu	cc-cedict	pekingese (dog)/(fig.) sycophant/lackey
哥們兒	gē men r	gē men ér	cc-cedict	erhua form of 哥們|哥们[ge1 men5]
哦買嘎	ò mǎi gā	ó mǎi gā	cc-cedict	(loanword) oh my God!
哭喪棒	kū sāng bàng	kū sàng bàng	cc-cedict	mourning staff draped in white, held at a funeral to show filial piety
唐三藏	táng sān zàng	táng sān cáng	cc-cedict-buddhist	Tripitaka, the central character of the 16th century novel "Journey to the West" 西遊記|西游记[Xi1 you2 ji4], based on the mon
商都縣	shāng dū xiàn	shāng dōu xiàn	cc-cedict	Shangdu, a county in Ulanqab City 烏蘭察布市|乌兰察布市[Wu1 lan2 cha2 bu4 Shi4], Inner Mongolia
啦啦隊	lā lā duì	la la duì	cc-cedict	cheerleading squad
喀什市	kā shí shì	kā shén shì	cc-cedict	Kashgar, a county-level city in Kashgar City 喀什市[Ka1 shi2 Shi4], Xinjiang
喉塞音	hóu sè yīn	hóu sāi yīn	cc-cedict	glottal stop
喝倒彩	hè dào cǎi	hē dào cǎi	cc-cedict	to boo or jeer (as a sign of displeasure at an actor)
喪葬費	sāng zàng fèi	sàng zàng fèi	cc-cedict	funeral expenses
喪門神	sāng mén shén	sàng mén shén	cc-cedict	messenger of death/person bringing bad luck
喬冠華	qiáo guàn huá	qiáo guān huá	cc-cedict	Qiao Guanhua (1913-1973), PRC politician and diplomat
喬答摩	qiáo dā mó	qiáo dá mó	cc-cedict	Gautama, surname of the Siddhartha, the historical Buddha
單個兒	dān gè r	dān gè ér	cc-cedict	erhua variant of 單個|单个[dan1 ge5]
單房差	dān fáng chā	dān fáng chà	cc-cedict	single supplement (for a hotel room)
單間差	dān jiān chā	dān jiān chà	cc-cedict	single supplement (for a hotel room)
嗝兒屁	gé r pì	gé ér pì	cc-cedict	erhua form of 嗝屁[ge2 pi4]
嘉興市	jiā xīng shì	jiā xìng shì	cc-cedict	Jiaxing, prefecture-level city in Zhejiang Province 浙江省[Zhe4 jiang1 Sheng3]
嘎拉哈	gā lā hà	gā lā hā	cc-cedict	(Manchu loanword) knucklebones/see 羊拐[yang2 guai3]
嘔吐物	ǒu tù wù	ǒu tǔ wù	cc-cedict	vomit
嘩啦啦	huā lā lā	huā la la	cc-cedict	(onom.) crashing sound
噴嘴兒	pēn zuǐ r	pēn zuǐ ér	cc-cedict	erhua variant of 噴嘴|喷嘴[pen1 zui3]
嚼勁兒	jiáo jìn r	jué jìn ér	cc-cedict	chewiness
嚼舌根	jiáo shé gēn	jué shé gēn	cc-cedict	to gossip/to argue unnecessarily
嚼舌頭	jiáo shé tóu	jué shé tóu	cc-cedict	to gossip/to argue unnecessarily
四部曲	sì bù qǔ	sì bù qū	cc-cedict	tetralogy
四重奏	sì chóng zòu	sì zhòng zòu	cc-cedict	quartet (musical ensemble)
回單兒	huí dān r	huí dān ér	cc-cedict	erhua variant of 回單|回单[hui2 dan1]
回旋曲	huí xuán qǔ	huí xuán qū	cc-cedict	rondo
國子監	guó zǐ jiàn	guó zǐ jiān	cc-cedict	Guozijian, the highest educational administrative body in imperial China, in some dynasties also functioning as the high
圓腹鯡	yuán fù fēi	yuán fù fèi	cc-cedict	round herring
圓舞曲	yuán wǔ qǔ	yuán wǔ qū	cc-cedict	waltz
圖們市	tú mén shì	tú men shì	cc-cedict	Tumen, a county-level city in Yanbian Korean Autonomous Prefecture 延邊朝鮮族自治州|延边朝鲜族自治州[Yan2 bian1 Chao2 xian3 zu2 Zi4 zhi4
圖們江	tú mén jiāng	tú men jiāng	cc-cedict	Tumen river in Jilin province 吉林省, forming the eastern border between China and North Korea
團團轉	tuán tuán zhuàn	tuán tuán zhuǎn	cc-cedict	to go round and round/running around in circles/fig. frantically busy
土地公	tǔ dì gōng	tǔ de gōng	cc-cedict	Tudi Gong, the local tutelary god (in Chinese folk religion)
土地神	tǔ dì shén	tǔ de shén	cc-cedict	local tutelary god (in Chinese folk religion) (same as 土地公|土地公[Tu3 di4 Gong1])
土坎兒	tǔ kǎn r	tǔ kǎn ér	cc-cedict	erhua variant of 土坎[tu3 kan3]
土坷垃	tǔ kē lā	tǔ kě lā	cc-cedict	(dialect) clod of earth
在地下	zài dì xià	zài de xià	cc-cedict	underground
地三鮮	dì sān xiān	de sān xiān	cc-cedict	dish consisting of stir-fried potato, eggplant and green pepper
地下城	dì xià chéng	de xià chéng	cc-cedict	dungeon (in video games or fantasy settings etc)
地下室	dì xià shì	de xià shì	cc-cedict	basement/cellar
地下情	dì xià qíng	de xià qíng	cc-cedict	secret love affair
地下水	dì xià shuǐ	de xià shuǐ	cc-cedict	groundwater
地下莖	dì xià jīng	de xià jīng	cc-cedict	(botany) underground stem
地下街	dì xià jiē	de xià jiē	cc-cedict	underground shopping arcade; underground mall
地下道	dì xià dào	de xià dào	cc-cedict	underground passage; underpass
地中海	dì zhōng hǎi	de zhōng hǎi	cc-cedict	Mediterranean Sea
地中海	dì zhōng hǎi	de zhōng hǎi	cc-cedict	(coll.) bald crown; bald spot on the crown of the head
地主隊	dì zhǔ duì	de zhǔ duì	cc-cedict	home team (sports)
地動儀	dì dòng yí	de dòng yí	cc-cedict	the world's first seismograph invented by Zhang Heng 張衡|张衡[Zhang1 Heng2] in 132/abbr. for 候風地動儀|候风地动仪[hou4 feng1 di4 don
地區性	dì qū xìng	de qū xìng	cc-cedict	regional/local
地圖冊	dì tú cè	de tú cè	cc-cedict	atlas
地圖集	dì tú jí	de tú jí	cc-cedict	collection of maps/atlas
地層學	dì céng xué	de céng xué	cc-cedict	stratigraphy (geology)
地市級	dì shì jí	de shì jí	cc-cedict	prefecture level (the administrative tier below the provincial level, including prefecture-level cities, autonomous pref
地平線	dì píng xiàn	de píng xiàn	cc-cedict	horizon
地形圖	dì xíng tú	de xíng tú	cc-cedict	topographic map
地心說	dì xīn shuō	de xīn shuō	cc-cedict	geocentric theory
地拉那	dì lā nà	de lā nà	cc-cedict	Tirana, capital of Albania
地排車	dì pǎi chē	de pái chē	cc-cedict	handcart
地方官	dì fāng guān	de fāng guān	cc-cedict	local official
地方性	dì fāng xìng	de fāng xìng	cc-cedict	local
地方戲	dì fāng xì	de fāng xì	cc-cedict	local Chinese opera, such as Shaoxing opera 越劇|越剧[Yue4 ju4], Sichuan opera 川劇|川剧[Chuan1 ju4], Henan opera 豫劇|豫剧[Yu4 ju4]
地板價	dì bǎn jià	de bǎn jià	cc-cedict	floor price; rock-bottom price
地板磚	dì bǎn zhuān	de bǎn zhuān	cc-cedict	floor tile
地檢署	dì jiǎn shǔ	de jiǎn shǔ	cc-cedict	district prosecutor's office
地溝油	dì gōu yóu	de gōu yóu	cc-cedict	illegally recycled waste cooking oil
地滾球	dì gǔn qiú	de gǔn qiú	cc-cedict	ten-pin bowling/bowling ball/(baseball etc) ground ball
地熱能	dì rè néng	de rè néng	cc-cedict	geothermal energy
地球儀	dì qiú yí	de qiú yí	cc-cedict	globe
地球村	dì qiú cūn	de qiú cūn	cc-cedict	global village
地理學	dì lǐ xué	de lǐ xué	cc-cedict	geography
地理極	dì lǐ jí	de lǐ jí	cc-cedict	geographic pole/north and south poles
地瓜乾	dì guā gān	de guā qián	cc-cedict	dried sweet potato slices
地瓜鳥	dì guā niǎo	de guā niǎo	cc-cedict	(bird species of China) Malayan night heron (Gorsachius melanolophus)
地瓜麵	dì guā miàn	de guā miàn	cc-cedict	sweet potato or yam noodles
地產稅	dì chǎn shuì	de chǎn shuì	cc-cedict	property tax
地磁場	dì cí chǎng	de cí chǎng	cc-cedict	the earth's magnetic field
地磁暴	dì cí bào	de cí bào	cc-cedict	geomagnetic storm
地窨子	dì yìn zi	de yìn zǐ	cc-cedict	cellar
地級市	dì jí shì	de jí shì	cc-cedict	prefecture-level city
地表水	dì biǎo shuǐ	de biǎo shuǐ	cc-cedict	surface water
地西泮	dì xī pàn	de xī pàn	cc-cedict	diazepam (loanword)/Valium
地質學	dì zhì xué	de zhì xué	cc-cedict	geology
地躺拳	dì tǎng quán	de tǎng quán	cc-cedict	Di Tang Quan - "Ground-Prone Fist"/"Ground Tumbling Boxing" - Martial Art
地鐵站	dì tiě zhàn	de tiě zhàn	cc-cedict	subway station
地震儀	dì zhèn yí	de zhèn yí	cc-cedict	seismometer
地震區	dì zhèn qū	de zhèn qū	cc-cedict	seismic zone/earthquake belt
地震學	dì zhèn xué	de zhèn xué	cc-cedict	seismology/science of earthquakes
地震局	dì zhèn jú	de zhèn jú	cc-cedict	earthquake bureau
地震帶	dì zhèn dài	de zhèn dài	cc-cedict	seismic zone/earthquake belt
地震波	dì zhèn bō	de zhèn bō	cc-cedict	seismic wave
地面層	dì miàn céng	de miàn céng	cc-cedict	ground floor/first floor
地面水	dì miàn shuǐ	de miàn shuǐ	cc-cedict	surface water
地頭蛇	dì tóu shé	de tóu shé	cc-cedict	local bully/tyrant/regional mafia boss
坎兒井	kǎn r jǐng	kǎn ér jǐng	cc-cedict	karez, qanat or "horizontal well" (irrigation and water management system used in Xinjiang, Central Asia and Middle East
坎肩兒	kǎn jiān r	kǎn jiān ér	cc-cedict	erhua variant of 坎肩[kan3 jian1]
垣曲縣	yuán qǔ xiàn	yuán qū xiàn	cc-cedict	Yuanqu, a county in Yuncheng City 運城市|运城市[Yun4 cheng2 Shi4], Shanxi
培勒茲	péi lè zī	péi lēi zī	cc-cedict	Perez (name)
堯都區	yáo dū qū	yáo dōu qū	cc-cedict	Yaodu, a district of Linfen City 臨汾市|临汾市[Lin2 fen2 Shi4], Shanxi
堰塞湖	yàn sè hú	yàn sāi hú	cc-cedict	barrier lake; landslide dam/dammed lake
堵塞費	dǔ sè fèi	dǔ sāi fèi	cc-cedict	traffic congestion fee
塔什干	tǎ shí gān	tǎ shén gàn	cc-cedict	Tashkent, capital of Uzbekistan
塔塔兒	tǎ tǎ r	tǎ tǎ ér	cc-cedict	Tartar (person)
塗漿檯	tú jiàng tái	tú jiāng tái	cc-cedict	pasting table (for wallpapering)
塞勒姆	sài lè mǔ	sāi lēi mǔ	cc-cedict	Salem, capital of Oregon/Salem, city in Massachusetts/Salem, city in India
塞席爾	sài xí ěr	sāi xí ěr	cc-cedict	(Tw) the Seychelles
塞擦音	sè cā yīn	sāi cā yīn	cc-cedict	affricate (phonetics)
塞斯納	sài sī nà	sāi sī nà	cc-cedict	Cessna (American aircraft manufacturer)
塞爾特	sài ěr tè	sāi ěr tè	cc-cedict	Celtic
塞爾達	sài ěr dá	sāi ěr dá	cc-cedict	Zelda (in Legend of Zelda video game)
塞特犬	sài tè quǎn	sāi tè quǎn	cc-cedict	setter (dog breed)
塞納河	sài nà hé	sāi nà hé	cc-cedict	Seine
塞繆爾	sài miù ěr	sāi móu ěr	cc-cedict	(name) Samuel
塞舌爾	sài shé ěr	sāi shé ěr	cc-cedict	the Seychelles
填塞物	tián sè wù	tián sāi wù	cc-cedict	stuffing; filling material
墊底兒	diàn dǐ r	diàn dǐ ér	cc-cedict	erhua variant of 墊底|垫底[dian4 di3]
墨水兒	mò shuǐ r	mò shuǐ ér	cc-cedict	erhua variant of 墨水[mo4 shui3]
壁效應	bì xiào yìng	bì xiào yīng	cc-cedict	wall effect
壓倒性	yā dǎo xìng	yā dào xìng	cc-cedict	overwhelming
壓根兒	yà gēn r	yā gēn ér	cc-cedict	erhua variant of 壓根|压根[ya4 gen1]
壓軸戲	yā zhòu xì	yā zhóu xì	cc-cedict	next-to-last item on a program (theater)/climax
壓馬路	yà mǎ lù	yā mǎ lù	cc-cedict	variant of 軋馬路|轧马路[ya4 ma3 lu4]/Taiwan pr. [ya1 ma3 lu4]
壞分子	huài fèn zǐ	huài fēn zǐ	cc-cedict	bad element; troublemaker
壞包兒	huài bāo r	huài bāo ér	cc-cedict	rascal/rogue/little devil (term of endearment)
外地人	wài dì rén	wài de rén	cc-cedict	stranger/outsider
外場人	wài cháng rén	wài chǎng rén	cc-cedict	sophisticated, worldly person/man of the world
外蒙古	wài měng gǔ	wài méng gǔ	cc-cedict	Outer Mongolia
外邊兒	wài bian r	wài biān ér	cc-cedict	erhua variant of 外邊|外边[wai4 bian5]
外飛地	wài fēi dì	wài fēi de	cc-cedict	enclave (foreign land inside us)/(Tw) exclave (our land outside us)
多佛爾	duō fó ěr	duō fú ěr	cc-cedict	Dover
多普勒	duō pǔ lè	duō pǔ lēi	cc-cedict	Christian Johann Doppler, Austrian physicist who discovered the Doppler effect
多水分	duō shuǐ fèn	duō shuǐ fēn	cc-cedict	juicy
多目的	duō mù dì	duō mù de	cc-cedict	multipurpose
多菲什	duō fēi shí	duō fēi shén	cc-cedict	dogfish (loanword)
多重性	duō chóng xìng	duō zhòng xìng	cc-cedict	multiplicity
夜宵兒	yè xiāo r	yè xiāo ér	cc-cedict	erhua variant of 夜宵[ye4 xiao1]
夜盆兒	yè pén r	yè pén ér	cc-cedict	chamber pot
夠不著	gòu bu zháo	gòu bù zhù	cc-cedict	to be unable to reach
夠得著	gòu de zháo	gòu dé zhù	cc-cedict	to reach (with one's hand etc)/(fig.) to attain (an objective)
大不了	dà bu liǎo	dà bù le	cc-cedict	at worst; if worst comes to worst/(usu. in the negative) serious; alarming
大伙兒	dà huǒ r	dà huǒ ér	cc-cedict	erhua variant of 大伙[da4 huo3]
大伯子	dà bǎi zi	dà bó zǐ	cc-cedict	(coll.) husband's elder brother
大個兒	dà gè r	dà gè ér	cc-cedict	(coll.) tall person
大地主	dà dì zhǔ	dà de zhǔ	cc-cedict	a large landowner
大地洞	dà dì dòng	dà de dòng	cc-cedict	cavern
大地線	dà dì xiàn	dà de xiàn	cc-cedict	a geodesic (curve)
大墓地	dà mù dì	dà mù de	cc-cedict	necropolis
大月氏	dà yuè zhī	dà yuè shì	cc-cedict	the Greater Yuezhi, a branch of the Yuezhi 月氏[Yue4 zhi1] people of central Asia during the Han dynasty
大杓鷸	dà sháo yù	dà biāo yù	cc-cedict	(bird species of China) Far Eastern curlew (Numenius madagascariensis)
大氣兒	dà qì r	dà qì ér	cc-cedict	erhua variant of 大氣|大气[da4 qi4]
大氧吧	dà yǎng bā	dà yǎng ba	cc-cedict	source of oxygen (of forests and nature reserves)/(cliché) lungs of the planet
大溪地	dà xī dì	dà xī de	cc-cedict	Tahiti, island of the Society Islands group in French Polynesia (Tw)
大腕兒	dà wàn r	dà wàn ér	cc-cedict	erhua variant of 大腕[da4 wan4]
大興區	dà xīng qū	dà xìng qū	cc-cedict	Daxing, a district of Beijing
大藏經	dà zàng jīng	dà cáng jīng	cc-cedict-buddhist	Tripitaka Koreana, Buddhist scriptures carved on 81,340 wooden tablets and housed in the Haein Temple 海印寺[Hai3 yin4 si4]
大補帖	dà bǔ tiě	dà bǔ tiē	cc-cedict	tonic/healthy concoction/(fig.) just what the doctor ordered/(Tw) pirated software
大軸戲	dà zhòu xì	dà zhóu xì	cc-cedict	last item on a program (theater)
大都市	dà dū shì	dà dōu shì	cc-cedict	metropolis/large city/megacity
大都會	dà dū huì	dà dōu huì	cc-cedict	major city/metropolis/metropolitan
大長今	dà cháng jīn	dà zhǎng jīn	cc-cedict	Dae Jang Geum, a 2003 Korean historical drama TV series
大長腿	dà cháng tuǐ	dà zhǎng tuǐ	cc-cedict	(coll.) (a person's) long legs
大麥地	dà mài dì	dà mài de	cc-cedict	place name in Ningxia with rock carving conjectured to be a stage in the development of Chinese characters
天台山	tiān tāi shān	tiān tái shān	cc-cedict-buddhist	Mt Tiantai near Shaoxing 紹興|绍兴[Shao4 xing1] in Zhejiang, the center of Tiantai Buddhism 天台宗[Tian1 tai2 zong1]
天台縣	tiān tāi xiàn	tiān tái xiàn	cc-cedict	Tiantai, a county in Taizhou City 台州市[Tai1 zhou1 Shi4], Zhejiang
天地會	tiān dì huì	tiān de huì	cc-cedict	Tiandihui (Chinese fraternal organization)
天老兒	tiān lǎo r	tiān lǎo ér	cc-cedict	albino (human)
天長市	tiān cháng shì	tiān zhǎng shì	cc-cedict	Tianchang, a county-level city in Chuzhou City 滁州市[Chu2 zhou1 Shi4], Anhui
太行山	tài háng shān	tài xíng shān	cc-cedict	Taihang Mountains on the border between Hebei and Shanxi
夫妻相	fū qī xiàng	fū qī xiāng	cc-cedict	similarity in features of an old couple/common facial traits that show predestination to be married together
失身分	shī shēn fèn	shī shēn fēn	cc-cedict	demeaning
夾塞兒	jiā sāi r	jiā sāi ér	cc-cedict	to cut into a line/queue-jumping
夾當兒	jiā dāng r	jiā dāng ér	cc-cedict	erhua variant of 夾當|夹当[jia1 dang1]
奇偶性	jī ǒu xìng	qí ǒu xìng	cc-cedict	parity (odd or even)
奇函數	jī hán shù	qí hán shù	cc-cedict	odd function (math.)
奇蹄目	jī tí mù	qí tí mù	cc-cedict	Perissodactyla/order of odd-toed ungulate (including horse, tapir, rhinoceros)
奇蹄類	jī tí lèi	qí tí lèi	cc-cedict	Perissodactyla (odd-toed ungulates, such as horses, zebras etc)
奏鳴曲	zòu míng qǔ	zòu míng qū	cc-cedict	sonata
奔頭兒	bèn tou r	bēn tóu ér	cc-cedict	erhua variant of 奔頭|奔头[ben4 tou5]
套口供	tào kǒu gòng	tào kǒu gōng	cc-cedict	to trap a suspect into a confession
套衫兒	tào shān r	tào shān ér	cc-cedict	a pullover
奧地利	ào dì lì	ào de lì	cc-cedict	Austria
奧塞梯	ào sài tī	ào sāi tī	cc-cedict	Ossetia (ethnolinguistic region in the Caucasus Mountains)
奧塞羅	ào sài luó	ào sāi luó	cc-cedict	variant of 奧賽羅|奥赛罗[Ao4 sai4 luo2]
奧米伽	ào mǐ gā	ào mǐ jiā	cc-cedict	omega (Greek letter Ω, ω)/also pr. [ao4mi3jia1]
女主角	nǚ zhǔ jué	nǚ zhǔ jiǎo	cc-cedict	female lead; female protagonist
女儐相	nǚ bīn xiàng	nǚ bīn xiāng	cc-cedict	bridesmaid
女孩兒	nǚ hái r	nǚ hái ér	cc-cedict	erhua form of 女孩[nu : 3 hai2]
女神蛤	nǚ shén gé	nǚ shén há	cc-cedict	geoduck (Panopea abrupta)/elephant trunk clam/same as 象拔蚌[xiang4 ba2 bang4]
女舍監	nǚ shè jiān	nǚ shě jiān	cc-cedict	matron
女體盛	nǚ tǐ chéng	nǚ tǐ shèng	cc-cedict	nyotaimori or "body sushi", Japanese practice of serving sushi on the body of a naked woman
奴兒干	nú ér gān	nú ér gàn	cc-cedict	part of Heilongjiang and the Vladivostok area ruled by the Ming dynasty
奶嘴兒	nǎi zuǐ r	nǎi zuǐ ér	cc-cedict	erhua variant of 奶嘴[nai3 zui3]
好事者	hào shì zhě	hǎo shì zhě	cc-cedict	busybody/CL:個|个[ge4]
好奇心	hào qí xīn	hǎo qí xīn	cc-cedict	interest in sth/curiosity/inquisitive
好好兒	hǎo hāo r	hǎo hǎo ér	cc-cedict	in good condition/perfectly good/carefully/well/thoroughly
好玩兒	hǎo wán r	hǎo wán ér	cc-cedict	erhua variant of 好玩[hao3 wan2]
好面子	hào miàn zi	hǎo miàn zǐ	cc-cedict	to be overly concerned with face
如來佛	rú lái fó	rú lái fú	cc-cedict	Tathagata, one of the ten sacred names of Buddha
始興縣	shǐ xīng xiàn	shǐ xìng xiàn	cc-cedict	Shixing, a county in Shaoguan City 韶關市|韶关市[Shao2 guan1 Shi4], Guangdong
姐們兒	jiě men r	jiě men ér	cc-cedict	erhua form of 姐們|姐们[jie3 men5]
娘兒們	niáng r men	niáng ér men	cc-cedict	(dialect) woman/wife
媳婦兒	xí fù r	xí fù ér	cc-cedict	erhua form of 媳婦|媳妇[xi2 fu4]
媳婦兒	xí fu r	xí fù ér	cc-cedict	erhua form of 媳婦|媳妇[xi2 fu5]
子長市	zǐ cháng shì	zǐ zhǎng shì	cc-cedict	Zichang, a county-level city in Yan'an City 延安市[Yan2 an1 Shi4], Shaanxi
字帖兒	zì tiě r	zì tiē ér	cc-cedict	piece of paper with short note/short letter
孫女兒	sūn nǚ r	sūn nǚ ér	cc-cedict	granddaughter (son's daughter)
宅度假	zhái dù jià	zhái dù jiǎ	cc-cedict	staycation/residential vacation
安地斯	ān dì sī	ān de sī	cc-cedict	the Andes mountains
安塞區	ān sài qū	ān sāi qū	cc-cedict	Ansai, a district of Yan'an City 延安市[Yan2 an1 Shi4], Shaanxi
宋干節	sòng gān jié	sòng gàn jié	cc-cedict	Songkran (Thai New Year festival)
定冠詞	dìng guàn cí	dìng guān cí	cc-cedict	definite article (grammar)
定興縣	dìng xīng xiàn	dìng xìng xiàn	cc-cedict	Dingxing, a county in Baoding City 保定市[Bao3 ding4 Shi4], Hebei
宜興市	yí xīng shì	yí xìng shì	cc-cedict	Yixing, a county-level city in Wuxi City 無錫市|无锡市[Wu2 xi1 Shi4], Jiangsu
宜都市	yí dū shì	yí dōu shì	cc-cedict	Yidu, a county-level city in Yichang City 宜昌市[Yi2 chang1 Shi4], Hubei
室內樂	shì nèi yuè	shì nèi lè	cc-cedict	chamber music
家雀兒	jiā qiǎo r	jiā què ér	cc-cedict	(coll.) sparrow
宿營地	sù yíng dì	sù yíng de	cc-cedict	camp; campsite
宿舍樓	sù shè lóu	sù shě lóu	cc-cedict	dormitory building/CL:幢[zhuang4],座[zuo4]
察合臺	chá gě tái	chá hé tái	cc-cedict	Chagatai (died 1241), a son of Genghis Khan
寧都縣	níng dū xiàn	níng dōu xiàn	cc-cedict	Ningdu, a county in Ganzhou City 贛州市|赣州市[Gan4 zhou1 Shi4], Jiangxi
寶應縣	bǎo yìng xiàn	bǎo yīng xiàn	cc-cedict	Baoying, a county in Yangzhou City 揚州市|扬州市[Yang2 zhou1 Shi4], Jiangsu
寶生佛	bǎo shēng fó	bǎo shēng fú	cc-cedict	Ratnasambhava Buddha
寶興縣	bǎo xīng xiàn	bǎo xìng xiàn	cc-cedict	Baoxing, a county in Ya'an City 雅安市[Ya3 an1 Shi4], Sichuan
寶貝兒	bǎo bèi r	bǎo bèi ér	cc-cedict	erhua variant of 寶貝|宝贝[bao3 bei4]
尉犁縣	yù lí xiàn	wèi lí xiàn	cc-cedict	Yuli, a county in Bayingolin Mongol Autonomous Prefecture 巴音郭楞蒙古自治州[Ba1 yin1 guo1 leng2 Meng3 gu3 Zi4 zhi4 zhou1], Xinji
尉遲恭	yù chí gōng	wèi chí gōng	cc-cedict	General Yuchi Gong (585-658), famous military man instrumental in founding the Tang dynasty
對勁兒	duì jìn r	duì jìn ér	cc-cedict	erhua variant of 對勁|对劲[dui4 jin4]
對味兒	duì wèi r	duì wèi ér	cc-cedict	tasty/to one's liking
對工兒	duì gōng r	duì gōng ér	cc-cedict	proper
對心兒	duì xīn r	duì xīn ér	cc-cedict	erhua variant of 對心|对心[dui4 xin1]
對應詞	duì yìng cí	duì yīng cí	cc-cedict	(linguistics) an equivalent; a translation of a term into the target language
對稱性	duì chèn xìng	duì chēng xìng	cc-cedict	symmetry
對稱美	duì chèn měi	duì chēng měi	cc-cedict	symmetry (as an aesthetic quality)
對稱軸	duì chèn zhóu	duì chēng zhóu	cc-cedict	axis of symmetry/central axis (in Chinese architecture)
對茬兒	duì chá r	duì chá ér	cc-cedict	to agree with/of the same opinion/to coincide
對著幹	duì zhe gàn	duì zhù gàn	cc-cedict	to adopt confrontational posture/to meet head-on/to compete
小伙兒	xiǎo huǒ r	xiǎo huǒ ér	cc-cedict	erhua variant of 小伙[xiao3 huo3]
小便宜	xiǎo pián yi	xiǎo biàn yí	cc-cedict	petty advantage; small gains
小便斗	xiǎo biàn dǒu	xiǎo biàn dòu	cc-cedict	urinal
小偷兒	xiǎo tōu r	xiǎo tōu ér	cc-cedict	erhua form of 小偷[xiao3 tou1]
小夜曲	xiǎo yè qǔ	xiǎo yè qū	cc-cedict	serenade
小孩兒	xiǎo hái r	xiǎo hái ér	cc-cedict	erhua variant of 小孩[xiao3 hai2]
小抄兒	xiǎo chāo r	xiǎo chāo ér	cc-cedict	erhua variant of 小抄[xiao3 chao1]
小插曲	xiǎo chā qǔ	xiǎo chā qū	cc-cedict	episode/brief interlude
小攤兒	xiǎo tān r	xiǎo tān ér	cc-cedict	erhua variant of 小攤|小摊[xiao3 tan1]
小杓鷸	xiǎo sháo yù	xiǎo biāo yù	cc-cedict	(bird species of China) little curlew (Numenius minutus)
小番茄	xiǎo fān qié	xiǎo fān jiā	cc-cedict	cherry tomato
小胖爪	xiǎo pàng zhuǎ	xiǎo pàng zhǎo	cc-cedict	(coll.) hand
小菜兒	xiǎo cài r	xiǎo cài ér	cc-cedict	erhua variant of 小菜[xiao3 cai4]
小蘇打	xiǎo sū dá	xiǎo sū dǎ	cc-cedict	baking soda; sodium bicarbonate/Taiwan pr. [xiao3su1da3]
小辮兒	xiǎo biàn r	xiǎo biàn ér	cc-cedict	erhua variant of 小辮|小辫[xiao3 bian4]
少不了	shǎo bu liǎo	shǎo bù le	cc-cedict	cannot do without/to be unavoidable/are bound to be many
少先隊	shào xiān duì	shǎo xiān duì	cc-cedict	Young Pioneers of China, abbr. for 少年先鋒隊|少年先锋队[Shao4 nian2 Xian1 feng1 dui4]
少壯派	shào zhuàng pài	shǎo zhuàng pài	cc-cedict	young guard/young and vigorous group with new ideas/new wave
少女峰	shào nǚ fēng	shǎo nǚ fēng	cc-cedict	Jungfrau, peak in Switzerland
少奶奶	shào nǎi nai	shǎo nǎi nǎi	cc-cedict	young lady of the house/wife of the young master
少年人	shào nián rén	shǎo nián rén	cc-cedict	(Tw) young people; youngster
少年宮	shào nián gōng	shǎo nián gōng	cc-cedict	Children's Palace, institution where children can take part in various extracurricular activities
少年犯	shào nián fàn	shǎo nián fàn	cc-cedict	young criminal/juvenile delinquent
少東家	shào dōng jiā	shǎo dōng jiā	cc-cedict	boss's son
少林寺	shào lín sì	shǎo lín sì	cc-cedict-buddhist	Shaolin Temple, Buddhist monastery famous for its kung fu monks
少白頭	shào bái tóu	shǎo bái tóu	cc-cedict	to be prematurely gray/young person with graying hair
少陽病	shào yáng bìng	shǎo yáng bìng	cc-cedict	name of disease in TCM
少陽經	shào yáng jīng	shǎo yáng jīng	cc-cedict	lesser yang gallbladder meridian of the leg (one of the 12 principal meridians of TCM)
尖沙咀	jiān shā zuǐ	jiān shā jǔ	cc-cedict	Tsim Sha Tsui, urbanized area in Hong Kong
尥蹶子	liào juě zi	liào jué zǐ	cc-cedict	(of mules, horses etc) to kick backward/to kick with the hind legs/fig. to flare up in anger/to display defiance
尹潽善	yǐn pǔ shàn	yǐn pū shàn	cc-cedict	Yun Poseon (1897-1990), South Korean Democratic party politician, mayor of Seoul from 1948, president 1960-1962
尼勒克	ní lè kè	ní lēi kè	cc-cedict	see 尼勒克縣|尼勒克县[Ni2 le4 ke4 Xian4]
尼泊爾	ní bó ěr	ní pō ěr	cc-cedict	Nepal
尿盆兒	niào pén r	niào pén ér	cc-cedict	erhua variant of 尿盆[niao4 pen2]
屁墩兒	pì dūn r	pì dūn ér	cc-cedict	(dialect) a fall on the buttocks
屁眼兒	pì yǎn r	pì yǎn ér	cc-cedict	erhua variant of 屁眼[pi4 yan3]
屄樣兒	bī yàng r	bī yàng ér	cc-cedict	(vulgar, offensive) a person's repulsive appearance
居住地	jū zhù dì	jū zhù de	cc-cedict	current address/place of residence
屈戌兒	qū qu r	qū xū ér	cc-cedict	staple (used with a hasp)
屎殼郎	shǐ ké làng	shǐ ké láng	cc-cedict	see 屎蚵螂[shi3 ke1 lang2]
山地車	shān dì chē	shān de chē	cc-cedict	mountain bike
崆峒區	kōng tóng qū	kōng dòng qū	cc-cedict	Kongtong, a district of Pingliang City 平涼市|平凉市[Ping2 liang2 Shi4], Gansu
川滇藏	chuān diān zàng	chuān diān cáng	cc-cedict	Sichuan, Yunnan and Tibet
川黨參	chuān dǎng shēn	chuān dǎng cān	cc-cedict	Sichuan codonopsis (Codonopsis pilosula, root used in TCM)
工傷假	gōng shāng jià	gōng shāng jiǎ	cc-cedict	injury leave
工地秀	gōng dì xiù	gōng de xiù	cc-cedict	concert held at a real estate development site to attract home buyers (Tw)
工尺譜	gōng chě pǔ	gōng chǐ pǔ	cc-cedict	traditional Chinese musical notation using Chinese characters to represent musical notes
左撇子	zuǒ piě zi	zuǒ piē zǐ	cc-cedict	left-hander
左邊兒	zuǒ bian r	zuǒ biān ér	cc-cedict	erhua variant of 左邊|左边[zuo3 bian5]
差旅費	chāi lǚ fèi	chà lǚ fèi	cc-cedict	business travel expenses
差異化	chā yì huà	chà yì huà	cc-cedict	differentiation (of a product from its competitors etc)
差異性	chā yì xìng	chà yì xìng	cc-cedict	difference
差速器	chā sù qì	chà sù qì	cc-cedict	differential (gear)
差點兒	chà diǎn r	chà diǎn ér	cc-cedict	erhua variant of 差點|差点[cha4 dian3]
巴兒狗	bā r gǒu	bā ér gǒu	cc-cedict	see 哈巴狗[ha3 ba1 gou3]
巴勒莫	bā lè mò	bā lēi mò	cc-cedict	Palermo, Italy
巴塞爾	bā sài ěr	bā sāi ěr	cc-cedict	Basel, Switzerland
布什爾	bù shí ěr	bù shén ěr	cc-cedict	Bushehr Province of southern Iran, bordering on the Persian Gulf/Bushehr, port city, capital of Bushehr Province
希特勒	xī tè lè	xī tè lēi	cc-cedict	Adolf Hitler (1889-1945)
帽箍兒	mào gū r	mào gū ér	cc-cedict	the ribbon around a cap
干擾素	gān rǎo sù	gàn rǎo sù	cc-cedict	interferon
干涉儀	gān shè yí	gàn shè yí	cc-cedict	interferometer (physics)
平地木	píng dì mù	píng de mù	cc-cedict	(TCM) Japanese ardisia (Ardisia japonica)
平地機	píng dì jī	píng de jī	cc-cedict	land grader/road grader
平均差	píng jūn chā	píng jūn chà	cc-cedict	(math.) mean deviation
平埔族	píng pǔ zú	píng bù zú	cc-cedict	Pingpu or Pepo aborigines (Taiwan), "plains tribes"
年畫兒	nián huà r	nián huà ér	cc-cedict	erhua variant of 年畫|年画[nian2 hua4]
年較差	nián jiào chā	nián jiào chà	cc-cedict	annual range (temperature, humidity etc)
年頭兒	nián tóu r	nián tóu ér	cc-cedict	erhua variant of 年頭|年头[nian2 tou2]
幹活兒	gàn huó r	gàn huó ér	cc-cedict	erhua variant of 幹活|干活[gan4 huo2]
幾丁質	jī dīng zhì	jǐ dīng zhì	cc-cedict	chitin
幾乎不	jī hū bù	jǐ hū bù	cc-cedict	hardly/seems not
幾維鳥	jī wéi niǎo	jǐ wéi niǎo	cc-cedict	kiwi (bird) (loanword)
度假區	dù jià qū	dù jiǎ qū	cc-cedict	resort area; tourist zone (in China, typically state-designated for integrated tourism development)
度假村	dù jià cūn	dù jiǎ cūn	cc-cedict	resort (vacation property)
庫爾勒	kù ěr lè	kù ěr lēi	cc-cedict	see 庫爾勒市|库尔勒市[Ku4 er3 le4 Shi4]
庵摩勒	ān mó lè	ān mó lēi	cc-cedict	see 餘甘子|余甘子[yu2 gan1 zi3]
康有為	kāng yǒu wéi	kāng yǒu wèi	cc-cedict	Kang Youwei (1858-1927), Confucian intellectual, educator and would-be reformer, main leader of the failed reform moveme
廈門市	xià mén shì	shà mén shì	cc-cedict	Xiamen, sub-provincial city in Fujian Province 福建省[Fu2 jian4 Sheng3]
廊坊市	láng fáng shì	láng fāng shì	cc-cedict	Langfang, prefecture-level city in Hebei Province 河北省[He2 bei3 Sheng3]
延長線	yán cháng xiàn	yán zhǎng xiàn	cc-cedict	extension cord/extended line/powerstrip
延長縣	yán cháng xiàn	yán zhǎng xiàn	cc-cedict	Yanchang, a county in Yan'an City 延安市[Yan2 an1 Shi4], Shaanxi
建築學	jiàn zhù xué	jiàn zhú xué	cc-cedict	architectural/architecture
建築師	jiàn zhù shī	jiàn zhú shī	cc-cedict	architect
建築業	jiàn zhù yè	jiàn zhú yè	cc-cedict	building industry
建築物	jiàn zhù wù	jiàn zhú wù	cc-cedict	building/structure/edifice
建築群	jiàn zhù qún	jiàn zhú qún	cc-cedict	building complex; cluster of buildings
弓弦兒	gōng xián r	gōng xián ér	cc-cedict	bowstring
弓長嶺	gōng cháng lǐng	gōng zhǎng lǐng	cc-cedict	see 弓長嶺區|弓长岭区[Gong1 chang2 ling3 Qu1]
弦切角	xián qiē jiǎo	xián qiè jiǎo	cc-cedict	chord angle (i.e. angle a chord of a curve makes to the tangent)
弦樂器	xián yuè qì	xián lè qì	cc-cedict	string instrument
弦樂隊	xián yuè duì	xián lè duì	cc-cedict	string orchestra
張僧繇	zhāng sēng yóu	zhāng sēng yáo	cc-cedict	Zhang Sengyou (active c. 490-540), one of the Four Great Painters of the Six Dynasties 六朝四大家
張國燾	zhāng guó tāo	zhāng guó dào	cc-cedict	Zhang Guotao (1897-1979), Chinese communist leader in the 1920s and 1930s, defected to Guomindang in 1938
張掖市	zhāng yè shì	zhāng yē shì	cc-cedict	Zhangye, prefecture-level city in Gansu Province 甘肅省|甘肃省[Gan1 su4 Sheng3]
張柏芝	zhāng bó zhī	zhāng bǎi zhī	cc-cedict	Cecilia Cheung (1980-), Hong Kong actress and pop singer
張蔭桓	zhāng yìn huán	zhāng yīn huán	cc-cedict	Zhang Yinhuan (1837-1900), late Qing politician and senior Chinese diplomat
強迫性	qiǎng pò xìng	qiáng pò xìng	cc-cedict	compulsive/obsessive
強迫症	qiǎng pò zhèng	qiáng pò zhèng	cc-cedict	obsessive-compulsive disorder (OCD)
彈塗魚	tán tú yú	dàn tú yú	cc-cedict	mudskipper (amphibious fish)
彈撥樂	tán bō yuè	dàn bō lè	cc-cedict	plucked string music
彈球盤	tán qiú pán	dàn qiú pán	cc-cedict	pachinko
彈簧刀	tán huáng dāo	dàn huáng dāo	cc-cedict	flick knife/switchblade/spring-loaded knife
彈簧秤	tán huáng chèng	dàn huáng chèng	cc-cedict	spring balance
彈簧鎖	tán huáng suǒ	dàn huáng suǒ	cc-cedict	spring lock
彈簧門	tán huáng mén	dàn huáng mén	cc-cedict	swing door
彈跳板	tán tiào bǎn	dàn tiào bǎn	cc-cedict	springboard
彌勒佛	mí lè fó	mí lēi fú	cc-cedict-buddhist	Maitreya/the Bodhisattva that will be the next to come after Shakyamuni Buddha
彌勒市	mí lè shì	mí lēi shì	cc-cedict	Mile, a county-level city in Honghe Hani and Yi Autonomous Prefecture 紅河哈尼族彝族自治州|红河哈尼族彝族自治州[Hong2 he2 Ha1 ni2 zu2 Yi2 zu
彭麗媛	péng lì yuán	péng lì yuàn	cc-cedict	Peng Liyuan (1962–), PRC folk music singer, wife of Xi Jinping 習近平|习近平[Xi2 Jin4 ping2]
待會兒	dāi huì r	dài huì ér	cc-cedict	in a moment/later/also pr. [dai1 hui3 r5] or [dai1 hui5 r5]
後邊兒	hòu bian r	hòu biān ér	cc-cedict	erhua variant of 後邊|后边[hou4 bian5]
後鉤兒	hòu gōu r	hòu gōu ér	cc-cedict	erhua variant of 後鉤|后钩[hou4 gou1]
徐熙媛	xú xī yuán	xú xī yuàn	cc-cedict	Barbie Hsu (1976–2025), Taiwanese entertainer, nicknamed 大S[Da4 S]
徐繼畬	xú jì yú	xú jì shē	cc-cedict	Xu Jiyu (1795–1873), Chinese geographer
復興區	fù xīng qū	fù xìng qū	cc-cedict	Fuxing, a district of Handan City 邯鄲市|邯郸市[Han2 dan1 Shi4], Hebei
復興門	fù xīng mén	fù xìng mén	cc-cedict	Fuxingmen neighborhood of Beijing
復興黨	fù xīng dǎng	fù xìng dǎng	cc-cedict	Baath Party
徵信社	zhēng xìn shè	zhǐ xìn shè	cc-cedict	(Tw) private investigator; credit bureau
德勒茲	dé lè zī	dé lēi zī	cc-cedict	Gilles Deleuze (1925-1995), French philosopher
德興市	dé xīng shì	dé xìng shì	cc-cedict	Dexing, a county-level city in Shangrao City 上饒市|上饶市[Shang4 rao2 Shi4], Jiangxi
德萊塞	dé lái sè	dé lái sāi	cc-cedict	Theodore Dreiser (1871–1945), American writer
心宿二	xīn xiù èr	xīn sù èr	cc-cedict	Antares, the brightest star in Scorpio 天蠍座|天蝎座[Tian1 xie1 zuo4]
心眼兒	xīn yǎn r	xīn yǎn ér	cc-cedict	one's thoughts/mind/intention/willingness to accept new ideas/baseless suspicions
心窩兒	xīn wō r	xīn wō ér	cc-cedict	one's breast/the pit of one's stomach
忘不了	wàng bu liǎo	wàng bù le	cc-cedict	cannot forget
快板兒	kuài bǎn r	kuài bǎn ér	cc-cedict	clapper talk/patter song (in opera) with clapperboard accompaniment
快點兒	kuài diǎn r	kuài diǎn ér	cc-cedict	erhua variant of 快點|快点[kuai4 dian3]
怎麼著	zěn me zhāo	zěn me zhù	cc-cedict	what?/how?/how about?/whatever/also pr. [zen3 me5 zhe5]
怎麽了	zěn me le	zěn mó le	cc-cedict	variant of 怎麼了|怎么了[zen3 me5 le5]
怔神兒	zhēng shén r	zhēng shén ér	cc-cedict	lost in thought/in a daze
性偏好	xìng piān hào	xìng piān hǎo	cc-cedict	sexual preference
性行為	xìng xíng wéi	xìng xíng wèi	cc-cedict	sexual behavior
情急了	qíng jí liǎo	qíng jí le	cc-cedict	mythical talking bird/mynah bird
惠斯勒	huì sī lè	huì sī lēi	cc-cedict	Whistler (name)
惠更斯	huì gēng sī	huì gèng sī	cc-cedict	Huygens (name)/Christiaan Huygens (1629-1695), Dutch mathematician and astronomer
惡名兒	è míng r	è míng ér	cc-cedict	erhua variant of 惡名|恶名[e4 ming2]
想倒美	xiǎng dǎo měi	xiǎng dào měi	cc-cedict	see 想得美[xiang3 de5 mei3]
意味著	yì wèi zhe	yì wèi zhù	cc-cedict	to signify/to mean/to imply
愛好者	ài hào zhě	ài hǎo zhě	cc-cedict	lover (of art, sports etc); amateur; enthusiast; fan
愛誰誰	ài shéi shéi	ài shuí shuí	cc-cedict	(coll.) whatever/who cares
感應器	gǎn yìng qì	gǎn yīng qì	cc-cedict	inductor (elec.)
愣勁兒	lèng jìn r	lèng jìn ér	cc-cedict	dash/pep/vigor
愣神兒	lèng shén r	lèng shén ér	cc-cedict	to stare blankly/to be in a daze
懂門兒	dǒng mén r	dǒng mén ér	cc-cedict	one who knows his business/professional/expert/au fait
應力場	yìng lì chǎng	yīng lì chǎng	cc-cedict	stress field
應召站	yìng zhào zhàn	yīng zhào zhàn	cc-cedict	call girl center
應名兒	yīng míng r	yīng míng ér	cc-cedict	erhua variant of 應名|应名[ying1 ming2]
應城市	yìng chéng shì	yīng chéng shì	cc-cedict	Yingcheng, a county-level city in Xiaogan City 孝感市[Xiao4 gan3 Shi4], Hubei
應景兒	yìng jǐng r	yīng jǐng ér	cc-cedict	according with the times/seasonal
應激性	yìng jī xìng	yīng jī xìng	cc-cedict	irritable/sensitive/excitable
應激源	yìng jī yuán	yīng jī yuán	cc-cedict	stressor
應用層	yìng yòng céng	yīng yòng céng	cc-cedict	application layer (computing)
應用文	yìng yòng wén	yīng yòng wén	cc-cedict	applied writing/writing for practical purposes (business letters, advertising etc)
應聘者	yìng pìn zhě	yīng pìn zhě	cc-cedict	person taking a job/job applicant/CL:位[wei4]
應聲蟲	yìng shēng chóng	yīng shēng chóng	cc-cedict	yes-man/opinionless person
應變力	yìng biàn lì	yīng biàn lì	cc-cedict	adaptability; resourcefulness
應變數	yìng biàn shù	yīng biàn shù	cc-cedict	(math.) dependent variable
成方兒	chéng fāng r	chéng fāng ér	cc-cedict	erhua form of 成方[cheng2 fang1]
成都市	chéng dū shì	chéng dōu shì	cc-cedict	Chengdu, sub-provincial city and capital of Sichuan Province 四川省[Si4 chuan1 Sheng3]
戳份兒	chuō fèn r	chuō fèn ér	cc-cedict	to flaunt
戳個兒	chuō gè r	chuō gè ér	cc-cedict	physique
房地產	fáng dì chǎn	fáng de chǎn	cc-cedict	real estate
房地美	fáng dì měi	fáng de měi	cc-cedict	Freddie Mac, US mortgage company/formerly Federal Home Loan Mortgage Corp.
所在地	suǒ zài dì	suǒ zài de	cc-cedict	location; site
扇面琴	shān miàn qín	shàn miàn qín	cc-cedict	same as yangqin 揚琴|扬琴, dulcimer
扎魯特	zā lǔ tè	zhā lǔ tè	cc-cedict	Jarud banner or Jarud khoshuu in Tongliao 通遼|通辽[Tong1 liao2], Inner Mongolia
扒頭兒	bā tou r	bā tóu ér	cc-cedict	handhold (to pull oneself up)
打嗝兒	dǎ gé r	dǎ gé ér	cc-cedict	erhua variant of 打嗝[da3 ge2]
打地鋪	dǎ dì pù	dǎ de pù	cc-cedict	to make one's bed on the floor
打地鼠	dǎ dì shǔ	dǎ de shǔ	cc-cedict	Whac-A-Mole (game)
打孔鑽	dǎ kǒng zuàn	dǎ kǒng zuān	cc-cedict	auger/drill
打工仔	dǎ gōng zǎi	dǎ gōng zǐ	cc-cedict	young worker/employee/young male worker
打挺兒	dǎ tǐng r	dǎ tǐng ér	cc-cedict	to arch one's body and fling one's head back
打擂臺	dǎ lèi tái	dǎ léi tái	cc-cedict	(old) to fight on the leitai/(fig.) to enter a contest
打旋兒	dǎ xuán r	dǎ xuán ér	cc-cedict	erhua variant of 打旋[da3 xuan2]
打水漂	dǎ shuǐ piāo	dǎ shuǐ piào	cc-cedict	to skip stones (on water)/(coll.) to squander one's money on a bad investment
打盹兒	dǎ dǔn r	dǎ dǔn ér	cc-cedict	erhua variant of 打盹[da3 dun3]
打短兒	dǎ duǎn r	dǎ duǎn ér	cc-cedict	casual labor/to work for a bit
打穀場	dǎ gǔ cháng	dǎ gǔ chǎng	cc-cedict	threshing floor
打躉兒	dǎ dǔn r	dǎ dǔn ér	cc-cedict	to buy wholesale
打長工	dǎ cháng gōng	dǎ zhǎng gōng	cc-cedict	to work as long-term hired hand
打長途	dǎ cháng tú	dǎ zhǎng tú	cc-cedict	to make a long distance call
打頓兒	dǎ dùn r	dǎ dùn ér	cc-cedict	erhua variant of 打頓|打顿[da3 dun4]
托勒密	tuō lè mì	tuō lēi mì	cc-cedict	Ptolemy, kings of Egypt after the partition of Alexander the Great's Empire in 305 BC/Ptolemy or Claudius Ptolemaeus (c.
托勒玫	tuō lè méi	tuō lēi méi	cc-cedict	Ptolemy or Claudius Ptolemaeus (c. 90-c. 168), Alexandrian Greek astronomer, mathematician and geographer, author of the
扳指兒	bān zhǐ r	bān zhǐ ér	cc-cedict	erhua variant of 扳指[ban1 zhi3]
扳本兒	bān běn r	bān běn ér	cc-cedict	to recoup losses (in gambling)
扶綏縣	fú suí xiàn	fú suī xiàn	cc-cedict	Fusui, a county in Chongzuo City 崇左市[Chong2 zuo3 Shi4], Guangxi
批處理	pī chǔ lǐ	pī chù lǐ	cc-cedict	(computing) batch processing
找不著	zhǎo bu zháo	zhǎo bù zhù	cc-cedict	to be unable to find
找刺兒	zhǎo cì r	zhǎo cì ér	cc-cedict	to find fault
找碴兒	zhǎo chá r	zhǎo chá ér	cc-cedict	to pick a quarrel/to find fault/nitpicking
抄近兒	chāo jìn r	chāo jìn ér	cc-cedict	erhua variant of 抄近[chao1 jin4]
抓地力	zhuā dì lì	zhuā de lì	cc-cedict	traction
抓子兒	zhuā zǐ r	zhuā zǐ ér	cc-cedict	kids' game involving throwing and grabbing
折刀兒	zhé dāo r	zhé dāo ér	cc-cedict	erhua form of 折刀[zhe2 dao1]
折跟頭	zhē gēn tou	zhé gēn tóu	cc-cedict	to do a somersault/to turn head over heels
折過兒	zhē guò r	zhé guò ér	cc-cedict	to turn over
抱佛腳	bào fó jiǎo	bào fú jiǎo	cc-cedict	(fig.) to scramble to make up for a lack of preparation; to make a frantic, last-ditch effort; to cram for an exam (cf. 
拉勾兒	lā gōu r	lā gōu ér	cc-cedict	erhua form of 拉勾[la1 gou1]
拉拉蛄	là là gǔ	lā lā gū	cc-cedict	variant of 蝲蝲蛄[la4 la4 gu3]
拉長臉	lā cháng liǎn	lā zhǎng liǎn	cc-cedict	to pull a long face/to scowl
拐彎兒	guǎi wān r	guǎi wān ér	cc-cedict	erhua variant of 拐彎|拐弯[guai3 wan1]
拓展塢	tuò zhǎn wù	tà zhǎn wù	cc-cedict	(computing) hub; dock
拓撲學	tuò pū xué	tà pū xué	cc-cedict	(math.) topology
拓荒者	tuò huāng zhě	tà huāng zhě	cc-cedict	pioneer/groundbreaker
拓跋魏	tuò bá wèi	tà bá wèi	cc-cedict	Wei of the Northern Dynasties (386-534)
拔尖兒	bá jiān r	bá jiān ér	cc-cedict	erhua variant of 拔尖[ba2 jian1]
拖地板	tuō dì bǎn	tuō de bǎn	cc-cedict	to mop the floor
拖累症	tuō lěi zhèng	tuō lèi zhèng	cc-cedict	codependency (psychology)
拗不過	niù bu guò	ào bù guò	cc-cedict	can't persuade; unable to make (sb) change their mind; unable to resist (sb)
拘攣兒	jū luán r	jū luán ér	cc-cedict	erhua variant of 拘攣|拘挛[ju1 luan2]
拜天地	bài tiān dì	bài tiān de	cc-cedict	to worship heaven and earth/ritual kneeling by bride and groom in a old-fashioned wedding ceremony/also called 拜堂
拿撒勒	ná sǎ lè	ná sā lēi	cc-cedict	Nazareth (in Biblical Palestine)
挎兜兒	kuà dōu r	kuà dōu ér	cc-cedict	erhua variant of 挎兜[kua4 dou1]
挑大梁	tiǎo dà liáng	tiāo dà liáng	cc-cedict	to play a leading role/to bear a heavy responsibility
挑戰者	tiǎo zhàn zhě	tiāo zhàn zhě	cc-cedict	challenger
挑花眼	tiǎo huā yǎn	tiāo huā yǎn	cc-cedict	(fig.) to get cross-eyed/to be bewildered
挑逗性	tiǎo dòu xìng	tiāo dòu xìng	cc-cedict	provocative/tantalizing/titillating
挑頭兒	tiǎo tóu r	tiāo tóu ér	cc-cedict	erhua variant of 挑頭|挑头[tiao3 tou2]
挨個兒	āi gè r	āi gè ér	cc-cedict	erhua variant of 挨個|挨个[ai1 ge4]
挨呲兒	ái cī r	āi cī ér	cc-cedict	erhua form of 挨呲[ai2 ci1]
挨時間	ái shí jiān	āi shí jiān	cc-cedict	to stall/to play for time
挨板子	ái bǎn zi	āi bǎn zǐ	cc-cedict	to suffer beating/fig. to be severely criticized/to take a hammering
挨肩兒	āi jiān r	āi jiān ér	cc-cedict	in rapid succession (of children, close in age)/shoulder-to-shoulder
挨邊兒	āi biān r	āi biān ér	cc-cedict	erhua variant of 挨邊|挨边[ai1 bian1]
挨頭子	ái tóu zi	āi tóu zǐ	cc-cedict	to be criticized/to suffer blame
挪窩兒	nuó wō r	nuó wō ér	cc-cedict	(dialect) to move (after being some time in the same place); to move (house)
振興區	zhèn xīng qū	zhèn xìng qū	cc-cedict	Zhenxing, a district of Dandong City 丹東市|丹东市[Dan1 dong1 Shi4], Liaoning
捋胳膊	luō gē bo	lǚ gē bó	cc-cedict	to push up one's sleeves
捋虎鬚	luō hǔ xū	lǚ hǔ xū	cc-cedict	lit. to stroke the tiger's whiskers/to do sth very daring
捋袖子	luō xiù zi	lǚ xiù zǐ	cc-cedict	to push up one's sleeves
捧角兒	pěng jué r	pěng jiǎo ér	cc-cedict	erhua form of 捧角[peng3 jue2]
捲鋪蓋	juǎn pū gai	juǎn pù gài	cc-cedict	to roll up one's bedding; to pack one's things/(fig.) to quit/(fig.) to get fired; to get the sack
掃地僧	sǎo dì sēng	sǎo de sēng	cc-cedict-buddhist	Sweeper Monk, nameless monk who maintains the library of Shaolin (from Jin Yong's novel "Demigods and Semidevils" 天龍八部|天
掃帚星	sào zhou xīng	sǎo zhǒu xīng	cc-cedict	comet/person who brings bad luck; jinx
掃把星	sào bǎ xīng	sǎo bǎ xīng	cc-cedict	comet/person who brings bad luck; jinx
掉價兒	diào jià r	diào jià ér	cc-cedict	erhua variant of 掉價|掉价[diao4 jia4]
掉過兒	diào guò r	diào guò ér	cc-cedict	erhua variant of 掉過|掉过[diao4 guo4]
掉點兒	diào diǎn r	diào diǎn ér	cc-cedict	drip of rain
排行榜	pái háng bǎng	pái xíng bǎng	cc-cedict	the charts (of best-sellers)/table of ranking
掛鉤兒	guà gōu r	guà gōu ér	cc-cedict	erhua variant of 掛鉤|挂钩[gua4 gou1]
接地氣	jiē dì qì	jiē de qì	cc-cedict	in touch with the common people/down-to-earth
接泊車	jiē bó chē	jiē pō chē	cc-cedict	shuttle bus
提籃兒	tí lán r	tí lán ér	cc-cedict	a basket
提頭兒	tí tóu r	tí tóu ér	cc-cedict	to give a lead
換個兒	huàn gè r	huàn gè ér	cc-cedict	to change places/to swap places
搓麻將	cuō má jiàng	cuō má jiāng	cc-cedict	to play mahjong
搖擺樂	yáo bǎi yuè	yáo bǎi lè	cc-cedict	swing (genre of jazz music)
搖滾樂	yáo gǔn yuè	yáo gǔn lè	cc-cedict	rock music/rock 'n roll
搖籃曲	yáo lán qǔ	yáo lán qū	cc-cedict	lullaby
搭茬兒	dā chá r	dā chá ér	cc-cedict	erhua form of 搭茬[da1 cha2]
摁扣兒	èn kòu r	èn kòu ér	cc-cedict	snap fastener; press stud; popper
摁釘兒	èn dīng r	èn dīng ér	cc-cedict	thumbtack
摳門兒	kōu mén r	kōu mén ér	cc-cedict	erhua form of 摳門|抠门[kou1 men2]
摸不著	mō bu zháo	mō bù zhù	cc-cedict	can't touch; can't reach/(fig.) unable to get a grasp of
摸得著	mō de zháo	mō dé zhù	cc-cedict	to be able to touch/tangible
摻沙子	chān shā zi	càn shā zǐ	cc-cedict	to mix in some sand (e.g. when making concrete)/(fig.) to place outsiders into a monolithic group (to infiltrate or disr
撂地攤	liào dì tān	liào de tān	cc-cedict	see 撂地[liao4 di4]
撇大條	piě dà tiáo	piē dà tiáo	cc-cedict	(slang) to take a dump
撈什子	lāo shí zi	lāo shén zǐ	cc-cedict	encumbrance/burden/that awful thing (colloquial)/nuisance
撒切爾	sā qiē ěr	sā qiè ěr	cc-cedict	Thatcher (name)/Baroness Thatcher or Margaret Thatcher (1925-2013), British conservative politician, prime minister 1979
撒手鐧	sā shǒu jiǎn	sā shǒu jiān	cc-cedict	(fig.) trump card
撒歡兒	sā huān r	sā huān ér	cc-cedict	erhua form of 撒歡|撒欢[sa1 huan1]
撒狗糧	sǎ gǒu liáng	sā gǒu liáng	cc-cedict	(slang) to be lovey-dovey in public
撲臉兒	pū liǎn r	pū liǎn ér	cc-cedict	strikes you in the face
擂臺賽	lèi tái sài	léi tái sài	cc-cedict	single-elimination open tournament (the winner stays on until he is himself defeated)
擇不開	zhái bu kāi	zé bù kāi	cc-cedict	impossible to separate/impossible to disentangle/cannot take time out
擇日子	zhái rì zi	zé rì zǐ	cc-cedict	to pick an auspicious day
擔仔麵	dàn zǎi miàn	dān zǐ miàn	cc-cedict	ta-a noodles or danzai noodles, popular snack originating from Tainan
擔擔麵	dàn dàn miàn	dān dān miàn	cc-cedict	Sichuan noodles with a spicy and numbing sauce
擦黑兒	cā hēi r	cā hēi ér	cc-cedict	(dialect) dusk
擺地攤	bǎi dì tān	bǎi de tān	cc-cedict	to run a street stall
擺譜兒	bǎi pǔ r	bǎi pǔ ér	cc-cedict	erhua variant of 擺譜|摆谱[bai3 pu3]
攤事兒	tān shì r	tān shì ér	cc-cedict	(coll.) to get into trouble
支努干	zhī nǔ gān	zhī nǔ gàn	cc-cedict	Chinook (helicopter)
放暑假	fàng shǔ jià	fàng shǔ jiǎ	cc-cedict	to be on summer vacation
政教處	zhèng jiào chǔ	zhèng jiào chù	cc-cedict	political education office (within a school) (PRC)
教書匠	jiāo shū jiàng	jiào shū jiàng	cc-cedict	hack teacher/pedagogue
敞開兒	chǎng kāi r	chǎng kāi ér	cc-cedict	unrestrictedly
散兵坑	sǎn bīng kēng	sàn bīng kēng	cc-cedict	foxhole (military)
散座兒	sǎn zuò r	sàn zuò ér	cc-cedict	erhua variant of 散座[san3 zuo4]/single seat (in theater)/irregular passenger (in rickshaw)
散彈槍	sǎn dàn qiāng	sàn dàn qiāng	cc-cedict	shotgun
散文詩	sǎn wén shī	sàn wén shī	cc-cedict	prose poem
散腿褲	sǎn tuǐ kù	sàn tuǐ kù	cc-cedict	loose-fitting pants/Chinese-style pants
散點圖	sǎn diǎn tú	sàn diǎn tú	cc-cedict	scatter plot
敲喪鐘	qiāo sāng zhōng	qiāo sàng zhōng	cc-cedict	a knell
數不上	shǔ bù shàng	shù bù shàng	cc-cedict	not to deserve to be mentioned; not to qualify; below par
數不清	shǔ bu qīng	shù bù qīng	cc-cedict	countless; innumerable
數不盡	shǔ bu jìn	shù bù jǐn	cc-cedict	countless
數不著	shǔ bù zháo	shù bù zhù	cc-cedict	see 數不上|数不上[shu3 bu4 shang4]
數九天	shǔ jiǔ tiān	shù jiǔ tiān	cc-cedict	nine periods of nine days each after winter solstice, the coldest time of the year
數來寶	shǔ lái bǎo	shù lái bǎo	cc-cedict	folk theater consisting of recitation accompanied by clapper board rhythm
數得上	shǔ de shàng	shù dé shàng	cc-cedict	to be considered as outstanding or special/to be reckoned with/notable
數得著	shǔ de zháo	shù dé zhù	cc-cedict	to be considered outstanding or special; to be reckoned with; notable
文徵明	wén zhēng míng	wén zhǐ míng	cc-cedict	Wen Zhengming (1470-1559), Ming painter, one of Four great southern talents of the Ming 江南四大才子
文曲星	wén qǔ xīng	wén qū xīng	cc-cedict	constellation governing scholarship and examinations; (fig.) renowned literary genius/brand name of handheld electronic 
文縐縐	wén zhōu zhōu	wén zhòu zhòu	cc-cedict	bookish/genteel/erudite
斗六市	dǒu liù shì	dòu liù shì	cc-cedict	Douliu or Touliu city in Yunlin county 雲林縣|云林县[Yun2 lin2 xian4], Taiwan
斗門區	dǒu mén qū	dòu mén qū	cc-cedict	Doumen, a district of Zhuhai City 珠海市[Zhu1 hai3 Shi4], Guangdong
料豆兒	liào dòu r	liào dòu ér	cc-cedict	cooked black soybean as animal fodder
料頭兒	liào tóu r	liào tóu ér	cc-cedict	erhua variant of 料頭|料头[liao4 tou2]
斜切鋸	xié qiē jù	xié qiè jù	cc-cedict	miter saw
斜長石	xié cháng shí	xié zhǎng shí	cc-cedict	plagioclase (rock-forming mineral, type of feldspar)
斯賓塞	sī bīn sài	sī bīn sāi	cc-cedict	(name) Spencer
新天地	xīn tiān dì	xīn tiān de	cc-cedict	Xintiandi (shopping, eating and entertainment district of Shanghai)
新興區	xīn xīng qū	xīn xìng qū	cc-cedict	Xinxing, a district of Qitaihe City 七臺河市|七台河市[Qi1 tai2 he2 Shi4], Heilongjiang/Sinsing, a district of Kaohsiung City 高雄市
新興縣	xīn xīng xiàn	xīn xìng xiàn	cc-cedict	Xinxing, a county in Yunfu City 雲浮市|云浮市[Yun2 fu2 Shi4], Guangdong
新都區	xīn dū qū	xīn dōu qū	cc-cedict	Xindu, a district of Chengdu City 成都市[Cheng2 du1 Shi4], Sichuan
斷片兒	duàn piàn r	duàn piàn ér	cc-cedict	(coll.) to suffer an alcohol-induced blackout/to be unable to recall what one did while drunk
旁邊兒	páng biān r	páng biān ér	cc-cedict	erhua variant of 旁邊|旁边[pang2 bian1]
旋風腳	xuàn fēng jiǎo	xuán fēng jiǎo	cc-cedict	whirlwind kick (martial arts)
日月暈	rì yuè yùn	rì yuè yūn	cc-cedict	halo/ring of light around the sun or moon
日較差	rì jiào chā	rì jiào chà	cc-cedict	(meteorology) diurnal range (temperature, humidity etc)
早早兒	zǎo zǎo r	zǎo zǎo ér	cc-cedict	(coll.) as soon as possible; as early as one can
早班兒	zǎo bān r	zǎo bān ér	cc-cedict	erhua variant of 早班[zao3 ban1]
早點兒	zǎo diǎn r	zǎo diǎn ér	cc-cedict	a bit earlier
旮旯兒	gā lá r	gā lá ér	cc-cedict	erhua variant of 旮旯[ga1 la2]
昆都侖	kūn dū lún	kūn dōu lún	cc-cedict	see 昆都侖區|昆都仑区[Kun1 du1 lun2 Qu1]
昌都市	chāng dū shì	chāng dōu shì	cc-cedict	Qamdo, prefecture-level city in Tibet Autonomous Region 西藏自治區|西藏自治区[Xi1 zang4 Zi4 zhi4 qu1]
明兒個	míng r ge	míng ér gè	cc-cedict	(coll.) tomorrow
明擺著	míng bǎi zhe	míng bǎi zhù	cc-cedict	evident/clear/undoubted
易卜生	yì bǔ shēng	yì bo shēng	cc-cedict	Henrik Ibsen (1828-1906), Norwegian dramatist, author of Doll's House 玩偶之家
星宿海	xīng xiù hǎi	xīng sù hǎi	cc-cedict	Xingxiuhai Basin in Qinghai, more than 4000m above sea level, featuring numerous lakes large and small
星相圖	xīng xiàng tú	xīng xiāng tú	cc-cedict	star chart
星相學	xīng xiàng xué	xīng xiāng xué	cc-cedict	astrology
星相家	xīng xiàng jiā	xīng xiāng jiā	cc-cedict	astrologer
星相師	xīng xiàng shī	xīng xiāng shī	cc-cedict	astrologer
星相術	xīng xiàng shù	xīng xiāng shù	cc-cedict	astrology
昨兒個	zuó r ge	zuó ér gè	cc-cedict	(coll.) yesterday
是味兒	shì wèi r	shì wèi ér	cc-cedict	(of food) to have the right taste/(of people) to feel at ease
是拉差	shì lā chā	shì lā chà	cc-cedict	sriracha (loanword)
時代曲	shí dài qǔ	shí dài qū	cc-cedict	shidaiqu, a musical genre that originated in Shanghai in the 1920s, a fusion of Chinese folk music and Western jazz
時間差	shí jiān chā	shí jiān chà	cc-cedict	difference in timing; time gap; time lag/(volleyball) timing-gap attack (clipped form of 時間差攻擊|时间差攻击[shi2 jian1 cha1 gon
暈血症	yùn xuè zhèng	yūn xuè zhèng	cc-cedict	blood phobia
暈高兒	yùn gāo r	yūn gāo ér	cc-cedict	to feel giddy on heights/vertigo
暗哨兒	àn shào r	àn shào ér	cc-cedict	whistle given as a secret signal
暗地裡	àn dì li	àn de lǐ	cc-cedict	secretly; inwardly; on the sly
暗花兒	àn huā r	àn huā ér	cc-cedict	veiled design incised in porcelain or woven in fabric
暗記兒	àn jì r	àn jì ér	cc-cedict	secret mark
暗適應	àn shì yìng	àn shì yīng	cc-cedict	(visual physiology) dark adaptation
暗間兒	àn jiān r	àn jiān ér	cc-cedict	inner room
曝光表	bào guāng biǎo	pù guāng biǎo	cc-cedict	light meter/exposure meter
曲周縣	qǔ zhōu xiàn	qū zhōu xiàn	cc-cedict	Quzhou, a county in Handan City 邯鄲市|邯郸市[Han2 dan1 Shi4], Hebei
曲柄鑽	qū bǐng zuàn	qū bǐng zuān	cc-cedict	hand drill with a crank handle
曲水縣	qǔ shuǐ xiàn	qū shuǐ xiàn	cc-cedict	Qüxü, a county in Lhasa City 拉薩市|拉萨市[La1 sa4 Shi4], Tibet
曲江區	qǔ jiāng qū	qū jiāng qū	cc-cedict	Qujiang, a district of Shaoguan City 韶關市|韶关市[Shao2 guan1 Shi4], Guangdong
曲沃縣	qǔ wò xiàn	qū wò xiàn	cc-cedict	Quwo, a county in Linfen City 臨汾市|临汾市[Lin2 fen2 Shi4], Shanxi
曲陽縣	qǔ yáng xiàn	qū yáng xiàn	cc-cedict	Quyang, a county in Baoding City 保定市[Bao3 ding4 Shi4], Hebei
曲靖市	qǔ jìng shì	qū jìng shì	cc-cedict	Qujing, prefecture-level city in Yunnan Province 雲南省|云南省[Yun2 nan2 Sheng3]
曲麻萊	qǔ má lái	qū má lái	cc-cedict	see 曲麻萊縣|曲麻莱县[Qu3 ma2 lai2 Xian4]
更年期	gēng nián qī	gèng nián qī	cc-cedict	menopause/andropause
更新世	gēng xīn shì	gèng xīn shì	cc-cedict	Pleistocene (geological epoch from 2m years ago, covering the most recent ice ages)
更衣室	gēng yī shì	gèng yī shì	cc-cedict	change room; dressing room; locker room/(euphemism) toilet
書卷氣	shū juàn qì	shū juǎn qì	cc-cedict	scholarly flavor/educated appearance
書卷獎	shū juàn jiǎng	shū juǎn jiǎng	cc-cedict	presidential award (received by university students in Taiwan for academic excellence)
書皮兒	shū pí r	shū pí ér	cc-cedict	erhua variant of 書皮|书皮[shu1 pi2]
書館兒	shū guǎn r	shū guǎn ér	cc-cedict	teashop with performance by 評書|评书 story tellers
曹不興	cáo bù xīng	cáo bù xìng	cc-cedict	Cao Buxing or Ts'ao Pu-hsing (active c. 210-250), famous semilegendary painter, one of the Four Great Painters of the Si
曼德勒	màn dé lè	màn dé lēi	cc-cedict	Mandalay, province and second city of Myanmar (Burma)
曾國藩	zēng guó fān	céng guó fān	cc-cedict	Zeng Guofan (1811-1872), Qing dynasty politician and military man
曾孝谷	zēng xiào gǔ	céng xiào gǔ	cc-cedict	Zeng Xiaogu (1873-1937), actor and pioneer of Chinese drama in New Culture style
曾孫女	zēng sūn nǚ	céng sūn nǚ	cc-cedict	great-granddaughter
曾慶紅	zēng qìng hóng	céng qìng hóng	cc-cedict	Zeng Qinghong (1939-), vice-president of PRC 2003-2008
曾祖母	zēng zǔ mǔ	céng zǔ mǔ	cc-cedict	father's father's mother; paternal great-grandmother
曾祖父	zēng zǔ fù	céng zǔ fù	cc-cedict	father's father's father; paternal great-grandfather
曾紀澤	zēng jì zé	céng jì zé	cc-cedict	Cang Jize or Tseng Chi-tse (1839-1890), pioneer diplomat of late Qing, serve as imperial commissioner (ambassador) to UK
曾繁仁	zēng fán rén	céng fán rén	cc-cedict	Zeng Fanren, president of Shandong University from February 1998 until July 2000
曾蔭權	zēng yīn quán	céng yīn quán	cc-cedict	Sir Donald Tsang, aka Tsang Yam-Kuen (1944–), the second Chief Executive of Hong Kong (2005–2012)
曾都區	zēng dū qū	céng dōu qū	cc-cedict	Zengdu, a district of Suizhou City 隨州市|随州市[Sui2 zhou1 Shi4], Hubei
曾金燕	zēng jīn yàn	céng jīn yàn	cc-cedict	Zeng Jinyan (1983-), Chinese blogger and human rights activist, wife of dissident activist Hu Jia 胡佳[Hu2 Jia1]
替班兒	tì bān r	tì bān ér	cc-cedict	erhua variant of 替班[ti4 ban1]
替角兒	tì jué r	tì jiǎo ér	cc-cedict	erhua variant of 替角[ti4 jue2]
會計學	kuài jì xué	huì jì xué	cc-cedict	accounting/accountancy
會計師	kuài jì shī	huì jì shī	cc-cedict	accountant
月頭兒	yuè tóu r	yuè tóu ér	cc-cedict	start of the month (colloquial)
有彈性	yǒu tán xìng	yǒu dàn xìng	cc-cedict	flexible
有空兒	yǒu kòng r	yǒu kōng ér	cc-cedict	erhua form of 有空[you3 kong4]
有譜兒	yǒu pǔ r	yǒu pǔ ér	cc-cedict	erhua variant of 有譜|有谱[you3 pu3]
有賣相	yǒu mài xiàng	yǒu mài xiāng	cc-cedict	appealing; attractive (esp. to consumers)
有邊兒	yǒu biān r	yǒu biān ér	cc-cedict	(Beijing dialect) to show promise; to look hopeful; to have good prospects
有點兒	yǒu diǎn r	yǒu diǎn ér	cc-cedict	slightly/a little/somewhat
望都縣	wàng dū xiàn	wàng dōu xiàn	cc-cedict	Wangdu, a county in Baoding City 保定市[Bao3 ding4 Shi4], Hebei
朝鮮人	cháo xiǎn rén	cháo xiān rén	cc-cedict	a North Korean; (in broader or historical usage) a Korean
朝鮮文	cháo xiǎn wén	cháo xiān wén	cc-cedict	Korean written language
朝鮮族	cháo xiǎn zú	cháo xiān zú	cc-cedict	Korean ethnic group; Koreans (major ethnic group of the Korean Peninsula)/Korean ethnic minority in China
朝鮮箏	cháo xiǎn zhēng	cháo xiān zhēng	cc-cedict	gayageum (Korean 12-stringed zither)
朝鮮語	cháo xiǎn yǔ	cháo xiān yǔ	cc-cedict	Korean language
木柵線	mù zhà xiàn	mù shān xiàn	cc-cedict	Taipei Metro Muzha Line, former name of the Wenshan Line 文山線|文山线[Wen2 shan1 xian4]
木齒耙	mù chǐ pá	mù chǐ bà	cc-cedict	a rake (with wooden teeth)
本地人	běn dì rén	běn de rén	cc-cedict	native person (of a country)
本地化	běn dì huà	běn de huà	cc-cedict	localization/adaptation (to foreign environment)
本徵值	běn zhēng zhí	běn zhǐ zhí	cc-cedict	(math.) eigenvalue
朴智星	piáo zhì xīng	pǔ zhì xīng	cc-cedict	Park Ji-sung (1981-), South Korean former footballer, played for Manchester United (2005-2012)
朴槿惠	piáo jǐn huì	pǔ jǐn huì	cc-cedict	Park Geun-hye (1952-), Korean politician, daughter of former dictator Park Chung-Hee 朴正熙[Piao2 Zheng4 xi1], president of
朴正熙	piáo zhèng xī	pǔ zhèng xī	cc-cedict	Park Chung-Hee (1917-1979), South Korean military man and dictator, president 1963-1979, influential in developing Korea
李娃傳	lǐ wá zhuàn	lǐ wá chuán	cc-cedict	Tale of Courtesan Li Wa, novel by Tang writer Bai Xingjian 白行簡|白行简[Bai2 Xing2 jian3] along the lines of La Traviata, fav
李重茂	lǐ chóng mào	lǐ zhòng mào	cc-cedict	Li Chongmao, personal name of fifth Tang emperor Shang 唐殤帝|唐殇帝[Tang2 Shang1 Di4] (c. 695-715), reigned 710
李長春	lǐ cháng chūn	lǐ zhǎng chūn	cc-cedict	Li Changchun (1944-), PRC politician
李隆基	lǐ lōng jī	lǐ lóng jī	cc-cedict	personal name of seventh Tang emperor Xuanzong 唐玄宗[Tang2 Xuan2 zong1] (685-762), reigned 712-756
村上隆	cūn shàng lōng	cūn shàng lóng	cc-cedict	Murakami Takashi (1963-), Japanese artist
東興區	dōng xīng qū	dōng xìng qū	cc-cedict	Dongxing, a district of Neijiang City 內江市|内江市[Nei4 jiang1 Shi4], Sichuan
東興市	dōng xīng shì	dōng xìng shì	cc-cedict	Dongxing, a county-level city in Fangchenggang City 防城港市[Fang2 cheng2 gang3 Shi4], Guangxi
東邊兒	dōng biān r	dōng biān ér	cc-cedict	erhua variant of 東邊|东边[dong1 bian5]
東阿縣	dōng ē xiàn	dōng ā xiàn	cc-cedict	Dong'e, a county in Liaocheng City 聊城市[Liao2 cheng2 Shi4], Shandong
松巴哇	sōng bā wā	sōng bā wa	cc-cedict	Sumbawa, Indonesian island east of Java
板兒爺	bǎn r yé	bǎn ér yé	cc-cedict	(coll.) pedicab driver
板擦兒	bǎn cā r	bǎn cā ér	cc-cedict	blackboard or whiteboard eraser
枕席兒	zhěn xí r	zhěn xí ér	cc-cedict	erhua form of 枕席[zhen3 xi2]
林家翹	lín jiā qiáo	lín jiā qiào	cc-cedict	Lin Chia-Chiao (1916-2013), Chinese-American physicist, astronomer and applied mathematician
果仁兒	guǒ rén r	guǒ rén ér	cc-cedict	fruit kernel
果料兒	guǒ liào r	guǒ liào ér	cc-cedict	fruit ingredients (for cakes and desserts)
柏克郡	bó kè jùn	bǎi kè jùn	cc-cedict	Berkshire (English county)
柏拉圖	bó lā tú	bǎi lā tú	cc-cedict	Plato (c. 427 – c. 347 BC), Greek philosopher
柏林牆	bó lín qiáng	bǎi lín qiáng	cc-cedict	Berlin Wall
柏柏爾	bò bò ěr	bǎi bǎi ěr	cc-cedict	Berber people of North Africa
柏遼茲	bó liáo zī	bǎi liáo zī	cc-cedict	Hector Berlioz (1803-1869), French romantic composer, author of Symphonie Fantastique
柏青哥	bó qīng gē	bǎi qīng gē	cc-cedict	pachinko (loanword) (Tw)
柔佛州	róu fó zhōu	róu fú zhōu	cc-cedict	Johor (state in Malaysia)
柞蠶絲	zuò cán sī	zhà cán sī	cc-cedict	tussah silk
柬埔寨	jiǎn pǔ zhài	jiǎn bù zhài	cc-cedict	Cambodia
柳毅傳	liǔ yì zhuàn	liǔ yì chuán	cc-cedict	story of Liu Yi, Tang fantasy fiction by Li Chaowei 李朝威, popular with dramatist of subsequent dynasties
校驗碼	jiào yàn mǎ	xiào yàn mǎ	cc-cedict	check digit
核反應	hé fǎn yìng	hé fǎn yīng	cc-cedict	nuclear reaction
核地雷	hé dì léi	hé de léi	cc-cedict	nuclear land mine/nuclear mine
核門檻	hé mén jiàn	hé mén kǎn	cc-cedict	nuclear threshold
根據地	gēn jù dì	gēn jù de	cc-cedict	base of operations
格子呢	gé zi ní	gé zǐ ne	cc-cedict	checked woolen fabric; plaid
栽種機	zāi zhòng jī	zāi zhǒng jī	cc-cedict	a mechanical planter (for rice, plants)
栽筋斗	zāi jīn dǒu	zāi jīn dòu	cc-cedict	to tumble/to fall head over heels/(fig.) to take a tumble
桌面兒	zhuō miàn r	zhuō miàn ér	cc-cedict	erhua variant of 桌面[zhuo1 mian4]
梅乾菜	méi gān cài	méi qián cài	cc-cedict	salt-pickled sun-dried cabbage (or potherb mustard etc)
梅西耶	méi xī yē	méi xī yé	cc-cedict	Charles Messier (1730-1817), French astronomer who catalogued nebulas and galaxies
棧地址	zhàn dì zhǐ	zhàn de zhǐ	cc-cedict	stack address (computing)
棲息地	qī xī dì	qī xī de	cc-cedict	habitat
楊家將	yáng jiā jiàng	yáng jiā jiāng	cc-cedict	Yang Saga, a popular fiction from the Northern Song, depicting the heroic Yang family 楊業|杨业 of warriors
楊振寧	yáng zhèn nìng	yáng zhèn níng	cc-cedict	Chen-Ning Franklin Yang (1922–2025), theoretical physicist, co-developer of Yang-Mills gauge theory, 1957 Nobel laureate
楞子眼	lèng zi yǎn	léng zǐ yǎn	cc-cedict	(dialect) vacant look of a drunk or imbecile
楞頭青	lèng tóu qīng	léng tóu qīng	cc-cedict	variant of 愣頭青|愣头青[leng4 tou2 qing1]
榛仁兒	zhēn rén r	zhēn rén ér	cc-cedict	erhua variant of 榛仁[zhen1 ren2]
槍把兒	qiāng bà r	qiāng bǎ ér	cc-cedict	butt of a gun
槍桿兒	qiāng gǎn r	qiāng gǎn ér	cc-cedict	gun barrel
樂清市	yuè qīng shì	lè qīng shì	cc-cedict	Yueqing, a county-level city in Wenzhou City 溫州市|温州市[Wen1 zhou1 Shi4], Zhejiang
樂都區	lè dū qū	lè dōu qū	cc-cedict	Ledu, a district of Haidong City 海東市|海东市[Hai3 dong1 Shi4], Qinghai
樅陽縣	zōng yáng xiàn	cōng yáng xiàn	cc-cedict	Zongyang, a county in Tongling City 銅陵市|铜陵市[Tong2 ling2 Shi4], Anhui
標準差	biāo zhǔn chā	biāo zhǔn chà	cc-cedict	(statistics) standard deviation
模特兒	mó tè r	mó tè ér	cc-cedict	(fashion) model (loanword)
樹番茄	shù fān qié	shù fān jiā	cc-cedict	tamarillo
橫筋斗	héng jīn dǒu	héng jīn dòu	cc-cedict	cartwheel
檯面呢	tái miàn ní	tái miàn ne	cc-cedict	(billiards) baize
歌仔戲	gē zǎi xì	gē zǐ xì	cc-cedict	type of opera from Taiwan and Fujian
歐柏林	ōu bó lín	ōu bǎi lín	cc-cedict	Oberlin
歐米伽	ōu mǐ gā	ōu mǐ jiā	cc-cedict	omega (Greek letter Ω, ω)/also pr. [ou1mi3jia1]
止疼片	zhǐ téng piān	zhǐ téng piàn	cc-cedict	painkiller/analgesic
正倉院	zhēng cāng yuàn	zhèng cāng yuàn	cc-cedict	Shōsō-in, a timber structure in Nara, Japan, built to house hundreds of artifacts bequeathed to the Tōdai-ji temple by t
正當性	zhèng dàng xìng	zhèng dāng xìng	cc-cedict	(political) legitimacy
正長石	zhèng cháng shí	zhèng zhǎng shí	cc-cedict	orthoclase KAlSi3O8 (rock-forming mineral, type of feldspar)
武都區	wǔ dū qū	wǔ dōu qū	cc-cedict	Wudu, a district of Longnan City 隴南市|陇南市[Long3 nan2 Shi4], Gansu
武都市	wǔ dū shì	wǔ dōu shì	cc-cedict	Wudu city in Gansu
歸零地	guī líng dì	guī líng de	cc-cedict	Ground Zero
死不了	sǐ bù liǎo	sǐ bù le	cc-cedict	Portulaca Sundial (a type of plant)
死勁兒	sǐ jìn r	sǐ jìn ér	cc-cedict	erhua variant of 死勁|死劲[si3 jin4]
死胡同	sǐ hú tòng	sǐ hú tóng	cc-cedict	dead end/blind alley
死難者	sǐ nàn zhě	sǐ nán zhě	cc-cedict	victim of an accident/casualty/martyr for one's country
殖民地	zhí mín dì	zhí mín de	cc-cedict	colony
殷都區	yīn dū qū	yīn dōu qū	cc-cedict	Yindu, a district of Anyang City 安陽市|安阳市[An1 yang2 Shi4], Henan
殺手鐧	shā shǒu jiǎn	shā shǒu jiān	cc-cedict	(fig.) trump card
母難日	mǔ nàn rì	mǔ nán rì	cc-cedict	(old) birthday
比不了	bǐ bù liǎo	bǐ bù le	cc-cedict	cannot compare to/to be no match for
毗耶娑	pí yē suō	pí yé suō	cc-cedict	Vyasa, Indian sage and scribe, supposed author of epic 摩訶婆羅多|摩诃婆罗多[Mo2 he1 po2 luo2 duo1] and a major figure in it
氧效應	yǎng xiào yìng	yǎng xiào yīng	cc-cedict	oxygen effect
水泥地	shuǐ ní dì	shuǐ ní de	cc-cedict	concrete-paved surface; concrete floor
水滸傳	shuǐ hǔ zhuàn	shuǐ hǔ chuán	cc-cedict	Water Margin or Outlaws of the Marsh by Shi Nai'an 施耐庵[Shi1 Nai4 an1], one of the Four Classic Novels of Chinese literat
水牛兒	shuǐ niú r	shuǐ niú ér	cc-cedict	(dialect) snail
水磨溝	shuǐ mò gōu	shuǐ mó gōu	cc-cedict	see 水磨溝區|水磨沟区[Shui3 mo4 gou1 Qu1]
水處理	shuǐ chǔ lǐ	shuǐ chù lǐ	cc-cedict	water treatment
水餃兒	shuǐ jiǎo r	shuǐ jiǎo ér	cc-cedict	erhua variant of 水餃|水饺[shui3 jiao3]
永興縣	yǒng xīng xiàn	yǒng xìng xiàn	cc-cedict	Yongxing, a county in Chenzhou City 郴州市[Chen1 zhou1 Shi4], Hunan
汗褂兒	hàn guà r	hàn guà ér	cc-cedict	undershirt
汗褟兒	hàn tā r	hàn tā ér	cc-cedict	undershirt (dialect)
江都區	jiāng dū qū	jiāng dōu qū	cc-cedict	Jiangdu, a district of Yangzhou City 揚州市|扬州市[Yang2 zhou1 Shi4], Jiangsu
沒事兒	méi shì r	méi shì ér	cc-cedict	to have spare time/free from work/it's not important/it's nothing/never mind
沒六兒	méi liù r	méi liù ér	cc-cedict	variant of 沒溜兒|没溜儿[mei2 liu4 r5]
沒勁兒	méi jìn r	méi jìn ér	cc-cedict	erhua variant of 沒勁|没劲[mei2 jin4]
沒奈何	mò nài hé	méi nài hé	cc-cedict	to have no alternative; to be helpless
沒法兒	méi fǎ r	méi fǎ ér	cc-cedict	(coll.) can't do anything about it/(coll.) there's no way that ...; it's simply not credible that .../(coll.) couldn't b
沒準兒	méi zhǔn r	méi zhǔn ér	cc-cedict	erhua variant of 沒準|没准[mei2 zhun3]
沒溜兒	méi liù r	méi liū ér	cc-cedict	(dialect) silly
沒空兒	méi kòng r	méi kōng ér	cc-cedict	having no time
沒譜兒	méi pǔ r	méi pǔ ér	cc-cedict	erhua variant of 沒譜|没谱[mei2 pu3]
沒門兒	méi mén r	méi mén ér	cc-cedict	no way/impossible
沙地話	shā dì huà	shā de huà	cc-cedict	see 啟海話|启海话[Qi3 hai3 hua4]
河曲縣	hé qǔ xiàn	hé qū xiàn	cc-cedict	Hequ, a county in Xinzhou City 忻州市[Xin1 zhou1 Shi4], Shanxi
河西堡	hé xī pù	hé xī bǎo	cc-cedict	Hexipu, a town in Yongchang County 永昌縣|永昌县[Yong3 chang1 Xian4], Jinchang 金昌[Jin1 chang1], Gansu
油炸鬼	yóu zhá guǐ	yóu zhà guǐ	cc-cedict	(coll.) youtiao (deep-fried breadstick)
沼澤地	zhǎo zé dì	zhǎo zé de	cc-cedict	marsh/swamp/everglade
沿條兒	yán tiáo r	yán tiáo ér	cc-cedict	tape seam (in dressmaking)/tape trim
沿邊兒	yán biān r	yán biān ér	cc-cedict	to trim (border with braid, tape etc)
泊頭市	bó tóu shì	pō tóu shì	cc-cedict	Botou, a county-level city in Cangzhou City 滄州市|沧州市[Cang1 zhou1 Shi4], Hebei
泌陽縣	bì yáng xiàn	mì yáng xiàn	cc-cedict	Biyang, a county in Zhumadian City 駐馬店市|驻马店市[Zhu4 ma3 dian4 Shi4], Henan
法勒斯	fǎ lè sī	fǎ lēi sī	cc-cedict	Perez (son of Judah)
法相宗	fǎ xiàng zōng	fǎ xiāng zōng	cc-cedict-buddhist	Yogācāra school of Buddhism/Dharma-character school of Buddhism
法耶德	fǎ yē dé	fǎ yé dé	cc-cedict	(name) Fayed/Mohamed Al-Fayed (1929–2023), Egyptian business magnate
法隆寺	fǎ lōng sì	fǎ lóng sì	cc-cedict-buddhist	Hōryūji, complex of Buddhist temples near Nara 奈良, Japan, dating back to the Asuka period 飛鳥時代|飞鸟时代 (c. 600)
波塞冬	bō sài dōng	bō sāi dōng	cc-cedict	Poseidon, god of the sea in Greek mythology
波帶片	bō dài piān	bō dài piàn	cc-cedict	zone plate
波羅的	bō luó dì	bō luó de	cc-cedict	Baltic
波隆那	bō lōng nà	bō lóng nà	cc-cedict	Bologna, city in Northern Italy
泰興市	tài xīng shì	tài xìng shì	cc-cedict	Taixing, a county-level city in Taizhou City 泰州市[Tai4 zhou1 Shi4], Jiangsu
洋漂族	yáng piāo zú	yáng piào zú	cc-cedict	lit. ocean drifting people/job-hopping foreigner
洋畫兒	yáng huà r	yáng huà ér	cc-cedict	children's game played with illustrated cards/pogs/menko (Japan)
洪洞縣	hóng tóng xiàn	hóng dòng xiàn	cc-cedict	Hongtong, a county in Linfen City 臨汾市|临汾市[Lin2 fen2 Shi4], Shanxi
流鼻血	liú bí xiě	liú bí xuè	cc-cedict	to bleed from the nose/(fig.) to be sexually aroused
海參崴	hǎi shēn wǎi	hǎi cān wǎi	cc-cedict	Haishenwai, traditional Chinese name for Vladivostok 符拉迪沃斯托克[Fu2 la1 di2 wo4 si1 tuo1 ke4]
海興縣	hǎi xīng xiàn	hǎi xìng xiàn	cc-cedict	Haixing, a county in Cangzhou City 滄州市|沧州市[Cang1 zhou1 Shi4], Hebei
海螵蛸	hǎi piāo xiāo	hǎi piāo shāo	cc-cedict	cuttlebone (used in TCM)
海陸空	hǎi lù kòng	hǎi lù kōng	cc-cedict	sea land air (transport, or military operations)
消閒兒	xiāo xián r	xiāo xián ér	cc-cedict	erhua variant of 消閒|消闲[xiao1 xian2]
消食兒	xiāo shí r	xiāo shí ér	cc-cedict	erhua variant of 消食[xiao1 shi2]
淋溶土	lìn róng tǔ	lín róng tǔ	cc-cedict	argosol (soil taxonomy)
淋球菌	lìn qiú jūn	lín qiú jūn	cc-cedict	gonococcus/Neisseria gonorrhoeae, the pathogen causing gonorrhea
混名兒	hùn míng r	hùn míng ér	cc-cedict	erhua variant of 混名[hun4 ming2]
混水牆	hún shuǐ qiáng	hùn shuǐ qiáng	cc-cedict	plastered masonry wall
混混兒	hùn hùn r	hùn hùn ér	cc-cedict	ruffian/hoodlum
混球兒	hún qiú r	hùn qiú ér	cc-cedict	erhua variant of 混球[hun2 qiu2]
清算行	qīng suàn háng	qīng suàn xíng	cc-cedict	clearing bank
渦陽縣	guō yáng xiàn	wō yáng xiàn	cc-cedict	Guoyang, a county in Bozhou City 亳州市[Bo2 zhou1 Shi4], Anhui
測地線	cè dì xiàn	cè de xiàn	cc-cedict	geodesic/a geodesic (curve)
測量船	cè liáng chuán	cè liàng chuán	cc-cedict	survey vessel
渾球兒	hún qiú r	hún qiú ér	cc-cedict	variant of 混球兒|混球儿[hun2 qiu2 r5]
湞江區	zhēn jiāng qū	chēng jiāng qū	cc-cedict	Zhenjiang, a district of Shaoguan City 韶關市|韶关市[Shao2 guan1 Shi4], Guangdong
準譜兒	zhǔn pǔ r	zhǔn pǔ ér	cc-cedict	definite idea; certainty; clear plan; definite guidelines
溜邊兒	liū biān r	liū biān ér	cc-cedict	to keep to the edge (of path, river etc)/(fig.) to keep out of trouble; to avoid getting involved
滅蟲寧	miè chóng nìng	miè chóng níng	cc-cedict	bephenium, anti-parasitic worm medicine
滇藏川	diān zàng chuān	diān cáng chuān	cc-cedict	Yunnan, Tibet and Sichuan
滎經縣	yíng jīng xiàn	xíng jīng xiàn	cc-cedict	Yingjing, a county in Ya'an City 雅安市[Ya3 an1 Shi4], Sichuan
滿地可	mǎn dì kě	mǎn de kě	cc-cedict	Montreal (chiefly used in Hong Kong and the Chinese community in Canada) (from Cantonese 滿地可|满地可 Mun5 dei6 ho2)
漁鉤兒	yú gōu r	yú gōu ér	cc-cedict	variant of 魚鉤兒|鱼钩儿[yu2 gou1 r5]
漂流瓶	piāo liú píng	piào liú píng	cc-cedict	message in a bottle
漂流者	piāo liú zhě	piào liú zhě	cc-cedict	drifter/whitewater rafter
漂白劑	piǎo bái jì	piào bái jì	cc-cedict	bleach
漂白水	piǎo bái shuǐ	piào bái shuǐ	cc-cedict	bleach
漂白粉	piǎo bái fěn	piào bái fěn	cc-cedict	bleaching powder
漏斗雲	lòu dǒu yún	lòu dòu yún	cc-cedict	funnel cloud
激將法	jī jiàng fǎ	jī jiāng fǎ	cc-cedict	indirect, psychological method of getting sb to do as one wishes (e.g. questioning whether they are up to the task)
濁塞音	zhuó sè yīn	zhuó sāi yīn	cc-cedict	(linguistics) voiced stop
濕答答	shī dā dā	shī dá dá	cc-cedict	soaking wet
濟南市	jǐ nán shì	jì nán shì	cc-cedict	Jinan, sub-provincial city and capital of Shandong Province 山東省|山东省[Shan1 dong1 Sheng3]
濟寧市	jǐ níng shì	jì níng shì	cc-cedict	Jining, prefecture-level city in Shandong Province 山東省|山东省[Shan1 dong1 Sheng3]
濟陽區	jǐ yáng qū	jì yáng qū	cc-cedict	Jiyang, a district of Jinan City 濟南市|济南市[Ji3 nan2 Shi4], Shandong
灑狗血	sǎ gǒu xiě	sǎ gǒu xuè	cc-cedict	to overreact/melodramatic
灰蒙蒙	huī mēng mēng	huī méng méng	cc-cedict	dusky/overcast (of weather)
災難性	zāi nàn xìng	zāi nán xìng	cc-cedict	catastrophic
災難片	zāi nàn piàn	zāi nán piàn	cc-cedict	disaster movie
炒地皮	chǎo dì pí	chǎo de pí	cc-cedict	to speculate in building land
炮兒局	pào r jú	pào ér jú	cc-cedict	police station (Beijing slang)
炸丸子	zhá wán zi	zhà wán zǐ	cc-cedict	croquettes/deep fried food balls
炸子雞	zhá zǐ jī	zhà zǐ jī	cc-cedict	crispy fried chicken
炸油餅	zhá yóu bǐng	zhà yóu bǐng	cc-cedict	deep-fried cake
炸薯條	zhá shǔ tiáo	zhà shǔ tiáo	cc-cedict	french fries
炸薯片	zhá shǔ piàn	zhà shǔ piàn	cc-cedict	potato chip
炸醬麵	zhá jiàng miàn	zhà jiàng miàn	cc-cedict	zhajiang mian, thick wheat noodles served with ground pork simmered in salty fermented soybean paste (or other sauce)
為己任	wéi jǐ rèn	wèi jǐ rèn	cc-cedict	to make it one's business/to take upon oneself to
烏什縣	wū shí xiàn	wū shén xiàn	cc-cedict	Uqturpan, a county in Aksu Prefecture 阿克蘇地區|阿克苏地区[A1 ke4 su1 Di4 qu1], Xinjiang
烏干達	wū gān dá	wū gàn dá	cc-cedict	Uganda
烏拉草	wù la cǎo	wū lā cǎo	cc-cedict	Carex meyeriana
烏良哈	wū liáng hǎ	wū liáng hā	cc-cedict	Mongol surname
烘乾機	hōng gān jī	hōng qián jī	cc-cedict	clothes dryer
烘籠兒	hōng lóng r	hōng lóng ér	cc-cedict	bamboo drying frame
烹調術	pēng tiáo shù	pēng diào shù	cc-cedict	cookery
無止盡	wú zhǐ jìn	wú zhǐ jǐn	cc-cedict	endless
無為市	wú wéi shì	wú wèi shì	cc-cedict	Wuwei, a county-level city in Wuhu City 蕪湖市|芜湖市[Wu2 hu2 Shi4], Anhui
無薪假	wú xīn jià	wú xīn jiǎ	cc-cedict	unpaid leave/leave without pay
煎炸油	jiān zhá yóu	jiān zhà yóu	cc-cedict	frying oil
煙捲兒	yān juǎn r	yān juǎn ér	cc-cedict	cigarette/CL:棵[ke1]
煙頭兒	yān tóu r	yān tóu ér	cc-cedict	erhua variant of 煙頭|烟头[yan1 tou2]
照相機	zhào xiàng jī	zhào xiāng jī	cc-cedict	camera/CL:台[tai2],部[bu4],架[jia4]
照相館	zhào xiàng guǎn	zhào xiāng guǎn	cc-cedict	photo studio
熟道兒	shú dào r	shú dào ér	cc-cedict	familiar road/well-trodden path
熬頭兒	áo tou r	áo tóu ér	cc-cedict	(coll.) the reward of one's efforts/the light at the end of the tunnel
熱乾麵	rè gān miàn	rè qián miàn	cc-cedict	noodles served hot, with toppings including sesame paste and soy sauce – popular in Wuhan as a breakfast dish or late-ni
熱處理	rè chǔ lǐ	rè chù lǐ	cc-cedict	hot treatment (e.g. of metal)
燃燈佛	rán dēng fó	rán dēng fú	cc-cedict	Dipamkara Buddha, the former Buddha before Shakyamuni Buddha and the bringer of lights
燃燒匙	rán shāo chí	rán shāo shi	cc-cedict	deflagrating spoon/combustion spoon
燒茄子	shāo qié zi	shāo jiā zǐ	cc-cedict	stewed eggplant
爆肚兒	bào dǔ r	bào dù ér	cc-cedict	erhua variant of 爆肚[bao4 du3]
爪哇國	zhǎo wā guó	zhǎo wa guó	cc-cedict	ancient state located in present-day Java 爪哇[Zhao3 wa1]/(fig.) somewhere remote, inaccessible or obscure
爪哇島	zhǎo wā dǎo	zhǎo wa dǎo	cc-cedict	Java (island of Indonesia)
爪尖兒	zhuǎ jiān r	zhǎo jiān ér	cc-cedict	pig's trotters
爵士樂	jué shì yuè	jué shì lè	cc-cedict	jazz (loanword)
爺們兒	yé men r	yé men ér	cc-cedict	erhua variant of 爺們|爷们[ye2 men5]
片兒警	piàn r jǐng	piàn ér jǐng	cc-cedict	local or neighborhood policeman
片尾曲	piàn wěi qǔ	piàn wěi qū	cc-cedict	ending theme song
片頭曲	piàn tóu qǔ	piàn tóu qū	cc-cedict	opening theme song
牙縫兒	yá fèng r	yá fèng ér	cc-cedict	gap between teeth
牙齦炎	yá yín yán	yá kěn yán	cc-cedict	gingivitis
牛仔布	niú zǎi bù	niú zǐ bù	cc-cedict	denim
牛仔褲	niú zǎi kù	niú zǐ kù	cc-cedict	jeans/CL:條|条[tiao2]
牛肉乾	niú ròu gān	niú ròu qián	cc-cedict	dried beef; beef jerky
牛肝菌	niú gān jùn	niú gān jūn	cc-cedict	porcino (Boletus edulis)
牛軋糖	niú gá táng	niú yà táng	cc-cedict	(loanword) nougat
牟平區	mù píng qū	móu píng qū	cc-cedict	Muping, a district of Yantai City 煙台市|烟台市[Yan1 tai2 Shi4], Shandong
牢什子	láo shí zi	láo shén zǐ	cc-cedict	variant of 勞什子|劳什子[lao2 shi2 zi5]
特徵值	tè zhēng zhí	tè zhǐ zhí	cc-cedict	(math.) eigenvalue
犍為縣	qián wéi xiàn	jiān wèi xiàn	cc-cedict	Qianwei, a county in Leshan City 樂山市|乐山市[Le4 shan1 Shi4], Sichuan
犟勁兒	jiàng jìn r	jiàng jìn ér	cc-cedict	erhua variant of 犟勁|犟劲[jiang4 jin4]
犬夜叉	quǎn yè chà	quǎn yè chā	cc-cedict	Inuyasha, fictional character
犯不著	fàn bu zháo	fàn bù zhù	cc-cedict	not worthwhile
犯得著	fàn de zháo	fàn dé zhù	cc-cedict	worthwhile (often in rhetorical questions, implying not worthwhile)/also written 犯得上[fan4 de5 shang4]
狂想曲	kuáng xiǎng qǔ	kuáng xiǎng qū	cc-cedict	rhapsody (music)
狄更斯	dí gēng sī	dí gèng sī	cc-cedict	Dickens (name)/Charles Dickens (1812-1870), great English novelist
狗仔式	gǒu zǎi shì	gǒu zǐ shì	cc-cedict	dog paddle (swimming)/doggy style (sex)
狗仔隊	gǒu zǎi duì	gǒu zǐ duì	cc-cedict	paparazzi
猛勁兒	měng jìn r	měng jìn ér	cc-cedict	to dash/to put on a spurt/to redouble efforts
猛獁象	měng mǎ xiàng	měng mà xiàng	cc-cedict	see 猛獁|猛犸[meng3 ma3]
猜謎兒	cāi mí r	cāi mí ér	cc-cedict	to answer a riddle/to guess (i.e. form an opinion without much evidence)
猴兒精	hóu r jīng	hóu ér jīng	cc-cedict	(dialect) shrewd/clever
猶地亞	yóu dì yà	yóu de yà	cc-cedict	Judea
獨院兒	dú yuàn r	dú yuàn ér	cc-cedict	erhua variant of 獨院|独院[du2 yuan4]
玩兒命	wán r mìng	wán ér mìng	cc-cedict	to gamble with life/to take reckless risks
玩兒壞	wán r huài	wán ér huài	cc-cedict	to play tricks on sb
玩兒完	wán r wán	wán ér wán	cc-cedict	erhua form of 玩完[wan2 wan2]
玩兒票	wán r piào	wán ér piào	cc-cedict	amateur dramatics
玩意兒	wán yì r	wán yì ér	cc-cedict	erhua variant of 玩意[wan2 yi4]
玩藝兒	wán yì r	wán yì ér	cc-cedict	variant of 玩意兒|玩意儿[wan2 yi4 r5]
班輩兒	bān bèi r	bān bèi ér	cc-cedict	seniority in the family/pecking order
瑪曲縣	mǎ qǔ xiàn	mǎ qū xiàn	cc-cedict	Maqu, a county in Gannan Tibetan Autonomous Prefecture 甘南藏族自治州[Gan1 nan2 Zang4 zu2 Zi4 zhi4 zhou1], Gansu
瓦勒他	wǎ lè tā	wǎ lēi tā	cc-cedict	Valletta, capital of Malta (Tw)
瓦都茲	wǎ dū zī	wǎ dōu zī	cc-cedict	Vaduz, capital of Liechtenstein (Tw)
瓶塞鑽	píng sāi zuàn	píng sāi zuān	cc-cedict	corkscrew
生理假	shēng lǐ jià	shēng lǐ jiǎ	cc-cedict	menstrual leave (Tw)
生還者	shēng huán zhě	shēng hái zhě	cc-cedict	survivor
產地證	chǎn dì zhèng	chǎn de zhèng	cc-cedict	certificate of origin (CO or CoO) (commerce)
用不了	yòng bu liǎo	yòng bù le	cc-cedict	to not use all of/to use less than
用不著	yòng bu zháo	yòng bù zhù	cc-cedict	not need/have no use for
用得著	yòng de zháo	yòng dé zhù	cc-cedict	to be able to use; useable; to have a use for/(in a question) to be necessary to
田長霖	tián cháng lín	tián zhǎng lín	cc-cedict	Chang-lin Tien (1935–2002), Chinese-American professor, chancellor of the University of California, Berkeley (1990–1997)
甲殼素	jiǎ qiào sù	jiǎ ké sù	cc-cedict	chitin
甲殼蟲	jiǎ qiào chóng	jiǎ ké chóng	cc-cedict	the Beatles (1960s UK pop group)
甲殼蟲	jiǎ qiào chóng	jiǎ ké chóng	cc-cedict	beetle
甲殼類	jiǎ qiào lèi	jiǎ ké lèi	cc-cedict	crustacean
男主角	nán zhǔ jué	nán zhǔ jiǎo	cc-cedict	male lead; male protagonist
男儐相	nán bīn xiàng	nán bīn xiāng	cc-cedict	best man (in a marriage)
男孩兒	nán hái r	nán hái ér	cc-cedict	erhua form of 男孩[nan2 hai2]
留餘地	liú yú dì	liú yú de	cc-cedict	to leave room to maneuver; to leave a margin for error
畜牧業	xù mù yè	chù mù yè	cc-cedict	animal husbandry/stock raising/livestock raising
畜產品	xù chǎn pǐn	chù chǎn pǐn	cc-cedict	domesticated animal products
畢宿五	bì xiù wǔ	bì sù wǔ	cc-cedict	Aldebaran or Alpha Tauri
番禺區	pān yú qū	fān yú qū	cc-cedict	Panyu, a district of Guangzhou City 廣州市|广州市[Guang3 zhou1 Shi4], Guangdong
番茄汁	fān qié zhī	fān jiā zhī	cc-cedict	tomato juice
番茄醬	fān qié jiàng	fān jiā jiàng	cc-cedict	ketchup/tomato sauce
異地戀	yì dì liàn	yì de liàn	cc-cedict	long-distance romance/long-distance relationship
當回事	dàng huí shì	dāng huí shì	cc-cedict	to take seriously (often with negative expression: "don't take it too seriously")/to treat conscientiously
疏勒國	shū lè guó	shū lēi guó	cc-cedict	Shule, oasis state in central Asia (near modern Kashgar) at different historical periods
疏勒縣	shū lè xiàn	shū lēi xiàn	cc-cedict	Shule, a county in Kashgar City 喀什市[Ka1 shi2 Shi4], Xinjiang
病假條	bìng jià tiáo	bìng jiǎ tiáo	cc-cedict	sick note/medical certificate for sick leave
病包兒	bìng bāo r	bìng bāo ér	cc-cedict	a person who is always falling ill/chronic invalid
病厭厭	bìng yān yān	bìng yàn yàn	cc-cedict	variant of 病懨懨|病恹恹[bing4 yan1 yan1]
痛經假	tòng jīng jià	tòng jīng jiǎ	cc-cedict	menstrual leave
痰盂兒	tán yú r	tán yú ér	cc-cedict	erhua variant of 痰盂[tan2 yu2]
癮頭兒	yǐn tóu r	yǐn tóu ér	cc-cedict	erhua variant of 癮頭|瘾头[yin3 tou2]
發源地	fā yuán dì	fā yuán de	cc-cedict	place of origin/birthplace/source
發祥地	fā xiáng dì	fā xiáng de	cc-cedict	the birthplace (of sth good)/the cradle (e.g. of art)
白乾兒	bái gān r	bái qián ér	cc-cedict	alcoholic spirit/strong white rice wine
白切雞	bái qiē jī	bái qiè jī	cc-cedict	Cantonese poached chicken, known as "white cut chicken"
白班兒	bái bān r	bái bān ér	cc-cedict	day shift
白相人	bái xiàng rén	bái xiāng rén	cc-cedict	(dialect) rogue/hoodlum
白蘭地	bái lán dì	bái lán de	cc-cedict	(loanword) brandy
白虎觀	bái hǔ guàn	bái hǔ guān	cc-cedict	White Tiger Hall, a Han dynasty palace hall in which the famous Virtuous Discussions Held in White Tiger Hall 白虎通德論|白虎通德
白蛇傳	bái shé zhuàn	bái shé chuán	cc-cedict	Tale of the White Snake/Madame White Snake
白麵兒	bái miàn r	bái miàn ér	cc-cedict	heroin
百日咳	bǎi rì ké	bǎi rì hāi	cc-cedict	whooping cough/pertussis
的士高	dí shì gāo	de shì gāo	cc-cedict	(HK) (loanword) disco
的確良	dí què liáng	de què liáng	cc-cedict	dacron (loanword)
皮劃艇	pí huá tǐng	pí huà tǐng	cc-cedict	canoes and kayaks/(sports) canoeing and kayaking
盡人事	jìn rén shì	jǐn rén shì	cc-cedict	to do one's utmost; to do everything one can
盡可能	jìn kě néng	jǐn kě néng	cc-cedict	see 儘可能|尽可能[jin3 ke3 neng2]
盡義務	jìn yì wù	jǐn yì wù	cc-cedict	to fulfill one's duty/to work without asking for reward
監利市	jiàn lì shì	jiān lì shì	cc-cedict	Jianli, a county-level city in Jingzhou City 荊州市|荆州市[Jing1 zhou1 Shi4], Hubei
盧塞恩	lú sài ēn	lú sāi ēn	cc-cedict	Lucerne (city in Switzerland)
目的地	mù dì dì	mù de de	cc-cedict	destination (location)
相位差	xiàng wèi chā	xiāng wèi chà	cc-cedict	phase difference
相城區	xiàng chéng qū	xiāng chéng qū	cc-cedict	Xiangcheng, a district of Suzhou City 蘇州市|苏州市[Su1 zhou1 Shi4], Jiangsu
相對象	xiàng duì xiàng	xiāng duì xiàng	cc-cedict	to meet a possible marriage partner
相山區	xiàng shān qū	xiāng shān qū	cc-cedict	Xiangshan, a district of Huaibei City 淮北市[Huai2 bei3 Shi4], Anhui
相平面	xiàng píng miàn	xiāng píng miàn	cc-cedict	phase plane (math., ordinary differential equations)
相空間	xiàng kōng jiān	xiāng kōng jiān	cc-cedict	phase space (math., ordinary differential equations)
省勁兒	shěng jìn r	shěng jìn ér	cc-cedict	erhua variant of 省勁|省劲[sheng3 jin4]
看不中	kàn bu zhòng	kàn bù zhōng	cc-cedict	not impressed by
看守所	kān shǒu suǒ	kàn shǒu suǒ	cc-cedict	detention center
看守者	kān shǒu zhě	kàn shǒu zhě	cc-cedict	watchman
看得中	kàn de zhòng	kàn dé zhōng	cc-cedict	to take a liking for/to fancy
看花眼	kān huā yǎn	kàn huā yǎn	cc-cedict	to be dazzled/to not believe one's own eyes
看著辦	kàn zhe bàn	kàn zhù bàn	cc-cedict	to do as one sees fit/to play it by ear (according to the circumstances)
看門人	kān mén rén	kàn mén rén	cc-cedict	janitor/watchman
真番郡	zhēn pān jùn	zhēn fān jùn	cc-cedict	Zhenpan commandery (108 BC-c. 300 AD), one of four Han dynasty commanderies in north Korea
眼乾症	yǎn gān zhèng	yǎn qián zhèng	cc-cedict	(medicine) xerophthalmia; dry eye syndrome
眼珠兒	yǎn zhū r	yǎn zhū ér	cc-cedict	eyeball/fig. the apple of one's eye (i.e. favorite person)
睡午覺	shuì wǔ jiào	shuì wǔ jué	cc-cedict	to have a nap
睡得著	shuì de zháo	shuì dé zhù	cc-cedict	to fall asleep; to get to sleep
睡懶覺	shuì lǎn jiào	shuì lǎn jué	cc-cedict	to sleep in
瞧著辦	qiáo zhe bàn	qiáo zhù bàn	cc-cedict	to do as one sees fit/It's up to you./Let's wait and see and then decide what to do.
矇矇亮	mēng mēng liàng	méng méng liàng	cc-cedict	dawn/the first glimmer of light
矇矇黑	mēng mēng hēi	méng méng hēi	cc-cedict	dusk
知了猴	zhī liǎo hóu	zhī le hóu	cc-cedict	(coll.) newly-emerged cicada nymph
知更鳥	zhī gēng niǎo	zhī gèng niǎo	cc-cedict	redbreast/robin
短波長	duǎn bō cháng	duǎn bō zhǎng	cc-cedict	short wavelength
矮個兒	ǎi gè r	ǎi gè ér	cc-cedict	a person of short stature/a short person
矮地茶	ǎi dì chá	ǎi de chá	cc-cedict	(loanword) Japanese ardisia (Ardisia japonica) (herb)
石子兒	shí zǐ r	shí zǐ ér	cc-cedict	erhua form of 石子[shi2 zi3]
矽利康	xī lì kāng	xì lì kāng	cc-cedict	(Tw) silicone (loanword)
矽晶片	xī jīng piàn	xì jīng piàn	cc-cedict	silicon chip/also written 硅晶片[gui1 jing1 pian4]
矽橡膠	xī xiàng jiāo	xì xiàng jiāo	cc-cedict	(Tw) silicone rubber
矽肺病	xī fèi bìng	xì fèi bìng	cc-cedict	silicosis
矽鋁層	xī lǚ céng	xì lǚ céng	cc-cedict	Sial
矽鎂層	xī měi céng	xì měi céng	cc-cedict	sima (geology)/silicon and magnesium layer in earth's crust
砌長城	qì cháng chéng	qì zhǎng chéng	cc-cedict	(coll.) to play mahjong
破題兒	pò tí r	pò tí ér	cc-cedict	erhua form of 破題|破题[po4 ti2] (chiefly used in the colloquial "first-time-ever" sense)
砷中毒	shēn zhòng dú	shēn zhōng dú	cc-cedict	arsenic poisoning
硬著陸	yìng zhuó lù	yìng zhù lù	cc-cedict	(aviation) hard landing/(economics) hard landing
碌曲縣	lù qǔ xiàn	lù qū xiàn	cc-cedict	Luqu, a county in Gannan Tibetan Autonomous Prefecture 甘南藏族自治州[Gan1 nan2 Zang4 zu2 Zi4 zhi4 zhou1], Gansu
碎塊兒	suì kuài r	suì kuài ér	cc-cedict	erhua variant of 碎塊|碎块[sui4 kuai4]
碑座兒	bēi zuò r	bēi zuò ér	cc-cedict	erhua variant of 碑座[bei1 zuo4]
碰瓷兒	pèng cí r	pèng cí ér	cc-cedict	erhua form of 碰瓷[peng4 ci2]
碼長城	mǎ cháng chéng	mǎ zhǎng chéng	cc-cedict	(coll.) to play mahjong
磁感應	cí gǎn yìng	cí gǎn yīng	cc-cedict	magnetic induction
磁重聯	cí chóng lián	cí zhòng lián	cc-cedict	(physics) magnetic reconnection
磨不開	mò bù kāi	mó bù kāi	cc-cedict	to feel embarrassed
磨坊主	mò fáng zhǔ	mó fāng zhǔ	cc-cedict	miller
磨得開	mò de kāi	mó dé kāi	cc-cedict	to feel unembarrassed; to be at ease/(dialect) to be convinced; to come round
磨豆腐	mò dòu fu	mó dòu fǔ	cc-cedict	to grumble/to chatter away incessantly
礤床兒	cǎ chuáng r	cǎ chuáng ér	cc-cedict	shredder/grater (kitchen implement for grating vegetables)
票友兒	piào yǒu r	piào yǒu ér	cc-cedict	an amateur actor (e.g. in Chinese opera)
禁不住	jīn bu zhù	jìn bù zhù	cc-cedict	can't help it/can't bear it
禁不起	jīn bu qǐ	jìn bù qǐ	cc-cedict	to be unable to stand
秒差距	miǎo chā jù	miǎo chà jù	cc-cedict	parsec (astronomy)
租借地	zū jiè dì	zū jiè de	cc-cedict	concession (territory)
秦吉了	qín jí liǎo	qín jí le	cc-cedict	mythical talking bird/mynah bird
秦都區	qín dū qū	qín dōu qū	cc-cedict	Qindu, a district of Xianyang City 咸陽市|咸阳市[Xian2 yang2 Shi4], Shaanxi
種植園	zhòng zhí yuán	zhǒng zhí yuán	cc-cedict	plantation
種植業	zhòng zhí yè	zhǒng zhí yè	cc-cedict	plantation
種植牙	zhòng zhí yá	zhǒng zhí yá	cc-cedict	dental implant
種植體	zhòng zhí tǐ	zhǒng zhí tǐ	cc-cedict	implant (dentistry)
稱之為	chēng zhī wéi	chēng zhī wèi	cc-cedict	to call it.../known as...
稱多縣	chèn duō xiàn	chēng duō xiàn	cc-cedict	Chindu, a county in Yushu Tibetan Autonomous Prefecture 玉樹藏族自治州|玉树藏族自治州[Yu4 shu4 Zang4 zu2 Zi4 zhi4 zhou1], Qinghai
穀梁傳	gǔ liáng zhuàn	gǔ liáng chuán	cc-cedict	Guliang Annals, commentary on the Spring and Autumn Annals 春秋[Chun1 qiu1], first published during the Han Dynasty
穆勒鞋	mù lè xié	mù lēi xié	cc-cedict	mule shoes (loanword)
穆稜市	mù líng shì	mù léng shì	cc-cedict	Muling, a county-level city in Mudanjiang City 牡丹江市[Mu3 dan1 jiang1 Shi4], Heilongjiang
積累性	jī lěi xìng	jī lèi xìng	cc-cedict	cumulative
空對地	kōng duì dì	kōng duì de	cc-cedict	air-to-surface (missile)
空心兒	kòng xīn r	kōng xīn ér	cc-cedict	erhua variant of 空心[kong4 xin1]
空格鍵	kòng gé jiàn	kōng gé jiàn	cc-cedict	space bar (keyboard)
空白點	kòng bái diǎn	kōng bái diǎn	cc-cedict	gap/empty space
空著手	kōng zhe shǒu	kōng zhù shǒu	cc-cedict	empty-handed
空調房	kōng tiáo fáng	kōng diào fáng	cc-cedict	air-conditioned room
空調病	kōng tiáo bìng	kōng diào bìng	cc-cedict	adverse effects caused by prolonged air-conditioning exposure, including dizziness, headaches, fatigue or chest tightnes
空調車	kōng tiáo chē	kōng diào chē	cc-cedict	air conditioned vehicle
窩脖兒	wō bó r	wō bó ér	cc-cedict	to suffer a snub/to meet with a rebuff
窮酸相	qióng suān xiàng	qióng suān xiāng	cc-cedict	wretched look/shabby looks
窯姐兒	yáo jiě r	yáo jiě ér	cc-cedict	erhua variant of 窯姐|窑姐[yao2 jie3]
竅門兒	qiào mén r	qiào mén ér	cc-cedict	erhua form of 竅門|窍门[qiao4 men2]
竹箍兒	zhú gū r	zhú gū ér	cc-cedict	bamboo hoop/bamboo band
笑臉兒	xiào liǎn r	xiào liǎn ér	cc-cedict	erhua variant of 笑臉|笑脸[xiao4 lian3]
笑話兒	xiào hua r	xiào huà ér	cc-cedict	erhua form of 笑話|笑话[xiao4 hua5]
第三地	dì sān dì	dì sān de	cc-cedict	territory belonging to a third party (as a neutral location for peace negotiations or as a transit point for indirect tr
等著瞧	děng zhe qiáo	děng zhù qiáo	cc-cedict	wait and see (who is right)
筋斗雲	jīn dǒu yún	jīn dòu yún	cc-cedict	Sun Wukong's magical cloud
策勒縣	cè lè xiàn	cè lēi xiàn	cc-cedict	Qira, a county in Hotan City 和田市[He2 tian2 Shi4], Xinjiang
策源地	cè yuán dì	cè yuán de	cc-cedict	place of origin/source (of a war or a social movement)
筠連縣	jūn lián xiàn	yún lián xiàn	cc-cedict	Junlian, a county in Yibin City 宜賓市|宜宾市[Yi2 bin1 Shi4], Sichuan
算不了	suàn bù liǎo	suàn bù le	cc-cedict	does not count for anything/of no account
管不著	guǎn bu zháo	guǎn bù zhù	cc-cedict	to have no right or ability to interfere in sth/it's none of your business!
管弦樂	guǎn xián yuè	guǎn xián lè	cc-cedict	orchestral music
管得著	guǎn de zháo	guǎn dé zhù	cc-cedict	to concern oneself with (a matter); to make (sth) one's business
管樂器	guǎn yuè qì	guǎn lè qì	cc-cedict	wind instrument/woodwind
節假日	jié jià rì	jié jiǎ rì	cc-cedict	public holiday
簡帖兒	jiǎn tiě r	jiǎn tiē ér	cc-cedict	a letter
粘乎乎	nián hū hū	zhān hū hū	cc-cedict	sticky/slimy
粘稠度	nián chóu dù	zhān chóu dù	cc-cedict	viscosity
紀傳體	jì zhuàn tǐ	jì chuán tǐ	cc-cedict	history genre based on biography, such as Sima Qian's Record of the Historian
約維克	yāo wéi kè	yuē wéi kè	cc-cedict	Gjøvik (city in Oppland, Norway)
紅地毯	hóng dì tǎn	hóng de tǎn	cc-cedict	red carpet
紅寺堡	hóng sì bǔ	hóng sì bǎo	cc-cedict	see 紅寺堡區|红寺堡区[Hong2 si4 bu3 Qu1]
紅殷殷	hóng yān yān	hóng yīn yīn	cc-cedict	dark red/crimson/also pr. [hong2 yin1 yin1]
紅箍兒	hóng gū r	hóng gū ér	cc-cedict	(northern dialects) red armband
紋絲兒	wén sī r	wén sī ér	cc-cedict	erhua variant of 紋絲|纹丝[wen2 si1]
紋縷兒	wén lǚ r	wén lǚ ér	cc-cedict	erhua variant of 紋縷|纹缕[wen2 lu:3]
納悶兒	nà mèn r	nà mèn ér	cc-cedict	erhua variant of 納悶|纳闷[na4 men4]
純音樂	chún yīn yuè	chún yīn lè	cc-cedict	instrumental music
紙煤兒	zhǐ méi r	zhǐ méi ér	cc-cedict	paper taper used to light cigarette etc
紙馬兒	zhǐ mǎ r	zhǐ mǎ ér	cc-cedict	erhua variant of 紙馬|纸马[zhi3 ma3]
紫坪鋪	zǐ píng pū	zǐ píng pù	cc-cedict	Zipingpu Dam, Sichuan
累加器	lěi jiā qì	lèi jiā qì	cc-cedict	accumulator (computing)
紹興市	shào xīng shì	shào xìng shì	cc-cedict	Shaoxing, prefecture-level city in Zhejiang Province 浙江省[Zhe4 jiang1 Sheng3]
紹興酒	shào xīng jiǔ	shào xìng jiǔ	cc-cedict	Shaoxing wine a.k.a. "yellow wine", traditional Chinese wine made from glutinous rice and wheat
絕門兒	jué mén r	jué mén ér	cc-cedict	extinct profession/lost trade/unique skill/astonishing/fantastic
給排水	jǐ pái shuǐ	gěi pái shuǐ	cc-cedict	water supply and drainage
給皂器	jǐ zào qì	gěi zào qì	cc-cedict	soap dispenser
統稱為	tǒng chēng wéi	tǒng chēng wèi	cc-cedict	collectively known as/to call sth as a group
綏中縣	suí zhōng xiàn	suī zhōng xiàn	cc-cedict	Suizhong, a county in Huludao City 葫蘆島市|葫芦岛市[Hu2 lu2 dao3 Shi4], Liaoning
綏化市	suí huà shì	suī huà shì	cc-cedict	Suihua, prefecture-level city in Heilongjiang Province 黑龍江省|黑龙江省[Hei1 long2 jiang1 Sheng3]
綏寧縣	suí níng xiàn	suī níng xiàn	cc-cedict	Suining, a county in Shaoyang City 邵陽市|邵阳市[Shao4 yang2 Shi4], Hunan
綏德縣	suí dé xiàn	suī dé xiàn	cc-cedict	Suide, a county in Yulin City 榆林市[Yu2 lin2 Shi4], Shaanxi
綏江縣	suí jiāng xiàn	suī jiāng xiàn	cc-cedict	Suijiang, a county in Zhaotong City 昭通市[Zhao1 tong1 Shi4], Yunnan
綏濱縣	suí bīn xiàn	suī bīn xiàn	cc-cedict	Suibin, a county in Hegang City 鶴崗市|鹤岗市[He4 gang3 Shi4], Heilongjiang
綏稜縣	suí líng xiàn	suī léng xiàn	cc-cedict	Suiling, a county in Suihua City 綏化市|绥化市[Sui2 hua4 Shi4], Heilongjiang
綏芬河	suí fēn hé	suī fēn hé	cc-cedict	Suifen River, a river in China and Russia that flows into the Sea of Japan
綏芬河	suí fēn hé	suī fēn hé	cc-cedict	see 綏芬河市|绥芬河市[Sui2 fen1 he2 Shi4]
綏遠省	suí yuǎn shěng	suī yuǎn shěng	cc-cedict	former Suiyuan province in Inner Mongolia and Shanxi
綏陽縣	suí yáng xiàn	suī yáng xiàn	cc-cedict	Suiyang, a county in Zunyi City 遵義市|遵义市[Zun1 yi4 Shi4], Guizhou
綜合徵	zōng hé zhēng	zōng hé zhǐ	cc-cedict	syndrome
綺想曲	qǐ xiǎng qǔ	qǐ xiǎng qū	cc-cedict	capriccio (music)
緊接著	jǐn jiē zhe	jǐn jiē zhù	cc-cedict	immediately afterwards/shortly after that
緊繃繃	jǐn bēng bēng	jǐn běng běng	cc-cedict	tight; stretched/(face, lips) taut; strained
縫紉機	féng rèn jī	fèng rèn jī	cc-cedict	sewing machine/CL:臺|台[tai2]
縫衣匠	féng yī jiàng	fèng yī jiàng	cc-cedict	tailor
縫衣針	féng yī zhēn	fèng yī zhēn	cc-cedict	sewing needle
總供給	zǒng gōng jǐ	zǒng gōng gěi	cc-cedict	aggregate supply
繁峙縣	fán shì xiàn	fán zhì xiàn	cc-cedict	Fanshi, a county in Xinzhou City 忻州市[Xin1 zhou1 Shi4], Shanxi
繃不住	bēng bu zhù	běng bù zhù	cc-cedict	(Internet slang) can't contain oneself/unable to bear/can't help (doing sth)
繃著臉	běng zhe liǎn	běng zhù liǎn	cc-cedict	to have a taut face/to pull a long face/to look displeased
繚邊兒	liáo biān r	liáo biān ér	cc-cedict	to stitch a hem
繞彎兒	rào wān r	rào wān ér	cc-cedict	to go for a walk around/(fig.) to speak in a roundabout way
繞遠兒	rào yuǎn r	rào yuǎn ér	cc-cedict	to go the long way round/to take a circuitous route/(of a route) circuitous
罄身兒	qìng shēn r	qìng shēn ér	cc-cedict	erhua variant of 罄身[qing4 shen1]
羅圈兒	luó quān r	luó quān ér	cc-cedict	erhua variant of 羅圈|罗圈[luo2 quan1]
羅盛教	luó chéng jiào	luó shèng jiào	cc-cedict	Luo Chengjiao (1931-1952), PRC hero of the volunteer army in Korea
羅鍋兒	luó guō r	luó guō ér	cc-cedict	erhua variant of 羅鍋|罗锅[luo2 guo1]
美容覺	měi róng jiào	měi róng jué	cc-cedict	beauty sleep (before midnight)
美差事	měi chāi shì	měi chà shì	cc-cedict	a terrific job
羞答答	xiū dā dā	xiū dá dá	cc-cedict	bashful
翟志剛	zhái zhì gāng	dí zhì gāng	cc-cedict	Zhai Zhigang (1966-), Chinese astronaut
翟理斯	zhái lǐ sī	dí lǐ sī	cc-cedict	Herbert Allen Giles (1845-1935), British diplomat and linguist, contributor to the Wade-Giles Chinese romanization syste
翹嘴鷸	qiáo zuǐ yù	qiào zuǐ yù	cc-cedict	(bird species of China) Terek sandpiper (Xenus cinereus)
翻筋斗	fān jīn dǒu	fān jīn dòu	cc-cedict	to tumble/to turn a somersault
翻篇兒	fān piān r	fān piān ér	cc-cedict	to turn a page/(fig.) to turn over a new leaf
翻跟斗	fān gēn dǒu	fān gēn dòu	cc-cedict	to turn a somersault
老伴兒	lǎo bàn r	lǎo bàn ér	cc-cedict	erhua variant of 老伴[lao3 ban4]
老佛爺	lǎo fó yé	lǎo fú yé	cc-cedict	title of respect for the queen mother or the emperor's father/nickname for Empress Dowager Cixi 慈禧太后[Ci2 xi3 tai4 hou4]
老來少	lǎo lái shào	lǎo lái shǎo	cc-cedict	old but young at heart
老地方	lǎo dì fāng	lǎo de fāng	cc-cedict	same place as before/usual place/stomping ground
老客兒	lǎo kè r	lǎo kè ér	cc-cedict	erhua variant of 老客[lao3 ke4]
老少配	lǎo shào pèi	lǎo shǎo pèi	cc-cedict	romantic relationship with a significant age gap
老帽兒	lǎo mào r	lǎo mào ér	cc-cedict	(dialect) country bumpkin/a hick
老著臉	lǎo zhe liǎn	lǎo zhù liǎn	cc-cedict	shamelessly
老處女	lǎo chǔ nǚ	lǎo chù nǚ	cc-cedict	unmarried old woman/spinster
老頭兒	lǎo tóu r	lǎo tóu ér	cc-cedict	see 老頭子|老头子[lao3 tou2 zi5]
考試卷	kǎo shì juàn	kǎo shì juǎn	cc-cedict	exam paper; test paper (CL:張|张[zhang1])
耳括子	ěr guā zi	ěr kuò zǐ	cc-cedict	variant of 耳刮子[er3 gua1 zi5]
耶利哥	yē lì gē	yé lì gē	cc-cedict	Jericho (Biblical city)
耶利米	yē lì mǐ	yé lì mǐ	cc-cedict	Jeremy or Jeremiah (name)
耶和華	yē hé huá	yé hé huá	cc-cedict	Jehovah (biblical name for God, Hebrew: YHWH)/compare Yahweh 雅威[Ya3 wei1] and God 上帝[Shang4 di4]
耶弗他	yē fú tā	yé fú tā	cc-cedict	Jephthah (Hebrew: Yiftach) son of Gilead, Judges 11-foll.
耶洗別	yē xǐ bié	yé xǐ bié	cc-cedict	Jezebel, wife of Ahab and mother of Ahaziah, major character in 1 Kings 16:31, 19:1, 21 and 2 Kings 9, killed by Jehu 耶戶
耶烈萬	yē liè wàn	yé liè wàn	cc-cedict	Yerevan, capital of Armenia/also written 埃里溫|埃里温[Ai1 li3 wen1]
耶穌光	yē sū guāng	yé sū guāng	cc-cedict	crepuscular rays/sunbeams
耶穌教	yē sū jiào	yé sū jiào	cc-cedict	Protestantism
耶穌會	yē sū huì	yé sū huì	cc-cedict	The Jesuits (Society of Jesus)
耶誕節	yē dàn jié	yé dàn jié	cc-cedict	(Tw) Christmas
耶酥會	yē sū huì	yé sū huì	cc-cedict	the Society of Jesus/the Jesuits
聊天兒	liáo tiān r	liáo tiān ér	cc-cedict	erhua variant of 聊天[liao2 tian1]
聖何塞	shèng hé sài	shèng hé sāi	cc-cedict	San Jose
聚居地	jù jū dì	jù jū de	cc-cedict	inhabited land/habitat
聯軸器	lián zhòu qì	lián zhóu qì	cc-cedict	(mechanics) coupler; coupling
聯軸節	lián zhòu jié	lián zhóu jié	cc-cedict	(mechanics) coupling
肖伯納	xiāo bó nà	xiào bó nà	cc-cedict	Bernard Shaw (1856-1950), Irish-born British playwright
育嬰假	yù yīng jià	yù yīng jiǎ	cc-cedict	(Tw) parental leave
肺栓塞	fèi shuān sè	fèi shuān sāi	cc-cedict	pulmonary embolism (medicine)
背包客	bēi bāo kè	bèi bāo kè	cc-cedict	backpacker
背包袱	bēi bāo fú	bèi bāo fú	cc-cedict	to have a weight on one's mind/to take on a mental burden
背地裡	bèi dì li	bèi de lǐ	cc-cedict	behind sb's back; secretly
背帶褲	bēi dài kù	bèi dài kù	cc-cedict	overalls/dungarees
背影兒	bèi yǐng r	bèi yǐng ér	cc-cedict	erhua variant of 背影[bei4 ying3]
背著手	bèi zhe shǒu	bèi zhù shǒu	cc-cedict	with one's hands clasped behind one's back
背黑鍋	bēi hēi guō	bèi hēi guō	cc-cedict	to be made a scapegoat; to be unjustly blamed
胖墩兒	pàng dūn r	pàng dūn ér	cc-cedict	(coll.) short, fat person (esp. a kid)/a roly-poly
胡同兒	hú tòng r	hú tóng ér	cc-cedict	erhua form of 胡同[hu2 tong4]
胡塞爾	hú sài ěr	hú sāi ěr	cc-cedict	Edmund Husserl (1859–1938), German philosopher
胡燕妮	hú yān nī	hú yàn nī	cc-cedict	Jenny Hu (1945-), Hong Kong actress
胡琴兒	hú qín r	hú qín ér	cc-cedict	erhua variant of 胡琴[hu2 qin2]
脖梗兒	bó gěng r	bó gěng ér	cc-cedict	erhua form of 脖梗[bo2 geng3]
脖頸兒	bó gěng r	bó jǐng ér	cc-cedict	erhua form of 脖頸|脖颈[bo2 geng3]
脖頸子	bó gěng zi	bó jǐng zǐ	cc-cedict	see 脖頸|脖颈[bo2 geng3]
腦中風	nǎo zhòng fēng	nǎo zhōng fēng	cc-cedict	cerebral stroke
腦卒中	nǎo cù zhòng	nǎo zú zhōng	cc-cedict	stroke/cerebral hemorrhage
腦梗塞	nǎo gěng sè	nǎo gěng sāi	cc-cedict	cerebral infarction
腦瓜兒	nǎo guā r	nǎo guā ér	cc-cedict	erhua variant of 腦瓜|脑瓜[nao3 gua1]
腦瓢兒	nǎo piáo r	nǎo piáo ér	cc-cedict	top of the head/crown
膀胱炎	páng guāng yán	bǎng guāng yán	cc-cedict	cystitis
膻中穴	dàn zhōng xué	shān zhōng xué	cc-cedict	(TCM) acupuncture point CV-17, located in the middle of the chest
臉盤兒	liǎn pán r	liǎn pán ér	cc-cedict	face/contour of face
臉蛋兒	liǎn dàn r	liǎn dàn ér	cc-cedict	cheek/face (often of child)
臥果兒	wò guǒ r	wò guǒ ér	cc-cedict	a poached egg
臨月兒	lín yuè r	lín yuè ér	cc-cedict	the month childbirth is due
自乾五	zì gān wǔ	zì qián wǔ	cc-cedict	(neologism) person who posts online in support of the Chinese government, but unlike a wumao 五毛[wu3 mao2], is not paid f
自個兒	zì gě r	zì gè ér	cc-cedict	(dialect) oneself; by oneself
自各兒	zì gě r	zì gè ér	cc-cedict	variant of 自個兒|自个儿[zi4 ge3 r5]
自留地	zì liú dì	zì liú de	cc-cedict	private plot allocated to an individual on a collective farm
自轉軸	zì zhuàn zhóu	zì zhuǎn zhóu	cc-cedict	axis of rotation
自適應	zì shì yìng	zì shì yīng	cc-cedict	adaptive
臭子兒	chòu zǐ r	chòu zǐ ér	cc-cedict	dead bullet (one that does not fire)/a bad move (in a game of chess)
興中會	xīng zhōng huì	xìng zhōng huì	cc-cedict	Revive China Society, founded by Dr Sun Yat-sen 孫中山|孙中山 in 1894 in Honolulu
興仁市	xīng rén shì	xìng rén shì	cc-cedict	Xingren, a county-level city in Qianxinan Buyei and Miao Autonomous Prefecture 黔西南布依族苗族自治州[Qian2 xi1 nan2 Bu4 yi1 zu2 Mi
興化市	xīng huà shì	xìng huà shì	cc-cedict	Xinghua, a county-level city in Taizhou City 泰州市[Tai4 zhou1 Shi4], Jiangsu
興和縣	xīng hé xiàn	xìng hé xiàn	cc-cedict	Xinghe, a county in Ulanqab City 烏蘭察布市|乌兰察布市[Wu1 lan2 cha2 bu4 Shi4], Inner Mongolia
興國縣	xīng guó xiàn	xìng guó xiàn	cc-cedict	Xingguo, a county in Ganzhou City 贛州市|赣州市[Gan4 zhou1 Shi4], Jiangxi
興城市	xīng chéng shì	xìng chéng shì	cc-cedict	Xingcheng, a county-level city in Huludao City 葫蘆島市|葫芦岛市[Hu2 lu2 dao3 Shi4], Liaoning
興奮劑	xīng fèn jì	xìng fèn jì	cc-cedict	stimulant/doping (in athletics)
興安區	xīng ān qū	xìng ān qū	cc-cedict	Xing'an, a district of Hegang City 鶴崗市|鹤岗市[He4 gang3 Shi4], Heilongjiang
興安盟	xīng ān méng	xìng ān méng	cc-cedict	Hinggan, league in Inner Mongolia Autonomous Region 內蒙古自治區|内蒙古自治区[Nei4 meng3 gu3 Zi4 zhi4 qu1]
興安縣	xīng ān xiàn	xìng ān xiàn	cc-cedict	Xing'an, a county in Guilin City 桂林市[Gui4 lin2 Shi4], Guangxi
興寧區	xīng níng qū	xìng níng qū	cc-cedict	Xingning, a district of Nanning City 南寧市|南宁市[Nan2 ning2 Shi4], Guangxi
興寧市	xīng níng shì	xìng níng shì	cc-cedict	Xingning, a county-level city in Meizhou City 梅州市[Mei2 zhou1 Shi4], Guangdong
興山區	xīng shān qū	xìng shān qū	cc-cedict	Xingshan, a district of Hegang City 鶴崗市|鹤岗市[He4 gang3 Shi4], Heilongjiang
興山縣	xīng shān xiàn	xìng shān xiàn	cc-cedict	Xingshan, a county in Yichang City 宜昌市[Yi2 chang1 Shi4], Hubei
興平市	xīng píng shì	xìng píng shì	cc-cedict	Xingping, a county-level city in Xianyang City 咸陽市|咸阳市[Xian2 yang2 Shi4], Shaanxi
興慶區	xīng qìng qū	xìng qìng qū	cc-cedict	Xingqing, a district of Yinchuan City 銀川市|银川市[Yin2 chuan1 Shi4], Ningxia
興文縣	xīng wén xiàn	xìng wén xiàn	cc-cedict	Xingwen, a county in Yibin City 宜賓市|宜宾市[Yi2 bin1 Shi4], Sichuan
興業縣	xīng yè xiàn	xìng yè xiàn	cc-cedict	Xingye, a county in Yulin City 玉林市[Yu4 lin2 Shi4], Guangxi
興海縣	xīng hǎi xiàn	xìng hǎi xiàn	cc-cedict	Xinghai, a county in Hainan Tibetan Autonomous Prefecture 海南藏族自治州[Hai3 nan2 Zang4 zu2 Zi4 zhi4 zhou1], Qinghai
興義市	xīng yì shì	xìng yì shì	cc-cedict	Xingyi, a county-level city in Qianxinan Buyei and Miao Autonomous Prefecture 黔西南布依族苗族自治州[Qian2 xi1 nan2 Bu4 yi1 zu2 Mia
興賓區	xīng bīn qū	xìng bīn qū	cc-cedict	Xingbin, a district of Laibin City 來賓市|来宾市[Lai2 bin1 Shi4], Guangxi
興隆縣	xīng lóng xiàn	xìng lóng xiàn	cc-cedict	Xinglong, a county in Chengde City 承德市[Cheng2 de2 Shi4], Hebei
興隆臺	xīng lóng tái	xìng lóng tái	cc-cedict	see 興隆臺區|兴隆台区[Xing1 long2 tai2 Qu1]
舍利塔	shè lì tǎ	shě lì tǎ	cc-cedict-buddhist	(Buddhism) stupa, mound-shaped monument containing Buddhist relics such as śarīra 舍利[she4 li4]
舍利子	shè lì zi	shě lì zǐ	cc-cedict	see 舍利[she4 li4]
舟曲縣	zhōu qǔ xiàn	zhōu qū xiàn	cc-cedict	Zhouqu, a county in Gannan Tibetan Autonomous Prefecture 甘南藏族自治州[Gan1 nan2 Zang4 zu2 Zi4 zhi4 zhou1], Gansu
色相環	sè xiàng huán	sè xiāng huán	cc-cedict	color wheel
芫花素	yuán huā sù	yán huā sù	cc-cedict	genkwanin
花崗岩	huā gāng yán	huā gǎng yán	cc-cedict	granite
花崗石	huā gāng shí	huā gǎng shí	cc-cedict	granite
花旗參	huā qí shēn	huā qí cān	cc-cedict	American ginseng
花朝節	huā zhāo jié	huā cháo jié	cc-cedict	Birthday of the Flowers, spring festival on lunar 12th or 15th February
花邊兒	huā biān r	huā biān ér	cc-cedict	erhua variant of 花邊|花边[hua1 bian1]
花都區	huā dū qū	huā dōu qū	cc-cedict	Huadu, a district of Guangzhou City 廣州市|广州市[Guang3 zhou1 Shi4], Guangdong
花骨朵	huā gū duo	huā gǔ duǒ	cc-cedict	(coll.) flower bud
苦差事	kǔ chāi shi	kǔ chà shì	cc-cedict	see 苦差[ku3 chai1]
苦活兒	kǔ huó r	kǔ huó ér	cc-cedict	erhua variant of 苦活[ku3 huo2]
茄子河	qié zi hé	jiā zǐ hé	cc-cedict	see 茄子河區|茄子河区[Qie2 zi5 he2 Qu1]
茄紅素	qié hóng sù	jiā hóng sù	cc-cedict	Lycopene
茲沃勒	zī wò lè	zī wò lēi	cc-cedict	Zwolle (Netherlands)
茶藨子	chá pāo zi	chá biāo zǐ	cc-cedict	currant; gooseberry
茶館兒	chá guǎn r	chá guǎn ér	cc-cedict	erhua form of 茶館|茶馆[cha2 guan3]
草地鷚	cǎo dì liù	cǎo de liù	cc-cedict	(bird species of China) meadow pipit (Anthus pratensis)
莊稼地	zhuāng jia dì	zhuāng jià de	cc-cedict	crop land/arable land
莘庄鎮	xīn zhuāng zhèn	shēn zhuāng zhèn	cc-cedict	Xinzhuang, town in Minhang District 閔行區|闵行区[Min3 hang2 Qu1], Shanghai
莫泊桑	mò bó sāng	mò pō sāng	cc-cedict	Guy de Maupassant (1850-1893), French novelist and short story writer
華國鋒	huà guó fēng	huá guó fēng	cc-cedict	Hua Guofeng (1921-2008), CCP Chairman 1976-1981
華羅庚	huà luó gēng	huá luó gēng	cc-cedict	Hua Luogeng (1910-1985), Chinese number theorist
華興會	huá xīng huì	huá xìng huì	cc-cedict	anti-Qing revolutionary party set up in Changsha by 黃興|黄兴[Huang2 Xing1] in 1904, a precursor of Sun Yat-sen's Alliance f
華達呢	huá dá ní	huá dá ne	cc-cedict	(loanword) gabardine
華龍區	huà lóng qū	huá lóng qū	cc-cedict	Hualong, a district of Puyang City 濮陽市|濮阳市[Pu2 yang2 Shi4], Henan
萊佛士	lái fó shì	lái fú shì	cc-cedict	surname Raffles/Stamford Raffles (1781–1826), British statesman and founder of the city of Singapore
落地扇	luò dì shàn	luò de shàn	cc-cedict	pedestal fan; stand fan
落地燈	luò dì dēng	luò de dēng	cc-cedict	floor lamp
落地窗	luò dì chuāng	luò de chuāng	cc-cedict	floor-to-ceiling window/French window
落地簽	luò dì qiān	luò de qiān	cc-cedict	landing visa; visa on arrival
落地鼓	luò dì gǔ	luò de gǔ	cc-cedict	floor tom (drum kit component)
落埋怨	lào mán yuàn	luò mái yuàn	cc-cedict	to get blamed
著勁兒	zhuó jìn r	zhù jìn ér	cc-cedict	to put effort into sth/to try really hard
著火點	zháo huǒ diǎn	zhù huǒ diǎn	cc-cedict	ignition point (temperature)/combustion point
著眼點	zhuó yǎn diǎn	zhù yǎn diǎn	cc-cedict	place of interest/a place one has one's eye on
著色書	zhuó sè shū	zhù sè shū	cc-cedict	a coloring book
著道兒	zháo dào r	zhù dào ér	cc-cedict	to be fooled/to be taken in (by a ruse)
著邊兒	zháo biān r	zhù biān ér	cc-cedict	erhua variant of 著邊|着边[zhao2 bian1]
著重號	zhuó zhòng hào	zhù zhòng hào	cc-cedict	Chinese underdot (punct. used for emphasis, sim. to Western italics)
著陸場	zhuó lù chǎng	zhù lù chǎng	cc-cedict	landing site
著陸點	zhuó lù diǎn	zhù lù diǎn	cc-cedict	landing site
葛優躺	gě yōu tǎng	gé yōu tǎng	cc-cedict	see 北京癱|北京瘫[Bei3 jing1 tan1]
葛法翁	gě fǎ wēng	gé fǎ wēng	cc-cedict	Capernaum (biblical town on the Sea of Galilee)
葛縷子	gě lǚ zi	gé lǚ zǐ	cc-cedict	caraway/Persian cumin (Carum carvi)
葛邏祿	gě luó lù	gé luó lù	cc-cedict	Qarluq or Karluk nomadic tribe, a Turkic ethnic minority in ancient times
蒙兀國	měng wù guó	méng wù guó	cc-cedict	Khamag Mongol, a 12th century Mongolic tribal confederation
蒙古人	měng gǔ rén	méng gǔ rén	cc-cedict	Mongol
蒙古包	měng gǔ bāo	méng gǔ bāo	cc-cedict	yurt
蒙古國	měng gǔ guó	méng gǔ guó	cc-cedict	Mongolia
蒙古族	měng gǔ zú	méng gǔ zú	cc-cedict	Mongol ethnic group
蒙古語	měng gǔ yǔ	méng gǔ yǔ	cc-cedict	Mongolian (language)
蒙古里	měng gǔ lǐ	méng gǔ lǐ	cc-cedict	(archaic) Mongol
蒙嘉慧	měng jiā huì	méng jiā huì	cc-cedict	Yoyo Mung (1975-), Hong Kong actress
蒲隆地	pú lóng dì	pú lóng de	cc-cedict	Burundi (Tw)
蒸餾器	zhēng liú qì	zhēng liù qì	cc-cedict	still (i.e. distilling apparatus)
蒸餾水	zhēng liú shuǐ	zhēng liù shuǐ	cc-cedict	distilled water
蒸餾酒	zhēng liú jiǔ	zhēng liù jiǔ	cc-cedict	distilled liquor/spirits
蓋帽兒	gài mào r	gài mào ér	cc-cedict	to block a shot (basketball)/(dialect) excellent/fantastic
蓮花落	lián huā lào	lián huā luò	cc-cedict	genre of folk song with accompaniment of bamboo clappers
蓮都區	lián dū qū	lián dōu qū	cc-cedict	Liandu, a district of Lishui City 麗水市|丽水市[Li2 shui3 Shi4], Zhejiang
蔡李佛	cài lǐ fó	cài lǐ fú	cc-cedict	Choy Li Fut (Chinese martial art)
蔫兒壞	niān r huài	niān ér huài	cc-cedict	apt to do sth nasty or devious in secret
蕁麻疹	xún má zhěn	qián má zhěn	cc-cedict	urticaria; nettle rash; hives
蕭萬長	xiāo wàn cháng	xiāo wàn zhǎng	cc-cedict	Vincent C. Siew (1939-), Taiwanese diplomat and Kuomintang politician, prime minister 1997-2000, vice president 2008-201
薄一波	bó yī bō	báo yī bō	cc-cedict	Bo Yibo (1908-2007), ranking PRC politician, served on State Council from 1950s to 1980s as colleague of Deng Xiaoping
薄伽丘	bó jiā qiū	báo jiā qiū	cc-cedict	Giovanni Boccaccio (1313-1375), Italian writer, poet, and humanist, author of Decameron 十日談|十日谈[Shi2 ri4 Tan2]
薄油層	bó yóu céng	báo yóu céng	cc-cedict	oil sheet
薄烤餅	bó kǎo bǐng	báo kǎo bǐng	cc-cedict	pancake
薄熙來	bó xī lái	báo xī lái	cc-cedict	Bo Xilai (1949-), PRC politician, appointed to the Politburo in 2007, sentenced in 2013 to life imprisonment for corrupt
薄瑞光	bó ruì guāng	báo ruì guāng	cc-cedict	Raymond Burghard (1945-), US diplomat and ambassador to Vietnam 2001-2004, chairman of American Institute in Taiwan from
藏族人	zàng zú rén	cáng zú rén	cc-cedict	Tibetan (person)
藏紅花	zàng hóng huā	cáng hóng huā	cc-cedict	saffron (Crocus sativus)
藏羚羊	zàng líng yáng	cáng líng yáng	cc-cedict	Tibetan antelope or Chiru (Pantholops hodgsonii)
藏貓兒	cáng māo r	cáng māo ér	cc-cedict	hide and seek
藏雪雀	zàng xuě què	cáng xuě què	cc-cedict	(bird species of China) Tibetan snowfinch (Montifringilla henrici)
藏雪雞	zàng xuě jī	cáng xuě jī	cc-cedict	(bird species of China) Tibetan snowcock (Tetraogallus tibetanus)
藏青果	zàng qīng guǒ	cáng qīng guǒ	cc-cedict	chebulic myrobalan (Terminalia chebula)
藏青色	zàng qīng sè	cáng qīng sè	cc-cedict	navy blue
藏馬雞	zàng mǎ jī	cáng mǎ jī	cc-cedict	(bird species of China) Tibetan eared pheasant (Crossoptilon harmani)
藏黃雀	zàng huáng què	cáng huáng què	cc-cedict	(bird species of China) Tibetan serin (Spinus thibetanus)
藥師佛	yào shī fó	yào shī fú	cc-cedict-buddhist	Medicine Buddha (Sanskrit: Bhaisajyaguru)
藥方兒	yào fāng r	yào fāng ér	cc-cedict	erhua variant of 藥方|药方[yao4 fang1]
藥水兒	yào shuǐ r	yào shuǐ ér	cc-cedict	erhua variant of 藥水|药水[yao4 shui3]
蘇打水	sū dá shuǐ	sū dǎ shuǐ	cc-cedict	soda water; carbonated water
蘇打粉	sū dá fěn	sū dǎ fěn	cc-cedict	baking soda
虎不拉	hù bu lǎ	hǔ bù lā	cc-cedict	(dialect) shrike/Taiwan pr. [hu3 bu5 la1]
虎爪派	hǔ zhuǎ pài	hǔ zhǎo pài	cc-cedict	Fu Jow Pai (Tiger Claw Style), a southern Chinese martial art emphasizing tiger-claw techniques
處女作	chǔ nǚ zuò	chù nǚ zuò	cc-cedict	first publication; maiden work
處女座	chǔ nǚ zuò	chù nǚ zuò	cc-cedict	Virgo (constellation and sign of the zodiac)/popular variant of 室女座[Shi4 nu:3 zuo4]
處女膜	chǔ nǚ mó	chù nǚ mó	cc-cedict	hymen
處女航	chǔ nǚ háng	chù nǚ háng	cc-cedict	maiden voyage
處子秀	chǔ zǐ xiù	chù zǐ xiù	cc-cedict	debut (by a male performer or sports player)
處方藥	chǔ fāng yào	chù fāng yào	cc-cedict	prescription drug
處理器	chǔ lǐ qì	chù lǐ qì	cc-cedict	processor
處理者	chǔ lǐ zhě	chù lǐ zhě	cc-cedict	handler (computing)
虞應龍	yú yìng lóng	yú yīng lóng	cc-cedict	Yu Yinglong, Yuan dynasty scholar, collaborated on the geographical encyclopedia Dayuan Dayi Tongzhi 大元大一統誌|大元大一统志
蚌埠市	bèng bù shì	bàng bù shì	cc-cedict	Bengbu, prefecture-level city in Anhui Province 安徽省[An1 hui1 Sheng3]
蚌山區	bèng shān qū	bàng shān qū	cc-cedict	Bengshan, a district of Bengbu City 蚌埠市[Beng4 bu4 Shi4], Anhui
蛋卷兒	dàn juǎn r	dàn juǎn ér	cc-cedict	erhua variant of 蛋卷[dan4 juan3]
蜚蠊科	fěi lián kē	fēi lián kē	cc-cedict	Blattidae, family of about 550 species of cockroach
蝲蝲蛄	là là gǔ	là là gū	cc-cedict	mole cricket
螺絲鑽	luó sī zuàn	luó sī zuān	cc-cedict	auger/gimlet/screwdriver (cocktail)
血中毒	xuè zhòng dú	xuè zhōng dú	cc-cedict	blood poisoning
血淋淋	xiě lín lín	xuè lín lín	cc-cedict	bloody; blood-soaked; gory; grisly/cruel; brutal; harsh; grim; bitter
行列式	háng liè shì	xíng liè shì	cc-cedict	determinant (math.)
衝擊鑽	chōng jī zuàn	chōng jī zuān	cc-cedict	impact drill/hammer drill
衣鉤兒	yī gōu r	yī gōu ér	cc-cedict	erhua variant of 衣鉤|衣钩[yi1 gou1]
袖筒兒	xiù tǒng r	xiù tǒng ér	cc-cedict	erhua variant of 袖筒[xiu4 tong3]
被窩兒	bèi wō r	bèi wō ér	cc-cedict	erhua variant of 被窩|被窝[bei4 wo1]
裁縫師	cái féng shī	cái fèng shī	cc-cedict	tailor
裁縫店	cái féng diàn	cái fèng diàn	cc-cedict	tailor's shop
補給品	bǔ jǐ pǐn	bǔ gěi pǐn	cc-cedict	supplies
補給站	bǔ jǐ zhàn	bǔ gěi zhàn	cc-cedict	depot/supply station/supply point/staging post
補給船	bǔ jǐ chuán	bǔ gěi chuán	cc-cedict	supply ship
補給艦	bǔ jǐ jiàn	bǔ gěi jiàn	cc-cedict	supply ship
補給車	bǔ jǐ chē	bǔ gěi chē	cc-cedict	(military) supply vehicle/(sports) support vehicle during cycling events, marathons etc
裡邊兒	lǐ bian r	lǐ biān ér	cc-cedict	erhua variant of 裡邊|里边[li3 bian5]
裸地化	luǒ dì huà	luǒ de huà	cc-cedict	denudation
褪套兒	tùn tào r	tuì tào ér	cc-cedict	(coll.) to break loose/to shake off responsibility
襄都區	xiāng dū qū	xiāng dōu qū	cc-cedict	Xiangdu, a district of Xingtai City 邢臺市|邢台市[Xing2 tai2 Shi4], Hebei
西塞山	xī sài shān	xī sāi shān	cc-cedict	see 西塞山區|西塞山区[Xi1 sai4 shan1 Qu1]
西塞羅	xī sài luó	xī sāi luó	cc-cedict	Marcus Tullius Cicero (106–43 BC), Roman statesman, orator and philosopher
西洋參	xī yáng shēn	xī yáng cān	cc-cedict	American ginseng (Panax quinquefolius)
西爪哇	xī zhǎo wā	xī zhǎo wa	cc-cedict	West Java, province of Indonesia
西耶那	xī yē nà	xī yé nà	cc-cedict	Fiat Siena
西藏人	xī zàng rén	xī cáng rén	cc-cedict	Tibetan (person)
西邊兒	xī biān r	xī biān ér	cc-cedict	erhua variant of 西邊|西边[xi1 bian1]
西門町	xī mén dīng	xī mén tǐng	cc-cedict	Ximending (neighborhood in Wanhua district, Taipei)
要樣兒	yào yàng r	yào yàng ér	cc-cedict	(dialect) to care about appearances; to put on a good front
覃塘區	qín táng qū	tán táng qū	cc-cedict	Qintang, a district of Guigang City 貴港市|贵港市[Gui4 gang3 Shi4], Guangxi
親家公	qìng jia gōng	qīn jiā gōng	cc-cedict	father of one's child's spouse
親家母	qìng jia mǔ	qīn jiā mǔ	cc-cedict	mother of one's child's spouse
覷著眼	qù zhe yǎn	qù zhù yǎn	cc-cedict	to narrow one's eyes and gaze at something with great attention
觀星台	guàn xīng tái	guān xīng tái	cc-cedict	astronomical observatory (old)
角宿一	jiǎo xiù yī	jiǎo sù yī	cc-cedict	(astronomy) Spica
角鬥場	jué dòu chǎng	jiǎo dòu chǎng	cc-cedict	wrestling ring
解痙劑	xiè jìng jì	jiě jìng jì	cc-cedict	antispasmodic (pharm.)
觸技曲	chù jì qǔ	chù jì qū	cc-cedict	toccata
討便宜	tǎo pián yi	tǎo biàn yí	cc-cedict	to look for a bargain/to seek advantage/to try to gain at expense of others
討底兒	tǎo dǐ r	tǎo dǐ ér	cc-cedict	erhua variant of 討底|讨底[tao3 di3]
許地山	xǔ dì shān	xǔ de shān	cc-cedict	Xu Dishan (1893-1941), journalist, publisher and novelist
許廑父	xǔ qín fù	xǔ jǐn fù	cc-cedict	Xu Qinfu (1891-1953), journalist and writer
試手兒	shì shǒu r	shì shǒu ér	cc-cedict	erhua variant of 試手|试手[shi4 shou3]
話茬兒	huà chá r	huà chá ér	cc-cedict	erhua variant of 話茬|话茬[hua4 cha2]
認人兒	rèn rén r	rèn rén ér	cc-cedict	erhua variant of 認人|认人[ren4 ren2]
說著玩	shuō zhe wán	shuō zhù wán	cc-cedict	to say sth for fun/to be kidding/to joke around
誰怕誰	shéi pà shéi	shuí pà shuí	cc-cedict	bring it on!; who's afraid?
誰知道	shéi zhī dào	shuí zhī dào	cc-cedict	God knows.../Who would have imagined...?
調停者	tiáo tíng zhě	diào tíng zhě	cc-cedict	mediator/intermediary/go-between
調光器	tiáo guāng qì	diào guāng qì	cc-cedict	dimmer
調制波	tiáo zhì bō	diào zhì bō	cc-cedict	modulated wave (elec.)
調味劑	tiáo wèi jì	diào wèi jì	cc-cedict	flavoring agent
調味品	tiáo wèi pǐn	diào wèi pǐn	cc-cedict	seasoning/flavoring
調味料	tiáo wèi liào	diào wèi liào	cc-cedict	seasoning/condiment/flavoring/dressing/essences
調味汁	tiáo wèi zhī	diào wèi zhī	cc-cedict	dressing/sauce
調節器	tiáo jié qì	diào jié qì	cc-cedict	regulator
調色板	tiáo sè bǎn	diào sè bǎn	cc-cedict	palette
調色盤	tiáo sè pán	diào sè pán	cc-cedict	palette
調藥刀	tiáo yào dāo	diào yào dāo	cc-cedict	spatula
調酒器	tiáo jiǔ qì	diào jiǔ qì	cc-cedict	(cocktail) shaker
調酒師	tiáo jiǔ shī	diào jiǔ shī	cc-cedict	bartender
調門兒	diào mén r	diào mén ér	cc-cedict	erhua variant of 調門|调门[diao4 men2]
談判地	tán pàn dì	tán pàn de	cc-cedict	place for negotiations
請假條	qǐng jià tiáo	qǐng jiǎ tiáo	cc-cedict	leave of absence request (from work or school)
諸葛亮	zhū gě liàng	zhū gé liàng	cc-cedict	Zhuge Liang (181–234), military leader and prime minister of Shu Han 蜀漢|蜀汉[Shu3 Han4] during the Three Kingdoms period/t
謝長廷	xiè cháng tíng	xiè zhǎng tíng	cc-cedict	Frank Chang-ting Hsieh (1946-), Taiwanese DPP politician, mayor of Kaohsiung 1998-2005
證券行	zhèng quàn háng	zhèng quàn xíng	cc-cedict	(HK, Tw) securities house/brokerage firm
譙城區	qiáo chéng qū	qiào chéng qū	cc-cedict	Qiaocheng, a district of Bozhou City 亳州市[Bo2 zhou1 Shi4], Anhui
變奏曲	biàn zòu qǔ	biàn zòu qū	cc-cedict	variation (music)
變樣兒	biàn yàng r	biàn yàng ér	cc-cedict	erhua variant of 變樣|变样[bian4 yang4]
變法兒	biàn fǎ r	biàn fǎ ér	cc-cedict	to try by all available methods
豁免權	huò miǎn quán	huō miǎn quán	cc-cedict	immunity from prosecution
豆腐乾	dòu fu gān	dòu fǔ qián	cc-cedict	see 豆干[dou4 gan1]
豆角兒	dòu jiǎo r	dòu jiǎo ér	cc-cedict	erhua variant of 豆角[dou4 jiao3]
豐都縣	fēng dū xiàn	fēng dōu xiàn	cc-cedict	Fengdu, a county in Chongqing 重慶|重庆[Chong2 qing4]
象徵性	xiàng zhēng xìng	xiàng zhǐ xìng	cc-cedict	symbolic/emblem/token
豬仔包	zhū zǎi bāo	zhū zǐ bāo	cc-cedict	a French-style bread, similar to a small baguette, commonly seen in Hong Kong and Macao
豬血糕	zhū xiě gāo	zhū xuè gāo	cc-cedict	pig's blood cake, popular as a snack in Taiwan, made from glutinous rice and pig's blood, typically coated in peanut pow
貓眼兒	māo yǎn r	māo yǎn ér	cc-cedict	erhua variant of 貓眼|猫眼[mao1 yan3]
貝殼兒	bèi ké r	bèi ké ér	cc-cedict	erhua variant of 貝殼|贝壳[bei4 ke2]
貢嘎縣	gòng gá xiàn	gòng gā xiàn	cc-cedict	Gonggar, a county in Shannan City 山南市[Shan1 nan2 Shi4], Tibet
貪玩兒	tān wán r	tān wán ér	cc-cedict	erhua variant of 貪玩|贪玩[tan1 wan2]
費勁兒	fèi jìn r	fèi jìn ér	cc-cedict	erhua variant of 費勁|费劲[fei4 jin4]
費德勒	fèi dé lè	fèi dé lēi	cc-cedict	Roger Federer (1981-), Swiss tennis star
資興市	zī xīng shì	zī xìng shì	cc-cedict	Zixing, a county-level city in Chenzhou City 郴州市[Chen1 zhou1 Shi4], Hunan
賈平凹	jiǎ píng wā	jiǎ píng āo	cc-cedict	Jia Pingwa (1952-), Chinese novelist
賠不是	péi bú shi	péi bù shì	cc-cedict	to apologize
賦格曲	fù gé qǔ	fù gé qū	cc-cedict	(loanword) fugue
賽璐玢	sài lù fēn	sài lù bīn	cc-cedict	(loanword) cellophane
走味兒	zǒu wèi r	zǒu wèi ér	cc-cedict	erhua variant of 走味[zou3 wei4]
走地盤	zǒu dì pán	zǒu de pán	cc-cedict	live betting/in-play wagering
走地雞	zǒu dì jī	zǒu de jī	cc-cedict	free-range chicken
走形兒	zǒu xíng r	zǒu xíng ér	cc-cedict	out of shape/to lose shape/to deform
走樣兒	zǒu yàng r	zǒu yàng ér	cc-cedict	to lose shape/to deform
走為上	zǒu wéi shàng	zǒu wèi shàng	cc-cedict	see 三十六計，走為上策|三十六计，走为上策[san1 shi2 liu4 ji4 , zou3 wei2 shang4 ce4]
走神兒	zǒu shén r	zǒu shén ér	cc-cedict	absent-minded/one's mind is wandering
走著瞧	zǒu zhe qiáo	zǒu zhù qiáo	cc-cedict	wait and see (who is right)
起名兒	qǐ míng r	qǐ míng ér	cc-cedict	erhua variant of 起名[qi3 ming2]
起小兒	qǐ xiǎo r	qǐ xiǎo ér	cc-cedict	erhua variant of 起小[qi3 xiao3]
起徵點	qǐ zhēng diǎn	qǐ zhǐ diǎn	cc-cedict	tax threshold
趁早兒	chèn zǎo r	chèn zǎo ér	cc-cedict	erhua variant of 趁早[chen4 zao3]
超對稱	chāo duì chèn	chāo duì chēng	cc-cedict	supersymmetry
超負荷	chāo fù hè	chāo fù hé	cc-cedict	excess load/an overload/overloaded
趕明兒	gǎn míng r	gǎn míng ér	cc-cedict	(coll.) some day/one of these days
趟渾水	tāng hún shuǐ	tàng hún shuǐ	cc-cedict	(fig.) to get involved in an unsavory enterprise
趿拉兒	tā la r	tā lā ér	cc-cedict	heelless slipper; babouche
跑味兒	pǎo wèi r	pǎo wèi ér	cc-cedict	to lose flavor
跑神兒	pǎo shén r	pǎo shén ér	cc-cedict	absent-minded/one's mind is wandering
跑腿兒	pǎo tuǐ r	pǎo tuǐ ér	cc-cedict	to run errands
跑馬地	pǎo mǎ dì	pǎo mǎ de	cc-cedict	Happy Valley (suburb of Hong Kong)
跨地區	kuà dì qū	kuà de qū	cc-cedict	interregional/spanning two or more PRC provinces
蹦高兒	bèng gāo r	bèng gāo ér	cc-cedict	erhua variant of 蹦高[beng4 gao1]
躡著腳	niè zhe jiǎo	niè zhù jiǎo	cc-cedict	to tiptoe
身分證	shēn fèn zhèng	shēn fēn zhèng	cc-cedict	variant of 身份證|身份证[shen1 fen4 zheng4]
身板兒	shēn bǎn r	shēn bǎn ér	cc-cedict	erhua variant of 身板[shen1 ban3]
車份兒	chē fèn r	chē fèn ér	cc-cedict	erhua variant of 車份|车份[che1 fen4]
車頭相	chē tóu xiàng	chē tóu xiāng	cc-cedict	photo attached to the front of a hearse in a funeral procession
軋鋼廠	zhá gāng chǎng	yà gāng chǎng	cc-cedict	a steel rolling mill
軋鋼條	zhá gāng tiáo	yà gāng tiáo	cc-cedict	steel rails
軋鋼機	zhá gāng jī	yà gāng jī	cc-cedict	a steel rolling mill
軍樂團	jūn yuè tuán	jūn lè tuán	cc-cedict	military band
軍樂隊	jūn yuè duì	jūn lè duì	cc-cedict	military band
軟泥兒	ruǎn ní r	ruǎn ní ér	cc-cedict	erhua variant of 軟泥|软泥[ruan3 ni2]
軟著陸	ruǎn zhuó lù	ruǎn zhù lù	cc-cedict	(aviation) soft landing/(economics) soft landing
軟齦音	ruǎn yín yīn	ruǎn kěn yīn	cc-cedict	velar sound (linguistics)
軸對稱	zhóu duì chèn	zhóu duì chēng	cc-cedict	(geometry) axial symmetry
較勁兒	jiào jìn r	jiào jìn ér	cc-cedict	erhua variant of 較勁|较劲[jiao4 jin4]
較真兒	jiào zhēn r	jiào zhēn ér	cc-cedict	erhua variant of 較真|较真[jiao4 zhen1]
載伯德	zǎi bó dé	zài bó dé	cc-cedict	Zebedee (name)
輕音樂	qīng yīn yuè	qīng yīn lè	cc-cedict	light music
輝長岩	huī cháng yán	huī zhǎng yán	cc-cedict	gabbro (geology)
轉一趟	zhuàn yī tàng	zhuǎn yī tàng	cc-cedict	to go on a trip
轉動件	zhuàn dòng jiàn	zhuǎn dòng jiàn	cc-cedict	rotor
轉動軸	zhuàn dòng zhóu	zhuǎn dòng zhóu	cc-cedict	axis of rotation (mechanics)/spindle
轉字鎖	zhuàn zì suǒ	zhuǎn zì suǒ	cc-cedict	combination lock
轉差率	zhuǎn chā lǜ	zhuǎn chà lǜ	cc-cedict	slippage rate
轉矩臂	zhuàn jǔ bì	zhuǎn jǔ bì	cc-cedict	torque arm
轉筆刀	zhuàn bǐ dāo	zhuǎn bǐ dāo	cc-cedict	pencil sharpener
轉腰子	zhuàn yāo zi	zhuǎn yāo zǐ	cc-cedict	(coll.) to pace around nervously/to speak indirectly/to beat about the bush
轉車台	zhuàn chē tái	zhuǎn chē tái	cc-cedict	a turntable
轉軸兒	zhuàn zhóu r	zhuǎn zhóu ér	cc-cedict	erhua variant of 轉軸|转轴[zhuan4 zhou2]
轉速錶	zhuàn sù biǎo	zhuǎn sù biǎo	cc-cedict	tachometer/RPM gauge
轉鈴兒	zhuàn líng r	zhuǎn líng ér	cc-cedict	erhua variant of 轉鈴|转铃[zhuan4 ling2]
辣椒仔	là jiāo zǎi	là jiāo zǐ	cc-cedict	Tabasco (brand)
迎佛骨	yíng fó gǔ	yíng fú gǔ	cc-cedict	to ceremonially receive a bone relic of the Buddha
迎頭兒	yíng tóu r	yíng tóu ér	cc-cedict	erhua variant of 迎頭|迎头[ying2 tou2]
近地點	jìn dì diǎn	jìn de diǎn	cc-cedict	apsis/perigee
迦葉佛	jiā yè fó	jiā yè fú	cc-cedict-buddhist	Buddha Kassapa (Pāli) or Kāśyapa (Skt) (one of the Buddhas of the past)
迫擊炮	pǎi jī pào	pò jī pào	cc-cedict	mortar (weapon)/Taiwan pr. [po4 ji2 pao4]
逆反應	nì fǎn yìng	nì fǎn yīng	cc-cedict	reverse reaction/counterreaction/inverse response
逗笑兒	dòu xiào r	dòu xiào ér	cc-cedict	erhua variant of 逗笑[dou4 xiao4]
逗趣兒	dòu qù r	dòu qù ér	cc-cedict	to amuse/to make sb laugh/to tease
這會兒	zhè huì r	zhè huì ér	cc-cedict	(coll.) now/this moment/also pr. [zhe4 hui3 r5]
這邊兒	zhè biān r	zhè biān ér	cc-cedict	erhua variant of 這邊|这边[zhe4 bian1]
這陣兒	zhè zhèn r	zhè zhèn ér	cc-cedict	now/at present/at this juncture
這麼著	zhè me zhe	zhè me zhù	cc-cedict	thus/in this way/like this
速調管	sù tiáo guǎn	sù diào guǎn	cc-cedict	klystron (electronic tube used to produce high frequency radio waves)
連軸轉	lián zhóu zhuàn	lián zhóu zhuǎn	cc-cedict	(coll.) to work non-stop; to work around the clock
進行曲	jìn xíng qǔ	jìn xíng qū	cc-cedict	march (musical)
逼供信	bī gòng xìn	bī gōng xìn	cc-cedict	to obtain confessions by compulsion/confession under duress
遇難者	yù nàn zhě	yù nán zhě	cc-cedict	victim/fatality
過乾癮	guò gān yǐn	guò qián yǐn	cc-cedict	to satisfy a craving with substitutes
過節兒	guò jié r	guò jié ér	cc-cedict	(coll.) grudge; strife/(coll.) good manners
遛彎兒	liù wān r	liù wān ér	cc-cedict	erhua variant of 遛彎|遛弯[liu4 wan1]
遠地點	yuǎn dì diǎn	yuǎn de diǎn	cc-cedict	apogee
適應性	shì yìng xìng	shì yīng xìng	cc-cedict	adaptability/flexibility
避難所	bì nàn suǒ	bì nán suǒ	cc-cedict	a refuge; a haven; a sanctuary
還原乳	huán yuán rǔ	hái yuán rǔ	cc-cedict	reconstituted milk (Tw)
還原劑	huán yuán jì	hái yuán jì	cc-cedict	reducing agent
還原號	huán yuán hào	hái yuán hào	cc-cedict	(music notation) natural sign, ♮
還鄉女	huán xiāng nǚ	hái xiāng nǚ	cc-cedict	(Korean term) women who returned to Korea after being abducted during the Manchu invasions of Korea in the 17th century,
還魂紙	huán hún zhǐ	hái hún zhǐ	cc-cedict	recycled paper
那曲市	nà qǔ shì	nà qū shì	cc-cedict	Nagqu, prefecture-level city in Tibet Autonomous Region 西藏自治區|西藏自治区[Xi1 zang4 Zi4 zhi4 qu1]
那會兒	nà huì r	nà huì ér	cc-cedict	at that time (in the past or the future)/also pr. [nei4 hui4 r5]
那維克	nǎ wéi kè	nà wéi kè	cc-cedict	Narvik (city in Nordland, Norway)
那話兒	nà huà r	nà huà ér	cc-cedict	(coll.) that thing; that matter; you-know-what/(euphemism) sexual organ
那麼著	nà me zhe	nà me zhù	cc-cedict	(do sth) that way; like that
郫都區	pí dū qū	pí dōu qū	cc-cedict	Pidu, a district of Chengdu City 成都市[Cheng2 du1 Shi4], Sichuan
郭嵩燾	guō sōng tāo	guō sōng dào	cc-cedict	Guo Songtao (1818–1891), Chinese statesman and diplomat, served as minister to Britain and minister to France 1877–1879
都勻市	dū yún shì	dōu yún shì	cc-cedict	Duyun, a county-level city in Qiannan Buyei and Miao Autonomous Prefecture 黔南布依族苗族自治州[Qian2 nan2 Bu4 yi1 zu2 Miao2 zu2 Z
都卜勒	dōu bǔ lè	dōu bo lēi	cc-cedict	variant of 多普勒[Duo1 pu3 le4]
都安縣	dū ān xiàn	dōu ān xiàn	cc-cedict	see 都安瑤族自治縣|都安瑶族自治县[Du1 an1 Yao2 zu2 Zi4 zhi4 xian4]
都察院	dū chá yuàn	dōu chá yuàn	cc-cedict	(Ming and Qing dynasties) Censorate, a body overseeing officials and investigating corruption
都市化	dū shì huà	dōu shì huà	cc-cedict	to urbanize
都市病	dū shì bìng	dōu shì bìng	cc-cedict	lifestyle diseases
都昌縣	dū chāng xiàn	dōu chāng xiàn	cc-cedict	Duchang, a county in Jiujiang City 九江市[Jiu3 jiang1 Shi4], Jiangxi
都更案	dū gēng àn	dōu gèng àn	cc-cedict	urban development project
都柏林	dū bó lín	dōu bǎi lín	cc-cedict	Dublin, capital of Ireland
都江堰	dū jiāng yàn	dōu jiāng yàn	cc-cedict	Dujiangyan in Sichuan, a famous water engineering project and World Heritage Site/see 都江堰市[Du1 jiang1 yan4 Shi4]
都蘭縣	dū lán xiàn	dōu lán xiàn	cc-cedict	Dulan, a county in Haixi Mongol and Tibetan Autonomous Prefecture 海西蒙古族藏族自治州[Hai3 xi1 Meng3 gu3 zu2 Zang4 zu2 Zi4 zhi4 z
都龐嶺	dū páng lǐng	dōu páng lǐng	cc-cedict	Dupang mountain range between south Hunan and Guangdong
酌處權	zhuó chǔ quán	zhuó chù quán	cc-cedict	discretion/discretionary power
配對兒	pèi duì r	pèi duì ér	cc-cedict	matched pair
酒令兒	jiǔ lìng r	jiǔ lìng ér	cc-cedict	erhua variant of 酒令[jiu3 ling4]
酒蒙子	jiǔ mēng zi	jiǔ méng zǐ	cc-cedict	(dialect) drunkard; alcoholic
酒館兒	jiǔ guǎn r	jiǔ guǎn ér	cc-cedict	erhua form of 酒館|酒馆[jiu3 guan3]
酢漿草	cù jiāng cǎo	zuò jiāng cǎo	cc-cedict	creeping oxalis/edelweiss
醋勁兒	cù jìn r	cù jìn ér	cc-cedict	erhua variant of 醋勁|醋劲[cu4 jin4]
釋迦佛	shì jiā fó	shì jiā fú	cc-cedict-buddhist	Sakyamuni Buddha (Sanskrit: sage of the Sakya)/Siddhartha Gautama (563-485 BC), the historical Buddha and founder of Bud
重命名	chóng mìng míng	zhòng mìng míng	cc-cedict	(computing) to rename
重婚罪	chóng hūn zuì	zhòng hūn zuì	cc-cedict	bigamy
重孫女	chóng sūn nǚ	zhòng sūn nǚ	cc-cedict	great-granddaughter
重孫子	chóng sūn zi	zhòng sūn zǐ	cc-cedict	great-grandson
重定向	chóng dìng xiàng	zhòng dìng xiàng	cc-cedict	to redirect
重慶市	chóng qìng shì	zhòng qìng shì	cc-cedict	Chongqing municipality (short name 渝[Yu2])
重正化	chóng zhèng huà	zhòng zhèng huà	cc-cedict	to renormalize/renormalization
重活兒	zhòng huó r	zhòng huó ér	cc-cedict	erhua variant of 重活[zhong4 huo2]
重眼皮	chóng yǎn pí	zhòng yǎn pí	cc-cedict	double eyelid/epicanthal fold of upper eyelid (characteristic of Asian people)
重結晶	chóng jié jīng	zhòng jié jīng	cc-cedict	to recrystallize
重複法	chóng fù fǎ	zhòng fù fǎ	cc-cedict	repetition/duplication/reduplication/anadiplosis
重覆性	chóng fù xìng	zhòng fù xìng	cc-cedict	repetitive
重陽節	chóng yáng jié	zhòng yáng jié	cc-cedict	Double Ninth or Yang Festival/9th day of 9th lunar month
野顛茄	yě diān qié	yě diān jiā	cc-cedict	deadly nightshade (Atropa belladonna)
量尺寸	liáng chǐ cùn	liàng chǐ cùn	cc-cedict	to take sb's measurements
量油尺	liáng yóu chǐ	liàng yóu chǐ	cc-cedict	dipstick/oil measuring rod
量角器	liáng jiǎo qì	liàng jiǎo qì	cc-cedict	protractor/angle gauge
量體溫	liáng tǐ wēn	liàng tǐ wēn	cc-cedict	to take sb's temperature
量體重	liáng tǐ zhòng	liàng tǐ zhòng	cc-cedict	to weigh oneself; to measure sb's weight
金剛鑽	jīn gāng zuàn	jīn gāng zuān	cc-cedict	a diamond
金國汗	jīn guó hán	jīn guó hàn	cc-cedict	the Later Jin dynasty (from 1616-)/the Manchu khanate or kingdom that took over as the Qing dynasty in 1644
金曲獎	jīn qǔ jiǎng	jīn qū jiǎng	cc-cedict	Golden Melody Awards
金鎦子	jīn liù zi	jīn liú zǐ	cc-cedict	gold ring
釕銱兒	liào diào r	liǎo diào ér	cc-cedict	hasp
釘書機	dìng shū jī	dīng shū jī	cc-cedict	variant of 訂書機|订书机[ding4 shu1 ji1]
釘書針	dìng shū zhēn	dīng shū zhēn	cc-cedict	variant of 訂書針|订书针[ding4 shu1 zhen1]
針箍兒	zhēn gū r	zhēn gū ér	cc-cedict	erhua variant of 針箍|针箍[zhen1 gu1]
釣鉤兒	diào gōu r	diào gōu ér	cc-cedict	erhua form of 釣鉤|钓钩[diao4 gou1]
釦眼兒	kòu yǎn r	kòu yǎn ér	cc-cedict	erhua variant of 釦眼|扣眼[kou4 yan3]
鉚勁兒	mǎo jìn r	mǎo jìn ér	cc-cedict	to apply all one's strength in a burst of effort
鉛山縣	yán shān xiàn	qiān shān xiàn	cc-cedict	Yanshan, a county in Shangrao City 上饒市|上饶市[Shang4 rao2 Shi4], Jiangxi
銀行卡	yín háng kǎ	yín xíng kǎ	cc-cedict	bank card
銀行家	yín háng jiā	yín xíng jiā	cc-cedict	banker
銀行業	yín háng yè	yín xíng yè	cc-cedict	banking
銅臭味	tóng xiù wèi	tóng chòu wèi	cc-cedict	profit-before-all-else mindset/money-grubbing
錢串兒	qián chuàn r	qián chuàn ér	cc-cedict	erhua variant of 錢串|钱串[qian2 chuan4]
鐵鈎兒	tiě gōu r	tiě gōu ér	cc-cedict	erhua variant of 鐵鈎|铁钩[tie3 gou1]
鑽空子	zuān kòng zi	zuān kōng zǐ	cc-cedict	to take advantage of a loophole; to exploit an advantage; to seize the opportunity (esp. to do sth bad)
長三角	cháng sān jiǎo	zhǎng sān jiǎo	cc-cedict	Yangtze River Delta (abbr. for 長江三角洲|长江三角洲[Chang2 jiang1 San1 jiao3 zhou1])
長印魚	cháng yìn yú	zhǎng yìn yú	cc-cedict	shark sucker (Echeneis naucrates)
長嘴鷸	cháng zuǐ yù	zhǎng zuǐ yù	cc-cedict	(bird species of China) long-billed dowitcher (Limnodromus scolopaceus)
長垣市	cháng yuán shì	zhǎng yuán shì	cc-cedict	Changyuan, a county-level city in Xinxiang City 新鄉市|新乡市[Xin1 xiang1 Shi4], Henan
長壽區	cháng shòu qū	zhǎng shòu qū	cc-cedict	Changshou, a district of Chongqing 重慶|重庆[Chong2 qing4]
長安區	cháng ān qū	zhǎng ān qū	cc-cedict	Chang'an, a district of Xi'an City 西安市[Xi1 an1 Shi4], Shaanxi/Chang'an, a district of Shijiazhuang City 石家莊市|石家庄市[Shi2 j
長寧區	cháng níng qū	zhǎng níng qū	cc-cedict	Changning district, central Shanghai
長寧縣	cháng níng xiàn	zhǎng níng xiàn	cc-cedict	Changning, a county in Yibin City 宜賓市|宜宾市[Yi2 bin1 Shi4], Sichuan
長尾鴨	cháng wěi yā	zhǎng wěi yā	cc-cedict	(bird species of China) long-tailed duck (Clangula hyemalis)
長嶺縣	cháng lǐng xiàn	zhǎng lǐng xiàn	cc-cedict	Changling, a county in Songyuan City 松原市[Song1 yuan2 Shi4], Jilin
長新冠	cháng xīn guān	zhǎng xīn guān	cc-cedict	long COVID
長方形	cháng fāng xíng	zhǎng fāng xíng	cc-cedict	rectangle
長方體	cháng fāng tǐ	zhǎng fāng tǐ	cc-cedict	cuboid
長明燈	cháng míng dēng	zhǎng míng dēng	cc-cedict	altar lamp burning day and night
長春市	cháng chūn shì	zhǎng chūn shì	cc-cedict	Changchun, sub-provincial city and capital of Jilin Province 吉林省[Ji2 lin2 Sheng3]
長期性	cháng qī xìng	zhǎng qī xìng	cc-cedict	long-term
長樂區	cháng lè qū	zhǎng lè qū	cc-cedict	Changle, a district of Fuzhou City 福州市[Fu2 zhou1 Shi4], Fujian
長武縣	cháng wǔ xiàn	zhǎng wǔ xiàn	cc-cedict	Changwu, a county in Xianyang City 咸陽市|咸阳市[Xian2 yang2 Shi4], Shaanxi
長毛絨	cháng máo róng	zhǎng máo róng	cc-cedict	(textiles) plush
長毛象	cháng máo xiàng	zhǎng máo xiàng	cc-cedict	woolly mammoth
長汀縣	cháng tīng xiàn	zhǎng tīng xiàn	cc-cedict	Changting, a county in Longyan City 龍巖市|龙岩市[Long2 yan2 Shi4], Fujian
長沙市	cháng shā shì	zhǎng shā shì	cc-cedict	Changsha, prefecture-level city and capital of Hunan Province 湖南省[Hu2 nan2 Sheng3]
長沙灣	cháng shā wān	zhǎng shā wān	cc-cedict	Cheung Sha Wan (poultry market in Hong Kong)
長沙縣	cháng shā xiàn	zhǎng shā xiàn	cc-cedict	Changsha, a county in Changsha City 長沙市|长沙市[Chang2 sha1 Shi4], Hunan
長治市	cháng zhì shì	zhǎng zhì shì	cc-cedict	Changzhi, prefecture-level city in Shanxi Province 山西省[Shan1 xi1 Sheng3]
長泰區	cháng tài qū	zhǎng tài qū	cc-cedict	Changtai, a district of Zhangzhou City 漳州市[Zhang1 zhou1 Shi4], Fujian
長洲區	cháng zhōu qū	zhǎng zhōu qū	cc-cedict	Changzhou, a district of Wuzhou City 梧州市[Wu2 zhou1 Shi4], Guangxi
長海縣	cháng hǎi xiàn	zhǎng hǎi xiàn	cc-cedict	Changhai, a county in Dalian City 大連市|大连市[Da4 lian2 Shi4], Liaoning
長清區	cháng qīng qū	zhǎng qīng qū	cc-cedict	Changqing, a district of Jinan City 濟南市|济南市[Ji3 nan2 Shi4], Shandong
長生果	cháng shēng guǒ	zhǎng shēng guǒ	cc-cedict	(dialect) peanut
長白山	cháng bái shān	zhǎng bái shān	cc-cedict	Changbai or Baekdu mountains 白頭山|白头山, volcanic mountain range between Jilin province and North Korea, prominent in Manch
長白縣	cháng bái xiàn	zhǎng bái xiàn	cc-cedict	see 長白朝鮮族自治縣|长白朝鲜族自治县[Chang2 bai2 Chao2 xian3 zu2 Zi4 zhi4 xian4]
長相思	cháng xiāng sī	zhǎng xiāng sī	cc-cedict	Sauvignon blanc (grape type)
長筒襪	cháng tǒng wà	zhǎng tǒng wà	cc-cedict	stockings; thigh-highs/CL:雙|双[shuang1]
長筒靴	cháng tǒng xuē	zhǎng tǒng xuē	cc-cedict	tall boots
長統襪	cháng tǒng wà	zhǎng tǒng wà	cc-cedict	stockings
長統靴	cháng tǒng xuē	zhǎng tǒng xuē	cc-cedict	variant of 長筒靴|长筒靴[chang2 tong3 xue1]
長耳鴞	cháng ěr xiāo	zhǎng ěr xiāo	cc-cedict	(bird species of China) long-eared owl (Asio otus)
長臂猿	cháng bì yuán	zhǎng bì yuán	cc-cedict	gibbon/Hylobatidae (gibbon and lesser ape family)
長興縣	cháng xīng xiàn	zhǎng xìng xiàn	cc-cedict	Changxing, a county in Huzhou City 湖州市[Hu2 zhou1 Shi4], Zhejiang
長舌婦	cháng shé fù	zhǎng shé fù	cc-cedict	female gossip/busybody
長草區	cháng cǎo qū	zhǎng cǎo qū	cc-cedict	the rough (golf)
長葛市	cháng gě shì	zhǎng gé shì	cc-cedict	Changge, a county-level city in Xuchang City 許昌市|许昌市[Xu3 chang1 Shi4], Henan
長蛇座	cháng shé zuò	zhǎng shé zuò	cc-cedict	Hydra (constellation)
長蛇陣	cháng shé zhèn	zhǎng shé zhèn	cc-cedict	single-line formation (army)/fig. long line
長角羊	cháng jiǎo yáng	zhǎng jiǎo yáng	cc-cedict	Tibetan long horned antelope
長谷川	cháng gǔ chuān	zhǎng gǔ chuān	cc-cedict	Hasegawa (Japanese surname)
長豐縣	cháng fēng xiàn	zhǎng fēng xiàn	cc-cedict	Changfeng, a county in Hefei City 合肥市[He2 fei2 Shi4], Anhui
長距離	cháng jù lí	zhǎng jù lí	cc-cedict	long-distance
長途車	cháng tú chē	zhǎng tú chē	cc-cedict	long-distance bus
長陽縣	cháng yáng xiàn	zhǎng yáng xiàn	cc-cedict	see 長陽土家族自治縣|长阳土家族自治县[Chang2 yang2 Tu3 jia1 zu2 Zi4 zhi4 xian4]
長順縣	cháng shùn xiàn	zhǎng shùn xiàn	cc-cedict	Changshun, a county in Qiannan Buyei and Miao Autonomous Prefecture 黔南布依族苗族自治州[Qian2 nan2 Bu4 yi1 zu2 Miao2 zu2 Zi4 zhi4
長頸瓶	cháng jǐng píng	zhǎng jǐng píng	cc-cedict	flask
長頸鹿	cháng jǐng lù	zhǎng jǐng lù	cc-cedict	giraffe/CL:隻|只[zhi1]
長頸龍	cháng jǐng lóng	zhǎng jǐng lóng	cc-cedict	tanystropheus, long-necked reptile from Triassic
長鼻猴	cháng bí hóu	zhǎng bí hóu	cc-cedict-buddhist	proboscis monkey (Nasalis larvatus), aka long-nosed monkey
長鼻目	cháng bí mù	zhǎng bí mù	cc-cedict	order Proboscidea (elephants and mammoths)
門坎兒	mén kǎn r	mén kǎn ér	cc-cedict	erhua variant of 門坎|门坎[men2 kan3]
閃亮兒	shǎn liàng r	shǎn liàng ér	cc-cedict	erhua variant of 閃亮|闪亮[shan3 liang4]
開塞露	kāi sài lù	kāi sāi lù	cc-cedict	glycerin enema
開小差	kāi xiǎo chāi	kāi xiǎo chà	cc-cedict	to be absent-minded/to desert/to abscond from the army/absent without leave (AWOL)
開拓性	kāi tuò xìng	kāi tà xìng	cc-cedict	pioneering/groundbreaking
開拓者	kāi tuò zhě	kāi tà zhě	cc-cedict	pioneer
開普勒	kāi pǔ lè	kāi pǔ lēi	cc-cedict	Johannes Kepler (1571-1630), German astronomer and formulator of Kepler's laws of planetary motion
開花兒	kāi huā r	kāi huā ér	cc-cedict	erhua variant of 開花|开花[kai1 hua1]
開都河	kāi dū hé	kāi dōu hé	cc-cedict	Kaidu River, Xinjiang
間接稅	jiàn jiē shuì	jiān jiē shuì	cc-cedict	indirect tax
間諜網	jiàn dié wǎng	jiān dié wǎng	cc-cedict	spy network
間諜罪	jiàn dié zuì	jiān dié zuì	cc-cedict	crime of spying
間隔號	jiàn gé hào	jiān gé hào	cc-cedict	middle dot (·), a punctuation mark used in Chinese text to separate the parts of a transliterated foreign name or elemen
閔行區	mǐn háng qū	mǐn xíng qū	cc-cedict	Minhang District of Shanghai
閩侯縣	mǐn hòu xiàn	mǐn hóu xiàn	cc-cedict	Minhou, a county in Fuzhou City 福州市[Fu2 zhou1 Shi4], Fujian
關云長	guān yún cháng	guān yún zhǎng	cc-cedict	courtesy name of 關羽|关羽[Guan1 Yu3]
阿克塞	ā kè sài	ā kè sāi	cc-cedict	see 阿克塞哈薩克族自治縣|阿克塞哈萨克族自治县[A1 ke4 sai4 Ha1 sa4 ke4 zu2 Zi4 zhi4 xian4]
阿勒泰	ā lè tài	ā lēi tài	cc-cedict	see 阿勒泰地區|阿勒泰地区[A1 le4 tai4 Di4 qu1]/see 阿勒泰市[A1 le4 tai4 Shi4]
阿卡提	ā kǎ dī	ā kǎ tí	cc-cedict	Arcadia (Greek prefecture on the Peloponnese)
阿圖什	ā tú shí	ā tú shén	cc-cedict	see 阿圖什市|阿图什市[A1 tu2 shi2 Shi4]
阿堵物	ē dǔ wù	ā dǔ wù	cc-cedict	(literary) (euphemism) money (literally, "this thing")
阿房宮	ē páng gōng	ā fáng gōng	cc-cedict	Epang Palace, palace complex in western Xi'an built by Qin Shihuang 秦始皇[Qin2 Shi3 huang2]/also pr. [E1fang2 Gong1]
阿物兒	ā wù r	ā wù ér	cc-cedict	thing/(you) useless thing
阿的平	ā dì píng	ā de píng	cc-cedict	atabrine or quinacrine, used as antimalarial drug and antibiotic against intestinal parasite giardiasis
阿蘭若	ā lán rě	ā lán ruò	cc-cedict-buddhist	Buddhist temple (transliteration of Sanskrit "Aranyakah")
阿閦佛	ā chù fó	ā chù fú	cc-cedict	Aksobhya, the imperturbable ruler of Eastern Paradise, Abhirati
阿闍梨	ā shé lí	ā dū lí	cc-cedict-buddhist	Buddhist teacher (Sanskrit transliteration)/also written 阿闍黎|阿阇黎[a1 she2 li2]
阿闍黎	ā shé lí	ā dū lí	cc-cedict-buddhist	Buddhist teacher (Sanskrit transliteration)/also written 阿闍梨|阿阇梨[a1 she2 li2]
阿難陀	ē nán tuó	ā nán tuó	cc-cedict	Prince Ananda, cousin of the Buddha and his closest disciple
附著物	fù zhuó wù	fù zhù wù	cc-cedict	fixture (law)/attachment
除不盡	chú bù jìn	chú bù jǐn	cc-cedict	indivisible (math)
陪產假	péi chǎn jià	péi chǎn jiǎ	cc-cedict	paternity leave
陳天華	chén tiān huà	chén tiān huá	cc-cedict	Chen Tianhua (1875-1905), anti-Qing revolutionary from Hunan, drowned himself in Japan in 1905
陳省身	chén xǐng shēn	chén shěng shēn	cc-cedict	Shiing-Shen Chern (1911-2004), Chinese-American mathematician
陸徵祥	lù zhēng xiáng	lù zhǐ xiáng	cc-cedict-buddhist	Lu Zhengxiang (1871-1949), Chinese diplomat and Catholic monk
陽曲縣	yáng qǔ xiàn	yáng qū xiàn	cc-cedict	Yangqu, a county in Taiyuan City 太原市[Tai4 yuan2 Shi4], Shanxi
陽電荷	yáng diàn hè	yáng diàn hé	cc-cedict	positive electric charge
隨大溜	suí dà liù	suí dà liū	cc-cedict	to follow the crowd/going with the tide
隨想曲	suí xiǎng qǔ	suí xiǎng qū	cc-cedict	(music) capriccio
隨風倒	suí fēng dǎo	suí fēng dào	cc-cedict	to bend with the wind
雅諾什	yǎ nuò shí	yǎ nuò shén	cc-cedict	János (Hungarian name)
集散地	jí sàn dì	jí sàn de	cc-cedict	distribution center
雜件兒	zá jiàn r	zá jiàn ér	cc-cedict	miscellaneous goods
雜和麵	zá huo miàn	zá hé miàn	cc-cedict	corn flour mixed with a little soybean flour
雜拌兒	zá bàn r	zá bàn ér	cc-cedict	erhua variant of 雜拌|杂拌[za2 ban4]
雜牌兒	zá pái r	zá pái ér	cc-cedict	erhua variant of 雜牌|杂牌[za2 pai2]
雞子兒	jī zǐ r	jī zǐ ér	cc-cedict	(coll.) hen's egg
離譜兒	lí pǔ r	lí pǔ ér	cc-cedict	erhua form of 離譜|离谱[li2 pu3]
難不倒	nán bù dǎo	nán bù dào	cc-cedict	not to pose a problem for sb/cannot stump sb
難民營	nàn mín yíng	nán mín yíng	cc-cedict	refugee camp
難為情	nán wéi qíng	nán wèi qíng	cc-cedict	embarrassed
雪佛萊	xuě fó lái	xuě fú lái	cc-cedict	Chevrolet, US car make
雪佛蘭	xuě fó lán	xuě fú lán	cc-cedict	Chevrolet
雪佛龍	xuě fó lóng	xuě fú lóng	cc-cedict	Chevron (oil company)
雪地車	xuě dì chē	xuě de chē	cc-cedict	snowmobile
雪地靴	xuě dì xuē	xuě de xuē	cc-cedict	ugg boots
零雜兒	líng zá r	líng zá ér	cc-cedict	erhua variant of 零雜|零杂[ling2 za2]
電荷量	diàn hè liàng	diàn hé liàng	cc-cedict	(physics) charge; quantity of electric charge
電馬兒	diàn mǎ r	diàn mǎ ér	cc-cedict	(dialect) electric bicycle
霉乾菜	méi gān cài	méi qián cài	cc-cedict	variant of 梅乾菜|梅干菜[mei2 gan1 cai4]
露一手	lòu yī shǒu	lù yī shǒu	cc-cedict	to show off one's abilities/to exhibit one's skills
露臍裝	lòu qí zhuāng	lù qí zhuāng	cc-cedict	crop top (clothing)
露餡兒	lòu xiàn r	lù xiàn ér	cc-cedict	erhua variant of 露餡|露馅[lou4 xian4]
露馬腳	lòu mǎ jiǎo	lù mǎ jiǎo	cc-cedict	to reveal the cloven foot (idiom); to unmask one's true nature/to give the game away
靈雀寺	líng qiǎo sì	líng què sì	cc-cedict	Nyitso Monastery in Dawu County 道孚縣|道孚县[Dao4 fu2 xian4], Garze Tibetan autonomous prefecture, Sichuan
青少年	qīng shào nián	qīng shǎo nián	cc-cedict	adolescent/youth/teenager
青藏線	qīng zàng xiàn	qīng cáng xiàn	cc-cedict	the Qinghai-Tibet route
非對稱	fēi duì chèn	fēi duì chēng	cc-cedict	asymmetric
韋應物	wéi yìng wù	wéi yīng wù	cc-cedict	Wei Yingwu (c. 737 – c. 792), Tang dynasty poet
音樂劇	yīn yuè jù	yīn lè jù	cc-cedict	(theater, cinema) a musical
音樂學	yīn yuè xué	yīn lè xué	cc-cedict	musicology
音樂家	yīn yuè jiā	yīn lè jiā	cc-cedict	musician
音樂廳	yīn yuè tīng	yīn lè tīng	cc-cedict	concert hall/auditorium
音樂會	yīn yuè huì	yīn lè huì	cc-cedict	concert/CL:場|场[chang3]
音樂盒	yīn yuè hé	yīn lè hé	cc-cedict	music box
音樂節	yīn yuè jié	yīn lè jié	cc-cedict	music festival
頂呱呱	dǐng guā guā	dǐng gū gū	cc-cedict	excellent; first-rate; top-notch; superb
頂尖兒	dǐng jiān r	dǐng jiān ér	cc-cedict	erhua variant of 頂尖|顶尖[ding3 jian1]
頂牛兒	dǐng niú r	dǐng niú ér	cc-cedict	to push with the forehead/to lock horns/to be at loggerheads
順嘴兒	shùn zuǐ r	shùn zuǐ ér	cc-cedict	to read smoothly (of text)/to blurt out (without thinking)/to suit one's taste (of food)
順山倒	shùn shān dǎo	shùn shān dào	cc-cedict	Timber! (lumberjack's warning call)
順手兒	shùn shǒu r	shùn shǒu ér	cc-cedict	handy/convenient and easy to use/smoothly
預應力	yù yìng lì	yù yīng lì	cc-cedict	prestressed
預處理	yù chǔ lǐ	yù chù lǐ	cc-cedict	to preprocess
頭箍兒	tóu gū r	tóu gū ér	cc-cedict	erhua form of 頭箍|头箍[tou2 gu1]
頭臉兒	tóu liǎn r	tóu liǎn ér	cc-cedict	erhua variant of 頭臉|头脸[tou2 lian3]
顎齦音	è yín yīn	è kěn yīn	cc-cedict	prepalatal or palatal sound (linguistics)/palato-alveolar consonant (linguistics)
顛兒面	diān r miàn	diān ér miàn	cc-cedict	to lose face
顱測量	lú cè liáng	lú cè liàng	cc-cedict	craniometry
風切變	fēng qiē biàn	fēng qiè biàn	cc-cedict	wind shear (meteorology)
飯館兒	fàn guǎn r	fàn guǎn ér	cc-cedict	erhua form of 飯館|饭馆[fan4 guan3]
飽嗝兒	bǎo gé r	bǎo gé ér	cc-cedict	to belch (on a full stomach)
餘干縣	yú gān xiàn	yú gàn xiàn	cc-cedict	Yugan, a county in Shangrao City 上饒市|上饶市[Shang4 rao2 Shi4], Jiangxi
餡兒餅	xiàn r bǐng	xiàn ér bǐng	cc-cedict	erhua variant of 餡餅|馅饼[xian4 bing3]
馬勃菌	mǎ bó jùn	mǎ bó jūn	cc-cedict	puffball (mushroom in the division Basidiomycota)
馬塞盧	mǎ sài lú	mǎ sāi lú	cc-cedict	Maseru, capital of Lesotho
馬拉地	mǎ lā dì	mǎ lā de	cc-cedict	Marathi language of west India
馬賽曲	mǎ sài qǔ	mǎ sài qū	cc-cedict	La Marseillaise
騎都尉	qí dū wèi	qí dōu wèi	cc-cedict	(archaic) cavalry commandant; cavalry captain
驀地裡	mò dì lǐ	mò de lǐ	cc-cedict	suddenly; unexpectedly
骨碌碌	gū lù lù	gǔ lù lù	cc-cedict	(onom.) rolling around; spinning/also pr. [gu1lu1lu1]/Taiwan pr. [gu2lu4lu5]
高勾麗	gāo gōu lí	gāo gōu lì	cc-cedict	variant of 高句麗|高句丽[Gao1 gou1 li2]
高句麗	gāo gōu lí	gāo jù lì	cc-cedict	Goguryeo (37 BC-668 AD), one of the Korean Three Kingdoms
高挑子	gāo tiǎo zi	gāo tiāo zǐ	cc-cedict	tall person
高要區	gāo yāo qū	gāo yào qū	cc-cedict	Gaoyao, a district of Zhaoqing City 肇慶市|肇庆市[Zhao4 qing4 Shi4], Guangdong
高麗參	gāo lí shēn	gāo lì cān	cc-cedict	Koryo ginseng
高麗朝	gāo lí cháo	gāo lì cháo	cc-cedict	Korean Goryeo dynasty, 918-1392
高麗菜	gāo lí cài	gāo lì cài	cc-cedict	cabbage (Brassica oleracea var. capitata) (CL:顆|颗[ke1])/Taiwan pr. [gao1li4cai4]
髮小兒	fà xiǎo r	fà xiǎo ér	cc-cedict	erhua variant of 髮小|发小[fa4 xiao3]
鬥地主	dòu dì zhǔ	dòu de zhǔ	cc-cedict	dou dizhu ("fight the landlord") (card game)
鬥趣兒	dòu qù r	dòu qù ér	cc-cedict	variant of 逗趣兒|逗趣儿[dou4 qu4 r5]
魏都區	wèi dū qū	wèi dōu qū	cc-cedict	Weidu, a district of Xuchang City 許昌市|许昌市[Xu3 chang1 Shi4], Henan
魚乾女	yú gān nǚ	yú qián nǚ	cc-cedict	see 乾物女|干物女[gan1 wu4 nu:3]
魚鉤兒	yú gōu r	yú gōu ér	cc-cedict	erhua variant of 魚鉤|鱼钩[yu2 gou1]
鮁魚圈	bà yú quān	bō yú quān	cc-cedict	see 鮁魚圈區|鲅鱼圈区[Ba4 yu2 quan1 Qu1]
鳥尾蛤	niǎo wěi gé	niǎo wěi há	cc-cedict	cockle (mollusk of the family Cardiidae)
鴨子兒	yā zǐ r	yā zǐ ér	cc-cedict	(coll.) duck's egg
鹽都區	yán dū qū	yán dōu qū	cc-cedict	Yandu, a district of Yancheng City 鹽城市|盐城市[Yan2 cheng2 Shi4], Jiangsu
鹽鹼地	yán jiǎn dì	yán jiǎn de	cc-cedict	saline soil/(fig.) infertile woman
麗水市	lí shuǐ shì	lì shuǐ shì	cc-cedict	Lishui, prefecture-level city in Zhejiang Province 浙江省[Zhe4 jiang1 Sheng3]
麥地那	mài dì nà	mài de nà	cc-cedict	Medina, Saudi Arabia
麥蓋提	mài gě tí	mài gài tí	cc-cedict	see 麥蓋提縣|麦盖提县[Mai4 ge3 ti2 Xian4]
麵人兒	miàn rén r	miàn rén ér	cc-cedict	dough figurine
麵條兒	miàn tiáo r	miàn tiáo ér	cc-cedict	erhua variant of 麵條|面条[mian4 tiao2]
麻將牌	má jiàng pái	má jiāng pái	cc-cedict	mahjong tile
麻麻亮	mā ma liàng	má má liàng	cc-cedict	(dialect) to begin to dawn/to be just getting light
黃埔區	huáng pǔ qū	huáng bù qū	cc-cedict	Huangpu, a district of Guangzhou City 廣州市|广州市[Guang3 zhou1 Shi4], Guangdong
黃爪隼	huáng zhuǎ sǔn	huáng zhǎo sǔn	cc-cedict	(bird species of China) lesser kestrel (Falco naumanni)
黃長燁	huáng cháng yè	huáng zhǎng yè	cc-cedict	Hwang Jang-yop (1923-2010), North Korean politician known for defecting to South Korea
黏答答	nián dā dā	nián dá dá	cc-cedict	(unpleasantly) sticky
黏糊糊	nián hū hū	nián hú hú	cc-cedict	sticky
黏著力	nián zhuó lì	nián zhù lì	cc-cedict	adhesion/adhesive force
黏著性	nián zhuó xìng	nián zhù xìng	cc-cedict	(linguistic) agglutinative
黏著語	nián zhuó yǔ	nián zhù yǔ	cc-cedict	agglutinative language (e.g. Turkish and Japanese)
黑旋風	hēi xuàn fēng	hēi xuán fēng	cc-cedict	Black Whirlwind, nickname of 李逵[Li3 Kui2], known for his fearsome behavior in combat and his dark complexion
黑白切	hēi bái qiē	hēi bái qiè	cc-cedict	(Tw) heibaiqie, side dish of ingredients selected from a range on display, sliced up and served together on a plate (fro
黑糊糊	hēi hū hū	hēi hú hú	cc-cedict	black/dark/dusky/indistinct
點兒背	diǎn r bèi	diǎn ér bèi	cc-cedict	(dialect) to be out of luck
鼻咽癌	bí yān ái	bí yàn ái	cc-cedict	nasopharyngeal carcinoma (NPC)
鼻牛兒	bí niú r	bí niú ér	cc-cedict	hardened mucus in nostrils
齊柏林	qí bó lín	qí bǎi lín	cc-cedict	Zeppelin (name)/Graf Ferdinand von Zeppelin (1838-1917), inventor of the Zeppelin dirigible airship
齒齦炎	chǐ yín yán	chǐ kěn yán	cc-cedict	gingivitis
齒齦音	chǐ yín yīn	chǐ kěn yīn	cc-cedict	alveolar, apical, or supradental sound (linguistics)
齦擦音	yín cā yīn	kěn cā yīn	cc-cedict	alveolar fricative (linguistics)
齦膿腫	yín nóng zhǒng	kěn nóng zhǒng	cc-cedict	gumboil
齦顎音	yín è yīn	kěn è yīn	cc-cedict	prepalatal sound (linguistics)
齦齶音	yín è yīn	kěn è yīn	cc-cedict	alveo-palatal sound (linguistics)
龍圩區	lóng xū qū	lóng wéi qū	cc-cedict	Longxu, a district of Wuzhou City 梧州市[Wu2 zhou1 Shi4], Guangxi
龍門刨	lóng mén bào	lóng mén páo	cc-cedict	double column surface grinding machine
一一對應	yī yī duì yìng	yī yī duì yīng	cc-cedict	one-to-one correspondence
一丘之貉	yī qiū zhī hé	yī qiū zhī háo	cc-cedict	jackals of the same tribe (idiom); fig. They are all just as bad as each other.
一之為甚	yī zhī wéi shèn	yī zhī wèi shèn	cc-cedict	once is more than enough (idiom)
一乾二淨	yī gān èr jìng	yī qián èr jìng	cc-cedict	thoroughly (idiom)/completely/one and all/very clean
一了百了	yī liǎo bǎi liǎo	yī le bǎi le	cc-cedict	(idiom) once the main problem is solved, all troubles are solved; death ends all one's troubles
一個勁兒	yī gè jìn r	yī gè jìn ér	cc-cedict	erhua variant of 一個勁|一个劲[yi1 ge4 jin4]
一分為二	yī fēn wéi èr	yī fēn wèi èr	cc-cedict	one divides into two/to be two-sided/there are two sides to everything/to see both sb's good points and shortcomings (id
一口氣兒	yī kǒu qì r	yī kǒu qì ér	cc-cedict	erhua variant of 一口氣|一口气[yi1 kou3 qi4]
一古腦兒	yī gǔ nǎo r	yī gǔ nǎo ér	cc-cedict	variant of 一股腦兒|一股脑儿[yi1 gu3 nao3 r5]
一吐為快	yī tǔ wéi kuài	yī tǔ wèi kuài	cc-cedict	to get sth off one's chest
一呼百應	yī hū bǎi yìng	yī hū bǎi yīng	cc-cedict	(idiom) (of a call) to elict an enthusiastic response; to receive extensive approval
一唱一和	yī chàng yī hè	yī chàng yī hé	cc-cedict	to echo one another (idiom)
一地雞毛	yī dì jī máo	yī de jī máo	cc-cedict	complete mess; in a shambles
一多對應	yī duō duì yìng	yī duō duì yīng	cc-cedict	one-to-many correspondence
一大早兒	yī dà zǎo r	yī dà zǎo ér	cc-cedict	erhua variant of 一大早[yi1 da4 zao3]
一字不落	yī zì bù là	yī zì bù luò	cc-cedict	see 一字不漏[yi1 zi4 bu4 lou4]
一小部分	yī xiǎo bù fèn	yī xiǎo bù fēn	cc-cedict	a small part; a small section
一小陣兒	yī xiǎo zhèn r	yī xiǎo zhèn ér	cc-cedict	very brief period of time
一席之地	yī xí zhī dì	yī xí zhī de	cc-cedict	(acknowledged) place/a role to play/niche
一年半載	yī nián bàn zǎi	yī nián bàn zài	cc-cedict	about a year
一彈指頃	yī tán zhǐ qǐng	yī dàn zhǐ qǐng	cc-cedict	a snap of the fingers (idiom); in a flash/in the twinkling of an eye
一念之差	yī niàn zhī chā	yī niàn zhī chà	cc-cedict	momentary slip/false step/ill-considered action
一技之長	yī jì zhī cháng	yī jì zhī zhǎng	cc-cedict	proficiency in a particular field (idiom)/skill in a specialized area (idiom)
一敗塗地	yī bài tú dì	yī bài tú de	cc-cedict	lit. defeated, the ground blanketed with bodies (idiom)/fig. to suffer a crushing defeat
一暴十寒	yī pù shí hán	yī bào shí hán	cc-cedict	variant of 一曝十寒[yi1 pu4 shi2 han2]
一朝一夕	yī zhāo yī xī	yī cháo yī xī	cc-cedict	lit. one morning and one evening (idiom)/fig. in a short period of time/overnight
一槍命中	yī qiāng mìng zhòng	yī qiāng mìng zhōng	cc-cedict	to hit with the first shot
一模一樣	yī mú yī yàng	yī mó yī yàng	cc-cedict	(idiom) exactly alike; identical/also pr. [yi1mo2-yi1yang4]
一無所長	yī wú suǒ cháng	yī wú suǒ zhǎng	cc-cedict	not having any special skill/without any qualifications
一盤散沙	yī pán sǎn shā	yī pán sàn shā	cc-cedict	lit. like a sheet of loose sand/fig. unable to cooperate (idiom)
一目了然	yī mù liǎo rán	yī mù le rán	cc-cedict	obvious at a glance (idiom)
一目十行	yī mù shí háng	yī mù shí xíng	cc-cedict	ten lines at a glance (idiom)/to read very rapidly
一目瞭然	yī mù liǎo rán	yī mù liào rán	cc-cedict	obvious at a glance (idiom)
一矢中的	yī shǐ zhòng dì	yī shǐ zhōng de	cc-cedict	to hit the target with a single shot/to say something spot on (idiom)
一笑了之	yī xiào liǎo zhī	yī xiào le zhī	cc-cedict	to laugh away (instead of taking seriously)
一網打盡	yī wǎng dǎ jìn	yī wǎng dǎ jǐn	cc-cedict	lit. to catch everything in the one net (idiom)/fig. to scoop up the whole lot/to capture them all in one go
一股腦兒	yī gǔ nǎo r	yī gǔ nǎo ér	cc-cedict	erhua variant of 一股腦|一股脑[yi1 gu3 nao3]
一覺醒來	yī jiào xǐng lái	yī jué xǐng lái	cc-cedict	to wake up from a sleep
一言為定	yī yán wéi dìng	yī yán wèi dìng	cc-cedict	(idiom) it's a deal/that's settled then
一言為重	yī yán wéi zhòng	yī yán wèi zhòng	cc-cedict	each word carries weight/a promise must be kept (idiom)
一言難盡	yī yán nán jìn	yī yán nán jǐn	cc-cedict	hard to explain in a few words (idiom); complicated and not easy to express succinctly
一語中的	yī yǔ zhòng dì	yī yǔ zhōng de	cc-cedict	(idiom) to hit the mark with a comment; to say sth spot on
一語破的	yī yǔ pò dì	yī yǔ pò de	cc-cedict	see 一語中的|一语中的[yi1 yu3 zhong4 di4]
一走了之	yī zǒu liǎo zhī	yī zǒu le zhī	cc-cedict	to avoid a problem by walking away from it/to quit
一蹴可幾	yī cù kě jī	yī cù kě jǐ	cc-cedict	to succeed at the first try (idiom)/easy as pie/one can do it at once
一針見血	yī zhēn jiàn xiě	yī zhēn jiàn xuè	cc-cedict	lit. to draw blood on the first prick (idiom)/fig. to hit the nail on the head
一長一短	yī cháng yī duǎn	yī zhǎng yī duǎn	cc-cedict	(idiom) talking endlessly; long-winded
一飲而盡	yī yǐn ér jìn	yī yǐn ér jǐn	cc-cedict	to drain the cup in one gulp (idiom)
丁巳復辟	dīng sì fù bì	dīng sì fù pì	cc-cedict	see 張勳復辟|张勋复辟[Zhang1 Xun1 Fu4 bi4]
三十二相	sān shí èr xiàng	sān shí èr xiāng	cc-cedict	the thirty-two physical characteristics of Buddha
三寶太監	sān bǎo tài jiàn	sān bǎo tài jiān	cc-cedict	Sanbao Eunuch, official title of Zheng He 鄭和|郑和[Zheng4 He2]/also written 三保太監|三保太监
三更半夜	sān gēng bàn yè	sān gèng bàn yè	cc-cedict	(idiom) in the depth of the night; very late at night
三瓦兩舍	sān wǎ liǎng shè	sān wǎ liǎng shě	cc-cedict	places of pleasure (like brothels, tea houses etc)
三藏法師	sān zàng fǎ shī	sān cáng fǎ shī	cc-cedict-buddhist	monk who has mastered the scriptures; (esp.) Xuanzang 玄奘[Xuan2 zang4] (602-664)
三長兩短	sān cháng liǎng duǎn	sān zhǎng liǎng duǎn	cc-cedict	unexpected misfortune/unexpected accident/sudden death
三點全露	sān diǎn quán lòu	sān diǎn quán lù	cc-cedict	(slang) naked/nude
上半部分	shàng bàn bù fèn	shàng bàn bù fēn	cc-cedict	upper part; top half
上吐下瀉	shàng tù xià xiè	shàng tǔ xià xiè	cc-cedict	to vomit and have diarrhea
上天入地	shàng tiān rù dì	shàng tiān rù de	cc-cedict	lit. to go up to heaven or down to Hades (idiom)/fig. to go to great lengths/to search heaven and earth
上層建築	shàng céng jiàn zhù	shàng céng jiàn zhú	cc-cedict	superstructure
上當受騙	shàng dàng shòu piàn	shàng dāng shòu piàn	cc-cedict	(idiom) to be duped; to get scammed
下不了臺	xià bu liǎo tái	xià bù le tái	cc-cedict	to be unable to extricate oneself gracefully/to be put on the spot/to be embarrassed
下不為例	xià bù wéi lì	xià bù wèi lì	cc-cedict	not to be repeated/not to be taken as a precedent/just this once
下旋削球	xià xuán xiāo qiú	xià xuán xuē qiú	cc-cedict	(golf, tennis) undercut
不乾不淨	bù gān bù jìng	bù qián bù jìng	cc-cedict	unclean/filthy/foul-mouthed
不了了之	bù liǎo liǎo zhī	bù le le zhī	cc-cedict	to settle a matter by leaving it unsettled/to end up with nothing definite
不以為意	bù yǐ wéi yì	bù yǐ wèi yì	cc-cedict	not to mind/unconcerned
不以為然	bù yǐ wéi rán	bù yǐ wèi rán	cc-cedict	not to accept as correct (idiom); to object/to disapprove/to take exception to
不可勝數	bù kě shèng shǔ	bù kě shèng shù	cc-cedict	countless/innumerable
不可數集	bù kě shuò jí	bù kě shù jí	cc-cedict	uncountable set (math.)
不大離兒	bù dà lí r	bù dà lí ér	cc-cedict	erhua variant of 不大離|不大离[bu4 da4 li2]
不定冠詞	bù dìng guàn cí	bù dìng guān cí	cc-cedict	indefinite article (e.g. English a, an)
不對勁兒	bù duì jìn r	bù duì jìn ér	cc-cedict	erhua variant of 不對勁|不对劲[bu4 dui4 jin4]
不對碴兒	bù duì chá r	bù duì chá ér	cc-cedict	not proper/not fit for the occasion
不幸言中	bù xìng yán zhòng	bù xìng yán zhōng	cc-cedict	to turn out just as one predicted or feared
不揣冒昧	bù chuǎi mào mèi	bù chuāi mào mèi	cc-cedict	to venture to/to presume to/to take the liberty of
不敗之地	bù bài zhī dì	bù bài zhī de	cc-cedict	(idiom) invincible position
不是味兒	bù shì wèi r	bù shì wèi ér	cc-cedict	not the right flavor/not quite right/a bit off/fishy/queer/amiss/feel bad/be upset
不毛之地	bù máo zhī dì	bù máo zhī de	cc-cedict	(idiom) barren land; desert
不法分子	bù fǎ fèn zǐ	bù fǎ fēn zǐ	cc-cedict	criminal; lawbreaker; outlaw
不為人知	bù wéi rén zhī	bù wèi rén zhī	cc-cedict	not known to anyone/secret/unknown
不為已甚	bù wéi yǐ shèn	bù wèi yǐ shèn	cc-cedict	refrain from going to extremes in meting out punishment/not be too hard on subject
不為所動	bù wéi suǒ dòng	bù wèi suǒ dòng	cc-cedict	to remain unmoved
不為酒困	bù wéi jiǔ kùn	bù wèi jiǔ kùn	cc-cedict	not a slave to the bottle/able to enjoy alcohol in moderation/able to hold one's drink
不當得利	bù dàng dé lì	bù dāng dé lì	cc-cedict	unjust enrichment
不省人事	bù xǐng rén shì	bù shěng rén shì	cc-cedict	to lose consciousness/unconscious/in a coma
不著邊際	bù zhuó biān jì	bù zhù biān jì	cc-cedict	not to the point/wide of the mark/neither here nor there/irrelevant
不虞匱乏	bù yú kuì fá	bù yú guì fá	cc-cedict	to have ample supplies (or money etc)
不見經傳	bù jiàn jīng zhuàn	bù jiàn jīng chuán	cc-cedict	not found in the classics (idiom); unknown/unfounded/not authoritative
不起眼兒	bù qǐ yǎn r	bù qǐ yǎn ér	cc-cedict	erhua variant of 不起眼[bu4 qi3 yan3]
不足為奇	bù zú wéi qí	bù zú wèi qí	cc-cedict	not at all surprising (idiom)
不足為怪	bù zú wéi guài	bù zú wèi guài	cc-cedict	not at all surprising (idiom)
不足為慮	bù zú wéi lǜ	bù zú wèi lǜ	cc-cedict	to give no cause for anxiety; nothing to worry about
不足為訓	bù zú wéi xùn	bù zú wèi xùn	cc-cedict	not to be taken as an example/not an example to be followed/not to be taken as authoritative
不足為道	bù zú wéi dào	bù zú wèi dào	cc-cedict	to be not worth mentioning
世界各地	shì jiè gè dì	shì jiè gè de	cc-cedict	all over the world/everywhere/in all parts of the world
世界銀行	shì jiè yín háng	shì jiè yín xíng	cc-cedict	World Bank
丟三落四	diū sān là sì	diū sān luò sì	cc-cedict	forgetful/empty-headed
中信銀行	zhōng xìn yín háng	zhōng xìn yín xíng	cc-cedict	China CITIC Bank
中國銀行	zhōng guó yín háng	zhōng guó yín xíng	cc-cedict	Bank of China (BoC)
中央空調	zhōng yāng kōng tiáo	zhōng yāng kōng diào	cc-cedict	central air conditioning/(fig.) (neologism) ladies' man (contrasted with 暖男[nuan3 nan2], a guy who is attentive to his p
中央銀行	zhōng yāng yín háng	zhōng yāng yín xíng	cc-cedict	central bank
中山狼傳	zhōng shān láng zhuàn	zhōng shān láng chuán	cc-cedict	The Wolf of Zhongshan, fable by Ma Zhongxi 馬中錫|马中锡[Ma3 Zhong1 xi1]
中心對稱	zhōng xīn duì chèn	zhōng xīn duì chēng	cc-cedict	(geometry) point symmetry
中源地震	zhōng yuán dì zhèn	zhōng yuán de zhèn	cc-cedict	medium depth earthquake (with epicenter 70-300 km deep)
中箭落馬	zhòng jiàn luò mǎ	zhōng jiàn luò mǎ	cc-cedict	lit. to be struck by an arrow and fall from one's horse/to suffer a serious setback (idiom)
中規中矩	zhòng guī zhòng jǔ	zhōng guī zhōng jǔ	cc-cedict	conforming with the norms of society
丹霞地貌	dān xiá dì mào	dān xiá de mào	cc-cedict	Danxia landform (red conglomerate and sandstone)
久別重逢	jiǔ bié chóng féng	jiǔ bié zhòng féng	cc-cedict	to meet again after a long period of separation
乍暖還寒	zhà nuǎn huán hán	zhà nuǎn hái hán	cc-cedict	(idiom) (of early spring weather) alternating between warm and cold
九九重陽	jiǔ jiǔ chóng yáng	jiǔ jiǔ zhòng yáng	cc-cedict	Double Ninth or Yang Festival/9th day of 9th lunar month
九齒釘耙	jiǔ chǐ dīng pá	jiǔ chǐ dīng bà	cc-cedict	The Nine-Toothed Rake (weapon of Zhu Bajie 豬八戒|猪八戒[Zhu1 Ba1 jie4])
乳臭未乾	rǔ xiù wèi gān	rǔ chòu wèi qián	cc-cedict	lit. smell of breast milk not yet dried (idiom)/fig. immature and inexperienced; still wet behind the ears
乾柴烈火	gān chái liè huǒ	qián chái liè huǒ	cc-cedict	(idiom) explosive mutual passion; blaze of passion (esp. between lovers)
乾煸豆角	gān biān dòu jiǎo	qián biān dòu jiǎo	cc-cedict	green beans in sauce, popular Beijing dish
乾脆利索	gān cuì lì suo	qián cuì lì suǒ	cc-cedict	see 乾脆利落|干脆利落[gan1 cui4 li4 luo5]
了卻此生	liǎo què cǐ shēng	le què cǐ shēng	cc-cedict	to live out one's life/to die
了如指掌	liǎo rú zhǐ zhǎng	le rú zhǐ zhǎng	cc-cedict	to know sth like the back of one's hand (idiom)/to know (a person, a place etc) inside out
了此殘生	liǎo cǐ cán shēng	le cǐ cán shēng	cc-cedict	to live out the rest of one's life
了無新意	liǎo wú xīn yì	le wú xīn yì	cc-cedict	unoriginal/stereotyped
了無生趣	liǎo wú shēng qù	le wú shēng qù	cc-cedict	to lose all interest in life (idiom)
了然於胸	liǎo rán yú xiōng	le rán yú xiōng	cc-cedict	(idiom) to be well aware; to understand clearly
了若指掌	liǎo ruò zhǐ zhǎng	le ruò zhǐ zhǎng	cc-cedict	see 了如指掌[liao3 ru2 zhi3 zhang3]
事危累卵	shì wēi lěi luǎn	shì wēi lèi luǎn	cc-cedict	lit. the matter has become a pile of eggs (idiom); fig. at a critical juncture
事在人為	shì zài rén wéi	shì zài rén wèi	cc-cedict	the matter depends on the individual (idiom); it is a matter for your own effort/With effort, one can achieve anything.
事怕行家	shì pà háng jiā	shì pà xíng jiā	cc-cedict	an expert always produces the best work (idiom)
事發地點	shì fā dì diǎn	shì fā de diǎn	cc-cedict	the scene of the incident
二十八宿	èr shí bā xiù	èr shí bā sù	cc-cedict	the twenty-eight constellations
二連盆地	èr lián pén dì	èr lián pén de	cc-cedict	Erlian Basin in Inner Mongolia
二重下標	èr chóng xià biāo	èr zhòng xià biāo	cc-cedict	double subscript/doubly indexed
二重母音	èr chóng mǔ yīn	èr zhòng mǔ yīn	cc-cedict	diphthong
互為因果	hù wéi yīn guǒ	hù wèi yīn guǒ	cc-cedict	mutually related karma (idiom); fates are intertwined/interdependent
五斗米道	wǔ dǒu mǐ dào	wǔ dòu mǐ dào	cc-cedict	Way of the Five Pecks of Rice (Taoist movement)/Way of the Celestial Master
五行八作	wǔ háng bā zuō	wǔ xíng bā zuò	cc-cedict	all the trades/people of all trades and professions
五體投地	wǔ tǐ tóu dì	wǔ tǐ tóu de	cc-cedict	to prostrate oneself in admiration (idiom); to adulate sb
亞塞拜然	yà sài bài rán	yà sāi bài rán	cc-cedict	(Tw) Azerbaijan
亞太地區	yà tài dì qū	yà tài de qū	cc-cedict	Asia-Pacific region
交通堵塞	jiāo tōng dǔ sè	jiāo tōng dǔ sāi	cc-cedict	road congestion; traffic jam
交通銀行	jiāo tōng yín háng	jiāo tōng yín xíng	cc-cedict	Bank of Communications
交通阻塞	jiāo tōng zǔ sè	jiāo tōng zǔ sāi	cc-cedict	traffic jam
交響樂團	jiāo xiǎng yuè tuán	jiāo xiǎng lè tuán	cc-cedict	symphony orchestra
交響樂隊	jiāo xiǎng yuè duì	jiāo xiǎng lè duì	cc-cedict	symphony orchestra
人丁興旺	rén dīng xīng wàng	rén dīng xìng wàng	cc-cedict	(idiom) to be a flourishing family with many descendants
人傑地靈	rén jié dì líng	rén jié de líng	cc-cedict	illustrious hero, spirit of the place (idiom); a place derives reflected glory from an illustrious son
人情味兒	rén qíng wèi r	rén qíng wèi ér	cc-cedict	erhua variant of 人情味[ren2 qing2 wei4]
人才濟濟	rén cái jǐ jǐ	rén cái jì jì	cc-cedict	a galaxy of talent (idiom)/a great number of competent people
人模狗樣	rén mú gǒu yàng	rén mó gǒu yàng	cc-cedict	(idiom) to pose/to put on airs/Taiwan pr. [ren2 mo2 gou3 yang4]
人民銀行	rén mín yín háng	rén mín yín xíng	cc-cedict	People's Bank of China
人滿為患	rén mǎn wéi huàn	rén mǎn wèi huàn	cc-cedict	packed with people/overcrowded/overpopulation
人生朝露	rén shēng zhāo lù	rén shēng cháo lù	cc-cedict	human life as the morning dew (idiom); fig. ephemeral and precarious nature of human existence
人盡其才	rén jìn qí cái	rén jǐn qí cái	cc-cedict	employ one's talent to the fullest/everyone gives of their best
人盡可夫	rén jìn kě fū	rén jǐn kě fū	cc-cedict	(idiom) (of a woman) promiscuous; loose
人盡皆知	rén jìn jiē zhī	rén jǐn jiē zhī	cc-cedict	see 盡人皆知|尽人皆知[jin4 ren2 jie1 zhi1]
人給家足	rén jǐ jiā zú	rén gěi jiā zú	cc-cedict	lit. each household provided for, enough for the individual (idiom); comfortably off
人誰無過	rén shéi wú guò	rén shuí wú guò	cc-cedict	Everyone makes mistakes (idiom)
人車混行	rén chē hún xíng	rén chē hùn xíng	cc-cedict	pedestrian-vehicle mixed use
人間佛教	rén jiān fó jiào	rén jiān fú jiào	cc-cedict-buddhist	Humanistic Buddhism
人間地獄	rén jiān dì yù	rén jiān de yù	cc-cedict-buddhist	hell on earth (idiom); suffering the torments of Buddhist hell while still alive/fig. having an uncomfortable time
什一奉獻	shí yī fèng xiàn	shén yī fèng xiàn	cc-cedict	tithing
什錦果盤	shí jǐn guǒ pán	shén jǐn guǒ pán	cc-cedict	mixed fruit salad
什麼地方	shén me dì fang	shén me de fāng	cc-cedict	somewhere/someplace/where
仁至義盡	rén zhì yì jìn	rén zhì yì jǐn	cc-cedict	extreme benevolence, utmost duty (idiom); meticulous virtue and attention to duty
代客泊車	dài kè bó chē	dài kè pō chē	cc-cedict	valet parking
代數拓撲	dài shù tuò pū	dài shù tà pū	cc-cedict	(math.) algebraic topology
令狐德棻	líng hú dé fēn	lìng hú dé fēn	cc-cedict	Linghu Defen (583-666), Tang dynasty historian, compiler of History of Zhou of the Northern dynasties 周書|周书
以人為本	yǐ rén wéi běn	yǐ rén wèi běn	cc-cedict	people-oriented
以史為鑒	yǐ shǐ wéi jiàn	yǐ shǐ wèi jiàn	cc-cedict	to learn from history (idiom)
以和為貴	yǐ hé wéi guì	yǐ hé wèi guì	cc-cedict	harmony is to be prized
以慎為鍵	yǐ shèn wéi jiàn	yǐ shèn wèi jiàn	cc-cedict	to take caution as the key (idiom); to proceed very carefully
以斯帖記	yǐ sī tiě jì	yǐ sī tiē jì	cc-cedict	Book of Esther
以牙還牙	yǐ yá huán yá	yǐ yá hái yá	cc-cedict	a tooth for a tooth (retaliation)
以眼還眼	yǐ yǎn huán yǎn	yǐ yǎn hái yǎn	cc-cedict	an eye for an eye (idiom); fig. to use the enemy's methods against him/to give sb a taste of his own medicine
以鄰為壑	yǐ lín wéi hè	yǐ lín wèi hè	cc-cedict	to use one's neighbor as a drain/to shift one's problems onto others (idiom)
仰屋興嘆	yǎng wū xīng tàn	yǎng wū xìng tàn	cc-cedict	to stare at the ceiling in despair/to find no way out/nothing you can do about it/at the end of one's wits
伊塞克湖	yī sài kè hú	yī sāi kè hú	cc-cedict	Issyk-Kul (a large lake in eastern Kyrgyzstan)
伊犁盆地	yī lí pén dì	yī lí pén de	cc-cedict	the Yili basin around Urumqi in Xinjiang
伏地挺身	fú dì tǐng shēn	fú de tǐng shēn	cc-cedict	(Tw) push-up (exercise)
伺服電機	sì fú diàn jī	cì fú diàn jī	cc-cedict	servomotor
伽馬射線	gā mǎ shè xiàn	jiā mǎ shè xiàn	cc-cedict	gamma rays
位置效應	wèi zhì xiào yìng	wèi zhì xiào yīng	cc-cedict	position effect
低地軌道	dī dì guǐ dào	dī de guǐ dào	cc-cedict	see 近地軌道|近地轨道[jin4 di4 gui3 dao4]
佔為己有	zhàn wéi jǐ yǒu	zhàn wèi jǐ yǒu	cc-cedict	to appropriate to oneself (what rightfully belongs to others)
何樂不為	hé lè bù wéi	hé lè bù wèi	cc-cedict	(idiom) what is there against it? (rhetorical question indicating an eagerness or willingness to do sth)
佛口蛇心	fó kǒu shé xīn	fú kǒu shé xīn	cc-cedict	words of a Buddha, heart of a snake (idiom); two-faced/malicious and duplicitous
佛朗明哥	fó lǎng míng gē	fú lǎng míng gē	cc-cedict	(Tw) (loanword) flamenco
佛朗機炮	fó lǎng jī pào	fú lǎng jī pào	cc-cedict	Western (or Western-style) cannon of the Ming era
佛朗機銃	fó lǎng jī chòng	fú lǎng jī chòng	cc-cedict	Western (and so styled) cannon of the Ming era
佛法僧目	fó fǎ sēng mù	fú fǎ sēng mù	cc-cedict	Coraciiformes, class of birds including kingfishers and hornbills
佛洛伊德	fó luò yī dé	fú luò yī dé	cc-cedict	Floyd (name)/Freud (name)/Dr Sigmund Freud (1856-1939), the founder of psychoanalysis
佛羅倫斯	fó luó lún sī	fú luó lún sī	cc-cedict	(Tw) Florence, Italy
佛羅倫薩	fó luó lún sà	fú luó lún sà	cc-cedict	Florence, Italy
佛羅里達	fó luó lǐ dá	fú luó lǐ dá	cc-cedict	Florida
佛蘭芒語	fó lán máng yǔ	fú lán máng yǔ	cc-cedict	Flemish (language)
使徒行傳	shǐ tú xíng zhuàn	shǐ tú xíng chuán	cc-cedict	Acts of the Apostles (New Testament)
來日方長	lái rì fāng cháng	lái rì fāng zhǎng	cc-cedict	the future is long (idiom); there will be ample time for that later/We'll cross that bridge when we get there
供不應求	gōng bù yìng qiú	gōng bù yīng qiú	cc-cedict	supply does not meet demand
供認不諱	gòng rèn bù huì	gōng rèn bù huì	cc-cedict	to make a full confession; to plead guilty
侵權行為	qīn quán xíng wéi	qīn quán xíng wèi	cc-cedict	tort; infringement (of sb's rights)
俄勒岡州	é lè gāng zhōu	é lēi gāng zhōu	cc-cedict	Oregon
保角對應	bǎo jiǎo duì yìng	bǎo jiǎo duì yīng	cc-cedict	(math.) distance-preserving correspondence/conformal map
保長對應	bǎo cháng duì yìng	bǎo zhǎng duì yīng	cc-cedict	(math.) distance-preserving correspondence/isometry
信以為真	xìn yǐ wéi zhēn	xìn yǐ wèi zhēn	cc-cedict	to take sth to be true
信號處理	xìn hào chǔ lǐ	xìn hào chù lǐ	cc-cedict	signal processing
倒戈卸甲	dǎo gē xiè jiǎ	dào gē xiè jiǎ	cc-cedict	to lay down arms
倒打一耙	dào dǎ yī pá	dào dǎ yī bà	cc-cedict	lit. to strike with a muckrake (idiom), cf Pigsy 豬八戒|猪八戒 in Journey to the West 西遊記|西游记; fig. to counterattack/to make b
倒持太阿	dào chí tài ē	dào chí tài ā	cc-cedict	variant of 倒持泰阿[dao4 chi2 Tai4 e1]
倒持泰阿	dào chí tài ē	dào chí tài ā	cc-cedict	(lit.) to present the handle of a sword to another (idiom)/(fig.) to relinquish power to another; to place oneself at an
倒果為因	dào guǒ wéi yīn	dào guǒ wèi yīn	cc-cedict	to reverse cause and effect/to put the horse before the cart
倒海翻江	dǎo hǎi fān jiāng	dào hǎi fān jiāng	cc-cedict	see 翻江倒海[fan1 jiang1 dao3 hai3]
倒背手兒	dào bèi shǒu r	dào bèi shǒu ér	cc-cedict	erhua variant of 倒背手[dao4 bei4 shou3]
倒買倒賣	dǎo mǎi dǎo mài	dào mǎi dào mài	cc-cedict	to buy and sell at a profit/to speculate
倒霉蛋兒	dǎo méi dàn r	dào méi dàn ér	cc-cedict	erhua variant of 倒霉蛋[dao3 mei2 dan4]
借屍還魂	jiè shī huán hún	jiè shī hái hún	cc-cedict	lit. reincarnated in sb else's body (idiom); fig. a discarded or discredited idea returns in another guise
借方差額	jiè fāng chā é	jiè fāng chà é	cc-cedict	debit balance (accountancy)
借花獻佛	jiè huā xiàn fó	jiè huā xiàn fú	cc-cedict	lit. presenting the Buddha with borrowed flowers (idiom); fig. to win favor or influence using sb else's property/plagia
偏差距離	piān chā jù lí	piān chà jù lí	cc-cedict	offset distance
偶一為之	ǒu yī wéi zhī	ǒu yī wèi zhī	cc-cedict	to do sth once in a while (idiom)/to do sth more as an exception than the rule
偶聯反應	ǒu lián fǎn yìng	ǒu lián fǎn yīng	cc-cedict	chain reaction (chemistry)
債臺高築	zhài tái gāo zhù	zhài tái gāo zhú	cc-cedict	lit. build a high desk of debt (idiom); heavily in debt
傷痕累累	shāng hén lěi lěi	shāng hén lèi lèi	cc-cedict	cuts and bruises all over the body
傻大個兒	shǎ dà gè r	shǎ dà gè ér	cc-cedict	stupid great hulk of a man
傻瓜乾麵	shǎ guā gān miàn	shǎ guā qián miàn	cc-cedict	boiled noodles served without broth, topped with just a sprinkle of oil and some chopped spring onions, to which custome
傻瓜相機	shǎ guā xiàng jī	shǎ guā xiāng jī	cc-cedict	point-and-shoot camera/compact camera
像模像樣	xiàng mú xiàng yàng	xiàng mó xiàng yàng	cc-cedict	solemn/presentable/decent/Taiwan pr. [xiang4 mo2 xiang4 yang4]
充分就業	chōng fèn jiù yè	chōng fēn jiù yè	cc-cedict	full employment
充分考慮	chōng fèn kǎo lǜ	chōng fēn kǎo lǜ	cc-cedict	to give sufficient consideration to
兇相畢露	xiōng xiàng bì lù	xiōng xiāng bì lù	cc-cedict	show one's ferocious appearance (idiom); the atrocious features revealed/with fangs bared
兇神惡煞	xiōng shén è shà	xiōng shén è shā	cc-cedict	(idiom) fiends; devils; monsters
先入為主	xiān rù wéi zhǔ	xiān rù wèi zhǔ	cc-cedict	(idiom) the first impression is the strongest; to hold a preconceived notion (about sth)
先王之樂	xiān wáng zhī yuè	xiān wáng zhī lè	cc-cedict	the music of former kings
先睹為快	xiān dǔ wéi kuài	xiān dǔ wèi kuài	cc-cedict	(idiom) to consider it a pleasure to be among the first to read (or watch or enjoy)
光祿大夫	guāng lù dài fu	guāng lù dà fū	cc-cedict	honorific title during Tang to Qing times, approx. "Glorious grand master"
光背地鶇	guāng bèi dì dōng	guāng bèi de dōng	cc-cedict	(bird species of China) plain-backed thrush (Zoothera mollissima)
光電效應	guāng diàn xiào yìng	guāng diàn xiào yīng	cc-cedict	photoelectric effect
克什克騰	kè shí kè téng	kè shén kè téng	cc-cedict	Hexigten banner or Kesigüten khoshuu in Chifeng 赤峰[Chi4 feng1], Inner Mongolia
克什米爾	kè shí mǐ ěr	kè shén mǐ ěr	cc-cedict	Kashmir
克侖特羅	kè lún tè luō	kè lún tè luó	cc-cedict	clenbuterol
克孜勒蘇	kè zī lè sū	kè zī lēi sū	cc-cedict	see 克孜勒蘇柯爾克孜自治州|克孜勒苏柯尔克孜自治州[Ke4 zi1 le4 su1 Ke1 er3 ke4 zi1 Zi4 zhi4 zhou1]
克羅地亞	kè luó dì yà	kè luó de yà	cc-cedict	Croatia
克萊斯勒	kè lái sī lè	kè lái sī lēi	cc-cedict	Chrysler (car manufacturer)
免疫反應	miǎn yì fǎn yìng	miǎn yì fǎn yīng	cc-cedict	immune response
免疫應答	miǎn yì yìng dá	miǎn yì yīng dá	cc-cedict	immune response
兒媳婦兒	ér xí fù r	ér xí fù ér	cc-cedict	erhua form of 兒媳婦|儿媳妇[er2 xi2 fu4]
兜兜轉轉	dōu dōu zhuàn zhuàn	dōu dōu zhuǎn zhuǎn	cc-cedict	(lit. and fig.) to go around and around; to wander around
入土為安	rù tǔ wéi ān	rù tǔ wèi ān	cc-cedict	buried and at rest (idiom); Resquiescat in pacem (RIP)
全地形車	quán dì xíng chē	quán de xíng chē	cc-cedict	all-terrain vehicle (ATV)
全軍覆沒	quán jūn fù mò	quán jūn fù méi	cc-cedict	total defeat of an army (idiom); fig. a complete wipeout
兩側對稱	liǎng cè duì chèn	liǎng cè duì chēng	cc-cedict	bilateral symmetry
兩岸三地	liǎng àn sān dì	liǎng àn sān de	cc-cedict	China, Taiwan, Hong Kong and Macau (media term used esp. since 1997)
兩性差距	liǎng xìng chā jù	liǎng xìng chà jù	cc-cedict	disparity between the sexes
八斗之才	bā dǒu zhī cái	bā dòu zhī cái	cc-cedict	see 才高八斗[cai2 gao1 ba1 dou3]
八相成道	bā xiàng chéng dào	bā xiāng chéng dào	cc-cedict-buddhist	the eight stages of the Buddha's life (Buddhism)
公共假期	gōng gòng jià qī	gōng gòng jiǎ qī	cc-cedict	public holiday
公司行號	gōng sī háng hào	gōng sī xíng hào	cc-cedict	(Tw) companies; businesses
公地悲劇	gōng dì bēi jù	gōng de bēi jù	cc-cedict	tragedy of the commons (economics)
公子哥兒	gōng zǐ gē r	gōng zǐ gē ér	cc-cedict	pampered son of a wealthy family
公筷母匙	gōng kuài mǔ chí	gōng kuài mǔ shi	cc-cedict	(Tw) serving chopsticks and serving spoons used in communal dining to promote hygiene
公諸同好	gōng zhū tóng hào	gōng zhū tóng hǎo	cc-cedict	to share pleasure in the company of others (idiom); shared enjoyment with fellow enthusiasts
冗長辯論	rǒng cháng biàn lùn	rǒng zhǎng biàn lùn	cc-cedict	filibuster
冰天雪地	bīng tiān xuě dì	bīng tiān xuě de	cc-cedict	a world of ice and snow
出人頭地	chū rén tóu dì	chū rén tóu de	cc-cedict	to stand out among one's peers (idiom)/to excel
出沒無常	chū mò wú cháng	chū méi wú cháng	cc-cedict	to appear and disappear unpredictably
出生地點	chū shēng dì diǎn	chū shēng de diǎn	cc-cedict	place of birth
出神音樂	chū shén yīn yuè	chū shén yīn lè	cc-cedict	trance (music genre)
出臭子兒	chū chòu zǐ r	chū chòu zǐ ér	cc-cedict	to make a bad move (in a game of chess)
刀耕火種	dāo gēng huǒ zhòng	dāo gēng huǒ zhǒng	cc-cedict	slash and burn (agriculture)
分析處理	fēn xī chǔ lǐ	fēn xī chù lǐ	cc-cedict	to parse/analysis processing/to analyze and treat
分毫之差	fēn háo zhī chā	fēn háo zhī chà	cc-cedict	hairsbreadth difference
分離分子	fēn lí fèn zǐ	fēn lí fēn zǐ	cc-cedict	separatist
切中時弊	qiè zhòng shí bì	qiè zhōng shí bì	cc-cedict	to hit home on the evils of the day (idiom); fig. to hit a current political target/to hit the nub of the matter
切中時病	qiè zhòng shí bìng	qiè zhōng shí bìng	cc-cedict	to hit the target where it hurts (idiom); fig. to hit home/to hit the nail on the head (in an argument)
切中要害	qiè zhòng yào hài	qiè zhōng yào hài	cc-cedict	to hit the target and do real damage (idiom)/fig. to hit where it hurts/fig. to hit home/an argument that hits the nail 
切向速度	qiē xiàng sù dù	qiè xiàng sù dù	cc-cedict	tangential velocity
切片檢查	qiē piàn jiǎn chá	qiè piàn jiǎn chá	cc-cedict	histopathological examination; biopsy
切磋琢磨	qiē cuō zhuó mó	qiè cuō zuó mó	cc-cedict	lit. cutting and polishing (idiom)/fig. to learn by exchanging ideas or experiences
列寧格勒	liè níng gé lè	liè níng gé lēi	cc-cedict	Leningrad, former name (1923–1991) of Russian city Saint Petersburg 聖彼得堡|圣彼得堡[Sheng4 bi3 de2 bao3]
別有天地	bié yǒu tiān dì	bié yǒu tiān de	cc-cedict	enchanting scenery/beautiful surroundings/world of its own
別無長物	bié wú cháng wù	bié wú zhǎng wù	cc-cedict	to possess nothing except bare necessities/to live a poor or frugal life
利什曼病	lì shí màn bìng	lì shén màn bìng	cc-cedict	leishmaniasis (medicine)
利他行為	lì tā xíng wéi	lì tā xíng wèi	cc-cedict	altruistic behavior
到此為止	dào cǐ wéi zhǐ	dào cǐ wèi zhǐ	cc-cedict	to stop at this point/to end here/to call it a day
刻意為之	kè yì wéi zhī	kè yì wèi zhī	cc-cedict	to make a conscious effort/to do something deliberately
刻薄寡恩	kè bó guǎ ēn	kè báo guǎ ēn	cc-cedict	harsh and merciless (idiom)
削職為民	xuē zhí wéi mín	xuē zhí wèi mín	cc-cedict	demotion to commoner (idiom)
削鉛筆機	xiāo qiān bǐ jī	xuē qiān bǐ jī	cc-cedict	pencil sharpener (mechanical or electric)
前功盡棄	qián gōng jìn qì	qián gōng jǐn qì	cc-cedict	to waste all one's previous efforts (idiom)/all that has been achieved goes down the drain
前半天兒	qián bàn tiān r	qián bàn tiān ér	cc-cedict	erhua variant of 前半天[qian2 ban4 tian1]
前半晌兒	qián bàn shǎng r	qián bàn shǎng ér	cc-cedict	erhua variant of 前半晌[qian2 ban4 shang3]
前緣未了	qián yuán wèi liǎo	qián yuán wèi le	cc-cedict	one's predestined fate is yet to be fulfilled (idiom)
前途未卜	qián tú wèi bǔ	qián tú wèi bo	cc-cedict	hanging in the balance/the future is hard to forecast/¿Qué serà?/who knows what the future holds?
剛正不阿	gāng zhèng bù ē	gāng zhèng bù ā	cc-cedict	upright and plainspoken
剪切形變	jiǎn qiē xíng biàn	jiǎn qiè xíng biàn	cc-cedict	shearing/shear deformation
副地級市	fù dì jí shì	fù de jí shì	cc-cedict	sub-prefecture-level city (county level division, administered by province, not under a prefecture)
創巨痛深	chuāng jù tòng shēn	chuàng jù tòng shēn	cc-cedict	(idiom) deeply distressed
劈哩啪啦	pī li pā lā	pī lī pā la	cc-cedict	variant of 噼里啪啦[pi1 li5 pa1 la1]
劈里啪啦	pī li pā lā	pī lǐ pā la	cc-cedict	variant of 噼里啪啦[pi1 li5 pa1 la1]
力有未逮	lì yǒu wèi dài	lì yǒu wèi dǎi	cc-cedict	beyond one's reach or power (to do sth)
力盡神危	lì jìn shén wēi	lì jǐn shén wēi	cc-cedict	(idiom) physically and mentally exhausted
功不可沒	gōng bù kě mò	gōng bù kě méi	cc-cedict	one's contributions cannot go unnoticed (idiom)
加勒比海	jiā lè bǐ hǎi	jiā lēi bǐ hǎi	cc-cedict	Caribbean Sea
加德滿都	jiā dé mǎn dū	jiā dé mǎn dōu	cc-cedict	Kathmandu, capital of Nepal
加沙地帶	jiā shā dì dài	jiā shā de dài	cc-cedict	Gaza Strip
助人為樂	zhù rén wéi lè	zhù rén wèi lè	cc-cedict	pleasure from helping others (idiom)
助紂為虐	zhù zhòu wéi nüè	zhù zhòu wèi nüè	cc-cedict	lit. helping tyrant Zhou 商紂王|商纣王[Shang1 Zhou4 wang2] in his oppression (idiom)/fig. to take the side of the evildoer/giv
勉力而為	miǎn lì ér wéi	miǎn lì ér wèi	cc-cedict	to try one's best to do sth (idiom)
勉勉強強	miǎn miǎn qiǎng qiǎng	miǎn miǎn qiáng qiáng	cc-cedict	to achieve with difficulty/only just up to the task/barely adequate
勉為其難	miǎn wéi qí nán	miǎn wèi qí nán	cc-cedict	to tackle a difficult job (idiom)/to do sth reluctantly
勒哈費爾	lè hā fèi ěr	lēi hā fèi ěr	cc-cedict	Le Havre (French town)
勒斯波斯	lè sī bō sī	lēi sī bō sī	cc-cedict	Lesbos (Greek island in Aegean)
勒索軟件	lè suǒ ruǎn jiàn	lēi suǒ ruǎn jiàn	cc-cedict	ransomware (computing)
勒維納斯	lè wéi nà sī	lēi wéi nà sī	cc-cedict	Levinas (philosopher)
動嘴皮兒	dòng zuǐ pí r	dòng zuǐ pí ér	cc-cedict	erhua variant of 動嘴皮|动嘴皮[dong4 zui3 pi2]
動彈不得	dòng tan bu dé	dòng dàn bù dé	cc-cedict	to be unable to move a single step
動態更新	dòng tài gēng xīn	dòng tài gèng xīn	cc-cedict	dynamic update (Internet)
動詞重疊	dòng cí chóng dié	dòng cí zhòng dié	cc-cedict	verb reduplication, used to soften tone or indicate a short action (e.g. 試一試|试一试[shi4 yi1 shi4] or 看看[kan4 kan5])
勢單力薄	shì dān lì bó	shì dān lì báo	cc-cedict	(idiom) lacking strength and support
勤則不匱	qín zé bù kuì	qín zé bù guì	cc-cedict	If one is industrious, one will not be in want. (idiom)
包皮環切	bāo pí huán qiē	bāo pí huán qiè	cc-cedict	circumcision
包袱底兒	bāo fu dǐ r	bāo fú dǐ ér	cc-cedict	family heirloom/most precious family possession/person's secrets/one's best performance
包袱皮兒	bāo fu pí r	bāo fú pí ér	cc-cedict	wrapping cloth
化學反應	huà xué fǎn yìng	huà xué fǎn yīng	cc-cedict	chemical reaction
化學成分	huà xué chéng fèn	huà xué chéng fēn	cc-cedict	chemical composition
化整為零	huà zhěng wéi líng	huà zhěng wèi líng	cc-cedict	to break up the whole into pieces (idiom); dealing with things one by one/divide and conquer
化敵為友	huà dí wéi yǒu	huà dí wèi yǒu	cc-cedict	to convert an enemy into a friend (idiom)
化為泡影	huà wéi pào yǐng	huà wèi pào yǐng	cc-cedict	(idiom) to come to nothing
化為烏有	huà wéi wū yǒu	huà wèi wū yǒu	cc-cedict	(idiom) to go up in smoke; to vanish
化險為夷	huà xiǎn wéi yí	huà xiǎn wèi yí	cc-cedict	to turn peril into safety (idiom); to avert disaster
北斗七星	běi dǒu qī xīng	běi dòu qī xīng	cc-cedict	(astronomy) Big Dipper
匯業銀行	huì yè yín háng	huì yè yín xíng	cc-cedict	Banco Delta Asia S.A.R.L., Macau
匯豐銀行	huì fēng yín háng	huì fēng yín xíng	cc-cedict	Hong Kong and Shanghai Banking Corporation (HSBC)
十二地支	shí èr dì zhī	shí èr de zhī	cc-cedict	the 12 earthly branches 子[zi3], 丑, 寅, 卯, 辰, 巳, 午, 未, 申, 酉, 戌, 亥 (used cyclically in the calendar and as ordinal numbers)
十四行詩	shí sì háng shī	shí sì xíng shī	cc-cedict	sonnet
十字轉門	shí zì zhuàn mén	shí zì zhuǎn mén	cc-cedict	turnstile
千乘之國	qiān shèng zhī guó	qiān chéng zhī guó	cc-cedict	(archaic) a state with a thousand chariots (to fight a war) – a powerful state
千兒八百	qiān r bā bǎi	qiān ér bā bǎi	cc-cedict	(coll.) one thousand or almost one thousand
千差萬別	qiān chā wàn bié	qiān chà wàn bié	cc-cedict	(idiom) extremely diverse/to vary greatly
千載難逢	qiān zǎi nán féng	qiān zài nán féng	cc-cedict	extremely rare (idiom)/once in a blue moon
升斗小民	shēng dǒu xiǎo mín	shēng dòu xiǎo mín	cc-cedict	(idiom) poor people; those who live from hand to mouth
半夜三更	bàn yè sān gēng	bàn yè sān gèng	cc-cedict	see 三更半夜[san1 geng1 ban4 ye4]
半殖民地	bàn zhí mín dì	bàn zhí mín de	cc-cedict	semicolonial
半生不熟	bàn shēng bù shóu	bàn shēng bù shú	cc-cedict	underripe/half-cooked/(fig.) not mastered (of a technique)/clumsy/halting
半身不遂	bàn shēn bù suí	bàn shēn bù suì	cc-cedict	paralysis of one side of the body/hemiplegia
半開門兒	bàn kāi mén r	bàn kāi mén ér	cc-cedict	erhua variant of 半開門|半开门[ban4 kai1 men2]
協處理器	xié chǔ lǐ qì	xié chù lǐ qì	cc-cedict	coprocessor
南奧塞梯	nán ào sài tī	nán ào sāi tī	cc-cedict	South Ossetia
南箕北斗	nán jī běi dǒu	nán jī běi dòu	cc-cedict	lit. the Winnowing Basket in the southern sky, and the Big Dipper in the north (idiom)/fig. sth which, despite its name,
博科聖地	bó kē shèng dì	bó kē shèng de	cc-cedict	Boko Haram, Islamic insurgent group in north Nigeria
博聞強識	bó wén qiáng zhì	bó wén qiáng shí	cc-cedict	erudite/widely read and knowledgeable
卜晝卜夜	bǔ zhòu bǔ yè	bo zhòu bo yè	cc-cedict	day and night (to toil, to abandon oneself to pleasure etc)
卡文迪什	kǎ wén dí shí	kǎ wén dí shén	cc-cedict	Cavendish (name)/Henry Cavendish (1731-1810), English nobleman and pioneer experimental scientist
卡波耶拉	kǎ bō yē lā	kǎ bō yé lā	cc-cedict	capoeira (loanword)
印度音樂	yìn dù yīn yuè	yìn dù yīn lè	cc-cedict	Bhangra, Indian music (music genre)
危地馬拉	wēi dì mǎ lā	wēi de mǎ lā	cc-cedict	Guatemala
危如朝露	wēi rú zhāo lù	wēi rú cháo lù	cc-cedict	precarious as the morning dew (idiom); fig. ephemeral and precarious nature of human existence
危如累卵	wēi rú lěi luǎn	wēi rú lèi luǎn	cc-cedict	precarious as pile of eggs (idiom); ready to fall and break at any moment/in a dangerous state
危若朝露	wēi ruò zhāo lù	wēi ruò cháo lù	cc-cedict	precarious as morning dew (idiom); unlikely to last out the day
即時即地	jí shí jí dì	jí shí jí de	cc-cedict	moment-to-moment
卷土重來	juǎn tǔ chóng lái	juǎn tǔ zhòng lái	cc-cedict	lit. to return in a swirl of dust (idiom)/fig. to regroup and come back even stronger/to make a comeback
卷帙浩繁	juàn zhì hào fán	juǎn zhì hào fán	cc-cedict	a huge amount (of books and papers)
卸磨殺驢	xiè mò shā lǘ	xiè mó shā lǘ	cc-cedict	lit. to kill the donkey when the grinding is done (idiom)/fig. to get rid of sb once he has ceased to be useful
厄勒布魯	è lè bù lǔ	è lēi bù lǔ	cc-cedict	Örebro (city in Sweden)
厄勒海峽	è lè hǎi xiá	è lēi hǎi xiá	cc-cedict	Øresund/The Sound (strait between Denmark and Sweden)
厚古薄今	hòu gǔ bó jīn	hòu gǔ báo jīn	cc-cedict	to revere the past and neglect the present (idiom)
厚此薄彼	hòu cǐ bó bǐ	hòu cǐ báo bǐ	cc-cedict	to favour one and discriminate against the other
厚死薄生	hòu sǐ bó shēng	hòu sǐ báo shēng	cc-cedict	lit. to praise the dead and revile the living/fig. to live in the past (idiom)
厚積薄發	hòu jī bó fā	hòu jī báo fā	cc-cedict	lit. to have accumulated knowledge and deliver it slowly (idiom)/good preparation is the key to success/to be well prepa
厚養薄葬	hòu yǎng bó zàng	hòu yǎng báo zàng	cc-cedict	generous care but a thrifty funeral/to look after one's parents generously, but not waste money on a lavish funeral
原地踏步	yuán dì tà bù	yuán de tà bù	cc-cedict	to mark time (military)/to make no headway
參差不齊	cēn cī bù qí	cān chà bù qí	cc-cedict	(idiom) variable/uneven/irregular
參差錯落	cēn cī cuò luò	cān chà cuò luò	cc-cedict	uneven and jumbled (idiom); irregular and disorderly/in a tangled mess
反動分子	fǎn dòng fèn zǐ	fǎn dòng fēn zǐ	cc-cedict	reactionaries; reactionary elements
反叛分子	fǎn pàn fèn zǐ	fǎn pàn fēn zǐ	cc-cedict	rebel; insurgent
反客為主	fǎn kè wéi zhǔ	fǎn kè wèi zhǔ	cc-cedict	lit. the guest acts as host (idiom); fig. to turn from passive to active behavior
反應堆芯	fǎn yìng duī xīn	fǎn yīng duī xīn	cc-cedict	reactor core
反應時間	fǎn yìng shí jiān	fǎn yīng shí jiān	cc-cedict	(technology) response time
反敗為勝	fǎn bài wéi shèng	fǎn bài wèi shèng	cc-cedict	to turn defeat into victory (idiom); to turn the tide
反興奮劑	fǎn xīng fèn jì	fǎn xìng fèn jì	cc-cedict	(sports) anti-doping
取長補短	qǔ cháng bǔ duǎn	qǔ zhǎng bǔ duǎn	cc-cedict	lit. use others' strengths to make up for one's weak points (idiom from Mencius)/to use this in place of that/what you l
受凍挨餓	shòu dòng ái è	shòu dòng āi è	cc-cedict	see 挨餓受凍|挨饿受冻[ai2 e4 shou4 dong4]
受災地區	shòu zāi dì qū	shòu zāi de qū	cc-cedict	disaster area
受降儀式	shòu xiáng yí shì	shòu jiàng yí shì	cc-cedict	a surrender ceremony
口不應心	kǒu bù yìng xīn	kǒu bù yīng xīn	cc-cedict	to say one thing but mean another/to dissimulate
口乾舌燥	kǒu gān shé zào	kǒu qián shé zào	cc-cedict	lit. dry mouth and tongue (idiom); to talk too much
古典音樂	gǔ diǎn yīn yuè	gǔ diǎn yīn lè	cc-cedict	classical music
另闢蹊徑	lìng pì xī jìng	lìng pì qī jìng	cc-cedict	to take an alternate route (idiom)/to find an alternative/to take a different approach/to blaze a new trail
只爭朝夕	zhǐ zhēng zhāo xī	zhǐ zhēng cháo xī	cc-cedict	(idiom) to seize every minute; to make the best use of one's time
只言片語	zhī yán piàn yǔ	zhǐ yán piàn yǔ	cc-cedict	(idiom) just a word or two; a few isolated phrases
可數名詞	kě shǔ míng cí	kě shù míng cí	cc-cedict	countable noun (in grammar of European languages)
可疑分子	kě yí fèn zǐ	kě yí fēn zǐ	cc-cedict	suspect; person under suspicion
史傳小說	shǐ zhuàn xiǎo shuō	shǐ chuán xiǎo shuō	cc-cedict	historical novel
史高比耶	shǐ gāo bǐ yē	shǐ gāo bǐ yé	cc-cedict	Skopje, capital of North Macedonia (Tw)
右派分子	yòu pài fèn zǐ	yòu pài fēn zǐ	cc-cedict	rightist; rightist elements
吃乾抹淨	chī gān mā jìng	chī qián mǒ jìng	cc-cedict	(idiom) to devour (food)/(idiom) to shamelessly take advantage; to ruthlessly exploit
吃拿卡要	chī ná qiǎ yào	chī ná kǎ yào	cc-cedict	dinner invitations, grabbing, obstructing and demanding bribes/all kinds of abuse of power
吃虧上當	chī kuī shàng dàng	chī kuī shàng dāng	cc-cedict	to be taken advantage of
吃裡扒外	chī lǐ pá wài	chī lǐ bā wài	cc-cedict	(idiom) to work against the interests of sb one derives support from; to double-cross one's employer; to bite the hand t
吃飽撐著	chī bǎo chēng zhe	chī bǎo chēng zhù	cc-cedict	having nothing better to do
各奔前程	gè bèn qián chéng	gè bēn qián chéng	cc-cedict	each goes his own way (idiom); each person has his own life to lead
各奔東西	gè bèn dōng xī	gè bēn dōng xī	cc-cedict	to go separate ways (idiom)/to part ways with sb/Taiwan pr. [ge4 ben1 dong1 xi1]
各有所好	gè yǒu suǒ hào	gè yǒu suǒ hǎo	cc-cedict	everyone has their likes and dislikes (idiom)
各盡所能	gè jìn suǒ néng	gè jǐn suǒ néng	cc-cedict	each does his utmost (idiom)/from each according to his means
各自為政	gè zì wéi zhèng	gè zì wèi zhèng	cc-cedict	to do things each in one's own way
各行各業	gè háng gè yè	gè xíng gè yè	cc-cedict	every trade; all professions; all walks of life
各顯所長	gè xiǎn suǒ cháng	gè xiǎn suǒ zhǎng	cc-cedict	each displays their own strengths (idiom)
吆五喝六	yāo wǔ hè liù	yāo wǔ hē liù	cc-cedict	lit. to shout out hoping for fives and sixes when gambling with dice; a hubbub of gambling
合眾為一	hé zhòng wéi yī	hé zhòng wèi yī	cc-cedict	united as one/e pluribus unum
合眾銀行	hé zhòng yín háng	hé zhòng yín xíng	cc-cedict	Bancorp, a US bank
合而為一	hé ér wéi yī	hé ér wèi yī	cc-cedict	to merge together (idiom); to unify disparate elements into one whole
吉人天相	jí rén tiān xiàng	jí rén tiān xiāng	cc-cedict	see 吉人自有天相[ji2 ren2 zi4 you3 tian1 xiang4]
吉卜賽人	jí bǔ sài rén	jí bo sài rén	cc-cedict	Gypsy
吊兒郎當	diào r láng dāng	diào ér láng dāng	cc-cedict	sloppy
同歸於盡	tóng guī yú jìn	tóng guī yú jǐn	cc-cedict	to die in such a way that sb (or sth) else also perishes/to take sb down with oneself/to end in mutual destruction
名譽掃地	míng yù sǎo dì	míng yù sǎo de	cc-cedict	to be thoroughly discredited/to fall into disrepute
吐槽大會	tù cáo dà huì	tǔ cáo dà huì	cc-cedict	Roast! (PRC comedy series)
否極泰來	pǐ jí tài lái	fǒu jí tài lái	cc-cedict	extreme sorrow turns to joy (idiom)
吧啦吧啦	bā lā bā lā	ba la ba la	cc-cedict	(loanword) blah blah blah
含情脈脈	hán qíng mò mò	hán qíng mài mài	cc-cedict	full of tender feelings (idiom); tender-hearted
吱吱嘎嘎	zī zī gā gā	zhī zhī gā gā	cc-cedict	(onom.) creaking and grating
呀呀學語	yā yā xué yǔ	ya ya xué yǔ	cc-cedict	see 咿呀學語|咿呀学语[yi1 ya1 xue2 yu3]
告老還鄉	gào lǎo huán xiāng	gào lǎo hái xiāng	cc-cedict	(idiom) to retire from official service due to old age and return to one's hometown
呢呢癡癡	ní ní chī chī	ne ne chī chī	cc-cedict	docile
呢喃細語	ní nán xì yǔ	ne nán xì yǔ	cc-cedict	whispering in a low voice (idiom); murmuring
呱呱墜地	gū gū zhuì dì	gū gū zhuì de	cc-cedict	(idiom) (of a baby) to enter the world with a loud cry; to be born
呱呱墮地	gū gū duò dì	gū gū duò de	cc-cedict	see 呱呱墜地|呱呱坠地[gu1 gu1 zhui4 di4]
呲牙咧嘴	zī yá liě zuǐ	cī yá liě zuǐ	cc-cedict	variant of 齜牙咧嘴|龇牙咧嘴[zi1 ya2 lie3 zui3]
味同嚼蠟	wèi tóng jiáo là	wèi tóng jué là	cc-cedict	lit. tastes as if one is chewing wax (idiom)/fig. tasteless; insipid
呼來喝去	hū lái hè qù	hū lái hē qù	cc-cedict	to call to come and shout to go (idiom); to yell orders/always bossing people around
呼天搶地	hū tiān qiāng dì	hū tiān qiǎng de	cc-cedict	(idiom) to cry out to heaven and knock one's head against the ground (as an expression of anguish)
和平共處	hé píng gòng chǔ	hé píng gòng chù	cc-cedict	peaceful coexistence of nations, societies etc
和田地區	hé tián dì qū	hé tián de qū	cc-cedict	Hotan, prefecture in Xinjiang Uyghur Autonomous Region 新疆維吾爾自治區|新疆维吾尔自治区[Xin1 jiang1 Wei2 wu2 er3 Zi4 zhi4 qu1]
和睦相處	hé mù xiāng chǔ	hé mù xiāng chù	cc-cedict	to live in harmony/to get along with each other
和記黃埔	hé jì huáng pǔ	hé jì huáng bù	cc-cedict	Hutchison Whampoa (former investment holding company based in Hong Kong, founded in 1863, defunct in 2015)
咖啡館兒	kā fēi guǎn r	kā fēi guǎn ér	cc-cedict	erhua form of 咖啡館|咖啡馆[ka1 fei1 guan3]
咬文嚼字	yǎo wén jiáo zì	yǎo wén jué zì	cc-cedict	to bite words and chew characters (idiom); punctilious about minutiae of wording
咬舌自盡	yǎo shé zì jìn	yǎo shé zì jǐn	cc-cedict	to commit suicide by biting off one's tongue
咬著耳朵	yǎo zhe ěr duo	yǎo zhù ěr duǒ	cc-cedict	whispering in sb's ear
咭咭呱呱	jī jī guā guā	jī jī gū gū	cc-cedict	(onom.) giggling noise
咸與維新	xián yù wéi xīn	xián yǔ wéi xīn	cc-cedict	everyone participates in reforms (idiom)/to replace the old with new/to reform and start afresh
咿呀學語	yī yā xué yǔ	yī ya xué yǔ	cc-cedict	(of a baby) to babble
哈佛大學	hā fó dà xué	hā fú dà xué	cc-cedict	Harvard University
哩哩啦啦	lī lī lā lā	lī lī la la	cc-cedict	scattered/intermittent/sporadic/on and off/stop and go
哩哩羅羅	lī lī luō luō	lī lī luó luó	cc-cedict	endless mumbling (onom.)/verbose and incomprehensible/talking endlessly
哪兒的話	nǎ r de huà	nǎ ér de huà	cc-cedict	(coll.) not at all (humble expression denying compliment)/don't mention it
哼兒哈兒	hēng r hā r	hēng ér hā ér	cc-cedict	to hem and haw (loanword)
唏哩嘩啦	xī li huā lā	xī lī huā la	cc-cedict	variant of 稀里嘩啦|稀里哗啦[xi1 li5 hua1 la1]
唏里嘩啦	xī li huā lā	xī lǐ huā la	cc-cedict	variant of 稀里嘩啦|稀里哗啦[xi1 li5 hua1 la1]
唱高調兒	chàng gāo diào r	chàng gāo diào ér	cc-cedict	erhua variant of 唱高調|唱高调[chang4 gao1 diao4]
唾面自乾	tuò miàn zì gān	tuò miàn zì qián	cc-cedict	to be spat on in the face and let it dry by itself, not wiping it off (idiom); to turn the other cheek/to drain the cup 
商人銀行	shāng rén yín háng	shāng rén yín xíng	cc-cedict	merchant bank
商業應用	shāng yè yìng yòng	shāng yè yīng yòng	cc-cedict	business application
商業行為	shāng yè xíng wéi	shāng yè xíng wèi	cc-cedict	business activity/commercial activity
商業銀行	shāng yè yín háng	shāng yè yín xíng	cc-cedict	commercial bank
啟應祈禱	qǐ yìng qí dǎo	qǐ yīng qí dǎo	cc-cedict	Introitus (section of Catholic mass)
啦啦隊長	lā lā duì zhǎng	la la duì zhǎng	cc-cedict	cheerleader
啼饑號寒	tí jī háo hán	tí jī hào hán	cc-cedict	(idiom) to cry from hunger and cold; to suffer extreme poverty
喀什噶爾	kā shí gá ěr	kā shén gá ěr	cc-cedict	Kashgar or Qeshqer (Chinese Kashi) in the west of Xinjiang near Kyrgyzstan
喀什地區	kā shí dì qū	kā shén de qū	cc-cedict	Kashgar, prefecture in Xinjiang Uyghur Autonomous Region 新疆維吾爾自治區|新疆维吾尔自治区[Xin1 jiang1 Wei2 wu2 er3 Zi4 zhi4 qu1]
喀啦喀啦	kā lā kā lā	kā la kā la	cc-cedict	(onom.) clank
喀拉汗國	kā lā hán guó	kā lā hàn guó	cc-cedict	Karakhan Dynasty of central Asia, 8th-10th century
善罷干休	shàn bà gān xiū	shàn bà gàn xiū	cc-cedict	variant of 善罷甘休|善罢甘休[shan4 ba4 gan1 xiu1]
善自為謀	shàn zì wéi móu	shàn zì wèi móu	cc-cedict	to be good at working for one's own profit (idiom)
喇叭水仙	lā bā shuǐ xiān	lǎ bā shuǐ xiān	cc-cedict	daffodil
喜不自禁	xǐ bù zì jīn	xǐ bù zì jìn	cc-cedict	unable to contain one's joy (idiom)
喪失殆盡	sàng shī dài jìn	sàng shī dài jǐn	cc-cedict	to be used up/to be exhausted
喪盡天良	sàng jìn tiān liáng	sàng jǐn tiān liáng	cc-cedict	devoid of conscience (idiom); utterly heartless
單反相機	dān fǎn xiàng jī	dān fǎn xiāng jī	cc-cedict	single-lens reflex camera (SLR)
單口相聲	dān kǒu xiàng shēng	dān kǒu xiāng shēng	cc-cedict	comic monologue/one-person comic sketch
單眼相機	dān yǎn xiàng jī	dān yǎn xiāng jī	cc-cedict	single-lens reflex camera (Tw)
嗓子眼兒	sǎng zi yǎn r	sǎng zǐ yǎn ér	cc-cedict	erhua variant of 嗓子眼[sang3 zi5 yan3]
嘆為觀止	tàn wéi guān zhǐ	tàn wèi guān zhǐ	cc-cedict	(idiom) to gasp in amazement/to acclaim as the peak of perfection
嘉柏隆里	jiā bó lóng lǐ	jiā bǎi lóng lǐ	cc-cedict	(Tw) Gaborone, capital of Botswana
嘗盡心酸	cháng jìn xīn suān	cháng jǐn xīn suān	cc-cedict	to experience one's full share of sorrows (idiom)
嘩兒嘩兒	huá r huá r	huā ér huā ér	cc-cedict	(dialect) sound used to call cats
嘩啦一聲	huā lā yī shēng	huā la yī shēng	cc-cedict	with a crash/with a thunderous noise
嘩眾取寵	huá zhòng qǔ chǒng	huā zhòng qǔ chǒng	cc-cedict	sensationalism/vulgar claptrap to please the crowds/playing to the gallery/demagogy
嘰哩咕嚕	jī li gū lū	jī lī gū lǔ	cc-cedict	(onom.) to jabber/to rumble
嘰里咕嚕	jī li gū lū	jī lǐ gū lǔ	cc-cedict	see 嘰哩咕嚕|叽哩咕噜[ji1 li5 gu1 lu1]
噯氣吞酸	ǎi qì tūn suān	āi qì tūn suān	cc-cedict	(TCM) belching and acid reflux
噯氣嘔逆	ǎi qì ǒu nì	āi qì ǒu nì	cc-cedict	belching and retching counterflow (medical term)
噯氣腐臭	ǎi qì fǔ chòu	āi qì fǔ chòu	cc-cedict	putrid belching (medical term)
噯氣酸腐	ǎi qì suān fǔ	āi qì suān fǔ	cc-cedict	belching of sour putrid gas (medical term)
噯腐吞酸	ǎi fǔ tūn suān	āi fǔ tūn suān	cc-cedict	putrid belching with regurgitation of stomach acid (medical term)
噴薄欲出	pēn bó yù chū	pēn báo yù chū	cc-cedict	to be on the verge of eruption (idiom)/(of the sun) to emerge in all its brilliance
噼里啪啦	pī li pā lā	pī lǐ pā la	cc-cedict	(onom.) crackling of firecrackers; pitter-patter of rain; burst of applause
嚴了眼兒	yán le yǎn r	yán le yǎn ér	cc-cedict	up to the eyeballs/full to overflowing/jampacked
四大盆地	sì dà pén dì	sì dà pén de	cc-cedict	four great basin depressions of China, namely: Tarim 塔里木盆地 in south Xinjiang, Jungar 準葛爾盆地|准葛尔盆地 and Tsaidam or Qaidam 柴
四川盆地	sì chuān pén dì	sì chuān pén de	cc-cedict	Sichuan basin
四海為家	sì hǎi wéi jiā	sì hǎi wèi jiā	cc-cedict	to regard the four corners of the world all as home (idiom)/to feel at home anywhere/to roam about unconstrained/to cons
四鄰八舍	sì lín bā shè	sì lín bā shě	cc-cedict	(idiom) the whole neighborhood
回信地址	huí xìn dì zhǐ	huí xìn de zhǐ	cc-cedict	return address
因地制宜	yīn dì zhì yí	yīn de zhì yí	cc-cedict	(idiom) to use methods in line with local circumstances
因果報應	yīn guǒ bào yìng	yīn guǒ bào yīng	cc-cedict-buddhist	(Buddhism) retribution/karma
囤積居奇	tún jī jū qí	dùn jī jū qí	cc-cedict	to hoard and profiteer/to speculate
圈地運動	quān dì yùn dòng	quān de yùn dòng	cc-cedict	Enclosure Movement
國定假日	guó dìng jià rì	guó dìng jiǎ rì	cc-cedict	national holiday
圖像處理	tú xiàng chǔ lǐ	tú xiàng chù lǐ	cc-cedict	image processing
圖窮匕見	tú qióng bǐ xiàn	tú qióng bǐ jiàn	cc-cedict	(lit.) the assassin's dagger, concealed in a map scroll, is suddenly revealed when the map is unrolled (referring to the
團體冠軍	tuán tǐ guàn jūn	tuán tǐ guān jūn	cc-cedict	group championship
土地改革	tǔ dì gǎi gé	tǔ de gǎi gé	cc-cedict	land reform
土地資源	tǔ dì zī yuán	tǔ de zī yuán	cc-cedict	land resources
地下通道	dì xià tōng dào	de xià tōng dào	cc-cedict	underground passage; underpass
地下錢莊	dì xià qián zhuāng	de xià qián zhuāng	cc-cedict	underground bank/illegal private bank/loan shark
地下鐵路	dì xià tiě lù	de xià tiě lù	cc-cedict	subway
地主家庭	dì zhǔ jiā tíng	de zhǔ jiā tíng	cc-cedict	land-owning household
地主階級	dì zhǔ jiē jí	de zhǔ jiē jí	cc-cedict	the landlord class
地久天長	dì jiǔ tiān cháng	de jiǔ tiān zhǎng	cc-cedict	see 天長地久|天长地久[tian1 chang2 di4 jiu3]
地利人和	dì lì rén hé	de lì rén hé	cc-cedict	favorable geographical and social conditions (idiom); good location and the people satisfied
地動山搖	dì dòng shān yáo	de dòng shān yáo	cc-cedict	the earth quaked, the mountains shook (idiom); a tremendous battle
地勤人員	dì qín rén yuán	de qín rén yuán	cc-cedict	(airport) ground crew
地區差價	dì qū chā jià	de qū chà jià	cc-cedict	local differences in price/regional price variation
地區法院	dì qū fǎ yuàn	de qū fǎ yuàn	cc-cedict	regional court
地區經濟	dì qū jīng jì	de qū jīng jì	cc-cedict	local economy/regional economy
地區衝突	dì qū chōng tū	de qū chōng tū	cc-cedict	local or regional confrontation
地地道道	dì dì dào dào	de de dào dào	cc-cedict	thoroughgoing/authentic/100%/to the core
地塞米松	dì sài mǐ sōng	de sāi mǐ sōng	cc-cedict	dexamethasone
地外文明	dì wài wén míng	de wài wén míng	cc-cedict	extraterrestrial civilization
地大物博	dì dà wù bó	de dà wù bó	cc-cedict	vast territory with abundant resources (idiom)
地廣人稀	dì guǎng rén xī	de guǎng rén xī	cc-cedict	vast, but sparsely populated
地心吸力	dì xīn xī lì	de xīn xī lì	cc-cedict	Earth's gravitational pull
地心引力	dì xīn yǐn lì	de xīn yǐn lì	cc-cedict	Earth's gravity
地心緯度	dì xīn wěi dù	de xīn wěi dù	cc-cedict	geocentric latitude (i.e. angle between the equatorial plane and straight line from center of the earth)
地方主義	dì fāng zhǔ yì	de fāng zhǔ yì	cc-cedict	regionalism/favoring one's local region
地方戲曲	dì fāng xì qǔ	de fāng xì qū	cc-cedict	local Chinese opera, such as Shaoxing opera 越劇|越剧[Yue4 ju4], Sichuan opera 川劇|川剧[Chuan1 ju4], Henan opera 豫劇|豫剧[Yu4 ju4]
地方法院	dì fāng fǎ yuàn	de fāng fǎ yuàn	cc-cedict	county court/district court
地方自治	dì fāng zì zhì	de fāng zì zhì	cc-cedict	local autonomy/home rule
地殼運動	dì qiào yùn dòng	de ké yùn dòng	cc-cedict	(geotectonics) crustal movement; diastrophism
地毯拖鞋	dì tǎn tuō xié	de tǎn tuō xié	cc-cedict	carpet slippers
地熱資源	dì rè zī yuán	de rè zī yuán	cc-cedict	geothermal resources
地熱電站	dì rè diàn zhàn	de rè diàn zhàn	cc-cedict	geothermal electric power station
地牛翻身	dì niú fān shēn	de niú fān shēn	cc-cedict	(Tw) (coll.) earthquake (According to a folk tale, earthquakes are caused by the occasional movements of an ox that live
地狹人稠	dì xiá rén chóu	de xiá rén chóu	cc-cedict	(idiom) small and densely populated
地獄笑話	dì yù xiào huà	de yù xiào huà	cc-cedict	(coll.) transgressive humor that treats tragedy, suffering, or other morally sensitive topics as jokes (implying that la
地球化學	dì qiú huà xué	de qiú huà xué	cc-cedict	geochemistry
地球物理	dì qiú wù lǐ	de qiú wù lǐ	cc-cedict	geophysics
地球磁場	dì qiú cí chǎng	de qiú cí chǎng	cc-cedict	earth's magnetic field
地球科學	dì qiú kē xué	de qiú kē xué	cc-cedict	earth science
地球軌道	dì qiú guǐ dào	de qiú guǐ dào	cc-cedict	Earth orbit (orbit of a satellite around the Earth)/Earth's orbit (orbit of the Earth around the Sun)
地理位置	dì lǐ wèi zhi	de lǐ wèi zhì	cc-cedict	geographical location
地理學家	dì lǐ xué jiā	de lǐ xué jiā	cc-cedict	geographer
地理定位	dì lǐ dìng wèi	de lǐ dìng wèi	cc-cedict	geolocation
地理緯度	dì lǐ wěi dù	de lǐ wěi dù	cc-cedict	geographic latitude (i.e. angle between the equatorial plane and the normal to the reference ellipsoid)
地產大亨	dì chǎn dà hēng	de chǎn dà hēng	cc-cedict	Monopoly (game)/known as 大富翁[Da4 fu4 weng1] in PRC
地窄人稠	dì zhǎi rén chóu	de zhǎi rén chóu	cc-cedict	see 地狹人稠|地狭人稠[di4 xia2 ren2 chou2]
地緣戰略	dì yuán zhàn lüè	de yuán zhàn lüè	cc-cedict	geostrategic
地緣政治	dì yuán zhèng zhì	de yuán zhèng zhì	cc-cedict	geopolitics/geopolitical
地老天荒	dì lǎo tiān huāng	de lǎo tiān huāng	cc-cedict	see 天荒地老[tian1 huang1 di4 lao3]
地藏菩薩	dì zàng pú sà	de cáng pú sà	cc-cedict-buddhist	Kṣitigarbha Bodhisattva, the Bodhisattva of the Great Vow (to save all souls before accepting Bodhi)/also translated Ear
地角天涯	dì jiǎo tiān yá	de jiǎo tiān yá	cc-cedict	The ends of the earth
地質學家	dì zhì xué jiā	de zhì xué jiā	cc-cedict	geologist
地質年表	dì zhì nián biǎo	de zhì nián biǎo	cc-cedict	geological time scale
地震學家	dì zhèn xué jiā	de zhèn xué jiā	cc-cedict	seismologist/earthquake scientist
地震烈度	dì zhèn liè dù	de zhèn liè dù	cc-cedict	earthquake intensity (measure of its destructive power)
地震速報	dì zhèn sù bào	de zhèn sù bào	cc-cedict	real-time report of earthquake data/earthquake alert
地面控制	dì miàn kòng zhì	de miàn kòng zhì	cc-cedict	ground control (of airborne or space operation)
地面氣壓	dì miàn qì yā	de miàn qì yā	cc-cedict	ground pressure
地面灌溉	dì miàn guàn gài	de miàn guàn gài	cc-cedict	surface irrigation
地面部隊	dì miàn bù duì	de miàn bù duì	cc-cedict	ground troops
地面零點	dì miàn líng diǎn	de miàn líng diǎn	cc-cedict	Ground Zero (refers to the site of the World Trade Center destroyed in 9-11-2001 attack)
地面零點	dì miàn líng diǎn	de miàn líng diǎn	cc-cedict	ground zero
坑蒙拐騙	kēng mēng guǎi piàn	kēng méng guǎi piàn	cc-cedict	(idiom) to swindle, scam and deceive
垂死掙扎	chuí sǐ zhēng zhá	chuí sǐ zhēng zhā	cc-cedict	deathbed struggle/final struggle (idiom)
埋天怨地	mán tiān yuàn dì	mái tiān yuàn de	cc-cedict	lit. to blame the heavens and reproach the earth/fig. to rave and rant
基地組織	jī dì zǔ zhī	jī de zǔ zhī	cc-cedict	Al-Qaeda
堆案盈几	duī àn yíng jī	duī àn yíng jǐ	cc-cedict	lit. piles of work and papers (idiom); fig. accumulated backlog of work
報應不爽	bào yìng bù shuǎng	bào yīng bù shuǎng	cc-cedict	divine retribution is unfailing (idiom)/one is inevitably punished for one's misdeeds
場區應急	chǎng qū yìng jí	chǎng qū yīng jí	cc-cedict	site area emergency (nuclear facility emergency classification)
場外應急	chǎng wài yìng jí	chǎng wài yīng jí	cc-cedict	general emergency (or "off-site emergency") (nuclear facility emergency classification)
塊兒八毛	kuài r bā máo	kuài ér bā máo	cc-cedict	one yuan or less/around 80 cents or one dollar
塔城地區	tǎ chéng dì qū	tǎ chéng de qū	cc-cedict	Tarbaĝatay, prefecture in Xinjiang Uyghur Autonomous Region 新疆維吾爾自治區|新疆维吾尔自治区[Xin1 jiang1 Wei2 wu2 er3 Zi4 zhi4 qu1]
塔塔兒人	tǎ tǎ r rén	tǎ tǎ ér rén	cc-cedict	Tartar (person)
塞內加爾	sài nèi jiā ěr	sāi nèi jiā ěr	cc-cedict	Senegal
塞哥維亞	sài gē wéi yà	sāi gē wéi yà	cc-cedict	Segovia (city in Spain)
塞拉利昂	sài lā lì áng	sāi lā lì áng	cc-cedict	Sierra Leone
塞拉耶佛	sài lā yē fó	sāi lā yé fú	cc-cedict	(Tw) Sarajevo, capital of Bosnia and Herzegovina
塞浦路斯	sài pǔ lù sī	sāi pǔ lù sī	cc-cedict	Cyprus
塞爾特語	sài ěr tè yǔ	sāi ěr tè yǔ	cc-cedict	Celtic language
塞爾維亞	sài ěr wéi yà	sāi ěr wéi yà	cc-cedict	Serbia/Taiwan pr. [Se4er3wei2ya4]
塞維利亞	sài wéi lì yà	sāi wéi lì yà	cc-cedict	Seville, city in Andalusia, Spain
塞翁失馬	sài wēng shī mǎ	sāi wēng shī mǎ	cc-cedict	lit. the old man lost his horse, but it all turned out for the best (idiom)/fig. a blessing in disguise/it's an ill wind
塞萬提斯	sài wàn tí sī	sāi wàn tí sī	cc-cedict	Miguel de Cervantes Saavedra (1547–1616), Spanish novelist, poet and playwright, author of Don Quixote 堂吉訶德|堂吉诃德[Tang2 j
塞韋里諾	sài wéi lǐ nuò	sāi wéi lǐ nuò	cc-cedict	(name) Severino
壓軸好戲	yā zhòu hǎo xì	yā zhóu hǎo xì	cc-cedict	see 壓軸戲|压轴戏[ya1 zhou4 xi4]
壽命不長	shòu mìng bù cháng	shòu mìng bù zhǎng	cc-cedict	one's days are numbered/not to have long to live (often fig.)
夕發朝至	xī fā zhāo zhì	xī fā cháo zhì	cc-cedict	to depart in the evening and arrive the next morning/overnight (train)
外孫女兒	wài sūn nǚ r	wài sūn nǚ ér	cc-cedict	granddaughter (one's daughter's daughter)
外強中乾	wài qiáng zhōng gān	wài qiáng zhōng qián	cc-cedict	strong in appearance but weak in reality (idiom)
夙興夜寐	sù xīng yè mèi	sù xìng yè mèi	cc-cedict	to rise early and sleep late (idiom); to work hard/to study diligently/to burn the candle at both ends
多災多難	duō zāi duō nàn	duō zāi duō nán	cc-cedict	to be plagued with misfortunes/precarious
多站地址	duō zhàn dì zhǐ	duō zhàn de zhǐ	cc-cedict	multicast address/multistation address
多那太羅	duō nǎ tài luó	duō nà tài luó	cc-cedict	Donatello (c. 1386-1466)/Donato di Niccolò di Betto Bardi, famous early Renaissance painter and sculptor
多重國籍	duō chóng guó jí	duō zhòng guó jí	cc-cedict	dual nationality
多重結局	duō chóng jié jú	duō zhòng jié jú	cc-cedict	alternate ending/multiple endings
多錢善賈	duō qián shàn gǔ	duō qián shàn jiǎ	cc-cedict	much capital, good business (idiom); fig. good trading conditions
多難興邦	duō nàn xīng bāng	duō nán xìng bāng	cc-cedict	much hardships may awaken a nation (idiom); calamity that prompts renewal
大便乾燥	dà biàn gān zào	dà biàn qián zào	cc-cedict	constipated
大動干戈	dà dòng gān gē	dà dòng gàn gē	cc-cedict	lit. to go to war (idiom)/fig. to make a big fuss over sth
大地之歌	dà dì zhī gē	dà de zhī gē	cc-cedict	Das Lied von der Erde (Song of the Earth)
大大咧咧	dà dà liē liē	dà dà liě liě	cc-cedict	(idiom) carefree; offhand; casual
大家夥兒	dà jiā huǒ r	dà jiā huǒ ér	cc-cedict	(coll.) everyone; all of us; you folks
大尾巴狼	dà yǐ ba láng	dà wěi bā láng	cc-cedict	(coll.) person who puts on an act: feigning ignorance, pretending to be solicitous, acting innocent etc
大排長龍	dà pái cháng lóng	dà pái zhǎng lóng	cc-cedict	to form a long queue (idiom)/(of cars) to be bumper to bumper
大有作為	dà yǒu zuò wéi	dà yǒu zuò wèi	cc-cedict	to accomplish much/to have good prospects/to have a promising future
大有可為	dà yǒu kě wéi	dà yǒu kě wèi	cc-cedict	with great prospects for the future (idiom); well worth doing
大模大樣	dà mú dà yàng	dà mó dà yàng	cc-cedict	boldly; ostentatiously/poised; self-assured/Taiwan pr. [da4 mo2 da4 yang4]
大溪豆乾	dà xī dòu gān	dà xī dòu qián	cc-cedict	dried tofu made in Daxi, a district of Taoyuan, Taiwan famous for its dried tofu 豆干[dou4 gan1]
大而無當	dà ér wú dàng	dà ér wú dāng	cc-cedict	grandiose but impractical (idiom)/large but of no real use
大腹便便	dà fù pián pián	dà fù biàn biàn	cc-cedict	big-bellied (idiom)/paunchy
大興土木	dà xīng tǔ mù	dà xìng tǔ mù	cc-cedict	to carry out large scale construction
大興安嶺	dà xīng ān lǐng	dà xìng ān lǐng	cc-cedict	see 大興安嶺地區|大兴安岭地区[Da4 xing1 an1 ling3 Di4 qu1]/see 大興安嶺山脈|大兴安岭山脉[Da4 xing1 an1 ling3 Shan1 mai4]
大興機場	dà xīng jī chǎng	dà xìng jī chǎng	cc-cedict	Beijing Daxing International Airport (PKX), nicknamed 海星機場|海星机场[hai3 xing1 ji1 chang3] because its terminal looks like a
大陸漂移	dà lù piāo yí	dà lù piào yí	cc-cedict	continental drift
大難不死	dà nàn bù sǐ	dà nán bù sǐ	cc-cedict	to just escape from calamity
大難臨頭	dà nàn lín tóu	dà nán lín tóu	cc-cedict	to be facing imminent calamity (idiom)/disaster is looming
大馬哈魚	dà mǎ hǎ yú	dà mǎ hā yú	cc-cedict	chum salmon
大麻哈魚	dà má hǎ yú	dà má hā yú	cc-cedict	see 大馬哈魚|大马哈鱼[da4 ma3 ha3 yu2]
天人感應	tiān rén gǎn yìng	tiān rén gǎn yīng	cc-cedict	interactions between heaven and mankind (Han Dynasty doctrine)
天公地道	tiān gōng dì dào	tiān gōng de dào	cc-cedict	absolutely fair and reasonable (idiom); equitable
天兵天將	tiān bīng tiān jiàng	tiān bīng tiān jiāng	cc-cedict	celestial troops and generals (idiom)/fig. superior forces
天南地北	tiān nán dì běi	tiān nán de běi	cc-cedict	(idiom) far apart/(idiom) from different places; from all over/(idiom) (to talk) about this and that
天地懸隔	tiān dì xuán gé	tiān de xuán gé	cc-cedict	lit. a gulf between heaven and earth (idiom)/fig. wide difference of opinion
天地玄黃	tiān dì xuán huáng	tiān de xuán huáng	cc-cedict	first line of the Thousand Character Classic 千字文[Qian1 zi4 wen2]
天地良心	tiān dì liáng xīn	tiān de liáng xīn	cc-cedict	in all honesty/truth to tell
天寒地凍	tiān hán dì dòng	tiān hán de dòng	cc-cedict	(idiom) bitterly cold; frigid
天崩地裂	tiān bēng dì liè	tiān bēng de liè	cc-cedict	heaven falls and earth rends (idiom); rocked by a major disaster/fig. violent revolution/major social upheaval
天差地別	tiān chā dì bié	tiān chà de bié	cc-cedict	(idiom) poles apart; as different as can be
天差地遠	tiān chā dì yuǎn	tiān chà de yuǎn	cc-cedict	poles apart (idiom)/entirely different
天懸地隔	tiān xuán dì gé	tiān xuán de gé	cc-cedict	see 天差地遠|天差地远[tian1 cha1 di4 yuan3]
天旋地轉	tiān xuán dì zhuàn	tiān xuán de zhuǎn	cc-cedict	the sky spins, the earth goes round (idiom); giddy with one's head spinning/fig. huge changes in the world
天災地孽	tiān zāi dì niè	tiān zāi de niè	cc-cedict	catastrophes and unnatural phenomena/Heaven-sent warnings
天煞孤星	tiān shà gū xīng	tiān shā gū xīng	cc-cedict	bane of others' existence
天經地義	tiān jīng dì yì	tiān jīng de yì	cc-cedict	lit. heaven's law and earth's principle (idiom); fig. right and proper/right and unalterable/a matter of course
天羅地網	tiān luó dì wǎng	tiān luó de wǎng	cc-cedict	inescapable net (idiom)/trap/dragnet
天翻地覆	tiān fān dì fù	tiān fān de fù	cc-cedict	sky and the earth turning upside down (idiom); fig. complete confusion/everything turned on its head
天荒地老	tiān huāng dì lǎo	tiān huāng de lǎo	cc-cedict	(idiom) until the end of time
天造地設	tiān zào dì shè	tiān zào de shè	cc-cedict	lit. made by Heaven and arranged by Earth(idiom)/ideal/perfect/(of a match) made in heaven/to be made for one another
天長地久	tiān cháng dì jiǔ	tiān zhǎng de jiǔ	cc-cedict	enduring while the world lasts (idiom)/eternal
天長日久	tiān cháng rì jiǔ	tiān zhǎng rì jiǔ	cc-cedict	after a long time (idiom)
天雨路滑	tiān yù lù huá	tiān yǔ lù huá	cc-cedict	roads are slippery due to rain (idiom)
太古洋行	tài gǔ yáng háng	tài gǔ yáng xíng	cc-cedict	Butterfield and Swire (Hong Kong bank)
太長不看	tài cháng bù kàn	tài zhǎng bù kàn	cc-cedict	(Internet slang) TL;DR
失調電壓	shī tiáo diàn yā	shī diào diàn yā	cc-cedict	offset voltage
夷為平地	yí wéi píng dì	yí wèi píng de	cc-cedict	to level/to raze to the ground
夾心餅乾	jiā xīn bǐng gān	jiā xīn bǐng qián	cc-cedict	sandwich cookie/(jocular) sb who is caught between two opposing parties; sb who is between the hammer and the anvil
夾腳拖鞋	jiá jiǎo tuō xié	jiā jiǎo tuō xié	cc-cedict	flip-flops
奉為圭臬	fèng wéi guī niè	fèng wèi guī niè	cc-cedict	to take as a guiding principle (idiom)
奏鳴曲式	zòu míng qǔ shì	zòu míng qū shì	cc-cedict	sonata form (one of the large-scale structures used in Western classical music)
奧切諾斯	ào qiē nuò sī	ào qiè nuò sī	cc-cedict	Oceanus, a Titan in Greek mythology
奧古斯都	ào gǔ sī dū	ào gǔ sī dōu	cc-cedict	Augustus (name)
奧維耶多	ào wéi yē duō	ào wéi yé duō	cc-cedict	Oviedo (Asturian: Uviéu), capital of Asturias in northwest Spain
奧西娜斯	ào xī nuó sī	ào xī nà sī	cc-cedict	Oceanus, a Titan in Greek mythology
女性厭惡	nǚ xìng yàn wù	nǚ xìng yàn è	cc-cedict	misogyny
好事之徒	hào shì zhī tú	hǎo shì zhī tú	cc-cedict	busybody
好吃懶做	hào chī lǎn zuò	hǎo chī lǎn zuò	cc-cedict	happy to partake but not prepared to do any work (idiom)/all take and no give
好大喜功	hào dà xǐ gōng	hǎo dà xǐ gōng	cc-cedict	to rejoice in grandiose deeds/to strive to achieve extraordinary things
好奇尚異	hào qí shàng yì	hǎo qí shàng yì	cc-cedict	to have a taste for the exotic (idiom)
好整以暇	hào zhěng yǐ xiá	hǎo zhěng yǐ xiá	cc-cedict	to be calm and unruffled in the midst of chaos or at a busy time (idiom)
好景不長	hǎo jǐng bù cháng	hǎo jǐng bù zhǎng	cc-cedict	a good thing doesn't last forever (idiom)
好為人師	hào wéi rén shī	hǎo wèi rén shī	cc-cedict	to like to lecture others (idiom)
好自為之	hǎo zì wéi zhī	hǎo zì wèi zhī	cc-cedict	to do one's best; to shape up; to fend for oneself/you're on your own
好色之徒	hào sè zhī tú	hǎo sè zhī tú	cc-cedict	lecher/womanizer/dirty old man
好逸惡勞	hào yì wù láo	hǎo yì è láo	cc-cedict	to love ease and comfort and hate work (idiom)
好酒貪杯	hào jiǔ tān bēi	hǎo jiǔ tān bēi	cc-cedict	fond of the bottle (idiom)
好高騖遠	hào gāo wù yuǎn	hǎo gāo wù yuǎn	cc-cedict	to bite off more than one can chew (idiom)/to aim too high
如其所好	rú qí suǒ hào	rú qí suǒ hǎo	cc-cedict	as one pleases (idiom)
如履薄冰	rú lǚ bó bīng	rú lǚ báo bīng	cc-cedict	(lit.) as if walking on thin ice (idiom)/(fig.) extremely cautious
如數家珍	rú shǔ jiā zhēn	rú shù jiā zhēn	cc-cedict	lit. as if enumerating one's family valuables (idiom)/fig. to be very familiar with a matter
如法炮製	rú fǎ páo zhì	rú fǎ pào zhì	cc-cedict	lit. to follow the recipe (idiom)/fig. to follow a set pattern
妄自菲薄	wàng zì fěi bó	wàng zì fēi báo	cc-cedict	to be unduly humble (idiom)/to undervalue oneself
委靡不振	wěi mǐ bù zhèn	wěi mí bù zhèn	cc-cedict	variant of 萎靡不振[wei3 mi3 bu4 zhen4]
威信掃地	wēi xìn sǎo dì	wēi xìn sǎo de	cc-cedict	to lose every scrap of reputation
威化餅乾	wēi huà bǐng gān	wēi huà bǐng qián	cc-cedict	wafer/wafer cookie
娉婷裊娜	pīng tíng niǎo nuó	pīng tíng niǎo nà	cc-cedict	(idiom) (of a woman) gorgeous and graceful; lithe and lovely
婚姻調解	hūn yīn tiáo jiě	hūn yīn diào jiě	cc-cedict	marriage counseling
孑孑為義	jié jié wéi yì	jié jié wèi yì	cc-cedict	petty favors
字裡行間	zì lǐ háng jiān	zì lǐ xíng jiān	cc-cedict	between the words and the lines (idiom); implied meaning/connotations
孝思不匱	xiào sī bù kuì	xiào sī bù guì	cc-cedict	to be forever filial (idiom)
守正不阿	shǒu zhèng bù ē	shǒu zhèng bù ā	cc-cedict	to be strictly just and impartial
安分守己	ān fèn shǒu jǐ	ān fēn shǒu jǐ	cc-cedict	to be content with one's lot (idiom)/to know one's place
安步當車	ān bù dàng chē	ān bù dāng chē	cc-cedict	to go on foot (idiom)/to do things at a leisurely pace
安營紮寨	ān yíng zhā zhài	ān yíng zā zhài	cc-cedict	to set up camp/Taiwan pr. [an1 ying2 zha2 zhai4]
完型填空	wán xíng tián kòng	wán xíng tián kōng	cc-cedict	cloze (pedagogy)
完形填空	wán xíng tián kòng	wán xíng tián kōng	cc-cedict	cloze (pedagogy)
宏觀調控	hóng guān tiáo kòng	hóng guān diào kòng	cc-cedict	macro-control
宏都拉斯	hóng dū lā sī	hóng dōu lā sī	cc-cedict	Honduras (Tw)
客戶應用	kè hù yìng yòng	kè hù yīng yòng	cc-cedict	client application
家庭地址	jiā tíng dì zhǐ	jiā tíng de zhǐ	cc-cedict	home address
家給人足	jiā jǐ rén zú	jiā gěi rén zú	cc-cedict	lit. each household provided for, enough for the individual (idiom); comfortably off
家長家短	jiā cháng jiā duǎn	jiā zhǎng jiā duǎn	cc-cedict	family goings-on
富商大賈	fù shāng dà gǔ	fù shāng dà jiǎ	cc-cedict	(idiom) tycoon; magnate
富商巨賈	fù shāng jù gǔ	fù shāng jù jiǎ	cc-cedict	(idiom) tycoon; magnate
寒蟬效應	hán chán xiào yìng	hán chán xiào yīng	cc-cedict	the chilling effect of a climate of fear in which people are afraid to speak their mind
寓意深長	yù yì shēn cháng	yù yì shēn zhǎng	cc-cedict	to have profound import (idiom); to be deeply significant
察察為明	chá chá wéi míng	chá chá wèi míng	cc-cedict	keenly observant of trivial details
寥寥可數	liáo liáo kě shǔ	liáo liáo kě shù	cc-cedict	(idiom) very few
實地訪視	shí dì fǎng shì	shí de fǎng shì	cc-cedict	onsite visit
實際應用	shí jì yìng yòng	shí jì yīng yòng	cc-cedict	practical application
寧左勿右	nìng zuǒ wù yòu	níng zuǒ wù yòu	cc-cedict	(of one's political views) to prefer left rather than right (idiom during the Cultural Revolution)
寧死不屈	nìng sǐ bù qū	níng sǐ bù qū	cc-cedict	rather die than submit (idiom)
寧缺勿濫	nìng quē wù làn	níng quē wù làn	cc-cedict	same as 寧缺毋濫|宁缺毋滥[ning4 que1 wu2 lan4]
寧缺毋濫	nìng quē wú làn	níng quē wú làn	cc-cedict	better to have nothing (than substandard choice) (idiom); would prefer to go without than accept shoddy option
審度時勢	shěn duó shí shì	shěn dù shí shì	cc-cedict	to examine and judge the situation
審時度勢	shěn shí duó shì	shěn shí dù shì	cc-cedict	to judge the hour and size up the situation/to take stock
寬大為懷	kuān dà wéi huái	kuān dà wèi huái	cc-cedict	magnanimous (idiom)/generous
寬心丸兒	kuān xīn wán r	kuān xīn wán ér	cc-cedict	erhua variant of 寬心丸|宽心丸[kuan1 xin1 wan2]
寶興歌鶇	bǎo xīng gē dōng	bǎo xìng gē dōng	cc-cedict	(bird species of China) Chinese thrush (Turdus mupinensis)
封妻蔭子	fēng qī yìn zǐ	fēng qī yīn zǐ	cc-cedict	(idiom) to bestow a title on the wife of a deserving official and make his son heir to his titles
射頻干擾	shè pín gān rǎo	shè pín gàn rǎo	cc-cedict	radio interference; RF interference
將伯之助	qiāng bó zhī zhù	jiāng bó zhī zhù	cc-cedict	assistance that one gets from another
專題地圖	zhuān tí dì tú	zhuān tí de tú	cc-cedict	thematic map
對口相聲	duì kǒu xiàng shēng	duì kǒu xiāng shēng	cc-cedict	comic crosstalk/formalized comic dialogue between two stand-up comics: funny man 逗哏[dou4 gen2] and straight man 捧哏[peng3
對牛彈琴	duì niú tán qín	duì niú dàn qín	cc-cedict	lit. to play the lute to a cow (idiom)/fig. offering a treat to an unappreciative audience/to cast pearls before swine/c
對稱破缺	duì chèn pò quē	duì chēng pò quē	cc-cedict	symmetry breaking (physics)
對稱空間	duì chèn kōng jiān	duì chēng kōng jiān	cc-cedict	symmetric space (math.)
小兩口兒	xiǎo liǎng kǒu r	xiǎo liǎng kǒu ér	cc-cedict	erhua variant of 小兩口|小两口[xiao3 liang3 kou3]
小心地滑	xiǎo xīn dì huá	xiǎo xīn de huá	cc-cedict	(used on signs) caution – wet floor (lit. "be careful, the floor is slippery")
小心眼兒	xiǎo xīn yǎn r	xiǎo xīn yǎn ér	cc-cedict	small-minded/petty/narrow-minded
小日本兒	xiǎo rì běn r	xiǎo rì běn ér	cc-cedict	erhua variant of 小日本[xiao3 Ri4 ben3]
小時候兒	xiǎo shí hou r	xiǎo shí hòu ér	cc-cedict	erhua variant of 小時候|小时候[xiao3 shi2 hou5]
小步舞曲	xiǎo bù wǔ qǔ	xiǎo bù wǔ qū	cc-cedict	minuet
小白臉兒	xiǎo bái liǎn r	xiǎo bái liǎn ér	cc-cedict	erhua variant of 小白臉|小白脸[xiao3 bai2 lian3]
少不更事	shào bù gēng shì	shǎo bù gèng shì	cc-cedict	(idiom) young and inexperienced; wet behind the ears
少不經事	shào bù jīng shì	shǎo bù jīng shì	cc-cedict	see 少不更事[shao4 bu4 geng1 shi4]
少兒不宜	shào ér bù yí	shǎo ér bù yí	cc-cedict	not suitable for children
少年之家	shào nián zhī jiā	shǎo nián zhī jiā	cc-cedict	children's center/children's club
少年老成	shào nián lǎo chéng	shǎo nián lǎo chéng	cc-cedict	accomplished though young/lacking youthful vigor
少男少女	shào nán shào nǚ	shǎo nán shǎo nǚ	cc-cedict	boys and girls/teenagers
少說為佳	shǎo shuō wéi jiā	shǎo shuō wèi jiā	cc-cedict	Few words are best./Brevity is the soul of wit.
尖酸刻薄	jiān suān kè bó	jiān suān kè báo	cc-cedict	sharp and unkind (words)
就地取材	jiù dì qǔ cái	jiù de qǔ cái	cc-cedict	to draw on local resources/using materials at hand
就地正法	jiù dì zhèng fǎ	jiù de zhèng fǎ	cc-cedict	to execute on the spot (idiom); summary execution/to carry out the law on the spot
尺短寸長	chǐ duǎn cùn cháng	chǐ duǎn cùn zhǎng	cc-cedict	abbr. for 尺有所短，寸有所長|尺有所短，寸有所长[chi3 you3 suo3 duan3 , cun4 you3 suo3 chang2]
尼勒克縣	ní lè kè xiàn	ní lēi kè xiàn	cc-cedict	Nilka, a county in Ili Kazakh Autonomous Prefecture 伊犁哈薩克自治州|伊犁哈萨克自治州[Yi1 li2 Ha1 sa4 ke4 Zi4 zhi4 zhou1], Xinjiang
屁股蹲兒	pì gu dūn r	pì gǔ dūn ér	cc-cedict	(dialect) a fall on the buttocks/pratfall
居民點兒	jū mín diǎn r	jū mín diǎn ér	cc-cedict	variant of 居民點|居民点[ju1 min2 dian3]
屈指可數	qū zhǐ kě shǔ	qū zhǐ kě shù	cc-cedict	(lit.) can be counted on one's fingers (idiom)/(fig.) very few
層見疊出	céng xiàn dié chū	céng jiàn dié chū	cc-cedict	(idiom) to occur frequently; to occur repeatedly
層見迭出	céng xiàn dié chū	céng jiàn dié chū	cc-cedict	variant of 層見疊出|层见叠出[ceng2 xian4 die2 chu1]
山地同胞	shān dì tóng bāo	shān de tóng bāo	cc-cedict	(dated) Taiwanese indigenous peoples/Taiwanese aborigine
山巒重疊	shān luán chóng dié	shān luán zhòng dié	cc-cedict	overlapping ranges of high mountains (idiom)
山窮水盡	shān qióng shuǐ jìn	shān qióng shuǐ jǐn	cc-cedict	mountain and river exhausted (idiom); at the end of the line/nowhere to go
山長水遠	shān cháng shuǐ yuǎn	shān zhǎng shuǐ yuǎn	cc-cedict	(idiom) long and arduous journey
山高水長	shān gāo shuǐ cháng	shān gāo shuǐ zhǎng	cc-cedict	high as the mountain and long as the river (idiom); fig. noble and far-reaching
崛地而起	jué dì ér qǐ	jué de ér qǐ	cc-cedict	lit. arising suddenly above the level ground (idiom); sudden emergence of prominent new feature
工商銀行	gōng shāng yín háng	gōng shāng yín xíng	cc-cedict	Industrial and Commercial Bank of China
工礦用地	gōng kuàng yòng dì	gōng kuàng yòng de	cc-cedict	industrial and mining area
左右為難	zuǒ yòu wéi nán	zuǒ yòu wèi nán	cc-cedict	(idiom) between a rock and a hard place/in a dilemma
左鄰右舍	zuǒ lín yòu shè	zuǒ lín yòu shě	cc-cedict	neighbors/next-door neighbors/related work units/colleagues doing related work
巨海扇蛤	jù hǎi shàn gé	jù hǎi shàn há	cc-cedict	great scallop (Pecten maxiumus)/king scallop
差一點兒	chà yī diǎn r	chà yī diǎn ér	cc-cedict	erhua variant of 差一點|差一点[cha4 yi1 dian3]
差不離兒	chà bù lí r	chà bù lí ér	cc-cedict	erhua variant of 差不離|差不离[cha4 bu4 li2]
差分方程	chā fēn fāng chéng	chà fēn fāng chéng	cc-cedict	difference equation (math.)
差動齒輪	chā dòng chǐ lún	chà dòng chǐ lún	cc-cedict	differential gear
差強人意	chā qiáng rén yì	chà qiáng rén yì	cc-cedict	(idiom) just passable/barely satisfactory
差額選舉	chā é xuǎn jǔ	chà é xuǎn jǔ	cc-cedict	competitive election (i.e. with more candidates than seats)
巴勒斯坦	bā lè sī tǎn	bā lēi sī tǎn	cc-cedict	Palestine
巴塞羅那	bā sài luó nà	bā sāi luó nà	cc-cedict	Barcelona, Spain
巴塞隆納	bā sài lóng nà	bā sāi lóng nà	cc-cedict	(Tw) Barcelona, Spain
巴巴結結	bā bā jiē jiē	bā bā jié jié	cc-cedict	to manage with difficulty/only just getting by/in a difficult position
巴爾的摩	bā ěr dì mó	bā ěr de mó	cc-cedict	Baltimore (place name, surname etc)
巴耶利巴	bā yē lì bā	bā yé lì bā	cc-cedict	Paya Lebar, a place in Singapore
巴馬乾酪	bā mǎ gān lào	bā mǎ qián lào	cc-cedict	Parmesan cheese
布干維爾	bù gān wéi ěr	bù gàn wéi ěr	cc-cedict	Bougainville, Papua New Guinea
布氏非鯽	bù shì fēi jì	bù shì fēi zéi	cc-cedict	zebra tilapia/Tilapia buttikoferi (zoology)
布隆伯格	bù lōng bó gé	bù lóng bó gé	cc-cedict	Blumberg or Bloomberg (name)
布魯塞爾	bù lǔ sài ěr	bù lǔ sāi ěr	cc-cedict	Brussels, capital of Belgium
席地而坐	xí dì ér zuò	xí de ér zuò	cc-cedict	(idiom) to sit on the ground or the floor
席地而睡	xí dì ér shuì	xí de ér shuì	cc-cedict	to sleep on the ground
帶薪休假	dài xīn xiū jià	dài xīn xiū jiǎ	cc-cedict	paid leave
常年累月	cháng nián lěi yuè	cháng nián lèi yuè	cc-cedict	variant of 長年累月|长年累月[chang2 nian2 lei3 yue4]
平地起家	píng dì qǐ jiā	píng de qǐ jiā	cc-cedict	to start from scratch (idiom)
平鋪直敘	píng pū zhí xù	píng pù zhí xù	cc-cedict	(idiom) (neutral) to narrate in a plain, unaffected manner; (mildly critical) to recount events in a flat, colorless sty
年少無知	nián shào wú zhī	nián shǎo wú zhī	cc-cedict	(idiom) young and inexperienced; unsophisticated
年輕有為	nián qīng yǒu wéi	nián qīng yǒu wèi	cc-cedict	young and promising
幸運餅乾	xìng yùn bǐng gān	xìng yùn bǐng qián	cc-cedict	fortune cookie
幾何拓撲	jǐ hé tuò pū	jǐ hé tà pū	cc-cedict	(math.) geometric topology
幾可亂真	jī kě luàn zhēn	jǐ kě luàn zhēn	cc-cedict	to seem almost genuine/easily mistaken for the real thing
庫爾勒市	kù ěr lè shì	kù ěr lēi shì	cc-cedict	Korla, a county-level city in Bayingolin Mongol Autonomous Prefecture 巴音郭楞蒙古自治州[Ba1 yin1 guo1 leng2 Meng3 gu3 Zi4 zhi4 z
康巴地區	kāng bā dì qū	kāng bā de qū	cc-cedict	former Tibetan province of Kham, now split between Tibet and Sichuan
康巴藏區	kāng bā zàng qū	kāng bā cáng qū	cc-cedict	former Kham province of Tibet, now split between Tibet and Sichuan
廈門大學	xià mén dà xué	shà mén dà xué	cc-cedict	Xiamen University
廣播地址	guǎng bō dì zhǐ	guǎng bō de zhǐ	cc-cedict	broadcast address
建築工人	jiàn zhù gōng rén	jiàn zhú gōng rén	cc-cedict	construction worker/builder
弓長嶺區	gōng cháng lǐng qū	gōng zhǎng lǐng qū	cc-cedict	Gongchangling, a district of Liaoyang City 遼陽市|辽阳市[Liao2 yang2 Shi4], Liaoning
引以為傲	yǐn yǐ wéi ào	yǐn yǐ wèi ào	cc-cedict	to be intensely proud of sth (idiom)
引以為憾	yǐn yǐ wéi hàn	yǐn yǐ wèi hàn	cc-cedict	to consider sth regrettable (idiom)
引以為戒	yǐn yǐ wéi jiè	yǐn yǐ wèi jiè	cc-cedict	to take sth as a warning (idiom)/to draw a lesson from a case where things turned out badly
引以為榮	yǐn yǐ wéi róng	yǐn yǐ wèi róng	cc-cedict	to regard it as an honor (idiom)
引以為鑑	yǐn yǐ wéi jiàn	yǐn yǐ wèi jiàn	cc-cedict	to take a lesson from (an adverse experience)
引吭高歌	yǐn háng gāo gē	yǐn kēng gāo gē	cc-cedict	to sing at the top of one's voice (idiom)
弦鳴樂器	xián míng yuè qì	xián míng lè qì	cc-cedict	string instrument
弱不禁風	ruò bù jīn fēng	ruò bù jìn fēng	cc-cedict	(lit.) too weak to stand up to the wind (idiom)/(fig.) extremely delicate; fragile
張勳復辟	zhāng xūn fù bì	zhāng xūn fù pì	cc-cedict	Manchu Restoration of 1917, an attempt by General Zhang Xun 張勳|张勋[Zhang1 Xun1] to reinstate the monarchy in China by res
強人所難	qiǎng rén suǒ nán	qiáng rén suǒ nán	cc-cedict	to force someone to do something
強詞奪理	qiǎng cí duó lǐ	qiáng cí duó lǐ	cc-cedict	to twist words and force logic (idiom)/sophistry/loud rhetoric making up for fallacious argument/shoving false arguments
強買強賣	qiǎng mǎi qiǎng mài	qiáng mǎi qiáng mài	cc-cedict	to force sb to buy or sell/to trade using coercion
強辯到底	qiǎng biàn dào dǐ	qiáng biàn dào dǐ	cc-cedict	to argue endlessly/to try to have the last word
強迫勞動	qiǎng pò láo dòng	qiáng pò láo dòng	cc-cedict	forced labor (as punishment in criminal case)
強迫觀念	qiǎng pò guān niàn	qiáng pò guān niàn	cc-cedict	compelling notion/obsession
強顏歡笑	qiǎng yán huān xiào	qiáng yán huān xiào	cc-cedict	to pretend to look happy/to force oneself to smile
彈丸之地	dàn wán zhī dì	dàn wán zhī de	cc-cedict	(idiom) tiny speck of land; small area
彈冠相慶	tán guān xiāng qìng	dàn guān xiāng qìng	cc-cedict	lit. to flick dust off sb's cap (idiom); to celebrate an official appointment/to congratulate and celebrate (promotion, 
彈射座椅	tán shè zuò yǐ	dàn shè zuò yǐ	cc-cedict	ejection seat
彈射座艙	tán shè zuò cāng	dàn shè zuò cāng	cc-cedict	ejection capsule (cabin)
彈性形變	tán xìng xíng biàn	dàn xìng xíng biàn	cc-cedict	elastic deformation
彈性模量	tán xìng mó liàng	dàn xìng mó liàng	cc-cedict	modulus of elasticity/coefficient of restitution
彈指之間	tán zhǐ zhī jiān	dàn zhǐ zhī jiān	cc-cedict	(idiom) in a flash; instantly
彈撥樂器	tán bō yuè qì	dàn bō lè qì	cc-cedict	plucked string instrument/CL:件[jian4]
彈痕累累	dàn hén lěi lěi	dàn hén lèi lèi	cc-cedict	bullet-riddled
彈盡援絕	dàn jìn yuán jué	dàn jǐn yuán jué	cc-cedict	out of ammunition and no hope of reinforcements (idiom); in desperate straits
彈盡糧絕	dàn jìn liáng jué	dàn jǐn liáng jué	cc-cedict	out of ammunition and no food left (idiom); in desperate straits
彈簧墊圈	tán huáng diàn quān	dàn huáng diàn quān	cc-cedict	spring washer
彌勒菩薩	mí lè pú sà	mí lēi pú sà	cc-cedict-buddhist	Maitreya Bodhisattva
彰善癉惡	zhāng shàn dàn è	zhāng shàn dān è	cc-cedict	to distinguish good and evil (idiom); to uphold virtue and condemn evil/to praise good and expose vice
影像處理	yǐng xiàng chǔ lǐ	yǐng xiàng chù lǐ	cc-cedict	image processing
彼得格勒	bǐ dé gé lè	bǐ dé gé lēi	cc-cedict	Petrograd (former name of Saint Petersburg 聖彼得堡|圣彼得堡[Sheng4 bi3 de2 bao3])
往泥裡踩	wǎng nì lǐ cǎi	wǎng ní lǐ cǎi	cc-cedict	to belittle/to attack sb
後翻筋斗	hòu fān jīn dǒu	hòu fān jīn dòu	cc-cedict	backward somersault
得心應手	dé xīn yìng shǒu	dé xīn yīng shǒu	cc-cedict	lit. what the heart wishes, the hand accomplishes (idiom) skilled at the job/entirely in one's element/going smoothly an
從長計議	cóng cháng jì yì	cóng zhǎng jì yì	cc-cedict	(idiom) to take one's time making a decision; to consider at length
復興時代	fù xīng shí dài	fù xìng shí dài	cc-cedict	the Renaissance
微創手術	wēi chuāng shǒu shù	wēi chuàng shǒu shù	cc-cedict	minimally invasive surgery
微處理器	wēi chǔ lǐ qì	wēi chù lǐ qì	cc-cedict	microprocessor
微處理機	wēi chǔ lǐ jī	wēi chù lǐ jī	cc-cedict	microprocessor
徵名責實	zhēng míng zé shí	zhǐ míng zé shí	cc-cedict	to seek out the real nature based on the name (idiom); to judge sth at face value
德勒巴克	dé lè bā kè	dé lēi bā kè	cc-cedict	Drøbak (city in Akershus, Norway)
德勒斯登	dé lè sī dēng	dé lēi sī dēng	cc-cedict	(Tw) Dresden, capital of Saxony, Germany
德累斯頓	dé léi sī dùn	dé lèi sī dùn	cc-cedict	Dresden, capital of Saxony 薩克森州|萨克森州[Sa4 ke4 sen1 Zhou1], Germany
德薄能鮮	dé bó néng xiǎn	dé báo néng xiān	cc-cedict	little virtue and meager abilities (idiom); I'm a humble person and not much use at anything (Song writer Ouyang Xiu 歐陽修
心事重重	xīn shì chóng chóng	xīn shì zhòng zhòng	cc-cedict	to have a lot on one's mind/to be laden with anxiety
心地善良	xīn dì shàn liáng	xīn de shàn liáng	cc-cedict	kindhearted/good-natured
心寬體胖	xīn kuān tǐ pán	xīn kuān tǐ pàng	cc-cedict	big-hearted and serene (idiom); contented and easygoing
心廣體胖	xīn guǎng tǐ pán	xīn guǎng tǐ pàng	cc-cedict	big-hearted and serene (idiom); contended and easygoing
心急火燎	xīn jí huǒ liǎo	xīn jí huǒ liáo	cc-cedict	see 心急如焚[xin1 ji2 ru2 fen2]
心拙口夯	xīn zhuō kǒu bèn	xīn zhuō kǒu hāng	cc-cedict	variant of 心拙口笨[xin1 zhuo1 kou3 ben4]
心神不屬	xīn shén bù zhǔ	xīn shén bù shǔ	cc-cedict	see 心不在焉[xin1 bu4 zai4 yan1]
心肌梗塞	xīn jī gěng sè	xīn jī gěng sāi	cc-cedict	(Tw) myocardial infarction; heart attack
心電感應	xīn diàn gǎn yìng	xīn diàn gǎn yīng	cc-cedict	telepathy
心靈感應	xīn líng gǎn yìng	xīn líng gǎn yīng	cc-cedict	telepathy
必和必拓	bì huó bì tuò	bì hé bì tà	cc-cedict	BHP Billiton (Anglo-Australian mining corporation)
忍俊不禁	rěn jùn bù jīn	rěn jùn bù jìn	cc-cedict	cannot help laughing/unable to restrain a smile
忍飢挨餓	rěn jī ái è	rěn jī āi è	cc-cedict	starving/famished
怎麼得了	zěn me dé liǎo	zěn me dé le	cc-cedict	how can this be?/what's to be done?/what an awful mess!
思維地圖	sī wéi dì tú	sī wéi de tú	cc-cedict	mind map
思覺失調	sī jué shī tiáo	sī jué shī diào	cc-cedict	psychosis
急人之難	jí rén zhī nàn	jí rén zhī nán	cc-cedict	anxious to help others resolve difficulties (idiom)
急公好義	jí gōng hào yì	jí gōng hǎo yì	cc-cedict	public-spirited
性別角色	xìng bié jué sè	xìng bié jiǎo sè	cc-cedict	gender role
怪模怪樣	guài mú guài yàng	guài mó guài yàng	cc-cedict	outlandish/strange-looking/grotesque
恐怖分子	kǒng bù fèn zǐ	kǒng bù fēn zǐ	cc-cedict	terrorist
恐怖片兒	kǒng bù piān r	kǒng bù piàn ér	cc-cedict	erhua variant of 恐怖片[kong3 bu4 pian4]
恒生銀行	héng shēng yín háng	héng shēng yín xíng	cc-cedict	Hang Seng Bank, Hong Kong
恣意妄為	zì yì wàng wéi	zì yì wàng wèi	cc-cedict	to behave unscrupulously
恰如其分	qià rú qí fèn	qià rú qí fēn	cc-cedict	(idiom) appropriate/apt/just right
悄無聲息	qiǎo wú shēng xī	qiāo wú shēng xī	cc-cedict	quietly/noiselessly
悄然無聲	qiǎo rán wú shēng	qiāo rán wú shēng	cc-cedict	absolutely quiet
患難之交	huàn nàn zhī jiāo	huàn nán zhī jiāo	cc-cedict	a friend in times of tribulations (idiom); a friend in need is a friend indeed
悲歌當哭	bēi gē dàng kū	bēi gē dāng kū	cc-cedict	to sing instead of weep (idiom)
悶聲不響	mēn shēng bù xiǎng	mèn shēng bù xiǎng	cc-cedict	to keep silent
悶聲悶氣	mēn shēng mēn qì	mèn shēng mèn qì	cc-cedict	muffled
情不自禁	qíng bù zì jīn	qíng bù zì jìn	cc-cedict	(idiom) cannot refrain from; cannot help; cannot but
惡意中傷	è yì zhòng shāng	è yì zhōng shāng	cc-cedict	to slander maliciously
惡語中傷	è yǔ zhòng shāng	è yǔ zhōng shāng	cc-cedict	(idiom) to slander viciously
意味深長	yì wèi shēn cháng	yì wèi shēn zhǎng	cc-cedict	profound/significant/meaningful
意猶未盡	yì yóu wèi jìn	yì yóu wèi jǐn	cc-cedict	to wish to continue sth/to have not fully expressed oneself
愛樂樂團	ài yuè yuè tuán	ài lè lè tuán	cc-cedict	philharmonic orchestra
愛麗舍宮	ài lì shè gōng	ài lì shě gōng	cc-cedict	Elysée Palace, the residence of the president of the French Republic
感天動地	gǎn tiān dòng dì	gǎn tiān dòng de	cc-cedict	(idiom) deeply affecting
感應線圈	gǎn yìng xiàn quān	gǎn yīng xiàn quān	cc-cedict	induction coil/solenoid
感激不盡	gǎn jī bù jìn	gǎn jī bù jǐn	cc-cedict	can't thank sb enough (idiom)
愧悔無地	kuì huǐ wú dì	kuì huǐ wú de	cc-cedict	ashamed and unable to show one's face (idiom)
慈悲為本	cí bēi wéi běn	cí bēi wèi běn	cc-cedict-buddhist	mercy as the guiding principle (idiom); the Buddhist teaching that nothing is valid except compassion
應付自如	yìng fu zì rú	yīng fù zì rú	cc-cedict	to handle matters with ease (idiom)/to hold one's own
應付裕如	yìng fu yù rú	yīng fù yù rú	cc-cedict	handling any occasion smoothly (idiom); equal to any situation
應召女郎	yìng zhào nǚ láng	yīng zhào nǚ láng	cc-cedict	call girl
應天承運	yìng tiān chéng yùn	yīng tiān chéng yùn	cc-cedict	lit. to respond to heaven and suit the times (idiom); to rule according to the will of heaven/the Divine Right of kings
應天順時	yìng tiān shùn shí	yīng tiān shùn shí	cc-cedict	lit. to respond to heaven and suit the times (idiom); to rule according to the will of heaven/the Divine Right of kings
應對如流	yìng duì rú liú	yīng duì rú liú	cc-cedict	to respond fluently/to answer smartly
應急待命	yìng jí dài mìng	yīng jí dài mìng	cc-cedict	emergency standby/to be on standby
應急照射	yìng jí zhào shè	yīng jí zhào shè	cc-cedict	emergency exposure (nuclear energy)
應接不暇	yìng jiē bù xiá	yīng jiē bù xiá	cc-cedict	more than one can attend to (idiom)/deluged (with inquiries etc)/overwhelmed (by the beauty of the scenery)
應有盡有	yīng yǒu jìn yǒu	yīng yǒu jǐn yǒu	cc-cedict	everything that should be here is here (idiom); all one can think of is on hand/to have all one needs
應機立斷	yìng jī lì duàn	yīng jī lì duàn	cc-cedict	to act on an opportunity (idiom); to take prompt advantage of a situation
應激反應	yìng jī fǎn yìng	yīng jī fǎn yīng	cc-cedict	(physiological etc) stress
應用平台	yìng yòng píng tái	yīng yòng píng tái	cc-cedict	application platform (computing)
應用數學	yìng yòng shù xué	yīng yòng shù xué	cc-cedict	applied mathematics
應用物理	yìng yòng wù lǐ	yīng yòng wù lǐ	cc-cedict	applied physics
應用科學	yìng yòng kē xué	yīng yòng kē xué	cc-cedict	applied science
應用程序	yìng yòng chéng xù	yīng yòng chéng xù	cc-cedict	(computing) program/application
應用程式	yìng yòng chéng shì	yīng yòng chéng shì	cc-cedict	(Tw) (computing) program/application
應用軟件	yìng yòng ruǎn jiàn	yīng yòng ruǎn jiàn	cc-cedict	application software
應用軟體	yìng yòng ruǎn tǐ	yīng yòng ruǎn tǐ	cc-cedict	(Tw) application software
應縣木塔	yìng xiàn mù tǎ	yīng xiàn mù tǎ	cc-cedict	the timber pagoda of the Fogong Temple in Ying County, Shanxi, built in 1056 (Song dynasty)
應許之地	yīng xǔ zhī dì	yīng xǔ zhī de	cc-cedict	Promised Land
應試教育	yìng shì jiào yù	yīng shì jiào yù	cc-cedict	exam-oriented education; teaching to the test
應變管理	yìng biàn guǎn lǐ	yīng biàn guǎn lǐ	cc-cedict	change management (business)
應運而生	yìng yùn ér shēng	yīng yùn ér shēng	cc-cedict	to emerge to meet a historic destiny (idiom)/to arise at an opportune time/able to take advantage of an opportunity/to r
懸崖勒馬	xuán yá lè mǎ	xuán yá lēi mǎ	cc-cedict	lit. to rein in the horse at the edge of the precipice (idiom)/fig. to act in the nick of time
戇頭戇腦	gàng tóu gàng nǎo	zhuàng tóu zhuàng nǎo	cc-cedict	stupid (Wu dialect)
戈蘭高地	gē lán gāo dì	gē lán gāo de	cc-cedict	Golan Heights
成千累萬	chéng qiān lěi wàn	chéng qiān lèi wàn	cc-cedict	lit. by the thousands and tens of thousands (idiom); untold numbers/innumerable/thousands upon thousands
成吉思汗	chéng jí sī hán	chéng jí sī hàn	cc-cedict	Genghis Khan (1162-1227), founder and ruler of the Mongol Empire
成年累月	chéng nián lěi yuè	chéng nián lèi yuè	cc-cedict	year in, year out (idiom)
我勒個去	wǒ lè ge qù	wǒ lēi gè qù	cc-cedict	(slang) shoot!/crap!
截長補短	jié cháng bǔ duǎn	jié zhǎng bǔ duǎn	cc-cedict	take from the long to supplement the short (idiom)/to offset each other's deficiencies/to complement each other
戶限為穿	hù xiàn wéi chuān	hù xiàn wèi chuān	cc-cedict	to have an endless stream of visitors (idiom)
所作所為	suǒ zuò suǒ wéi	suǒ zuò suǒ wèi	cc-cedict	one's conduct and deeds
所向披靡	suǒ xiàng pī mǐ	suǒ xiàng pī mí	cc-cedict	(idiom) to sweep everything before one; to be invincible
扇尾沙錐	shān wěi shā zhuī	shàn wěi shā zhuī	cc-cedict	(bird species of China) common snipe (Gallinago gallinago)
扇風耳朵	shān fēng ěr duo	shàn fēng ěr duǒ	cc-cedict	protruding ears
手下敗將	shǒu xià bài jiàng	shǒu xià bài jiāng	cc-cedict	(idiom) one's defeated opponent
手不釋卷	shǒu bù shì juàn	shǒu bù shì juǎn	cc-cedict	lit. always with a book in hand (idiom)/fig. (of a student or scholar) diligent and hardworking
手眼協調	shǒu yǎn xié tiáo	shǒu yǎn xié diào	cc-cedict	hand-eye coordination
才高八斗	cái gāo bā dǒu	cái gāo bā dòu	cc-cedict	(idiom) of great talent
扎格羅斯	zā gé luó sī	zhā gé luó sī	cc-cedict	Zagros mountains of southwest Iran
扎爾達里	zā ěr dá lǐ	zhā ěr dá lǐ	cc-cedict	Asif Ali Zardari (1956-), Pakistani People's Party politician, widower of murdered Benazir Bhutto, president of Pakistan
扎魯特旗	zā lǔ tè qí	zhā lǔ tè qí	cc-cedict	Jarud banner or Jarud khoshuu in Tongliao 通遼|通辽[Tong1 liao2], Inner Mongolia
扒高踩低	pá gāo cǎi dī	bā gāo cǎi dī	cc-cedict	crawl high, step low (idiom); unprincipled crawling, flattering one's superiors and trampling on one's juniors/toadying 
打家劫舍	dǎ jiā jié shè	dǎ jiā jié shě	cc-cedict	to break into a house for robbery (idiom)
打擊樂器	dǎ jī yuè qì	dǎ jī lè qì	cc-cedict	percussion instrument
打響鼻兒	dǎ xiǎng bí r	dǎ xiǎng bí ér	cc-cedict	(of a horse etc) to snort
托勒密王	tuō lè mì wáng	tuō lēi mì wáng	cc-cedict	Ptolemy, kings of Egypt after the partition of Alexander the Great's Empire in 305 BC
扭虧為盈	niǔ kuī wéi yíng	niǔ kuī wèi yíng	cc-cedict	(idiom) to get into the black; to become profitable
扳不倒兒	bān bù dǎo r	bān bù dào ér	cc-cedict	(dialect) roly-poly toy
批哩啪啦	pī li pā lā	pī lī pā la	cc-cedict	variant of 噼里啪啦[pi1 li5 pa1 la1]
扼襟控咽	è jīn kòng yān	è jīn kòng yàn	cc-cedict	to secure a stranglehold (idiom); fig. to hold a strategic pass
找不著北	zhǎo bu zháo běi	zhǎo bù zhù běi	cc-cedict	to be confused and disoriented
找台階兒	zhǎo tái jiē r	zhǎo tái jiē ér	cc-cedict	to find an excuse/to look for a pretext
承銷價差	chéng xiāo jià chā	chéng xiāo jià chà	cc-cedict	underwriting spread
承銷利差	chéng xiāo lì chā	chéng xiāo lì chà	cc-cedict	underwriting spread
投其所好	tóu qí suǒ hào	tóu qí suǒ hǎo	cc-cedict	to adapt to sb's taste/to fit sb's fancy
投機倒把	tóu jī dǎo bǎ	tóu jī dào bǎ	cc-cedict	to engage in speculation and profiteering
投票地點	tóu piào dì diǎn	tóu piào de diǎn	cc-cedict	voting place
投資銀行	tóu zī yín háng	tóu zī yín xíng	cc-cedict	investment bank
拉卜楞寺	lā bǔ léng sì	lā bo léng sì	cc-cedict	Labrang Monastery, Tibetan: bLa-brang bkra-shis-'khyil, in Xiahe county 夏河縣|夏河县[Xia4 he2 Xian4], Gannan Tibetan Autonomo
拉後鉤兒	lā hòu gōu r	lā hòu gōu ér	cc-cedict	(dialect) to leave unfinished business
拐彎抹角	guǎi wān mò jiǎo	guǎi wān mǒ jiǎo	cc-cedict	lit. going round the curves and skirting the corners (idiom)/fig. to speak in a roundabout way/to equivocate/to beat abo
拓展視野	tuò zhǎn shì yě	tà zhǎn shì yě	cc-cedict	to broaden one's horizons
拓展訓練	tuò zhǎn xùn liàn	tà zhǎn xùn liàn	cc-cedict	outdoor education program
拓撲空間	tuò pū kōng jiān	tà pū kōng jiān	cc-cedict	(math.) topological space
拓撲結構	tuò pū jié gòu	tà pū jié gòu	cc-cedict	topological structure
拔地而起	bá dì ér qǐ	bá de ér qǐ	cc-cedict	(idiom) (of a building etc) to rise out of the ground
拔火罐兒	bá huǒ guàn r	bá huǒ guàn ér	cc-cedict	erhua variant of 拔火罐[ba2 huo3 guan4]
拖拖沓沓	tuō tuō tà tà	tuō tuō dá dá	cc-cedict	dragging one's feet
招降納叛	zhāo xiáng nà pàn	zhāo jiàng nà pàn	cc-cedict	to recruit surrendered enemy and deserters (idiom); to gather together a gang of villains
拜人為師	bài rén wéi shī	bài rén wèi shī	cc-cedict	to acknowledge as one's teacher
拼花地板	pīn huā dì bǎn	pīn huā de bǎn	cc-cedict	floor with tiled design
拾級而上	shè jí ér shàng	shí jí ér shàng	cc-cedict	to walk slowly up a flight of steps (idiom)
指腹為婚	zhǐ fù wéi hūn	zhǐ fù wèi hūn	cc-cedict	to propose the future marriage of two unborn babies on condition that one turns out to be a boy, and the other, a girl (
指鹿為馬	zhǐ lù wéi mǎ	zhǐ lù wèi mǎ	cc-cedict	making a deer out to be a horse (idiom); deliberate misrepresentation
挑三窩四	tiǎo sān wō sì	tiāo sān wō sì	cc-cedict	to sow discord everywhere
挑戰者號	tiǎo zhàn zhě hào	tiāo zhàn zhě hào	cc-cedict	Space Shuttle Challenger
挑撥是非	tiǎo bō shì fēi	tiāo bō shì fēi	cc-cedict	to incite a quarrel (idiom); to sow discord between people/to tell tales/to make mischief
挑撥離間	tiǎo bō lí jiàn	tiāo bō lí jiān	cc-cedict	to sow dissension (idiom); to drive a wedge between
挑燈夜戰	tiǎo dēng yè zhàn	tiāo dēng yè zhàn	cc-cedict	to raise a lantern and fight at night (idiom); fig. to work into the night/to burn the midnight oil
挑燈撥火	tiǎo dēng bō huǒ	tiāo dēng bō huǒ	cc-cedict	to sow discord/to provoke
挨凍受餓	ái dòng shòu è	āi dòng shòu è	cc-cedict	see 挨餓受凍|挨饿受冻[ai2 e4 shou4 dong4]
挨打受氣	ái dǎ shòu qì	āi dǎ shòu qì	cc-cedict	to suffer bullying and beating (idiom)
挨打受罵	ái dǎ shòu mà	āi dǎ shòu mà	cc-cedict	to suffer beatings and receive abuse (idiom)
挨飢抵餓	ái jī dǐ è	āi jī dǐ è	cc-cedict	to suffer from hunger
挨餓受凍	ái è shòu dòng	āi è shòu dòng	cc-cedict	(idiom) to go cold and hungry
捋臂揎拳	luō bì xuān quán	lǚ bì xuān quán	cc-cedict	lit. to push up one's sleeves and bare one's fists/to be eager to get started
捧腹絕倒	pěng fù jué dǎo	pěng fù jué dào	cc-cedict	to laugh until it hurts; to laugh heartily
捨車保帥	shě jū bǎo shuài	shě chē bǎo shuài	cc-cedict	rook sacrifice to save the king (in Chinese chess); fig. to protect a senior figure by blaming an underling/to pass the 
掀天揭地	xiān tiān jiē dì	xiān tiān jiē de	cc-cedict	earth-shattering
排山倒海	pái shān dǎo hǎi	pái shān dào hǎi	cc-cedict	lit. to topple the mountains and overturn the seas (idiom); earth-shattering/fig. gigantic/of spectacular significance
排憂解難	pái yōu jiě nàn	pái yōu jiě nán	cc-cedict	to resolve a difficult situation and leave worries behind (idiom)
排起長隊	pái qǐ cháng duì	pái qǐ zhǎng duì	cc-cedict	to form a long line (i.e. of people waiting)
排難解紛	pái nàn jiě fēn	pái nán jiě fēn	cc-cedict	to remove perils and solve disputes (idiom); to reconcile differences
揀佛燒香	jiǎn fó shāo xiāng	jiǎn fú shāo xiāng	cc-cedict	to choose which Buddha to burn incense to (idiom); fig. to curry favor from the right person
揚長而去	yáng cháng ér qù	yáng zhǎng ér qù	cc-cedict	to swagger off/to walk off (or drive off etc) without a second thought for those left behind
揚長避短	yáng cháng bì duǎn	yáng zhǎng bì duǎn	cc-cedict	to foster strengths and avoid weaknesses (idiom)/to play to one's strengths
搞花樣兒	gǎo huā yàng r	gǎo huā yàng ér	cc-cedict	erhua variant of 搞花樣|搞花样[gao3 hua1 yang4]
搭把手兒	dā bǎ shǒu r	dā bǎ shǒu ér	cc-cedict	erhua variant of 搭把手[da1 ba3 shou3]
搶風航行	qiāng fēng háng xíng	qiǎng fēng háng xíng	cc-cedict	to tack against the wind (sailing)
摳字眼兒	kōu zì yǎn r	kōu zì yǎn ér	cc-cedict	erhua variant of 摳字眼|抠字眼[kou1 zi4 yan3]
摸不著邊	mō bu zháo biān	mō bù zhù biān	cc-cedict	can't make head or tail of
撒都該人	sā dū gāi rén	sā dōu gāi rén	cc-cedict	Sadducees
撒馬爾干	sā mǎ ěr gān	sā mǎ ěr gàn	cc-cedict	Samarkand, Uzbekistan
撣邦高原	shàn bāng gāo yuán	dǎn bāng gāo yuán	cc-cedict	Shan plateau of east Myanmar (Burma)
撥弦樂器	bō xián yuè qì	bō xián lè qì	cc-cedict	plucked string or stringed instrument/plucked instrument
撩是生非	liáo shì shēng fēi	liāo shì shēng fēi	cc-cedict	to stir up trouble/to provoke angry exchange
撼天動地	hàn tiān dòng dì	hàn tiān dòng de	cc-cedict	earth-shaking
擄人勒贖	lǔ rén lè shú	lǔ rén lēi shú	cc-cedict	to kidnap for ransom
據為己有	jù wéi jǐ yǒu	jù wèi jǐ yǒu	cc-cedict	(idiom) to illegally take possession of; to appropriate
擢髮難數	zhuó fà nán shǔ	zhuó fà nán shù	cc-cedict	lit. as difficult to count as hair pulled from sb's head (idiom)/fig. innumerable (crimes)
擲地有聲	zhì dì yǒu shēng	zhì de yǒu shēng	cc-cedict	lit. if thrown on the floor, it will make a sound (idiom)/fig. (of one's words) powerful and resonating/to have substanc
攀高枝兒	pān gāo zhī r	pān gāo zhī ér	cc-cedict	erhua form of 攀高枝[pan1 gao1 zhi1]
收復失地	shōu fù shī dì	shōu fù shī de	cc-cedict	to recover lost territory
收購要約	shōu gòu yāo yuē	shōu gòu yào yuē	cc-cedict	takeover bid
攻城略地	gōng chéng lüè dì	gōng chéng lüè de	cc-cedict	to take cities and seize territories (idiom)
放熱反應	fàng rè fǎn yìng	fàng rè fǎn yīng	cc-cedict	exothermic reaction
政治避難	zhèng zhì bì nàn	zhèng zhì bì nán	cc-cedict	political asylum
故伎重演	gù jì chóng yǎn	gù jì zhòng yǎn	cc-cedict	to repeat an old stratagem/up to one's old tricks
故地重遊	gù dì chóng yóu	gù de zhòng yóu	cc-cedict	see 舊地重遊|旧地重游[jiu4 di4 chong2 you2]
教堂墓地	jiào táng mù dì	jiào táng mù de	cc-cedict	churchyard
敢作敢為	gǎn zuò gǎn wéi	gǎn zuò gǎn wèi	cc-cedict	(idiom) to stop at nothing; to dare to do anything
敢為人先	gǎn wéi rén xiān	gǎn wèi rén xiān	cc-cedict	to dare to be first/to pioneer (idiom)
散兵遊勇	sǎn bīng yóu yǒng	sàn bīng yóu yǒng	cc-cedict	lit. straggling and disbanded soldiers (idiom); fig. disorganized uncoordinated action
敲詐勒索	qiāo zhà lè suǒ	qiāo zhà lēi suǒ	cc-cedict	extortion and blackmail (idiom)
整年累月	zhěng nián lěi yuè	zhěng nián lèi yuè	cc-cedict	month after month, year after year/year in, year out
敵特分子	dí tè fèn zǐ	dí tè fēn zǐ	cc-cedict	enemy agent; spy (esp. from a hostile foreign power)
敷衍了事	fū yǎn liǎo shì	fū yǎn le shì	cc-cedict	(idiom) to do things half-heartedly; to merely go through the motions
敷衍塞責	fū yǎn sè zé	fū yǎn sāi zé	cc-cedict	(idiom) to skimp on the job; to work half-heartedly; not to take the job seriously
數一數二	shǔ yī shǔ èr	shù yī shù èr	cc-cedict	(idiom) reckoned to be best or second best; one of the very best/(idiom) to list one by one
數不勝數	shǔ bù shèng shǔ	shù bù shèng shù	cc-cedict	(idiom) too many to count; innumerable
數不過來	shǔ bù guò lái	shù bù guò lái	cc-cedict	can't manage to count/too many to count
數九寒天	shǔ jiǔ hán tiān	shù jiǔ hán tiān	cc-cedict	nine periods of nine days each after winter solstice, the coldest time of the year
數典忘祖	shǔ diǎn wàng zǔ	shù diǎn wàng zǔ	cc-cedict	to recount history but omit one's ancestors (idiom); to forget one's roots
數據處理	shù jù chǔ lǐ	shù jù chù lǐ	cc-cedict	data processing
數珠念佛	shǔ zhū niàn fó	shù zhū niàn fú	cc-cedict	to count one's prayer beads and chant Buddha's name (idiom)
數碼相機	shù mǎ xiàng jī	shù mǎ xiāng jī	cc-cedict	digital camera
數見不鮮	shuò jiàn bù xiān	shù jiàn bù xiān	cc-cedict	a common occurrence (idiom)
數黃道黑	shǔ huáng dào hēi	shù huáng dào hēi	cc-cedict	to enumerate what is black and yellow (idiom); to criticize sb behind his back to incite quarrels/also written 數黑論黃|数黑论黄
數黑論白	shǔ hēi lùn bái	shù hēi lùn bái	cc-cedict	to enumerate what is black and yellow (idiom); to criticize sb behind his back to incite quarrels/also written 數黑論黃|数黑论黄
數黑論黃	shǔ hēi lùn huáng	shù hēi lùn huáng	cc-cedict	to enumerate what is black and yellow (idiom); to criticize sb behind his back to incite quarrels
文字處理	wén zì chǔ lǐ	wén zì chù lǐ	cc-cedict	word processing
文攻武嚇	wén gōng wǔ hè	wén gōng wǔ xià	cc-cedict	(of a nation) to denounce and threaten with military force; to try to coerce
文書處理	wén shū chǔ lǐ	wén shū chù lǐ	cc-cedict	paperwork; clerical tasks/(Tw) word processing
文藝復興	wén yì fù xīng	wén yì fù xìng	cc-cedict	the Renaissance
斗筲之人	dǒu shāo zhī rén	dòu shāo zhī rén	cc-cedict	a small-minded person/a bean-counter
斗筲之器	dǒu shāo zhī qì	dòu shāo zhī qì	cc-cedict	person narrow-minded and shortsighted
斗筲之材	dǒu shāo zhī cái	dòu shāo zhī cái	cc-cedict	person of limited capacity
斗轉星移	dǒu zhuǎn xīng yí	dòu zhuǎn xīng yí	cc-cedict	lit. the Big Dipper 北斗星[Bei3 dou3 xing1] has turned and the stars have moved/time flies/also written 星移斗轉|星移斗转[xing1 yi2
斗酒隻雞	dǒu jiǔ zhī jī	dòu jiǔ zhī jī	cc-cedict	lit. a chicken and a bottle of wine (idiom); fig. ready to make an offering to the deceased, or to entertain guests
新斯科舍	xīn sī kē shè	xīn sī kē shě	cc-cedict	Nova Scotia province, Canada
新興產業	xīn xīng chǎn yè	xīn xìng chǎn yè	cc-cedict	emerging industry
方興未已	fāng xīng wèi yǐ	fāng xìng wèi yǐ	cc-cedict	flourishing and still in the ascendant (idiom); rapidly expanding/still growing strong/on the up
方興未艾	fāng xīng wèi ài	fāng xìng wèi ài	cc-cedict	flourishing and still in the ascendant (idiom); rapidly expanding/still growing strong/on the up
旅遊勝地	lǚ yóu shèng dì	lǚ yóu shèng de	cc-cedict	tourist destination; tourist attraction
旋轉對稱	xuán zhuǎn duì chèn	xuán zhuǎn duì chēng	cc-cedict	(geometry) rotational symmetry
日月重光	rì yuè chóng guāng	rì yuè zhòng guāng	cc-cedict	the sun and moon shine once more/fig. things get back to normal after an upheaval
日本銀行	rì běn yín háng	rì běn yín xíng	cc-cedict	Bank of Japan
日積月累	rì jī yuè lěi	rì jī yuè lèi	cc-cedict	to accumulate over a long period of time
日薄崦嵫	rì bó yān zī	rì báo yān zī	cc-cedict	lit. the sun sets in Yanzi (idiom)/fig. the day is drawing to an end/the last days (of a person, a dynasty etc)
日進斗金	rì jìn dǒu jīn	rì jìn dòu jīn	cc-cedict	(idiom) to rake in money; to make money hand over fist
昆都侖區	kūn dū lún qū	kūn dōu lún qū	cc-cedict	Hondlon, a district of Baotou City 包頭市|包头市[Bao1 tou2 Shi4], Inner Mongolia
明窗淨几	míng chuāng jìng jī	míng chuāng jìng jǐ	cc-cedict	lit. clear window and clean table (idiom); fig. bright and clean (room)
昏天黑地	hūn tiān hēi dì	hūn tiān hēi de	cc-cedict	lit. dark sky and black earth (idiom)/fig. pitch dark/to black out/disorderly/troubled times
昏定晨省	hūn dìng chén xǐng	hūn dìng chén shěng	cc-cedict	seeing to bed in the evening and visiting in the morning (ancient filial duty)
易卜拉欣	yì bǔ lā xīn	yì bo lā xīn	cc-cedict	(name) Ibrahim or Ebrahim/Ibrahim, a revered prophet in Islam, known as Abraham in the Judeo-Christian tradition
星移斗轉	xīng yí dǒu zhuǎn	xīng yí dòu zhuǎn	cc-cedict	lit. the Big Dipper 北斗星[Bei3 dou3 xing1] has turned and the stars have moved/time flies/also written 斗轉星移|斗转星移[Dou3 zhua
春秋三傳	chūn qiū sān zhuàn	chūn qiū sān chuán	cc-cedict	Three Commentaries on the Spring and Autumn Annals 春秋[Chun1 qiu1], including Mr Gongyang's annals 公羊傳|公羊传[Gong1 yang2 Zh
是非之地	shì fēi zhī dì	shì fēi zhī de	cc-cedict	trouble spot/sketchy area
昴宿星團	mǎo xiù xīng tuán	mǎo sù xīng tuán	cc-cedict	Pleiades M45
晃晃悠悠	huàng huang yōu yōu	huǎng huǎng yōu yōu	cc-cedict	swaying/wobbling
晨昏定省	chén hūn dìng xǐng	chén hūn dìng shěng	cc-cedict	morning and evening visits to parents/cf 昏定晨省[hun1 ding4 chen2 xing3]
普什圖語	pǔ shí tú yǔ	pǔ shén tú yǔ	cc-cedict	Pashtu (one of the languages of Afghanistan)
暈頭轉向	yūn tóu zhuàn xiàng	yūn tóu zhuǎn xiàng	cc-cedict	confused and disoriented
暴虎馮河	bào hǔ píng hé	bào hǔ féng hé	cc-cedict	lit. fight tigers with one's bare hands and wade across raging rivers (idiom)/fig. to display foolhardy courage
曲終奏雅	qǔ zhōng zòu yǎ	qū zhōng zòu yǎ	cc-cedict	perfect finish (idiom)
曲霉毒素	qǔ méi dú sù	qū méi dú sù	cc-cedict	aspergillus
曲高和寡	qǔ gāo hè guǎ	qū gāo hé guǎ	cc-cedict	difficult songs find few singers (idiom)/highbrow
曲麻萊縣	qǔ má lái xiàn	qū má lái xiàn	cc-cedict	Qumarlêb, a county in Yushu Tibetan Autonomous Prefecture 玉樹藏族自治州|玉树藏族自治州[Yu4 shu4 Zang4 zu2 Zi4 zhi4 zhou1], Qinghai
更僕難數	gēng pú nán shǔ	gèng pú nán shù	cc-cedict	too many to count/very many/innumerable
更新換代	gēng xīn huàn dài	gèng xīn huàn dài	cc-cedict	reform and renewal/generational change
更深人靜	gēng shēn rén jìng	gèng shēn rén jìng	cc-cedict	deep at night and all is quiet (idiom)
書不盡言	shū bù jìn yán	shū bù jǐn yán	cc-cedict	I have much more to say than can be written in this letter (conventional letter ending) (idiom)
曼切斯特	màn qiē sī tè	màn qiè sī tè	cc-cedict	Manchester/also written 曼徹斯特|曼彻斯特
曼珠沙華	màn zhū shā huā	màn zhū shā huá	cc-cedict-buddhist	red spider lily (Lycoris radiata)/Sanskrit mañjusaka/cluster amaryllis
曾外祖母	zēng wài zǔ mǔ	céng wài zǔ mǔ	cc-cedict	great-grandmother (mother's grandmother)
曾外祖父	zēng wài zǔ fù	céng wài zǔ fù	cc-cedict	great-grandfather (mother's grandfather)
曾祖父母	zēng zǔ fù mǔ	céng zǔ fù mǔ	cc-cedict	great-grandparents
會計制度	kuài jì zhì dù	huì jì zhì dù	cc-cedict	accounting system
會計科目	kuài jì kē mù	huì jì kē mù	cc-cedict	account
有一點兒	yǒu yī diǎn r	yǒu yī diǎn ér	cc-cedict	a bit/a little
有嘴沒舌	yǒu zuǐ mò shé	yǒu zuǐ méi shé	cc-cedict	struck dumb/speechless
有所作為	yǒu suǒ zuò wéi	yǒu suǒ zuò wèi	cc-cedict	(idiom) to achieve sth worthwhile; to make a positive contribution
有朝一日	yǒu zhāo yī rì	yǒu cháo yī rì	cc-cedict	one day/sometime in the future
有求必應	yǒu qiú bì yìng	yǒu qiú bì yīng	cc-cedict	to grant whatever is asked for/to accede to every plea
有為有守	yǒu wéi yǒu shǒu	yǒu wèi yǒu shǒu	cc-cedict	able to act while maintaining one's integrity (idiom)/also written 有守有為|有守有为[you3 shou3 you3 wei2]
有的放矢	yǒu dì fàng shǐ	yǒu de fàng shǐ	cc-cedict	lit. to have a target in mind when shooting one's arrows (idiom)/fig. to have a clear objective
有緣無分	yǒu yuán wú fèn	yǒu yuán wú fēn	cc-cedict	destined to meet but not fated to be together (idiom)
朋比為奸	péng bǐ wéi jiān	péng bǐ wèi jiān	cc-cedict	to conspire/to gang up
望洋興嘆	wàng yáng xīng tàn	wàng yáng xìng tàn	cc-cedict	(lit.) to gaze at the ocean and lament one's inadequacy (idiom)/(fig.) to feel powerless and incompetent (to perform a t
望而興嘆	wàng ér xīng tàn	wàng ér xìng tàn	cc-cedict	to sigh (in dismay, admiration etc)
朝三暮四	zhāo sān mù sì	cháo sān mù sì	cc-cedict	lit. say three in the morning but four in the evening (idiom); to change sth that is already settled upon/indecisive/to 
朝不保夕	zhāo bù bǎo xī	cháo bù bǎo xī	cc-cedict	at dawn, not sure of lasting to evening (idiom); precarious state/imminent crisis/living from hand to mouth
朝不慮夕	zhāo bù lǜ xī	cháo bù lǜ xī	cc-cedict	at dawn, not sure of lasting to evening (idiom); precarious state/imminent crisis/living from hand to mouth
朝乾夕惕	zhāo qián xī tì	cháo qián xī tì	cc-cedict	cautious and diligent all day long (idiom)
朝令夕改	zhāo lìng xī gǎi	cháo lìng xī gǎi	cc-cedict	to make frequent or unpredictable changes in policy (idiom)
朝夕相處	zhāo xī xiāng chǔ	cháo xī xiāng chù	cc-cedict	to spend all one's time together (idiom)
朝思暮想	zhāo sī mù xiǎng	cháo sī mù xiǎng	cc-cedict	to yearn for sth day and night (idiom)
朝日新聞	zhāo rì xīn wén	cháo rì xīn wén	cc-cedict	Asahi Shimbun (Japanese newspaper)
朝朝暮暮	zhāo zhāo mù mù	cháo cháo mù mù	cc-cedict	from dawn to dusk/all the time
朝氣蓬勃	zhāo qì péng bó	cháo qì péng bó	cc-cedict	full of youthful energy (idiom); vigorous/energetic/a bright spark
朝生暮死	zhāo shēng mù sǐ	cháo shēng mù sǐ	cc-cedict	lit. born in the morning and dying at dusk (idiom)/fig. ephemeral/transient
朝秦暮楚	zhāo qín mù chǔ	cháo qín mù chǔ	cc-cedict	serve Qin in the morning Chu in the evening (idiom); quick to switch sides
朝聞夕改	zhāo wén xī gǎi	cháo wén xī gǎi	cc-cedict	lit. heard in the morning and changed by the evening/to correct an error very quickly (idiom)
朝花夕拾	zhāo huā xī shí	cháo huā xī shí	cc-cedict	"Dawn Blossoms Plucked at Dusk", a collection of autobiographical essays by Lu Xun 魯迅|鲁迅[Lu3 Xun4]
朝過夕改	zhāo guò xī gǎi	cháo guò xī gǎi	cc-cedict	to correct in the evening a fault of the morning (idiom)/to quickly amend one's ways
朝陽產業	zhāo yáng chǎn yè	cháo yáng chǎn yè	cc-cedict	sunrise industry
朝露溘至	zhāo lù kè zhì	cháo lù kè zhì	cc-cedict	the morning dew will swiftly dissipate (idiom); fig. ephemeral and precarious nature of human existence
朝饔夕飧	zhāo yōng xī sūn	cháo yōng xī sūn	cc-cedict	(lit.) breakfast in the morning and supper in the evening (idiom)/(fig.) to do nothing but eat and drink
朝鮮八道	cháo xiǎn bā dào	cháo xiān bā dào	cc-cedict	the eight provinces of Yi dynasty Korea
朝鮮半島	cháo xiǎn bàn dǎo	cháo xiān bàn dǎo	cc-cedict	Korean Peninsula
朝鮮太宗	cháo xiǎn tài zōng	cháo xiān tài zōng	cc-cedict	King Taejong of Joseon Korea (1367–1422), reigned 1400–1418
朝鮮字母	cháo xiǎn zì mǔ	cháo xiān zì mǔ	cc-cedict	hangul, Korean phonetic alphabet/Korean letters
朝鮮戰爭	cháo xiǎn zhàn zhēng	cháo xiān zhàn zhēng	cc-cedict	Korean War (1950-1953)
朝鮮日報	cháo xiǎn rì bào	cháo xiān rì bào	cc-cedict	Chosun Ilbo, a South Korean newspaper
朝鮮核談	cháo xiǎn hé tán	cháo xiān hé tán	cc-cedict	talks on North Korea's nuclear program
朝鮮海峽	cháo xiǎn hǎi xiá	cháo xiān hǎi xiá	cc-cedict	Korea Strait/Tsushima Strait (between Japan and Korea)
木管樂器	mù guǎn yuè qì	mù guǎn lè qì	cc-cedict	woodwind instrument
木骨都束	mù gǔ dū shù	mù gǔ dōu shù	cc-cedict	Chinese name for African kingdom in Somalia, cf Mogadishu 摩加迪沙
未卜先知	wèi bǔ xiān zhī	wèi bo xiān zhī	cc-cedict	(idiom) to foresee the future (without divination); to know beforehand through uncanny insight
未知數兒	wèi zhī shù r	wèi zhī shù ér	cc-cedict	erhua variant of 未知數|未知数[wei4 zhi1 shu4]
未達一間	wèi dá yī jiàn	wèi dá yī jiān	cc-cedict	differing only slightly/not much between them
本徵向量	běn zhēng xiàng liàng	běn zhǐ xiàng liàng	cc-cedict	(math.) eigenvector
本本分分	běn běn fèn fèn	běn běn fēn fēn	cc-cedict	decorous/respectable
札馬剌丁	zhá mǎ lá dīng	zhá mǎ là dīng	cc-cedict	see 紮馬剌丁|扎马剌丁[Za1 ma3 la2 ding1]
朱雲折檻	zhū yún zhé jiàn	zhū yún zhé kǎn	cc-cedict	(idiom) Zhu Yun breaks the railing (Zhu Yun was a Han Dynasty official who accused the emperor's tutor of corruption, an
李氏朝鮮	lǐ shì cháo xiǎn	lǐ shì cháo xiān	cc-cedict	Joseon, last Korean dynasty (1392-1910)
杜塞道夫	dù sè dào fū	dù sāi dào fū	cc-cedict	(Tw) Düsseldorf (city in Germany)
杜漸防萌	dù jiān fáng méng	dù jiàn fáng méng	cc-cedict	to nip in the bud
杠杆收購	gàng gǎn shōu gòu	gàng gān shōu gòu	cc-cedict	leveraged buyout (LBO)
東亞銀行	dōng yà yín háng	dōng yà yín xíng	cc-cedict	Bank of East Asia
東倒西歪	dōng dǎo xī wāi	dōng dào xī wāi	cc-cedict	to lean unsteadily from side to side (idiom)/to sway/(of buildings etc) to lean at a crazy angle
東觀漢記	dōng guàn hàn jì	dōng guān hàn jì	cc-cedict	Dongguan Hanji, a history of the Eastern Han dynasty consisting of 143 volumes compiled by many 1st and 2nd century auth
松巴哇島	sōng bā wā dǎo	sōng bā wa dǎo	cc-cedict	Sumbawa, Indonesian island east of Java
板上釘釘	bǎn shàng dìng dīng	bǎn shàng dīng dīng	cc-cedict	that clinches it/that's final/no two ways about it
析毫剖釐	xī háo pōu lí	xī háo pōu xī	cc-cedict	to analyze in the finest detail
果實累累	guǒ shí léi léi	guǒ shí lèi lèi	cc-cedict	lit. prodigious abundance of fruit (idiom)/fruit hangs heavy on the bough/fig. countless accomplishments/one great resul
柏林圍牆	bó lín wéi qiáng	bǎi lín wéi qiáng	cc-cedict	Berlin Wall
柏蒂切利	bó dì qiè lì	bǎi dì qiè lì	cc-cedict	Sandro Botticelli (1445-1510) Italian painter of the Florentine school
柔佛海峽	róu fó hǎi xiá	róu fú hǎi xiá	cc-cedict	Straits of Johor (between Malaysia and Singapore)
柔情脈脈	róu qíng mò mò	róu qíng mài mài	cc-cedict	full of tender feelings (idiom); tender-hearted
栗頭地鶯	lì tóu dì yīng	lì tóu de yīng	cc-cedict	(bird species of China) chestnut-headed tesia (Cettia castaneocoronata)
核反應堆	hé fǎn yìng duī	hé fǎn yīng duī	cc-cedict	nuclear reactor
核電荷數	hé diàn hè shù	hé diàn hé shù	cc-cedict	electric charge on nucleus/atomic number
格子花呢	gé zi huā ní	gé zǐ huā ne	cc-cedict	tartan; plaid
桁楊刀鋸	háng yáng dāo jù	héng yáng dāo jù	cc-cedict	lit. stocks and knives/fig. any punishment equipment/torture instrument
桌面兒上	zhuō miàn r shàng	zhuō miàn ér shàng	cc-cedict	on the table/fig. everything open and above board
桑嬌維塞	sāng jiāo wéi sài	sāng jiāo wéi sāi	cc-cedict	Sangiovese (grape type)
桑給巴爾	sāng jǐ bā ěr	sāng gěi bā ěr	cc-cedict	Zanzibar
桴鼓相應	fú gǔ xiāng yìng	fú gǔ xiāng yīng	cc-cedict	lit. the hammer fits the drum (idiom); appropriate relation between the different parts/closely interrelated
條件反應	tiáo jiàn fǎn yìng	tiáo jiàn fǎn yīng	cc-cedict	conditioned response
棋高一著	qí gāo yī zhāo	qí gāo yī zhù	cc-cedict	to be a step ahead of the opponent (idiom)/to outsmart one's opponent
棒子麵兒	bàng zi miàn r	bàng zǐ miàn ér	cc-cedict	erhua variant of 棒子麵|棒子面[bang4 zi5 mian4]
棕頦噪鶥	zōng kē zào méi	zōng hái zào méi	cc-cedict	(bird species of China) rufous-chinned laughingthrush (Ianthocincla rufogularis)
森海塞爾	sēn hǎi sài ěr	sēn hǎi sāi ěr	cc-cedict	Sennheiser (brand)
棲棲遑遑	xī xī huáng huáng	qī qī huáng huáng	cc-cedict	(idiom) restless; unsettled
極右分子	jí yòu fèn zǐ	jí yòu fēn zǐ	cc-cedict	extreme right-winger
極端分子	jí duān fèn zǐ	jí duān fēn zǐ	cc-cedict	extremist
概念地圖	gài niàn dì tú	gài niàn de tú	cc-cedict	mind map
樂善好施	lè shàn hào shī	lè shàn hǎo shī	cc-cedict	kind and charitable
樂府詩集	yuè fǔ shī jí	lè fǔ shī jí	cc-cedict	Collection of Yuefu Songs and Ballads, compiled in the 11th century by Guo Maoqian 郭茂倩[Guo1 Mao4 qian4]
樹碑立傳	shù bēi lì zhuàn	shù bēi lì chuán	cc-cedict	lit. to erect a stele and write a biography (idiom)/to monumentalize/to glorify/to sing the praises of
橙頭地鶇	chéng tóu dì dōng	chéng tóu de dōng	cc-cedict	(bird species of China) orange-headed thrush (Geokichla citrina)
橡子麵兒	xiàng zi miàn r	xiàng zǐ miàn ér	cc-cedict	erhua variant of 橡子麵|橡子面[xiang4 zi5 mian4]
橫翻筋斗	héng fān jīn dǒu	héng fān jīn dòu	cc-cedict	to turn cartwheels
橫豎勁兒	héng shù jìn r	héng shù jìn ér	cc-cedict	firmness of determination
檻花籠鶴	jiàn huā lóng hè	kǎn huā lóng hè	cc-cedict	a flower in a cage, a crane in a basket (idiom); prisoner
櫻桃番茄	yīng táo fān qié	yīng táo fān jiā	cc-cedict	cherry tomato
權利要求	quán lì yāo qiú	quán lì yào qiú	cc-cedict	claim to rights (copyright, patent etc)
欺行霸市	qī háng bà shì	qī xíng bà shì	cc-cedict	(idiom) to dominate the market through unfair, coercive or monopolistic practices
歃血為盟	shà xuè wéi méng	shà xuè wèi méng	cc-cedict	to smear the lips with blood when taking an oath (idiom)/to swear a sacred oath
歐咪呀給	ōu mī yā gěi	ōu mī ya gěi	cc-cedict	(Tw) gift given when visiting sb (esp. a local specialty brought back from one's travels, or a special product of one's 
歐陽予倩	ōu yáng yú qiàn	ōu yáng yǔ qiàn	cc-cedict	Ouyang Yuqian (1889-1962), Chinese actor
歡天喜地	huān tiān xǐ dì	huān tiān xǐ de	cc-cedict	delighted/with great joy/in high spirits
止咳糖漿	zhǐ ké táng jiāng	zhǐ hāi táng jiāng	cc-cedict	cough suppressant syrup/cough mixture
正中下懷	zhèng zhòng xià huái	zhèng zhōng xià huái	cc-cedict	exactly what one wants
正中要害	zhèng zhòng yào hài	zhèng zhōng yào hài	cc-cedict	to hit the nail on the head (idiom)
正月初一	zhēng yuè chū yī	zhèng yuè chū yī	cc-cedict	New Year's Day in the lunar calendar
正當理由	zhèng dàng lǐ yóu	zhèng dāng lǐ yóu	cc-cedict	proper reason/reasonable grounds
正當防衛	zhèng dàng fáng wèi	zhèng dāng fáng wèi	cc-cedict	reasonable self-defense/legitimate defense
此時此地	cǐ shí cǐ dì	cǐ shí cǐ de	cc-cedict	here and now/as things stand
步斗踏罡	bù dǒu tà gāng	bù dòu tà gāng	cc-cedict	to worship the astral deities (idiom, refers to Daoist astrology)
步步為營	bù bù wéi yíng	bù bù wèi yíng	cc-cedict	to advance gradually and entrench oneself at every step/to consolidate at every step
步罡踏斗	bù gāng tà dǒu	bù gāng tà dòu	cc-cedict	to worship the astral deities (idiom, refers to Daoist astrology)
武裝分子	wǔ zhuāng fèn zǐ	wǔ zhuāng fēn zǐ	cc-cedict	armed fighter; gunman
歪打正著	wāi dǎ zhèng zháo	wāi dǎ zhèng zhù	cc-cedict	to succeed by a lucky stroke
歷史重演	lì shǐ chóng yǎn	lì shǐ zhòng yǎn	cc-cedict	history repeats itself
歷歷可數	lì lì kě shǔ	lì lì kě shù	cc-cedict	each one distinguishable
歷盡滄桑	lì jìn cāng sāng	lì jǐn cāng sāng	cc-cedict	to have been through the hardships of life/to have been through the mill
死心塌地	sǐ xīn tā dì	sǐ xīn tā de	cc-cedict	to be hell-bent on; dead set on sth; unswerving
死心眼兒	sǐ xīn yǎn r	sǐ xīn yǎn ér	cc-cedict	stubborn/obstinate/having a one-track mind
死心踏地	sǐ xīn tà dì	sǐ xīn tà de	cc-cedict	see 死心塌地[si3 xin1 ta1 di4]
死海古卷	sǐ hǎi gǔ juàn	sǐ hǎi gǔ juǎn	cc-cedict	Dead Sea Scrolls
死海經卷	sǐ hǎi jīng juàn	sǐ hǎi jīng juǎn	cc-cedict	Dead Sea Scrolls
殘兵敗將	cán bīng bài jiàng	cán bīng bài jiāng	cc-cedict	ruined army, defeated general (idiom); scattered remnants
殺出重圍	shā chū chóng wéi	shā chū zhòng wéi	cc-cedict	to force one's way out of encirclement; to break through
殼牌公司	qiào pái gōng sī	ké pái gōng sī	cc-cedict	Shell (oil company)
毀家紓難	huǐ jiā shū nàn	huǐ jiā shū nán	cc-cedict	to sacrifice one's wealth to save the state (idiom)
母音調和	mǔ yīn tiáo hé	mǔ yīn diào hé	cc-cedict	vowel harmony (in phonetics)
比什凱克	bǐ shí kǎi kè	bǐ shén kǎi kè	cc-cedict	Bishkek, capital of Kyrgyzstan
比佛利山	bǐ fó lì shān	bǐ fú lì shān	cc-cedict	Beverly Hills
毫釐不爽	háo lí bù shuǎng	háo xī bù shuǎng	cc-cedict	not to deviate an iota (idiom)/to be extremely accurate
民窮財盡	mín qióng cái jìn	mín qióng cái jǐn	cc-cedict	the people are impoverished, their means exhausted (idiom); to drive the nation to bankruptcy
民間音樂	mín jiān yīn yuè	mín jiān yīn lè	cc-cedict	folk music
氣不忿兒	qì bù fèn r	qì bù fèn ér	cc-cedict	furious/indignant
氣沖牛斗	qì chōng niú dǒu	qì chōng niú dòu	cc-cedict	(idiom) extremely angry; infuriated
氣貫長虹	qì guàn cháng hóng	qì guàn zhǎng hóng	cc-cedict	spirit reaches to the rainbow/full of noble aspiration and daring
氣鳴樂器	qì míng yuè qì	qì míng lè qì	cc-cedict	aerophone (music)
水刑逼供	shuǐ xíng bī gòng	shuǐ xíng bī gōng	cc-cedict	water-boarding, interrogation technique used by CIA
水底相機	shuǐ dǐ xiàng jī	shuǐ dǐ xiāng jī	cc-cedict	underwater camera
水滸全傳	shuǐ hǔ quán zhuàn	shuǐ hǔ quán chuán	cc-cedict	Water Margin or Outlaws of the Marsh by Shi Nai'an 施耐庵, one of the Four Classic Novels of Chinese literature/also writte
水滸後傳	shuǐ hǔ hòu zhuàn	shuǐ hǔ hòu chuán	cc-cedict	Water Margin Sequel, by Chen Chen 陳忱|陈忱[Chen2 Chen2]
水磨溝區	shuǐ mò gōu qū	shuǐ mó gōu qū	cc-cedict	Shuimogou, a district of Ürümqi City 烏魯木齊市|乌鲁木齐市[Wu1 lu3 mu4 qi2 Shi4], Xinjiang
永貞內禪	yǒng zhēn nèi shàn	yǒng zhēn nèi chán	cc-cedict	Yongzhen abdication of 805
求田問舍	qiú tián wèn shè	qiú tián wèn shě	cc-cedict	lit. to be interested exclusively in the acquisition of estate (idiom)/fig. to have no lofty aspirations in life
江郎才盡	jiāng láng cái jìn	jiāng láng cái jǐn	cc-cedict	Jiang Yan has exhausted his talent (idiom)/fig. to have used up one's creative powers/to have writer's block
汶川地震	wèn chuān dì zhèn	wèn chuān de zhèn	cc-cedict	Great Sichuan Earthquake (2008)
沈魚落雁	chén yú luò yàn	shěn yú luò yàn	cc-cedict	variant of 沉魚落雁|沉鱼落雁[chen2 yu2 luo4 yan4]
沉沒成本	chén mò chéng běn	chén méi chéng běn	cc-cedict	sunk cost (economics)
沉著應戰	chén zhuó yìng zhàn	chén zhù yīng zhàn	cc-cedict	to remain calm in the face of adversity (idiom)
沐猴而冠	mù hóu ér guàn	mù hóu ér guān	cc-cedict-buddhist	lit. a monkey wearing a hat (idiom)/fig. worthless person in imposing attire
沒人味兒	méi rén wèi r	méi rén wèi ér	cc-cedict	erhua variant of 沒人味|没人味[mei2 ren2 wei4]
沒完沒了	méi wán méi liǎo	méi wán méi le	cc-cedict	without end/incessantly/on and on
沒有止盡	méi yǒu zhǐ jìn	méi yǒu zhǐ jǐn	cc-cedict	endless
沒沒無聞	mò mò wú wén	méi méi wú wén	cc-cedict	variant of 默默無聞|默默无闻[mo4 mo4 wu2 wen2]
沒羞沒臊	méi xiū méi sào	méi xiū méi sāo	cc-cedict	shameless
沒齒不忘	mò chǐ bù wàng	méi chǐ bù wàng	cc-cedict	see 沒齒難忘|没齿难忘[mo4 chi3 nan2 wang4]
沒齒難忘	mò chǐ nán wàng	méi chǐ nán wàng	cc-cedict	hard to forget even after one's teeth fall out (idiom); to remember a benefactor as long as one lives/undying gratitude
沙加緬度	shā jiā miǎn duó	shā jiā miǎn dù	cc-cedict	Sacramento
油炸圈餅	yóu zhá quān bǐng	yóu zhà quān bǐng	cc-cedict	doughnut
沼澤地帶	zhǎo zé dì dài	zhǎo zé de dài	cc-cedict	marsh/swamp/everglade
沿岸地區	yán àn dì qū	yán àn de qū	cc-cedict	coastal area
沿海地區	yán hǎi dì qū	yán hǎi de qū	cc-cedict	coastland/coastal areas
泊松分佈	bó sōng fēn bù	pō sōng fēn bù	cc-cedict	Poisson distribution (in statistics)
法國長棍	fǎ guó cháng gùn	fǎ guó zhǎng gùn	cc-cedict	baguette
法外之地	fǎ wài zhī dì	fǎ wài zhī de	cc-cedict	lawless area
法爾卡什	fǎ ěr kǎ shí	fǎ ěr kǎ shén	cc-cedict	Farkas (Hungarian name)
法輪常轉	fǎ lún cháng zhuàn	fǎ lún cháng zhuǎn	cc-cedict-buddhist	(Buddhism) may the Dharma wheel turn forever; may the Buddhist teaching continue to spread
波羅的海	bō luó dì hǎi	bō luó de hǎi	cc-cedict	Baltic Sea
泥古不化	nì gǔ bù huà	ní gǔ bù huà	cc-cedict	conservative and unable to adapt (idiom)
泰山北斗	tài shān běi dǒu	tài shān běi dòu	cc-cedict	(lit.) Mount Tai and the Big Dipper (idiom)/(fig.) an outstanding figure in one's field
泰然處之	tài rán chǔ zhī	tài rán chù zhī	cc-cedict	to handle the situation calmly (idiom)/unruffled/to treat the situation lightly
洋場惡少	yáng chǎng è shào	yáng chǎng è shǎo	cc-cedict	a rich young bully of old Shanghai
洋底地殼	yáng dǐ dì qiào	yáng dǐ de ké	cc-cedict	oceanic crust (geology)
洗髮水兒	xǐ fà shuǐ r	xǐ fà shuǐ ér	cc-cedict	shampoo
洛克菲勒	luò kè fēi lè	luò kè fēi lēi	cc-cedict	Rockefeller
洪都拉斯	hóng dū lā sī	hóng dōu lā sī	cc-cedict	Honduras
活動場地	huó dòng chǎng dì	huó dòng chǎng de	cc-cedict	place for activities (playground, event venue etc)
活躍分子	huó yuè fèn zǐ	huó yuè fēn zǐ	cc-cedict	active member; activist
流行音樂	liú xíng yīn yuè	liú xíng yīn lè	cc-cedict	pop music
浮動地獄	fú dòng dì yù	fú dòng de yù	cc-cedict	floating hell/slave ships
浮雲朝露	fú yún zhāo lù	fú yún cháo lù	cc-cedict	floating clouds, morning dew (idiom); fig. ephemeral nature of human existence
浴火重生	yù huǒ chóng shēng	yù huǒ zhòng shēng	cc-cedict	to rise from the ashes (idiom)/to thrive again after surviving an ordeal
海盜行為	hǎi dào xíng wéi	hǎi dào xíng wèi	cc-cedict	piracy
海軍少校	hǎi jūn shào xiào	hǎi jūn shǎo xiào	cc-cedict	lieutenant commander
淋漓盡致	lín lí jìn zhì	lín lí jǐn zhì	cc-cedict	lit. extreme saturation (idiom)/fig. vividly and thoroughly/in great detail/without restraint/(of a performance) brillia
淡泊名利	dàn bó míng lì	dàn pō míng lì	cc-cedict	not caring about fame and fortune (idiom)/indifferent to worldly rewards
淡泊明志	dàn bó míng zhì	dàn pō míng zhì	cc-cedict	living a simple life as one's ideal (idiom)
淡頦仙鶲	dàn kē xiān wēng	dàn hái xiān wēng	cc-cedict	(bird species of China) pale-chinned flycatcher (Cyornis poliogenys)
淮海地區	huái hǎi dì qū	huái hǎi de qū	cc-cedict	Huaihai, economic hub around Xuzhou 徐州[Xu2 zhou1], including parts of Jiangsu, Shandong, Henan and Anhui provinces
深惡痛絕	shēn wù tòng jué	shēn è tòng jué	cc-cedict	to detest bitterly (idiom)/implacable hatred/to abhor/anathema
深更半夜	shēn gēng bàn yè	shēn gèng bàn yè	cc-cedict	in the dead of night (idiom)
深源地震	shēn yuán dì zhèn	shēn yuán de zhèn	cc-cedict	deep earthquake (with epicenter more than 300 km deep)
混水摸魚	hún shuǐ mō yú	hùn shuǐ mō yú	cc-cedict	variant of 渾水摸魚|浑水摸鱼[hun2 shui3 mo1 yu2]
混為一談	hùn wéi yī tán	hùn wèi yī tán	cc-cedict	to confuse one thing with another (idiom); to muddle
淺源地震	qiǎn yuán dì zhèn	qiǎn yuán de zhèn	cc-cedict	shallow earthquake (with epicenter less than 70 km deep)
清史列傳	qīng shǐ liè zhuàn	qīng shǐ liè chuán	cc-cedict	Biographic History of Qing Dynasty by a succession of authors, published 1928 and revised 1987, with biographies of 2,90
清風勁節	qīng fēng jìng jié	qīng fēng jìn jié	cc-cedict	pure and high-minded (idiom)
渣打銀行	zhā dǎ yín háng	zhā dǎ yín xíng	cc-cedict	Standard Chartered Bank
測地曲率	cè dì qū lǜ	cè de qū lǜ	cc-cedict	geodesic curvature
測量工具	cè liáng gōng jù	cè liàng gōng jù	cc-cedict	gauge/measuring tool
港澳地區	gǎng ào dì qū	gǎng ào de qū	cc-cedict	Hong Kong and Macao area
渾身解數	hún shēn xiè shù	hún shēn jiě shù	cc-cedict	to give it your all/to go at it with all you've got/to throw your whole weight behind it/also pr. [hun2 shen1 jie3 shu4]
湮沒無聞	yān mò wú wén	yān méi wú wén	cc-cedict	to pass into oblivion
源遠流長	yuán yuǎn liú cháng	yuán yuǎn liú zhǎng	cc-cedict	(idiom) of long standing; with a long history; stretching back to ancient times
溘先朝露	kè xiān zhāo lù	kè xiān cháo lù	cc-cedict	the morning dew will swiftly dissipate (idiom); fig. ephemeral and precarious nature of human existence
溢出效應	yì chū xiào yìng	yì chū xiào yīng	cc-cedict	spillover effect
溫切斯特	wēn qiē sī tè	wēn qiè sī tè	cc-cedict	Winchester (town in south England, capital of former kingdom of Wessex)
溫室效應	wēn shì xiào yìng	wēn shì xiào yīng	cc-cedict	greenhouse effect
溫情脈脈	wēn qíng mò mò	wēn qíng mài mài	cc-cedict	full of tender feelings (idiom); tender-hearted
滅此朝食	miè cǐ zhāo shí	miè cǐ cháo shí	cc-cedict	lit. not to have breakfast until the enemy is destroyed/anxious to do battle (idiom)
滿口應承	mǎn kǒu yìng chéng	mǎn kǒu yīng chéng	cc-cedict	to promise readily
滿口答應	mǎn kǒu dā ying	mǎn kǒu dá yīng	cc-cedict	to readily consent
滿地找牙	mǎn dì zhǎo yá	mǎn de zhǎo yá	cc-cedict	to be looking for one's teeth all over the floor/(fig.) to get beaten up badly/to beat the crap out of (sb)
漏脯充飢	lòu fǔ chōng jī	lòu pú chōng jī	cc-cedict	(lit.) to eat rotten meat to assuage hunger (idiom)/(fig.) to disregard long-term consequences for short-term benefits; 
演出地點	yǎn chū dì diǎn	yǎn chū de diǎn	cc-cedict	performance place/CL:處|处[chu4]
漢藏語系	hàn zàng yǔ xì	hàn cáng yǔ xì	cc-cedict	Sino-Tibetan language family
漫天遍地	màn tiān biàn dì	màn tiān biàn de	cc-cedict	lit. to fill the whole sky and cover the land (idiom)/fig. everywhere; as far as the eye can see
漫漫長夜	màn màn cháng yè	màn màn zhǎng yè	cc-cedict	endless night (idiom); fig. long suffering
漫無目的	màn wú mù dì	màn wú mù de	cc-cedict	aimless/at random
潔身自好	jié shēn zì hào	jié shēn zì hǎo	cc-cedict	clean-living and honest (idiom); to avoid immorality/to shun evil influence/to mind one's own business and keep out of t
激進分子	jī jìn fèn zǐ	jī jìn fēn zǐ	cc-cedict	radical; extremist
濟濟一堂	jǐ jǐ yī táng	jì jì yī táng	cc-cedict	to congregate in one hall (idiom); to gather under one roof
火地群島	huǒ dì qún dǎo	huǒ de qún dǎo	cc-cedict	Tierra del Fuego, Patagonia
火燒火燎	huǒ shāo huǒ liǎo	huǒ shāo huǒ liáo	cc-cedict	restless with anxiety/to feel unbearably painful or hot
灰尾漂鷸	huī wěi piāo yù	huī wěi piào yù	cc-cedict	(bird species of China) grey-tailed tattler (Tringa brevipes)
灰腹地鶯	huī fù dì yīng	huī fù de yīng	cc-cedict	(bird species of China) grey-bellied tesia (Tesia cyaniventer)
灰色地帶	huī sè dì dài	huī sè de dài	cc-cedict	gray area
炎性反應	yán xìng fǎn yìng	yán xìng fǎn yīng	cc-cedict	inflammation response
炸土豆條	zhá tǔ dòu tiáo	zhà tǔ dòu tiáo	cc-cedict	french fries/(hot) potato chips
炸土豆片	zhá tǔ dòu piàn	zhà tǔ dòu piàn	cc-cedict	potato chips/crisps/fried potato
為人師表	wéi rén shī biǎo	wèi rén shī biǎo	cc-cedict	to serve as a model for others (idiom)/to be a worthy teacher
為仁不富	wéi rén bù fù	wèi rén bù fù	cc-cedict	(idiom) benevolent people can't get rich
為善最樂	wéi shàn zuì lè	wèi shàn zuì lè	cc-cedict	doing good deeds brings the greatest joy (idiom)
為富不仁	wéi fù bù rén	wèi fù bù rén	cc-cedict	(idiom) to be wealthy and heartless
為德不卒	wéi dé bù zú	wèi dé bù zú	cc-cedict	to start on virtue but give up (idiom); to fail to carry things through/lack of sticking power/short attention span
為德不終	wéi dé bù zhōng	wèi dé bù zhōng	cc-cedict	to start on virtue but give up (idiom); to fail to carry things through/lack of sticking power/short attention span
為所欲為	wéi suǒ yù wéi	wèi suǒ yù wèi	cc-cedict	(idiom) to do whatever one pleases
為數不多	wéi shù bù duō	wèi shù bù duō	cc-cedict	not many; only a few
為時不晚	wéi shí bù wǎn	wèi shí bù wǎn	cc-cedict	it is not too late (idiom)
為時已晚	wéi shí yǐ wǎn	wèi shí yǐ wǎn	cc-cedict	already too late
為時未晚	wéi shí wèi wǎn	wèi shí wèi wǎn	cc-cedict	it is not too late (idiom)
為時過早	wéi shí guò zǎo	wèi shí guò zǎo	cc-cedict	premature/too soon
為非作歹	wéi fēi zuò dǎi	wèi fēi zuò dǎi	cc-cedict	to break the law and commit crimes (idiom); malefactor/evildoer/to perpetrate outrages
烈火乾柴	liè huǒ gān chái	liè huǒ qián chái	cc-cedict	see 乾柴烈火|干柴烈火[gan1 chai2 lie4 huo3]
烏德勒支	wū dé lè zhī	wū dé lēi zhī	cc-cedict	Utrecht
烏漆抹黑	wū qī mā hēi	wū qī mǒ hēi	cc-cedict	see 烏漆墨黑|乌漆墨黑[wu1 qi1 mo4 hei1]
烏爾都語	wū ěr dū yǔ	wū ěr dōu yǔ	cc-cedict	Urdu (language)
烽煙遍地	fēng yān biàn dì	fēng yān biàn de	cc-cedict	fire beacons on all sides (idiom); enveloped in the flames of war
焉耆盆地	yān qí pén dì	yān qí pén de	cc-cedict	Yanqi basin in northeast of Tarim basin
無以為報	wú yǐ wéi bào	wú yǐ wèi bào	cc-cedict	unable to return the favor
無以為生	wú yǐ wéi shēng	wú yǐ wèi shēng	cc-cedict	no way to get by
無地自容	wú dì zì róng	wú de zì róng	cc-cedict	(idiom) ashamed and unable to show one's face
無徵不信	wú zhēng bù xìn	wú zhǐ bù xìn	cc-cedict	without proof one can't believe it (idiom)
無所不為	wú suǒ bù wéi	wú suǒ bù wèi	cc-cedict	not stopping at anything/all manner of evil
無所作為	wú suǒ zuò wéi	wú suǒ zuò wèi	cc-cedict	attempting nothing and accomplishing nothing (idiom); without any initiative or drive/feckless
無業閑散	wú yè xián sǎn	wú yè xián sàn	cc-cedict	unemployed and idle
無的放矢	wú dì fàng shǐ	wú de fàng shǐ	cc-cedict	to shoot without aim (idiom); fig. to speak without thinking/firing blindly/to shoot in the air/a shot in the dark
無窮無盡	wú qióng wú jìn	wú qióng wú jǐn	cc-cedict	(idiom) endless; boundless; infinite
無能為力	wú néng wéi lì	wú néng wèi lì	cc-cedict	(idiom) powerless to do anything about it
無虞匱乏	wú yú kuì fá	wú yú guì fá	cc-cedict	see 不虞匱乏|不虞匮乏[bu4 yu2 kui4 fa2]
無間地獄	wú jiàn dì yù	wú jiān de yù	cc-cedict	see 阿鼻地獄|阿鼻地狱[A1 bi2 Di4 yu4]
煎炸食品	jiān zhá shí pǐn	jiān zhà shí pǐn	cc-cedict	fried food
煙燻火燎	yān xūn huǒ liǎo	yān xūn huǒ liáo	cc-cedict	smoke and baking fire (idiom); surrounded by flames and smoke
煙花行院	yān huā háng yuàn	yān huā xíng yuàn	cc-cedict	brothel (esp. in Yuan theater)
煞有介事	shà yǒu jiè shì	shā yǒu jiè shì	cc-cedict	to make a show of being very much in earnest (idiom)/to act as if one is taking things very seriously
煞有其事	shà yǒu qí shì	shā yǒu qí shì	cc-cedict	see 煞有介事[sha4 you3 jie4 shi4]
煞費苦心	shà fèi kǔ xīn	shā fèi kǔ xīn	cc-cedict	to take a lot of trouble (idiom); painstaking/at the cost of a lot of effort
照相排版	zhào xiàng pái bǎn	zhào xiāng pái bǎn	cc-cedict	phototypesetting/photocomposition
熬更守夜	áo gēng shǒu yè	áo gèng shǒu yè	cc-cedict	to stay up through the night (idiom)
熱島效應	rè dǎo xiào yìng	rè dǎo xiào yīng	cc-cedict	urban heat island effect
熱帶地區	rè dài dì qū	rè dài de qū	cc-cedict	the tropics
燒香拜佛	shāo xiāng bài fó	shāo xiāng bài fú	cc-cedict	to burn incense and worship Buddha
燕京啤酒	yān jīng pí jiǔ	yàn jīng pí jiǔ	cc-cedict	Yanjing beer (Beijing beer brand)
燕京大學	yān jīng dà xué	yàn jīng dà xué	cc-cedict	Yanjing or Yenching University, Christian university in Beijing founded in 1919
燕太子丹	yān tài zǐ dān	yàn tài zǐ dān	cc-cedict	Prince Dan of Yan (-226 BC), commissioned the attempted assassination of King Ying Zheng of Qin 秦嬴政[Qin2 Ying2 Zheng4] (
燕雀相賀	yàn què xiàng hè	yàn què xiāng hè	cc-cedict	lit. sparrow and swallow's congratulation (idiom); fig. to congratulate sb on completion of a building project/congratul
爆冷門兒	bào lěng mén r	bào lěng mén ér	cc-cedict	erhua variant of 爆冷門|爆冷门[bao4 leng3 men2]
爪哇八哥	zhǎo wā bā ge	zhǎo wa bā gē	cc-cedict	(bird species of China) Javan myna (Acridotheres javanicus)
爪哇池鷺	zhǎo wā chí lù	zhǎo wa chí lù	cc-cedict	(bird species of China) Javan pond heron (Ardeola speciosa)
爪哇禾雀	zhǎo wā hé què	zhǎo wa hé què	cc-cedict	(bird species of China) Java sparrow (Lonchura oryzivora)
爭強好勝	zhēng qiáng hào shèng	zhēng qiáng hǎo shèng	cc-cedict	competitive/ambitious and aggressive/to desire to beat others
爭長論短	zhēng cháng lùn duǎn	zhēng zhǎng lùn duǎn	cc-cedict	lit. to argue who is right and wrong (idiom)/fig. to squabble; to argue over minor issues
爵士音樂	jué shì yīn yuè	jué shì yīn lè	cc-cedict	jazz (loanword)
物盡其用	wù jìn qí yòng	wù jǐn qí yòng	cc-cedict	to use sth to the full/to make the best use of everything
特徵向量	tè zhēng xiàng liàng	tè zhǐ xiàng liàng	cc-cedict	(math.) eigenvector
特徵聯合	tè zhēng lián hé	tè zhǐ lián hé	cc-cedict	characteristic binding
牽強附會	qiān qiǎng fù huì	qiān qiáng fù huì	cc-cedict	to make an irrelevant comparison or interpretation (idiom)
犯罪分子	fàn zuì fèn zǐ	fàn zuì fēn zǐ	cc-cedict	criminal; offender
犯罪行為	fàn zuì xíng wéi	fàn zuì xíng wèi	cc-cedict	criminal activity
狗血噴頭	gǒu xiě pēn tóu	gǒu xuè pēn tóu	cc-cedict	torrent of abuse (idiom)
狼狽為奸	láng bèi wéi jiān	láng bèi wèi jiān	cc-cedict	villains collude together (idiom); to work hand in glove with sb (to nefarious ends)
猶未為晚	yóu wèi wéi wǎn	yóu wèi wèi wǎn	cc-cedict	it is not too late (idiom)
獨立鑽石	dú lì zuàn shí	dú lì zuān shí	cc-cedict	solitaire (puzzle)
獨辟蹊徑	dú pì xī jìng	dú pì qī jìng	cc-cedict	to blaze a new trail (idiom); to display originality
率爾操觚	shuài ěr cāo gū	lǜ ěr cāo gū	cc-cedict	to compose in off-hand way (idiom); to dash off
率獸食人	shuài shòu shí rén	lǜ shòu shí rén	cc-cedict	lit. to lead beasts to eat the people (idiom); fig. tyrannical government oppresses the people
率由舊章	shuài yóu jiù zhāng	lǜ yóu jiù zhāng	cc-cedict	to act in accordance with the old rules (idiom)/to follow a proven formula
王侯將相	wáng hóu jiàng xiàng	wáng hóu jiāng xiāng	cc-cedict	(lit.) kings, nobles, generals and ministers (idiom)/(fig.) people of the highest rank and status; the ruling elite
玩兒不轉	wán r bù zhuàn	wán ér bù zhuǎn	cc-cedict	can't handle it/can't find any way (of doing sth)/not up to the task
玩兒得轉	wán r dé zhuàn	wán ér dé zhuǎn	cc-cedict	can handle it/up to the task
玩兒花招	wán r huā zhāo	wán ér huā zhāo	cc-cedict	to play tricks
玩家角色	wán jiā jué sè	wán jiā jiǎo sè	cc-cedict	player character (in a role-playing game)
現代音樂	xiàn dài yīn yuè	xiàn dài yīn lè	cc-cedict	modern music/contemporary music
琴瑟不調	qín sè bù tiáo	qín sè bù diào	cc-cedict	out of tune/marital discord, cf qin and se 琴瑟, two string instruments as symbol of marital harmony
瓜地馬拉	guā dì mǎ lā	guā de mǎ lā	cc-cedict	(Tw) Guatemala
生命徵象	shēng mìng zhēng xiàng	shēng mìng zhǐ xiàng	cc-cedict	see 生命體徵|生命体征[sheng1 ming4 ti3 zheng1]
生命體徵	shēng mìng tǐ zhēng	shēng mìng tǐ zhǐ	cc-cedict	vital signs
生意興隆	shēng yì xīng lóng	shēng yì xìng lóng	cc-cedict	thriving and prosperous business or trade
生肖屬相	shēng xiào shǔ xiàng	shēng xiào shǔ xiāng	cc-cedict	birth year as designated by animal symbols (mouse, ox, tiger etc)
用武之地	yòng wǔ zhī dì	yòng wǔ zhī de	cc-cedict	ample scope for abilities/favorable position for the use of one's skills (idiom)
用盡心機	yòng jìn xīn jī	yòng jǐn xīn jī	cc-cedict	to tax one's ingenuity
田間地頭	tián jiān dì tóu	tián jiān de tóu	cc-cedict	(idiom) farms and fields; the grassroots level of agricultural work
甲殼動物	jiǎ qiào dòng wù	jiǎ ké dòng wù	cc-cedict	crustacean
男女老少	nán nǚ lǎo shào	nán nǚ lǎo shǎo	cc-cedict	men, women, young and old; all kinds of people; people of all ages
男孩樂隊	nán hái yuè duì	nán hái lè duì	cc-cedict	boy band (type of pop group)
男性厭惡	nán xìng yàn wù	nán xìng yàn è	cc-cedict	misandry
留心眼兒	liú xīn yǎn r	liú xīn yǎn ér	cc-cedict	to be on the alert/to keep one's eyes open
留有餘地	liú yǒu yú dì	liú yǒu yú de	cc-cedict	to leave some leeway/to allow for the unpredictable
番茄紅素	fān qié hóng sù	fān jiā hóng sù	cc-cedict	Lycopene
畫地為牢	huà dì wéi láo	huà de wèi láo	cc-cedict	lit. to be confined within a circle drawn on the ground (idiom)/fig. to confine oneself to a restricted range of activit
畫地為獄	huà dì wéi yù	huà de wèi yù	cc-cedict	see 畫地為牢|画地为牢[hua4 di4 wei2 lao2]
畫地自限	huà dì zì xiàn	huà de zì xiàn	cc-cedict	lit. to draw a line on the ground to keep within (idiom)/fig. to impose restrictions on oneself
異曲同工	yì qǔ tóng gōng	yì qū tóng gōng	cc-cedict	different tunes played with equal skill (idiom)/different methods leading to the same result/different approach but equa
異議分子	yì yì fèn zǐ	yì yì fēn zǐ	cc-cedict	dissident
當回事兒	dàng huí shì r	dāng huí shì ér	cc-cedict	erhua variant of 當回事|当回事[dang4 hui2 shi4]
當地居民	dāng dì jū mín	dāng de jū mín	cc-cedict	a local person/the local population
當地時間	dāng dì shí jiān	dāng de shí jiān	cc-cedict	local time
當耳旁風	dàng ěr páng fēng	dāng ěr páng fēng	cc-cedict	lit. to treat (what sb says) as wind past your ear/fig. to completely disregard
當耳邊風	dàng ěr biān fēng	dāng ěr biān fēng	cc-cedict	lit. to treat (what sb says) as wind past your ear/fig. to completely disregard
當行出色	dāng háng chū sè	dāng xíng chū sè	cc-cedict	to excel in one's field
疏不間親	shū bù jiàn qīn	shū bù jiān qīn	cc-cedict	(idiom) outsiders should not come between close relatives
疾風勁草	jí fēng jìng cǎo	jí fēng jìn cǎo	cc-cedict	lit. sturdy grass withstands high winds (idiom)/fig. strength of character is revealed in a crisis
發人深省	fā rén shēn xǐng	fā rén shēn shěng	cc-cedict	to provide food for thought (idiom)/thought-provoking
發國難財	fā guó nàn cái	fā guó nán cái	cc-cedict	to profiteer in a time of national calamity
發奮有為	fā fèn yǒu wéi	fā fèn yǒu wèi	cc-cedict	to prove one's worth through firm resolve (idiom)
發達地區	fā dá dì qū	fā dá de qū	cc-cedict	developed area
白尾地鴉	bái wěi dì yā	bái wěi de yā	cc-cedict	(bird species of China) Xinjiang ground jay (Podoces biddulphi)
白眉地鶇	bái méi dì dōng	bái méi de dōng	cc-cedict	(bird species of China) Siberian thrush (Geokichla sibirica)
白眼珠兒	bái yǎn zhū r	bái yǎn zhū ér	cc-cedict	erhua variant of 白眼珠[bai2 yan3 zhu1]
白腰杓鷸	bái yāo sháo yù	bái yāo biāo yù	cc-cedict	(bird species of China) Eurasian curlew (Numenius arquata)
白莧紫茄	bái xiàn zǐ qié	bái xiàn zǐ jiā	cc-cedict	white amaranth, purple eggplant (idiom); common foodstuff, unpretentious lifestyle
百廢俱興	bǎi fèi jù xīng	bǎi fèi jù xìng	cc-cedict	all neglected tasks are being undertaken (idiom)/work is now underway
百廢具興	bǎi fèi jù xīng	bǎi fèi jù xìng	cc-cedict	variant of 百廢俱興|百废俱兴[bai3 fei4 ju4 xing1]
百廢待興	bǎi fèi dài xīng	bǎi fèi dài xìng	cc-cedict	many things waiting to be done (idiom)/a thousand things to do
百發百中	bǎi fā bǎi zhòng	bǎi fā bǎi zhōng	cc-cedict	(lit.) one hundred shots, one hundred hits (idiom)/(fig.) to shoot with unfailing accuracy; to hit the mark every time
百般刁難	bǎi bān diāo nàn	bǎi bān diāo nán	cc-cedict	(idiom) to put up innumerable obstacles; to create all kinds of difficulties
的黎波里	dì lí bō lǐ	de lí bō lǐ	cc-cedict	Tripoli, capital of Libya/Tripoli, city in north Lebanon
皮諾切特	pí nuò qiē tè	pí nuò qiè tè	cc-cedict	General Augusto Pinochet (1915-2006), Chilean dictator
盈箱累篋	yíng xiāng lěi qiè	yíng xiāng lèi qiè	cc-cedict	to fill boxes and baskets to the brim (with treasures)
盡人皆知	jìn rén jiē zhī	jǐn rén jiē zhī	cc-cedict	known by everyone (idiom); well known/a household name
盡力而為	jìn lì ér wéi	jǐn lì ér wèi	cc-cedict	to try one's utmost/to strive
盡善盡美	jìn shàn jìn měi	jǐn shàn jǐn měi	cc-cedict	perfect (idiom); perfection/the best of all possible worlds/as good as it gets
盡如人意	jìn rú rén yì	jǐn rú rén yì	cc-cedict	(idiom) to be everything one could wish for
盡心盡力	jìn xīn jìn lì	jǐn xīn jǐn lì	cc-cedict	making an all-out effort (idiom); to try one's heart out/to do one's utmost
盡心竭力	jìn xīn jié lì	jǐn xīn jié lì	cc-cedict	to spare no effort (idiom); to do one's utmost
盡收眼底	jìn shōu yǎn dǐ	jǐn shōu yǎn dǐ	cc-cedict	to take in the whole scene at once; to have a panoramic view
盡歡而散	jìn huān ér sàn	jǐn huān ér sàn	cc-cedict	to disperse after a happy time (idiom)/everyone enjoys themselves to the full then party breaks up
盡職盡責	jìn zhí jìn zé	jǐn zhí jǐn zé	cc-cedict	responsible and diligent (idiom)
盡職調查	jìn zhí diào chá	jǐn zhí diào chá	cc-cedict	(law) due diligence
盡釋前嫌	jìn shì qián xián	jǐn shì qián xián	cc-cedict	to forget former enmity (idiom)
目下十行	mù xià shí háng	mù xià shí xíng	cc-cedict	see 一目十行[yi1 mu4 shi2 hang2]
目不暇給	mù bù xiá jǐ	mù bù xiá gěi	cc-cedict	lit. the eye cannot take it all in (idiom)/fig. too many good things to see; a feast for the eyes
目挑心招	mù tiǎo xīn zhāo	mù tiāo xīn zhāo	cc-cedict	the eye incites, the heart invites (idiom); flirtatious/making eyes at sb
目標地址	mù biāo dì zhǐ	mù biāo de zhǐ	cc-cedict	destination address/target address
直截了當	zhí jié liǎo dàng	zhí jié le dāng	cc-cedict	direct and plainspoken (idiom); blunt/straightforward
直捷了當	zhí jié liǎo dàng	zhí jié le dāng	cc-cedict	variant of 直截了當|直截了当[zhi2 jie2 liao3 dang4]
直接了當	zhí jiē liǎo dàng	zhí jiē le dāng	cc-cedict	see 直截了當|直截了当[zhi2 jie2 liao3 dang4]
直系血親	zhí xì xuè qìng	zhí xì xuè qīn	cc-cedict	direct descendant/blood relative
相依為命	xiāng yī wéi mìng	xiāng yī wèi mìng	cc-cedict	mutually dependent for life (idiom); to rely upon one another for survival/interdependent
相夫教子	xiàng fū jiào zǐ	xiāng fū jiào zǐ	cc-cedict	to assist one's husband and educate the children (idiom)/the traditional roles of a good wife
相對地址	xiāng duì dì zhǐ	xiāng duì de zhǐ	cc-cedict	relative address (computing)
相機而動	xiàng jī ér dòng	xiāng jī ér dòng	cc-cedict	to wait for the opportune moment before taking action (idiom)
相機而行	xiàng jī ér xíng	xiāng jī ér xíng	cc-cedict	to act according to the situation (idiom)
相機行事	xiàng jī xíng shì	xiāng jī xíng shì	cc-cedict	to act as circumstances dictate (idiom)
相體裁衣	xiàng tǐ cái yī	xiāng tǐ cái yī	cc-cedict	lit. tailor the clothes to fit the body (idiom); fig. act according to real circumstances
看家本事	kān jiā běn shi	kàn jiā běn shì	cc-cedict	see 看家本領|看家本领[kan1 jia1 ben3 ling3]
看家本領	kān jiā běn lǐng	kàn jiā běn lǐng	cc-cedict	(idiom) one's forte
看得過兒	kàn de guò r	kàn dé guò ér	cc-cedict	erhua variant of 看得過|看得过[kan4 de5 guo4]
看著不管	kàn zhe bù guǎn	kàn zhù bù guǎn	cc-cedict	to stand by and pay no heed/to ignore
真相大白	zhēn xiàng dà bái	zhēn xiāng dà bái	cc-cedict	the whole truth is revealed (idiom); everything becomes clear
真相畢露	zhēn xiàng bì lù	zhēn xiāng bì lù	cc-cedict	real face fully revealed (idiom); fig. to unmask and expose the whole truth
眼不轉睛	yǎn bù zhuàn jīng	yǎn bù zhuǎn jīng	cc-cedict	with fixed attention (idiom)
眼力見兒	yǎn lì jiàn r	yǎn lì jiàn ér	cc-cedict	erhua form of 眼力見|眼力见[yan3 li4 jian4]
眼見為實	yǎn jiàn wéi shí	yǎn jiàn wèi shí	cc-cedict	seeing is believing
眾口難調	zhòng kǒu nán tiáo	zhòng kǒu nán diào	cc-cedict	it's difficult to please everyone (idiom)
眾星攢月	zhòng xīng cuán yuè	zhòng xīng zǎn yuè	cc-cedict	see 眾星捧月|众星捧月[zhong4 xing1 peng3 yue4]
眾矢之的	zhòng shǐ zhī dì	zhòng shǐ zhī de	cc-cedict	lit. target of a multitude of arrows (idiom); the butt of public criticism/attacked on all sides
睡回籠覺	shuì huí lóng jiào	shuì huí lóng jué	cc-cedict	to go back to sleep (instead of rising up in the morning)/to sleep in
睡眠失調	shuì mián shī tiáo	shuì mián shī diào	cc-cedict	sleep disorder
瞭如指掌	liǎo rú zhǐ zhǎng	liào rú zhǐ zhǎng	cc-cedict	variant of 了如指掌[liao3 ru2 zhi3 zhang3]
瞭若指掌	liǎo ruò zhǐ zhǎng	liào ruò zhǐ zhǎng	cc-cedict	see 了如指掌[liao3 ru2 zhi3 zhang3]
矇頭轉向	mēng tóu zhuǎn xiàng	méng tóu zhuǎn xiàng	cc-cedict	to lose one's bearings/utterly confused
知識分子	zhī shi fèn zǐ	zhī shí fēn zǐ	cc-cedict	intellectual; intelligentsia
短中取長	duǎn zhōng qǔ cháng	duǎn zhōng qǔ zhǎng	cc-cedict	see 短中抽長|短中抽长[duan3 zhong1 chou1 chang2]
短中抽長	duǎn zhōng chōu cháng	duǎn zhōng chōu zhǎng	cc-cedict	to make the best of a bad job/to make the best use of limited resources (idiom)
石膏繃帶	shí gāo bēng dài	shí gāo běng dài	cc-cedict	plaster cast
破涕為笑	pò tì wéi xiào	pò tì wèi xiào	cc-cedict	to turn tears into laughter (idiom); to turn grief into happiness
破鏡重圓	pò jìng chóng yuán	pò jìng zhòng yuán	cc-cedict	(lit.) the two halves of the broken mirror are rejoined (idiom)/(fig.) long-separated lovers are reunited; a broken rela
硬著頭皮	yìng zhe tóu pí	yìng zhù tóu pí	cc-cedict	to brace oneself to do sth/to put a bold face on it/to summon up courage/to force oneself to
硯水壺兒	yàn shuǐ hú r	yàn shuǐ hú ér	cc-cedict	water container for an ink slab
碌碌無為	lù lù wú wéi	lù lù wú wèi	cc-cedict	unaccomplished/mediocre/feckless
碩果累累	shuò guǒ lěi lěi	shuò guǒ lèi lèi	cc-cedict	heavily laden with fruit/fertile (of trees)/many noteworthy achievements
磁吸效應	cí xī xiào yìng	cí xī xiào yīng	cc-cedict	"magnetic" force that attracts investment and talented individuals/in particular, the attraction China has for people an
神不守舍	shén bù shǒu shè	shén bù shǒu shě	cc-cedict	(idiom) absentminded; dazed; distracted
神出鬼沒	shén chū guǐ mò	shén chū guǐ méi	cc-cedict	(lit.) to appear and disappear unpredictably like a spirit or a ghost (idiom)/(fig.) elusive
神差鬼使	shén chāi guǐ shǐ	shén chà guǐ shǐ	cc-cedict	the work of gods and devils (idiom); unexplained event crying out for a supernatural explanation/curious coincidence
神魂顛倒	shén hún diān dǎo	shén hún diān dào	cc-cedict	lit. spirit and soul upside down (idiom); infatuated and head over heels in love/fascinated/captivated
福壽綿長	fú shòu mián cháng	fú shòu mián zhǎng	cc-cedict	good luck and long life
禮壞樂崩	lǐ huài yuè bēng	lǐ huài lè bēng	cc-cedict	see 禮崩樂壞|礼崩乐坏[li3 beng1 yue4 huai4]
禮崩樂壞	lǐ bēng yuè huài	lǐ bēng lè huài	cc-cedict	rites and music are in ruins (idiom); fig. society in total disarray/cf. 禮樂|礼乐[li3 yue4]
禮廢樂崩	lǐ fèi yuè bēng	lǐ fèi lè bēng	cc-cedict	see 禮崩樂壞|礼崩乐坏[li3 beng1 yue4 huai4]
禮樂崩壞	lǐ yuè bēng huài	lǐ lè bēng huài	cc-cedict	see 禮崩樂壞|礼崩乐坏[li3 beng1 yue4 huai4]
科教興國	kē jiào xīng guó	kē jiào xìng guó	cc-cedict	to invigorate the country through science and education
科迪勒拉	kē dí lè lā	kē dí lēi lā	cc-cedict	Cordillera, series of mountain ranges stretching from Patagonia in South America through to Alaska and Aleutian Islands
秘密基地	mì mì jī dì	mì mì jī de	cc-cedict	hideaway; private or insider-only place
移山倒海	yí shān dǎo hǎi	yí shān dào hǎi	cc-cedict	lit. to move mountains and drain seas/to transform nature
稀哩嘩啦	xī li huā lā	xī lī huā la	cc-cedict	variant of 稀里嘩啦|稀里哗啦[xi1 li5 hua1 la1]
稀里嘩啦	xī li huā lā	xī lǐ huā la	cc-cedict	(onom.) chaotic or dynamic noises (pattering, crashing, rustling, clattering, sobbing etc)/smashed to pieces; completely
稱心如意	chèn xīn rú yì	chēng xīn rú yì	cc-cedict	(idiom) after one's own heart; gratifying; satisfactory; everything one could wish
稻荷壽司	dào hè shòu sī	dào hé shòu sī	cc-cedict	inarizushi (pouch of fried tofu typically filled with rice)
積年累月	jī nián lěi yuè	jī nián lèi yuè	cc-cedict	year in, year out (idiom)/(over) many years
積德累功	jī dé lěi gōng	jī dé lèi gōng	cc-cedict	to accumulate merit and virtue
積極分子	jī jí fèn zǐ	jī jí fēn zǐ	cc-cedict	active supporter; political activist
積極反應	jī jí fǎn yìng	jī jí fǎn yīng	cc-cedict	active response/energetic response
積累毒性	jī lěi dú xìng	jī lèi dú xìng	cc-cedict	cumulative poison
積金累玉	jī jīn lěi yù	jī jīn lèi yù	cc-cedict	to accumulate gold and jewels (idiom); prosperous
空中少爺	kōng zhōng shào ye	kōng zhōng shǎo yé	cc-cedict	airline steward
空地導彈	kōng dì dǎo dàn	kōng de dǎo dàn	cc-cedict	air-to-surface missile
空氣炸鍋	kōng qì zhá guō	kōng qì zhà guō	cc-cedict	air fryer
空氣調節	kōng qì tiáo jié	kōng qì diào jié	cc-cedict	air conditioning
空白支票	kòng bái zhī piào	kōng bái zhī piào	cc-cedict	blank check
空軍基地	kōng jūn jī dì	kōng jūn jī de	cc-cedict	air base
穿著打扮	chuān zhuó dǎ bàn	chuān zhù dǎ bàn	cc-cedict	style of dress/one's appearance
穿著講究	chuān zhuó jiǎng jiu	chuān zhù jiǎng jiū	cc-cedict	smart clothes/particular about one's dress
窗明几淨	chuāng míng jī jìng	chuāng míng jǐ jìng	cc-cedict	lit. clear window and clean table (idiom)/fig. bright and clean
窩闊臺汗	wō kuò tái hán	wō kuò tái hàn	cc-cedict	Ögedei Khan (1186-1242), a son of Genghis Khan
窮困潦倒	qióng kùn liáo dǎo	qióng kùn liáo dào	cc-cedict	(idiom) to live in poverty and despair; down and out; destitute and without hope
窮家薄業	qióng jiā bó yè	qióng jiā báo yè	cc-cedict	lit. poor and with few means of subsistance (idiom)/fig. destitute
窮愁潦倒	qióng chóu liáo dǎo	qióng chóu liáo dào	cc-cedict	impoverished and dejected; wretched and penniless
窮於應付	qióng yú yìng fù	qióng yú yīng fù	cc-cedict	to struggle to cope (with a situation)/to be at one's wits' end
立地成佛	lì dì chéng fó	lì de chéng fú	cc-cedict	to become a Buddha on the spot (idiom); instant rehabilitation/to repent and be absolved of one's crimes
立方釐米	lì fāng lí mǐ	lì fāng xī mǐ	cc-cedict	cubic centimeter
立身處世	lì shēn chǔ shì	lì shēn chù shì	cc-cedict	(idiom) the way one conducts oneself in society
竭盡全力	jié jìn quán lì	jié jǐn quán lì	cc-cedict	(idiom) to spare no effort; to do one's utmost
笑口彌勒	xiào kǒu mí lè	xiào kǒu mí lēi	cc-cedict	laughing Maitreya
第比利斯	dì bì lì sī	dì bǐ lì sī	cc-cedict	T'bilisi, capital of Georgia 格魯吉亞|格鲁吉亚[Ge2 lu3 ji2 ya4]
等一下兒	děng yī xià r	děng yī xià ér	cc-cedict	erhua variant of 等一下[deng3 yi1 xia4]
等一會兒	děng yī huì r	děng yī huì ér	cc-cedict	erhua variant of 等一會|等一会[deng3 yi1 hui4]
等差數列	děng chā shù liè	děng chà shù liè	cc-cedict	(math.) arithmetic progression
等差級數	děng chā jí shù	děng chà jí shù	cc-cedict	arithmetic series (such as 2+4+6+8+...)
筋疲力盡	jīn pí lì jìn	jīn pí lì jǐn	cc-cedict	body weary, strength exhausted (idiom); extremely tired/spent
管弦樂團	guǎn xián yuè tuán	guǎn xián lè tuán	cc-cedict	orchestra
管弦樂隊	guǎn xián yuè duì	guǎn xián lè duì	cc-cedict	orchestra
築室道謀	zhù shì dào móu	zhú shì dào móu	cc-cedict	lit. ask passers-by how to build one's house (idiom); fig. to have no idea what to do/without a clue
篤信好學	dǔ xìn hào xué	dǔ xìn hǎo xué	cc-cedict	sincere belief and diligent study
簡單明瞭	jiǎn dān míng liǎo	jiǎn dān míng liào	cc-cedict	clear and simple/in simple terms
簽發地點	qiān fā dì diǎn	qiān fā de diǎn	cc-cedict	place of issue (of document)
籠鳥檻猿	lóng niǎo jiàn yuán	lóng niǎo kǎn yuán	cc-cedict-buddhist	bird in a basket, monkey in a cage (idiom); prisoner
米諾地爾	mǐ nuò dì ěr	mǐ nuò de ěr	cc-cedict	(pharmacology) minoxidil
粘皮帶骨	nián pí dài gǔ	zhān pí dài gǔ	cc-cedict	(old) (idiom) muddled; indecisive; plodding
粘皮著骨	nián pí zhuó gǔ	zhān pí zhù gǔ	cc-cedict	see 粘皮帶骨|粘皮带骨[nian2 pi2 dai4 gu3]
精疲力盡	jīng pí lì jìn	jīng pí lì jǐn	cc-cedict	spirit weary, strength exhausted (idiom); spent/drained/washed out
精盡人亡	jīng jìn rén wáng	jīng jǐn rén wáng	cc-cedict	to die from excessive ejaculation
精雕細琢	jīng diāo xì zhuó	jīng diāo xì zuó	cc-cedict	see 精雕細刻|精雕细刻[jing1 diao1 xi4 ke4]
系統角色	xì tǒng jué sè	xì tǒng jiǎo sè	cc-cedict	non-playable character (in a role-playing game)
紅寺堡區	hóng sì bǔ qū	hóng sì bǎo qū	cc-cedict	Hongsibu, a district of Wuzhong City 吳忠市|吴忠市[Wu2 zhong1 Shi4], Ningxia
紅顏薄命	hóng yán bó mìng	hóng yán báo mìng	cc-cedict	beautiful women suffer unhappy fates (idiom)
納什維爾	nà shí wéi ěr	nà shén wéi ěr	cc-cedict	Nashville, capital of Tennessee
納粹分子	nà cuì fèn zǐ	nà cuì fēn zǐ	cc-cedict	Nazi
紐幾內亞	niǔ jī nèi yà	niǔ jǐ nèi yà	cc-cedict	New Guinea/Papua-New Guinea
紙短情長	zhǐ duǎn qíng cháng	zhǐ duǎn qíng zhǎng	cc-cedict	(idiom) a piece of paper is too short to convey my feelings
紛至沓來	fēn zhì tà lái	fēn zhì dá lái	cc-cedict	to come thick and fast (idiom)
紫微斗數	zǐ wēi dǒu shù	zǐ wēi dòu shù	cc-cedict	Zi Wei Dou Shu, a form of Chinese fortune-telling
紫花地丁	zǐ huā dì dīng	zǐ huā de dīng	cc-cedict	Chinese violet (Viola mandsurica)
紮馬剌丁	zā mǎ lá dīng	zā mǎ là dīng	cc-cedict	Jamal al-Din ibn Muhammad al-Najjari (13th century), famous Persian astronomer and scholar who served Khubilai Khan 忽必烈 
累加總數	lěi jiā zǒng shù	lèi jiā zǒng shù	cc-cedict	cumulative total
累積劑量	lěi jī jì liàng	lèi jī jì liàng	cc-cedict	cumulative dose
細嚼慢嚥	xì jiáo màn yàn	xì jué màn yàn	cc-cedict	to eat slowly (idiom)
細水長流	xì shuǐ cháng liú	xì shuǐ zhǎng liú	cc-cedict	lit. thin streams flow forever/fig. economy will get you a long way/to work steadily at something little by little
細磨刀石	xì mò dāo shí	xì mó dāo shí	cc-cedict	whetstone (for honing knives)
終點地址	zhōng diǎn dì zhǐ	zhōng diǎn de zhǐ	cc-cedict	destination address
組成部分	zǔ chéng bù fèn	zǔ chéng bù fēn	cc-cedict	part/component/ingredient/constituent
結結巴巴	jiē jiē bā ba	jié jié bā bā	cc-cedict	stammeringly
絕對地址	jué duì dì zhǐ	jué duì de zhǐ	cc-cedict	absolute address (computing)
絞盡腦汁	jiǎo jìn nǎo zhī	jiǎo jǐn nǎo zhī	cc-cedict	to rack one's brains
絲毫不差	sī háo bù chā	sī háo bù chà	cc-cedict	accurate to perfection (idiom)/precise to the finest detail
綏芬河市	suí fēn hé shì	suī fēn hé shì	cc-cedict	Suifenhe, a county-level city in Mudanjiang City 牡丹江市[Mu3 dan1 jiang1 Shi4], Heilongjiang
綏靖主義	suí jìng zhǔ yì	suī jìng zhǔ yì	cc-cedict	appeasement
經年累月	jīng nián lěi yuè	jīng nián lèi yuè	cc-cedict	for years/over the years
綠嘴地鵑	lǜ zuǐ dì juān	lǜ zuǐ de juān	cc-cedict	(bird species of China) green-billed malkoha (Phaenicophaeus tristis)
網絡應用	wǎng luò yìng yòng	wǎng luò yīng yòng	cc-cedict	network application
網路應用	wǎng lù yìng yòng	wǎng lù yīng yòng	cc-cedict	(Tw) web application
網頁地址	wǎng yè dì zhǐ	wǎng yè de zhǐ	cc-cedict	webaddress/URL
緊急應變	jǐn jí yìng biàn	jǐn jí yīng biàn	cc-cedict	emergency management
縫縫連連	féng féng lián lián	fèng fèng lián lián	cc-cedict	needlework/sewing and mending
縫衣工人	féng yī gōng rén	fèng yī gōng rén	cc-cedict	needleworker
繁徵博引	fán zhēng bó yǐn	fán zhǐ bó yǐn	cc-cedict	an elaborate string of references/many quotations
織田信長	zhī tián xìn cháng	zhī tián xìn zhǎng	cc-cedict	ODA Nobunaga (1534-1582), Japanese shogun (warlord), played an important role in unifying Japan
繞彎子兒	rào wān zǐ r	rào wān zǐ ér	cc-cedict	lit. to go on a long detour/fig. to speak vaguely around the topic without getting to the point/to beat about the bush
缺心眼兒	quē xīn yǎn r	quē xīn yǎn ér	cc-cedict	erhua variant of 缺心眼[que1 xin1 yan3]
罪行累累	zuì xíng lěi lěi	zuì xíng lèi lèi	cc-cedict	having an extensive criminal record
羅切斯特	luó qiē sī tè	luó qiè sī tè	cc-cedict	Rochester
羅圈兒揖	luó quān r yī	luó quān ér yī	cc-cedict	to bow around with hands joined (to people on all sides)
美顏相機	měi yán xiàng jī	měi yán xiāng jī	cc-cedict	BeautyCam, a smartphone app for retouching selfies (abbr. to 美顏|美颜[Mei3 yan2])
義薄雲天	yì bó yún tiān	yì báo yún tiān	cc-cedict	supremely honorable and righteous
習以為常	xí yǐ wéi cháng	xí yǐ wèi cháng	cc-cedict	accustomed to/used to
翹居群首	qiáo jū qún shǒu	qiào jū qún shǒu	cc-cedict	head and shoulders above the crowd (idiom); preeminent/outstanding
翹足引領	qiáo zú yǐn lǐng	qiào zú yǐn lǐng	cc-cedict	waiting on tiptoes and craning one's neck (idiom)/to look forward eagerly/to long for/also pr. [qiao4 zu2 yin3 ling3]
翹足而待	qiáo zú ér dài	qiào zú ér dài	cc-cedict	to expect in a short time (idiom)/also pr. [qiao4 zu2 er2 dai4]
翹首以待	qiáo shǒu yǐ dài	qiào shǒu yǐ dài	cc-cedict	to hold one's breath (in anticipation) (idiom)/to anxiously await
翻天覆地	fān tiān fù dì	fān tiān fù de	cc-cedict	sky and the earth turning upside down (idiom); fig. complete confusion/everything turned on its head
翻斗卡車	fān dǒu kǎ chē	fān dòu kǎ chē	cc-cedict	dump truck
翻江倒海	fān jiāng dǎo hǎi	fān jiāng dào hǎi	cc-cedict	lit. overturning seas and rivers (idiom)/fig. overwhelming/earth-shattering/in a spectacular mess
翻箱倒櫃	fān xiāng dǎo guì	fān xiāng dào guì	cc-cedict	to overturn trunks and boxes/to make a thorough search (idiom)
翻箱倒篋	fān xiāng dǎo qiè	fān xiāng dào qiè	cc-cedict	to overturn trunks and boxes/to make a thorough search (idiom)
老兩口兒	lǎo liǎng kǒu r	lǎo liǎng kǒu ér	cc-cedict	an old married couple
老夫少妻	lǎo fū shào qī	lǎo fū shǎo qī	cc-cedict	(idiom) older husband and much younger wife
老少咸宜	lǎo shào xián yí	lǎo shǎo xián yí	cc-cedict	suitable for young and old
老少無欺	lǎo shào wú qī	lǎo shǎo wú qī	cc-cedict	cheating neither old nor young/treating youngsters and old folk equally scrupulously/Our house offers sincere treatment 
老少皆宜	lǎo shào jiē yí	lǎo shǎo jiē yí	cc-cedict	suitable for both the young and the old
老調重彈	lǎo diào chóng tán	lǎo diào zhòng dàn	cc-cedict	to play the same old tune (idiom); unoriginal
考波什堡	kǎo bō shí bǎo	kǎo bō shén bǎo	cc-cedict	Kaposvár in southwest Hungary, capital of Somogy County 紹莫吉州|绍莫吉州[Shao4 mo4 ji2 Zhou1]
考試卷子	kǎo shì juàn zi	kǎo shì juǎn zǐ	cc-cedict	see 考試卷|考试卷[kao3 shi4 juan4]
耳朵眼兒	ěr duo yǎn r	ěr duǒ yǎn ér	cc-cedict	earhole/ear piercing hole; earring hole
耳鼻咽喉	ěr bí yān hóu	ěr bí yàn hóu	cc-cedict	ear nose and throat/otolaryngology
耶利米書	yē lì mǐ shū	yé lì mǐ shū	cc-cedict	Book of Jeremiah
耶哥尼雅	yē gē ní yǎ	yé gē ní yǎ	cc-cedict	Jechoniah or Jeconiah (son of Josiah)
耶律大石	yē lǜ dà shí	yé lǜ dà shí	cc-cedict	Yollig Taxin or Yelü Dashi (1087-1143), Chinese-educated Khitan leader, founder of Western Liao 西遼|西辽 in Central Asia
耶律楚材	yē lǜ chǔ cái	yé lǜ chǔ cái	cc-cedict	Yelü Chucai (1190-1244), Khitan statesman and advisor to Genghis Khan and Ögödei Khan, known for convincing the Mongols 
耶穌基督	yē sū jī dū	yé sū jī dū	cc-cedict	Jesus Christ
耶穌會士	yē sū huì shì	yé sū huì shì	cc-cedict	a Jesuit/member of Society of Jesus
耶路撒冷	yē lù sā lěng	yé lù sā lěng	cc-cedict	Jerusalem
耶酥會士	yē sū huì shì	yé sū huì shì	cc-cedict	a Jesuit
耶魯大學	yē lǔ dà xué	yé lǔ dà xué	cc-cedict	Yale University
聊以塞責	liáo yǐ sè zé	liáo yǐ sāi zé	cc-cedict	in order to minimally fulfill one's responsibilities/in order to get off the hook
聖佛明節	shèng fó míng jié	shèng fú míng jié	cc-cedict	Fiesta de Saint Fermin, festival held annually in Pamplona, Spain
聖地亞哥	shèng dì yà gē	shèng de yà gē	cc-cedict	Santiago, capital of Chile/San Diego, California
聖地牙哥	shèng dì yá gē	shèng de yá gē	cc-cedict	(Tw) San Diego, California/Santiago, capital of Chile
聖經外傳	shèng jīng wài zhuàn	shèng jīng wài chuán	cc-cedict	Apocrypha/biography external to the classics
聖經賢傳	shèng jīng xián zhuàn	shèng jīng xián chuán	cc-cedict	lit. holy scripture and biography of sage (idiom); refers to Confucian canonical texts
聚變反應	jù biàn fǎn yìng	jù biàn fǎn yīng	cc-cedict	nuclear fusion
聯調聯試	lián tiáo lián shì	lián diào lián shì	cc-cedict	debugging and commissioning/testing (of a whole system)
聽牆根兒	tīng qiáng gēn r	tīng qiáng gēn ér	cc-cedict	erhua variant of 聽牆根|听墙根[ting1 qiang2 gen1]
肆意妄為	sì yì wàng wéi	sì yì wàng wèi	cc-cedict	see 恣意妄為|恣意妄为[zi4 yi4 wang4 wei2]
肉毒中毒	ròu dú zhòng dú	ròu dú zhōng dú	cc-cedict	botulism
肝腦塗地	gān nǎo tú dì	gān nǎo tú de	cc-cedict	to offer one's life in sacrifice
背景音樂	bèi jǐng yīn yuè	bèi jǐng yīn lè	cc-cedict	background music (BGM)/soundtrack/musical setting
胡作非為	hú zuò fēi wéi	hú zuò fēi wèi	cc-cedict	to run amok (idiom); to commit outrages
胳臂箍兒	gē bei gū r	gē bì gū ér	cc-cedict	armband
胳臂肘兒	gē bei zhǒu r	gē bì zhǒu ér	cc-cedict	elbow
脫不了身	tuō bù liǎo shēn	tuō bù le shēn	cc-cedict	busy and unable to get away
腳不沾地	jiǎo bù zhān dì	jiǎo bù zhān de	cc-cedict	feet not touching the ground (idiom)/to run like the wind
腳不點地	jiǎo bù diǎn dì	jiǎo bù diǎn de	cc-cedict	see 腳不沾地|脚不沾地[jiao3 bu4 zhan1 di4]
腳踏實地	jiǎo tà shí dì	jiǎo tà shí de	cc-cedict	to have one's feet firmly planted on the ground (idiom); realistic without flights of fancy/steady and serious character
腹笥便便	fù sì pián pián	fù sì biàn biàn	cc-cedict	a learned person (idiom)
膀胱氣化	páng guāng qì huà	bǎng guāng qì huà	cc-cedict	(TCM) the extraction of impure fluid by the kidneys and the passing of it from the body by the bladder as urine
膽大妄為	dǎn dà wàng wéi	dǎn dà wàng wèi	cc-cedict	daring/presumptuous/daredevil
臊眉耷眼	sào méi dā yǎn	sāo méi dā yǎn	cc-cedict	(dialect) ashamed
臨床特徵	lín chuáng tè zhēng	lín chuáng tè zhǐ	cc-cedict	clinical characteristic/diagnostic trait
自以為是	zì yǐ wéi shì	zì yǐ wèi shì	cc-cedict	to believe oneself infallible (idiom)/to be opinionated
自力更生	zì lì gēng shēng	zì lì gèng shēng	cc-cedict	regeneration through one's own effort (idiom)/self-reliance
自怨自艾	zì yuàn zì yì	zì yuàn zì ài	cc-cedict	to be full of remorse/to repent and redress one's errors
自由散漫	zì yóu sǎn màn	zì yóu sàn màn	cc-cedict	easygoing/lax/unconstrained/unruly
自給自足	zì jǐ zì zú	zì gěi zì zú	cc-cedict	self-sufficiency/autarky
自艾自憐	zì yì zì lián	zì ài zì lián	cc-cedict	(idiom) to feel sorry for oneself
自行了斷	zì xíng liǎo duàn	zì xíng le duàn	cc-cedict	to take one's life
與世長辭	yǔ shì cháng cí	yǔ shì zhǎng cí	cc-cedict	to die/to depart from the world forever
與人為善	yǔ rén wéi shàn	yǔ rén wèi shàn	cc-cedict	to be of service to others/to help others/benevolent
興利除弊	xīng lì chú bì	xìng lì chú bì	cc-cedict	to promote what is useful and get rid of what is harmful (idiom)
興奮高潮	xīng fèn gāo cháo	xìng fèn gāo cháo	cc-cedict	peak of excitement/orgasm
興妖作怪	xīng yāo zuò guài	xìng yāo zuò guài	cc-cedict	lit. to summon demons to create havoc (idiom)/fig. to stir up all kinds of trouble
興安運河	xīng ān yùn hé	xìng ān yùn hé	cc-cedict	another name for Lingqu 靈渠|灵渠[Ling2 qu2], canal in Xing'an county 興安|兴安[Xing1 an1], Guangxi
興師動眾	xīng shī dòng zhòng	xìng shī dòng zhòng	cc-cedict	to muster large forces/to get a great number of people involved (in carrying out some task)
興師問罪	xīng shī wèn zuì	xìng shī wèn zuì	cc-cedict	to send punitive forces against/(fig.) to criticize violently
興旺發達	xīng wàng fā dá	xìng wàng fā dá	cc-cedict	prosperous and developing/flourishing
興業銀行	xīng yè yín háng	xìng yè yín xíng	cc-cedict	Société Générale
興滅繼絕	xīng miè jì jué	xìng miè jì jué	cc-cedict	lit. to restore the state and revive old families (idiom)/fig. to restore sth that has been destroyed or forgotten
興都庫什	xīng dū kù shí	xìng dōu kù shén	cc-cedict	the Hindu Kush (mountain range)
興隆臺區	xīng lóng tái qū	xìng lóng tái qū	cc-cedict	Xinglongtai, a district of Panjin City 盤錦市|盘锦市[Pan2 jin3 Shi4], Liaoning
興風作浪	xīng fēng zuò làng	xìng fēng zuò làng	cc-cedict	to incite trouble/to stir up havoc
舊地重遊	jiù dì chóng yóu	jiù de zhòng yóu	cc-cedict	(idiom) to return to a place after a long time away
舊景重現	jiù jǐng chóng xiàn	jiù jǐng zhòng xiàn	cc-cedict	scenes of the past reappear; evocation of the past
舊調重彈	jiù diào chóng tán	jiù diào zhòng dàn	cc-cedict	replaying the same old tunes (idiom); conservative, unoriginal and discredited/to keep harping on about the same old stu
舌下含服	shé xià hán fù	shé xià hán fú	cc-cedict	sublingual administration (medicine)
舍利子塔	shè lì zi tǎ	shě lì zǐ tǎ	cc-cedict	see 舍利塔[she4 li4 ta3]
艾哈邁德	ài hǎ mài dé	ài hā mài dé	cc-cedict	Ahmed (name)
花不棱登	huā bu lēng dēng	huā bù léng dēng	cc-cedict	gaudy; having too many jumbled colors
花天酒地	huā tiān jiǔ dì	huā tiān jiǔ de	cc-cedict	to spend one's time in drinking and pleasure (idiom); to indulge in sensual pleasures/life of debauchery
花旗銀行	huā qí yín háng	huā qí yín xíng	cc-cedict	Citibank/abbr. to 花旗
花朝月夕	huā zhāo yuè xī	huā cháo yuè xī	cc-cedict	a beautiful day/cf Birthday of the Flowers on lunar 15th February and Mid-autumn Festival on lunar 15th August
花落誰家	huā luò shéi jiā	huā luò shuí jiā	cc-cedict	who will be the winner?
苦不唧兒	kǔ bu jī r	kǔ bù jī ér	cc-cedict	erhua variant of 苦不唧[ku3 bu5 ji1]
苦盡甘來	kǔ jìn gān lái	kǔ jǐn gān lái	cc-cedict	bitterness finishes, sweetness begins (idiom); the hard times are over, the good times just beginning
苦難深重	kǔ nàn shēn zhòng	kǔ nán shēn zhòng	cc-cedict	deep grief/extensive sorrow
英語教學	yīng yǔ jiāo xué	yīng yǔ jiào xué	cc-cedict	English Language Teaching (ELT)/studying and teaching English
茄子河區	qié zi hé qū	jiā zǐ hé qū	cc-cedict	Qiezihe, a district of Qitaihe City 七臺河市|七台河市[Qi1 tai2 he2 Shi4], Heilongjiang
茅塞頓開	máo sè dùn kāi	máo sāi dùn kāi	cc-cedict	murky darkness suddenly opens (idiom); a sudden flash of insight and all is clear
茶葉末兒	chá yè mò r	chá yè mò ér	cc-cedict	tea leaves powder
草字頭兒	cǎo zì tóu r	cǎo zì tóu ér	cc-cedict	grass radical 艹
草率收兵	cǎo shuài shōu bīng	cǎo lǜ shōu bīng	cc-cedict	to work vaguely then retreat (idiom); sloppy and half-hearted/half-baked
草草了事	cǎo cǎo liǎo shì	cǎo cǎo le shì	cc-cedict	to rush through the work/to get through a thing carelessly
荷槍實彈	hè qiāng shí dàn	hé qiāng shí dàn	cc-cedict	(idiom) armed/carrying a loaded firearm
莊稼戶兒	zhuāng jia hù r	zhuāng jià hù ér	cc-cedict	erhua variant of 莊稼戶|庄稼户[zhuang1 jia5 hu4]
莊稼活兒	zhuāng jia huó r	zhuāng jià huó ér	cc-cedict	farm work
莞爾一笑	wǎn ěr yī xiào	guǎn ěr yī xiào	cc-cedict	(literary) to smile
莫可指數	mò kě zhǐ shǔ	mò kě zhǐ shù	cc-cedict	countless/innumerable
華佗再世	huà tuó zài shì	huá tuó zài shì	cc-cedict	(lit.) a reincarnation of Hua Tuo, the legendary physician of the Eastern Han Dynasty (idiom)/(fig.) a highly skilled an
華夏銀行	huá xià yín háng	huá xià yín xíng	cc-cedict	Huaxia Bank
萎靡不振	wěi mǐ bù zhèn	wěi mí bù zhèn	cc-cedict	dispirited and listless (idiom); downcast
萬兒八千	wàn r bā qiān	wàn ér bā qiān	cc-cedict	ten thousand or almost ten thousand
萬古長新	wàn gǔ cháng xīn	wàn gǔ zhǎng xīn	cc-cedict	to remain forever new (idiom)
萬古長春	wàn gǔ cháng chūn	wàn gǔ zhǎng chūn	cc-cedict	see 萬古長青|万古长青[wan4 gu3 chang2 qing1]
萬古長青	wàn gǔ cháng qīng	wàn gǔ zhǎng qīng	cc-cedict	(idiom) enduring through the ages; ever-flourishing
萬應靈丹	wàn yìng líng dān	wàn yīng líng dān	cc-cedict	panacea
萬象更新	wàn xiàng gēng xīn	wàn xiàng gèng xīn	cc-cedict	(in the spring) nature takes on a new look (idiom)
萬里長城	wàn lǐ cháng chéng	wàn lǐ zhǎng chéng	cc-cedict	the Great Wall
萬里長江	wàn lǐ cháng jiāng	wàn lǐ zhǎng jiāng	cc-cedict	Changjiang River/Yangtze River
萬頭攢動	wàn tóu cuán dòng	wàn tóu zǎn dòng	cc-cedict	(idiom) bustling with many people
落地生根	luò dì shēng gēn	luò de shēng gēn	cc-cedict	air plant (Bryophyllum pinnatum)/to put down roots
落拓不羈	luò tuò bù jī	luò tà bù jī	cc-cedict	(idiom) unconventional; uninhibited; free-spirited
落草為寇	luò cǎo wéi kòu	luò cǎo wèi kòu	cc-cedict	(idiom) to take to the woods to become an outlaw
落袋為安	luò dài wéi ān	luò dài wèi ān	cc-cedict	(idiom) to take profits and lock in one's gains
葉公好龍	yè gōng hào lóng	yè gōng hǎo lóng	cc-cedict	lit. Lord Ye's passion for dragons (idiom)/fig. to pretend to be fond of sth while actually fearing it/ostensible fondne
著手成春	zhuó shǒu chéng chūn	zhù shǒu chéng chūn	cc-cedict	lit. set out and it becomes spring (idiom); to effect a miracle cure (of medical operation)/to bring back the dead/once 
著著失敗	zhāo zhāo shī bài	zhù zhù shī bài	cc-cedict	to fail at every step of the way/Taiwan pr. [zhuo2zhuo2-shi1bai4]
葛瑞格爾	gě ruì gé ěr	gé ruì gé ěr	cc-cedict	Gregoire (name)
蒙古大夫	měng gǔ dài fu	méng gǔ dà fū	cc-cedict	(coll.) quack (doctor)/charlatan
蒙古沙鴴	měng gǔ shā héng	méng gǔ shā héng	cc-cedict	(bird species of China) Siberian sand plover (Anarhynchus mongolus)
蒙地卡羅	méng dì kǎ luó	méng de kǎ luó	cc-cedict	Monte-Carlo (Monaco) (Tw)
蒙帕納斯	měng pà nà sī	méng pà nà sī	cc-cedict	Montparnasse (southeast Paris, 14ème arrondissement)
蒸氣重整	zhēng qì chóng zhěng	zhēng qì zhòng zhěng	cc-cedict	steam reforming (chemistry)
蒸發空調	zhēng fā kōng tiáo	zhēng fā kōng diào	cc-cedict	evaporative air conditioner/evaporative cooler
蔚為壯觀	wèi wéi zhuàng guān	wèi wèi zhuàng guān	cc-cedict	see 蔚為大觀|蔚为大观[wei4 wei2 da4 guan1]
蔚為大觀	wèi wéi dà guān	wèi wèi dà guān	cc-cedict	to afford a magnificent sight (idiom)/enchanting
薄利多銷	bó lì duō xiāo	báo lì duō xiāo	cc-cedict	small profit but rapid turnover
薄弱環節	bó ruò huán jié	báo ruò huán jié	cc-cedict	weak link/loophole
薄胎瓷器	bó tāi cí qì	báo tāi cí qì	cc-cedict	eggshell china
薄養厚葬	bó yǎng hòu zàng	báo yǎng hòu zàng	cc-cedict	to neglect one's parents but give them a rich funeral/hypocrisy in arranging a lavish funeral after treating one's paren
薩哈羅夫	sà hǎ luó fū	sà hā luó fū	cc-cedict	Andrei Sakharov (1921-1989), Russian nuclear scientist and dissident human rights activist
薩哈諾夫	sà hǎ nuò fū	sà hā nuò fū	cc-cedict	(Andrei) Sakharov
薩摩耶犬	sà mó yē quǎn	sà mó yé quǎn	cc-cedict	Samoyed (dog)
薩格勒布	sà gé lè bù	sà gé lēi bù	cc-cedict	Zagreb, capital of Croatia
薪盡火傳	xīn jìn huǒ chuán	xīn jǐn huǒ chuán	cc-cedict	see 薪火相傳|薪火相传[xin1 huo3 xiang1 chuan2]
藉詞推搪	jiè cí tuī táng	jí cí tuī táng	cc-cedict	to make a lot of excuses
藍田種玉	lán tián zhòng yù	lán tián zhǒng yù	cc-cedict	a marriage made in heaven (idiom)
藏傳佛教	zàng chuán fó jiào	cáng chuán fú jiào	cc-cedict-buddhist	Tibetan Buddhism
藏茴香果	zàng huí xiāng guǒ	cáng huí xiāng guǒ	cc-cedict	caraway
蘇打餅乾	sū dá bǐng gān	sū dǎ bǐng qián	cc-cedict	soda biscuit; soda cracker; saltine
虎斑地鶇	hǔ bān dì dōng	hǔ bān de dōng	cc-cedict	(bird species of China) scaly thrush (Zoothera dauma)
處世之道	chǔ shì zhī dào	chù shì zhī dào	cc-cedict	way of life/attitude/modus operandi
處世原則	chǔ shì yuán zé	chù shì yuán zé	cc-cedict	a maxim/one's principles
處之泰然	chǔ zhī tài rán	chù zhī tài rán	cc-cedict	see 泰然處之|泰然处之[tai4 ran2 chu3 zhi1]
處事原則	chǔ shì yuán zé	chù shì yuán zé	cc-cedict	a maxim/one's principles
處心積慮	chǔ xīn jī lǜ	chù xīn jī lǜ	cc-cedict	to plot actively (idiom)/scheming/calculating
處理能力	chǔ lǐ néng lì	chù lǐ néng lì	cc-cedict	processing capability/throughput
處變不驚	chǔ biàn bù jīng	chù biàn bù jīng	cc-cedict	to remain calm in the face of events (idiom)
虛心好學	xū xīn hào xué	xū xīn hǎo xué	cc-cedict	modest and studious (idiom)
虛應了事	xū yìng liǎo shì	xū yīng le shì	cc-cedict	see 虛應故事|虚应故事[xu1 ying4 gu4 shi4]
虛應故事	xū yìng gù shì	xū yīng gù shì	cc-cedict	to go through the motions
虛無縹緲	xū wú piāo miǎo	xū wú piǎo miǎo	cc-cedict	illusory; imaginary; fanciful
虛與委蛇	xū yǔ wēi yí	xū yǔ wěi shé	cc-cedict	(idiom) to feign civility
號啕大哭	háo táo dà kū	hào táo dà kū	cc-cedict	variant of 嚎啕大哭[hao2 tao2 da4 ku1]
蜚短流長	fēi duǎn liú cháng	fēi duǎn liú zhǎng	cc-cedict	to spread malicious gossip/also written 飛短流長|飞短流长[fei1 duan3 liu2 chang2]
蜜月假期	mì yuè jià qī	mì yuè jiǎ qī	cc-cedict	honeymoon
蝦兵蟹將	xiā bīng xiè jiàng	xiā bīng xiè jiāng	cc-cedict	shrimp soldiers and crab generals (in mythology or popular fiction, the army of the Dragon King of the Eastern Sea)/usel
蝴蝶效應	hú dié xiào yìng	hú dié xiào yīng	cc-cedict	butterfly effect (dynamical systems theory)
融合為一	róng hé wéi yī	róng hé wèi yī	cc-cedict	to form a cohesive whole/to fuse together
融為一體	róng wéi yī tǐ	róng wèi yī tǐ	cc-cedict	to fuse together (idiom)/hypostatic union (religion)
血債累累	xuè zhài lěi lěi	xuè zhài lèi lèi	cc-cedict	debts of blood crying out for retribution
血流漂杵	xuè liú piāo chǔ	xuè liú piào chǔ	cc-cedict	enough blood flowing to float pestles (idiom); rivers of blood/blood bath
行家裡手	háng jiā lǐ shǒu	xíng jiā lǐ shǒu	cc-cedict	connoisseur/expert
行為主義	xíng wéi zhǔ yì	xíng wèi zhǔ yì	cc-cedict	behaviorism
行為數據	xíng wéi shù jù	xíng wèi shù jù	cc-cedict	behavioral data (marketing)
行為準則	xíng wéi zhǔn zé	xíng wèi zhǔn zé	cc-cedict	code of conduct/standard of conduct
行為藝術	xíng wéi yì shù	xíng wèi yì shù	cc-cedict	performance art
衛氏朝鮮	wèi shì cháo xiǎn	wèi shì cháo xiān	cc-cedict	Wiman Korea (195-108 BC), historical kingdom in Manchuria, Liaoning and North Korea
衛滿朝鮮	wèi mǎn cháo xiǎn	wèi mǎn cháo xiān	cc-cedict	Wiman Korea (195-108 BC), historical kingdom in Manchuria, Liaoning and North Korea
衣單食薄	yī dān shí bó	yī dān shí báo	cc-cedict	thin coat, meager food (idiom); life of wretched poverty/destitute
衣裳鈎兒	yī shang gōu r	yī shang gōu ér	cc-cedict	clothes hook
衣錦還鄉	yī jǐn huán xiāng	yī jǐn hái xiāng	cc-cedict	lit. to come back to one's hometown in silken robes (idiom)/fig. to return home after making good/Taiwan pr. [yi4 jin3 h
裡應外合	lǐ yìng wài hé	lǐ yīng wài hé	cc-cedict	to coordinate outside and inside offensives (idiom)/(fig.) to act together
裡海地鴉	lǐ hǎi dì yā	lǐ hǎi de yā	cc-cedict	(bird species of China) Turkestan ground jay; Pander's ground jay (Podoces panderi)
西地那非	xī dì nà fēi	xī de nà fēi	cc-cedict	sildenafil (virility drug) (loanword)
西塞山區	xī sài shān qū	xī sāi shān qū	cc-cedict	Xisaishan, a district of Huangshi City 黃石市|黄石市[Huang2 shi2 Shi4], Hubei
西格蒙德	xī gé mēng dé	xī gé méng dé	cc-cedict	Sigmund (name)
西藏獒犬	xī zàng áo quǎn	xī cáng áo quǎn	cc-cedict	Tibetan mastiff
要買人心	yāo mǎi rén xīn	yào mǎi rén xīn	cc-cedict	variant of 邀買人心|邀买人心[yao1 mai3 ren2 xin1]
見義勇為	jiàn yì yǒng wéi	jiàn yì yǒng wèi	cc-cedict	(idiom, from the Analects) (usu. of a passer-by who comes across a critical situation) to step in and help; to take brav
覓食行為	mì shí xíng wéi	mì shí xíng wèi	cc-cedict	foraging
視為畏途	shì wéi wèi tú	shì wèi wèi tú	cc-cedict	to view as dangerous (idiom); afraid to do sth
視為知己	shì wéi zhī jǐ	shì wèi zhī jǐ	cc-cedict	to consider sb as close friend (idiom); to take into one's confidence
親力親為	qīn lì qīn wéi	qīn lì qīn wèi	cc-cedict	to do sth oneself
親密無間	qīn mì wú jiàn	qīn mì wú jiān	cc-cedict	(idiom) to have a very close relationship with each other
親水長廊	qīn shuǐ cháng láng	qīn shuǐ zhǎng láng	cc-cedict	waterside promenade
觀釁伺隙	guān xìn sì xì	guān xìn cì xì	cc-cedict	lit. to look for holes, and observe gaps (idiom)/fig. to search out one's opponent's weak points/to look for the Achille
觸地得分	chù dì dé fēn	chù de dé fēn	cc-cedict	to score a try (sports)/to score a touchdown
言不盡意	yán bù jìn yì	yán bù jǐn yì	cc-cedict	(conventional letter ending) words cannot fully express what is in my heart (idiom)
言歸正傳	yán guī zhèng zhuàn	yán guī zhèng chuán	cc-cedict	to return to the topic (idiom)/to get back to the main point
言為心聲	yán wéi xīn shēng	yán wèi xīn shēng	cc-cedict	one's words reflect one's thinking (idiom)
討價還價	tǎo jià huán jià	tǎo jià hái jià	cc-cedict	to haggle over price/to bargain
設身處地	shè shēn chǔ dì	shè shēn chù de	cc-cedict	to put oneself in sb else's shoes
評價量規	píng jià liáng guī	píng jià liàng guī	cc-cedict	rubric (i.e. a guide listing specific criteria for grading)
詳盡無遺	xiáng jìn wú yí	xiáng jǐn wú yí	cc-cedict	exhaustive/thorough
誅盡殺絕	zhū jìn shā jué	zhū jǐn shā jué	cc-cedict	to wipe out/to exterminate
誇多鬥靡	kuā duō dòu mǐ	kuā duō dòu mí	cc-cedict	(idiom) to use literary phrases in one's writing to show off one's erudition
認死扣兒	rèn sǐ kòu r	rèn sǐ kòu ér	cc-cedict	stubborn
認死理兒	rèn sǐ lǐ r	rèn sǐ lǐ ér	cc-cedict	erhua variant of 認死理|认死理[ren4 si3 li3]
認知失調	rèn zhī shī tiáo	rèn zhī shī diào	cc-cedict	cognitive dissonance
誓死不降	shì sǐ bù xiáng	shì sǐ bù jiàng	cc-cedict	to vow to fight to the death
語言匱乏	yǔ yán kuì fá	yǔ yán guì fá	cc-cedict	language deficit (linguistics)
語重心長	yǔ zhòng xīn cháng	yǔ zhòng xīn zhǎng	cc-cedict	meaningful and heartfelt words (idiom); sincere and earnest wishes
說來話長	shuō lái huà cháng	shuō lái huà zhǎng	cc-cedict	start explaining and it's a long story (idiom); complicated and not easy to express succinctly
說岳全傳	shuō yuè quán zhuàn	shuō yuè quán chuán	cc-cedict	"The Story of Yue Fei", biography of Song dynasty patriot and general Yue Fei 岳飛|岳飞[Yue4 Fei1]
說著玩兒	shuō zhe wán r	shuō zhù wán ér	cc-cedict	erhua variant of 說著玩|说着玩[shuo1 zhe5 wan2]
說長道短	shuō cháng dào duǎn	shuō zhǎng dào duǎn	cc-cedict	lit. to discuss sb's merits and demerits (idiom); to gossip
誰人樂隊	shéi rén yuè duì	shuí rén lè duì	cc-cedict	The Who (1960s UK rock band)
調三窩四	tiáo sān wō sì	diào sān wō sì	cc-cedict	to sow the seeds of discord everywhere (idiom)
調兵遣將	diào bīng qiǎn jiàng	diào bīng qiǎn jiāng	cc-cedict	to move an army and send a general (idiom); to deploy an army/to send a team on a task
調味肉汁	tiáo wèi ròu zhī	diào wèi ròu zhī	cc-cedict	gravy
調和分析	tiáo hé fēn xī	diào hé fēn xī	cc-cedict	harmonic analysis (math.)
調和振動	tiáo hé zhèn dòng	diào hé zhèn dòng	cc-cedict	harmonic oscillation
調嘴學舌	tiáo zuǐ xué shé	diào zuǐ xué shé	cc-cedict	to incite trouble between people (idiom)
調理食品	tiáo lǐ shí pǐn	diào lǐ shí pǐn	cc-cedict	precooked food
調皮搗蛋	tiáo pí dǎo dàn	diào pí dǎo dàn	cc-cedict	naughty; mischievous; to act up
調研人員	tiáo yán rén yuán	diào yán rén yuán	cc-cedict	research workers/survey and research workers
談判地位	tán pàn dì wèi	tán pàn de wèi	cc-cedict	bargaining position
談天說地	tán tiān shuō dì	tán tiān shuō de	cc-cedict	to talk endlessly; to talk about everything under the sun
論長道短	lùn cháng dào duǎn	lùn zhǎng dào duǎn	cc-cedict	lit. to discuss sb's merits and demerits (idiom); to gossip
謀臣武將	móu chén wǔ jiàng	móu chén wǔ jiāng	cc-cedict	strategic experts and powerful generals (idiom)
謀臣猛將	móu chén měng jiàng	móu chén měng jiāng	cc-cedict	strategic experts and powerful generals (idiom)
謝天謝地	xiè tiān xiè dì	xiè tiān xiè de	cc-cedict	(idiom) thank goodness
變態反應	biàn tài fǎn yìng	biàn tài fǎn yīng	cc-cedict	allergic response/allergy
豁然開朗	huò rán kāi lǎng	huō rán kāi lǎng	cc-cedict	suddenly opens up to a wide panorama (idiom); to come to a wide clearing/fig. everything becomes clear at once/to achiev
象徵主義	xiàng zhēng zhǔ yì	xiàng zhǐ zhǔ yì	cc-cedict	symbolism
豪氣干雲	háo qì gān yún	háo qì gàn yún	cc-cedict	lit. heroism reaching to the clouds (idiom)
貝克勒爾	bèi kè lè ěr	bèi kè lēi ěr	cc-cedict	becquerel (unit of radioactivity, symbol Bq)/abbr. to 貝克|贝克[bei4 ke4]
貝卡谷地	bèi kǎ gǔ dì	bèi kǎ gǔ de	cc-cedict	Bekaa Valley between Lebanon and Syria
貝爾格勒	bèi ěr gé lè	bèi ěr gé lēi	cc-cedict	Belgrade, capital of Serbia (Tw)
負債累累	fù zhài lěi lěi	fù zhài lèi lèi	cc-cedict	deep in debt
負載均衡	fù zǎi jūn héng	fù zài jūn héng	cc-cedict	(computing) load balancing
貧嘴薄舌	pín zuǐ bó shé	pín zuǐ báo shé	cc-cedict	garrulous and sharp-tongued
貧困地區	pín kùn dì qū	pín kùn de qū	cc-cedict	poor region/impoverished area
貧富差距	pín fù chā jù	pín fù chà jù	cc-cedict	disparity between rich and poor
貧窮潦倒	pín qióng liáo dǎo	pín qióng liáo dào	cc-cedict	destitute; poverty-stricken
買了佛冷	mǎi le fó lěng	mǎi le fú lěng	cc-cedict	(Internet slang) eggcorn for the song lyrics "I love Poland" that became a catchphrase in 2018
買櫝還珠	mǎi dú huán zhū	mǎi dú hái zhū	cc-cedict	to buy a wooden box and return the pearls inside/to show poor judgment (idiom)
費盡心思	fèi jìn xīn si	fèi jǐn xīn sī	cc-cedict	to rack one's brains (idiom); to take great pains to think sth through
費盡心機	fèi jìn xīn jī	fèi jǐn xīn jī	cc-cedict	to rack one's brains for schemes (idiom)/to beat one's brains out
貿易逆差	mào yì nì chā	mào yì nì chà	cc-cedict	trade deficit/adverse trade balance
貿易順差	mào yì shùn chā	mào yì shùn chà	cc-cedict	trade surplus
賓主盡歡	bīn zhǔ jìn huān	bīn zhǔ jǐn huān	cc-cedict	both the guests and the hosts thoroughly enjoy themselves (idiom)
賽普勒斯	sài pǔ lè sī	sài pǔ lēi sī	cc-cedict	Cyprus (Tw)
赤字累累	chì zì lěi lěi	chì zì lèi lèi	cc-cedict	debt-ridden/heavily laden with debt
赤誠相見	chì chéng xiàng jiàn	chì chéng xiāng jiàn	cc-cedict	candidly sharing confidences
赫氏角鷹	hè shì jué yīng	hè shì jiǎo yīng	cc-cedict	see 鷹鵰|鹰雕[ying1 diao1]
走為上計	zǒu wéi shàng jì	zǒu wèi shàng jì	cc-cedict	see 三十六計，走為上策|三十六计，走为上策[san1 shi2 liu4 ji4 , zou3 wei2 shang4 ce4]
走背字兒	zǒu bèi zì r	zǒu bèi zì ér	cc-cedict	erhua variant of 走背字[zou3 bei4 zi4]
起重葫蘆	qǐ chóng hú lu	qǐ zhòng hú lú	cc-cedict	hoist pulley
起飛彈射	qǐ fēi tán shè	qǐ fēi dàn shè	cc-cedict	takeoff catapult (on aircraft carrier)
超敏反應	chāo mǐn fǎn yìng	chāo mǐn fǎn yīng	cc-cedict	hypersensitivity
趕盡殺絕	gǎn jìn shā jué	gǎn jǐn shā jué	cc-cedict	to kill to the last one (idiom)/to exterminate/to eradicate/ruthless
跌跌蹌蹌	diē diē qiàng qiàng	diē diē qiāng qiāng	cc-cedict	to dodder along
跑堂兒的	pǎo táng r de	pǎo táng ér de	cc-cedict	waiter
跑馬圈地	pǎo mǎ quān dì	pǎo mǎ quān de	cc-cedict	rushing to stake one's claim in new markets (idiom)
跪地求饒	guì dì qiú ráo	guì de qiú ráo	cc-cedict	to kneel and beg forgiveness
踏破門檻	tā pò mén kǎn	tà pò mén kǎn	cc-cedict	to wear out the doorstep (idiom)/to crowd at sb's door
踏踏實實	tā tā shí shí	tà tà shí shí	cc-cedict	steady/steadfast
蹦蹦兒車	bèng bèng r chē	bèng bèng ér chē	cc-cedict	motor tricycle (onom. bang-bang car)
身先朝露	shēn xiān zhāo lù	shēn xiān cháo lù	cc-cedict	body will go with the morning dew (idiom); fig. ephemeral and precarious nature of human existence
身無長技	shēn wú cháng jì	shēn wú zhǎng jì	cc-cedict	to possess no special talents
身無長物	shēn wú cháng wù	shēn wú zhǎng wù	cc-cedict	(idiom) to possess nothing except bare necessities; to live a frugal life
車載斗量	chē zài dǒu liáng	chē zài dòu liàng	cc-cedict	lit. measured in cartloads and gallons/fig. by the barrowload (i.e. lots and lots)/innumerable
軍事基地	jūn shì jī dì	jūn shì jī de	cc-cedict	military base
較短絜長	jiào duǎn xié cháng	jiào duǎn jié zhǎng	cc-cedict	to compare long and short/to compare the pros and cons
較長絜短	jiào cháng xié duǎn	jiào zhǎng jié duǎn	cc-cedict	to compare long and short/to compare the pros and cons
載入史冊	zǎi rù shǐ cè	zài rù shǐ cè	cc-cedict	to be recorded in history; to go down in history
輕口薄舌	qīng kǒu bó shé	qīng kǒu báo shé	cc-cedict	(idiom) hasty and rude; caustic and sharp-tongued
輕嘴薄舌	qīng zuǐ bó shé	qīng zuǐ báo shé	cc-cedict	lit. light mouth, thin tongue (idiom); hasty and rude/caustic and sharp-tongued
輕浪浮薄	qīng làng fú bó	qīng làng fú báo	cc-cedict	(idiom) frivolous
輻射對稱	fú shè duì chèn	fú shè duì chēng	cc-cedict	radial symmetry
輻射散射	fú shè sǎn shè	fú shè sàn shè	cc-cedict	radiation scattering
轉來轉去	zhuàn lái zhuàn qù	zhuǎn lái zhuǎn qù	cc-cedict	to rove around/to run around in circles/to walk back and forth
轉入地下	zhuǎn rù dì xià	zhuǎn rù de xià	cc-cedict	to go underground/to turn to secret activities
轉危為安	zhuǎn wēi wéi ān	zhuǎn wēi wèi ān	cc-cedict	to turn peril into safety (idiom); to avert a danger (esp. political or medical)
轉圜餘地	zhuǎn huán yú dì	zhuǎn huán yú de	cc-cedict	to have room to save a situation/margin for error (idiom)
轉彎抹角	zhuǎn wān mò jiǎo	zhuǎn wān mǒ jiǎo	cc-cedict	see 拐彎抹角|拐弯抹角[guai3 wan1 mo4 jiao3]
轉悲為喜	zhuǎn bēi wéi xǐ	zhuǎn bēi wèi xǐ	cc-cedict	to turn grief into happiness (idiom)
轉敗為勝	zhuàn bài wéi shèng	zhuǎn bài wèi shèng	cc-cedict	to turn defeat into victory (idiom); snatching victory from the jaws of defeat
轉移陣地	zhuǎn yí zhèn dì	zhuǎn yí zhèn de	cc-cedict	to move one's base (of operations)/to reposition/to relocate
轉輪手槍	zhuàn lún shǒu qiāng	zhuǎn lún shǒu qiāng	cc-cedict	revolver (handgun)
轉輪聖王	zhuàn lún shèng wáng	zhuǎn lún shèng wáng	cc-cedict-buddhist	Chakravarti raja (Sanskrit: King of Kings)/emperor in Hindu mythology
轟動效應	hōng dòng xiào yìng	hōng dòng xiào yīng	cc-cedict	sensational effect/wild reaction
辦公地址	bàn gōng dì zhǐ	bàn gōng de zhǐ	cc-cedict	business address; office address
迄今為止	qì jīn wéi zhǐ	qì jīn wèi zhǐ	cc-cedict	so far/up to now/still (not)
迎接挑戰	yíng jiē tiǎo zhàn	yíng jiē tiāo zhàn	cc-cedict	to meet a challenge
近地天體	jìn dì tiān tǐ	jìn de tiān tǐ	cc-cedict	near-Earth object (NEO)
近地軌道	jìn dì guǐ dào	jìn de guǐ dào	cc-cedict	low Earth orbit (LEO)
近畿地方	jìn jī dì fāng	jìn jī de fāng	cc-cedict	the Kinki region of Japan, aka the Kansai region, with cities including Kyoto, Osaka and Kobe
返老還童	fǎn lǎo huán tóng	fǎn lǎo hái tóng	cc-cedict	to recover one's youthful vigor/to feel rejuvenated (idiom)
迪斯科吧	dí sī kē bā	dí sī kē ba	cc-cedict	discotheque
迴旋餘地	huí xuán yú dì	huí xuán yú de	cc-cedict	room to maneuver; leeway; latitude
迷迷糊糊	mí mí hū hū	mí mí hú hú	cc-cedict	in a daze/bewildered
退耕還林	tuì gēng huán lín	tuì gēng hái lín	cc-cedict	restoring agricultural land to forest
退避三舍	tuì bì sān shè	tuì bì sān shě	cc-cedict	(lit.) to retreat ninety li (idiom)/(fig.) to shun; to assiduously avoid
逃災避難	táo zāi bì nàn	táo zāi bì nán	cc-cedict	to seek refuge from calamities
逐行掃描	zhú háng sǎo miáo	zhú xíng sǎo miáo	cc-cedict	line by line scanning/progressive scanning
這早晚兒	zhè zǎo wǎn r	zhè zǎo wǎn ér	cc-cedict	now/at this time/this late
這還了得	zhè hái liǎo dé	zhè hái le dé	cc-cedict	How dare you!/This is an outrage!/Absolutely disgraceful!
通信地址	tōng xìn dì zhǐ	tōng xìn de zhǐ	cc-cedict	mail address
通天徹地	tōng tiān chè dì	tōng tiān chè de	cc-cedict	to know all under heaven/exceptionally talented (idiom)
通訊地址	tōng xùn dì zhǐ	tōng xùn de zhǐ	cc-cedict	mailing address; postal address
連中三元	lián zhòng sān yuán	lián zhōng sān yuán	cc-cedict	(old) to rank first in the imperial examinations at the provincial capital, the national capital and the palace successi
連哄帶騙	lián hǒng dài piàn	lián hōng dài piàn	cc-cedict	to cajole/to sweet talk sb into doing sth
連篇累牘	lián piān lěi dú	lián piān lèi dú	cc-cedict	(of a piece of writing) long and tedious (idiom)/verbose
連鎖反應	lián suǒ fǎn yìng	lián suǒ fǎn yīng	cc-cedict	(physics) chain reaction/(idiom) chain reaction; series of events each caused by the previous one
進退為難	jìn tuì wéi nán	jìn tuì wèi nán	cc-cedict	no room to advance or to retreat (idiom); without any way out of a dilemma/trapped/in an impossible situation
逼良為娼	bī liáng wéi chāng	bī liáng wèi chāng	cc-cedict	to force an honest girl into prostitution (idiom)/to debauch
遊戲手把	yóu xì shǒu bà	yóu xì shǒu bǎ	cc-cedict	gamepad (Tw)
遊手好閑	yóu shǒu hào xián	yóu shǒu hǎo xián	cc-cedict	to idle about
運動健將	yùn dòng jiàn jiàng	yùn dòng jiàn jiāng	cc-cedict	champion-level athlete (title awarded by the General Administration of Sport of China based on performance in internatio
運動相機	yùn dòng xiàng jī	yùn dòng xiāng jī	cc-cedict	action camera
遍地開花	biàn dì kāi huā	biàn de kāi huā	cc-cedict	(idiom) to blossom everywhere; to spring up all over the place; to flourish on a large scale
過一會兒	guò yī huì r	guò yī huì ér	cc-cedict	later/after a while
過敏反應	guò mǐn fǎn yìng	guò mǐn fǎn yīng	cc-cedict	allergic reaction
過江之鯽	guò jiāng zhī jì	guò jiāng zhī zéi	cc-cedict	(idiom) vast multitude of people
過關斬將	guò guān zhǎn jiàng	guò guān zhǎn jiāng	cc-cedict	to surmount all difficulties (on the way to success) (idiom) (abbr. for 過五關斬六將|过五关斩六将[guo4 wu3 guan1 zhan3 liu4 jiang4])
道德高地	dào dé gāo dì	dào dé gāo de	cc-cedict	moral high ground
達嚕噶齊	dá lū gá qí	dá lǔ gá qí	cc-cedict	Mongolian daruqachi, local commander in Mongol and Yuan times
遠渡重洋	yuǎn dù chóng yáng	yuǎn dù zhòng yáng	cc-cedict	to travel across the oceans
還原真相	huán yuán zhēn xiàng	hái yuán zhēn xiāng	cc-cedict	to set the record straight/to clarify the facts
還給老師	huán gěi lǎo shī	hái gěi lǎo shī	cc-cedict	to forget (everything one has learned)
邊境地區	biān jìng dì qū	biān jìng de qū	cc-cedict	border area
邊緣地區	biān yuán dì qū	biān yuán de qū	cc-cedict	border area
那不勒斯	nà bù lè sī	nà bù lēi sī	cc-cedict	Napoli, capital of Campania region of Italy/Naples
郢書燕說	yǐng shū yān shuō	yǐng shū yàn shuō	cc-cedict	lit. Ying writes a letter and Yan reads it/fig. to misinterpret the original meaning/to pile up errors/refers to the let
都市傳奇	dū shì chuán qí	dōu shì chuán qí	cc-cedict	urban legend (translation of recent Western term)/story or theory circulated as true/same as 都會傳奇|都会传奇
都市傳說	dū shì chuán shuō	dōu shì chuán shuō	cc-cedict	urban legend; urban myth
都會傳奇	dū huì chuán qí	dōu huì chuán qí	cc-cedict	urban legend (translation of recent Western term)/story or theory circulated as true/same as 都市傳奇|都市传奇
都江堰市	dū jiāng yàn shì	dōu jiāng yàn shì	cc-cedict	Dujiangyan, a county-level city in Chengdu City 成都市[Cheng2 du1 Shi4], Sichuan
都鐸王朝	dū duó wáng cháo	dōu duó wáng cháo	cc-cedict	Tudor Dynasty, ruled England 1485-1603
鄉村音樂	xiāng cūn yīn yuè	xiāng cūn yīn lè	cc-cedict	country music (country & western music genre)
酌情處理	zhuó qíng chǔ lǐ	zhuó qíng chù lǐ	cc-cedict	see 酌情辦理|酌情办理[zhuo2 qing2 ban4 li3]
配送地址	pèi sòng dì zhǐ	pèi sòng de zhǐ	cc-cedict	delivery address
酒精中毒	jiǔ jīng zhòng dú	jiǔ jīng zhōng dú	cc-cedict	alcoholism/alcohol poisoning
酩酊大醉	mǐng dǐng dà zuì	mǐng dīng dà zuì	cc-cedict	(idiom) dead drunk; plastered; as drunk as a lord
里維耶拉	lǐ wéi yē lā	lǐ wéi yé lā	cc-cedict	riviera (loanword) (Tw)
重修舊好	chóng xiū jiù hǎo	zhòng xiū jiù hǎo	cc-cedict	to make friends again/to renew old cordial relations
重出江湖	chóng chū jiāng hú	zhòng chū jiāng hú	cc-cedict	(of a person) to return to the fray after a period of inactivity; to jump back into the thick of things/(of sth that was
重巒疊嶂	chóng luán dié zhàng	zhòng luán dié zhàng	cc-cedict	range upon range of mountains (idiom)
重慶大學	chóng qìng dà xué	zhòng qìng dà xué	cc-cedict	Chongqing University
重披戰袍	chóng pī zhàn páo	zhòng pī zhàn páo	cc-cedict	(fig.) to re-enter the fray; to return to a field of activity after a period of absence
重提舊事	chóng tí jiù shì	zhòng tí jiù shì	cc-cedict	to raise the same old topic again/to hark back
重操舊業	chóng cāo jiù yè	zhòng cāo jiù yè	cc-cedict	to resume one's old trade (idiom)
重整旗鼓	chóng zhěng qí gǔ	zhòng zhěng qí gǔ	cc-cedict	lit. to reorganize flags and drums (idiom); to regroup after a setback/to prepare for new initiatives/to attempt a comeb
重新做人	chóng xīn zuò rén	zhòng xīn zuò rén	cc-cedict	to start a new life; to make a fresh start
重新啟動	chóng xīn qǐ dòng	zhòng xīn qǐ dòng	cc-cedict	to reboot; to restart
重新裝修	chóng xīn zhuāng xiū	zhòng xīn zhuāng xiū	cc-cedict	refurbishment; renovation
重新造林	chóng xīn zào lín	zhòng xīn zào lín	cc-cedict	reforestation
重新開始	chóng xīn kāi shǐ	zhòng xīn kāi shǐ	cc-cedict	to resume; to restart; to start afresh
重新開機	chóng xīn kāi jī	zhòng xīn kāi jī	cc-cedict	to restart; to reboot
重歷舊遊	chóng lì jiù yóu	zhòng lì jiù yóu	cc-cedict	to revisit/to return to a previously visited spot
重溫舊夢	chóng wēn jiù mèng	zhòng wēn jiù mèng	cc-cedict	to revive old dreams (idiom); to relive past experiences
重溫舊業	chóng wēn jiù yè	zhòng wēn jiù yè	cc-cedict	to resume one's old trade (idiom)
重現江湖	chóng xiàn jiāng hú	zhòng xiàn jiāng hú	cc-cedict	see 重出江湖[chong2 chu1 jiang1 hu2]
重眼皮兒	chóng yǎn pí r	zhòng yǎn pí ér	cc-cedict	double eyelid/epicanthal fold of upper eyelid (characteristic of Asian people)
重睹天日	chóng dǔ tiān rì	zhòng dǔ tiān rì	cc-cedict	to see the light again (idiom); delivered from oppression
重碳酸鈣	chóng tàn suān gài	zhòng tàn suān gài	cc-cedict	calcium bicarbonate Ca(HCO3)2
重碳酸鹽	chóng tàn suān yán	zhòng tàn suān yán	cc-cedict	bicarbonate
重組家庭	chóng zǔ jiā tíng	zhòng zǔ jiā tíng	cc-cedict	blended family
重見天日	chóng jiàn tiān rì	zhòng jiàn tiān rì	cc-cedict	to see the light again (idiom); delivered from oppression
重起爐竈	chóng qǐ lú zào	zhòng qǐ lú zào	cc-cedict	to start over from scratch (idiom)
重蹈覆轍	chóng dǎo fù zhé	zhòng dǎo fù zhé	cc-cedict	lit. to follow in the tracks of an overturned cart (idiom)/fig. to follow a path that led to failure in the past/to repe
量入為出	liàng rù wéi chū	liàng rù wèi chū	cc-cedict	to assess one's income and spend accordingly (idiom); to live within one's means/You can only spend what you earn.
量力而為	liàng lì ér wéi	liàng lì ér wèi	cc-cedict	to weigh one's abilities and act accordingly/to act according to one's means/to cut one's coat according to one's cloth
量身定做	liáng shēn dìng zuò	liàng shēn dìng zuò	cc-cedict	to tailor-make/tailor-made/tailored to/customized
量身定製	liáng shēn dìng zhì	liàng shēn dìng zhì	cc-cedict	tailor-made
金冠地鶯	jīn guān dì yīng	jīn guān de yīng	cc-cedict	(bird species of China) slaty-bellied tesia (Tesia olivea)
金帳汗國	jīn zhàng hán guó	jīn zhàng hàn guó	cc-cedict	Golden Horde (ancient state)
金蟬脫殼	jīn chán tuō qiào	jīn chán tuō ké	cc-cedict	lit. the cicada sheds its carapace (idiom); fig. to vanish leaving an empty shell/a crafty escape plan
針線活兒	zhēn xiàn huó r	zhēn xiàn huó ér	cc-cedict	needlework/working for a living as a needleworker
鉚足勁兒	mǎo zú jìn r	mǎo zú jìn ér	cc-cedict	to exert all one's strength
銅管樂器	tóng guǎn yuè qì	tóng guǎn lè qì	cc-cedict	brass instruments
鋌而走險	tǐng ér zǒu xiǎn	dìng ér zǒu xiǎn	cc-cedict	to take a risk out of desperation (idiom)
鋪天蓋地	pū tiān gài dì	pù tiān gài de	cc-cedict	(lit.) eclipsing the sky and blanketing the earth (idiom)/(fig.) arriving in overwhelming quantities; engulfing; all-per
鋪張浪費	pū zhāng làng fèi	pù zhāng làng fèi	cc-cedict	extravagance and waste (idiom)
鋪蓋卷兒	pū gài juǎn r	pù gài juǎn ér	cc-cedict	bedroll
錫林郭勒	xī lín guō lè	xī lín guō lēi	cc-cedict	see 錫林郭勒盟|锡林郭勒盟[Xi1 lin2 guo1 le4 Meng2]
鍵盤樂器	jiàn pán yuè qì	jiàn pán lè qì	cc-cedict	keyboard instrument (piano, organ etc)
鏈式反應	liàn shì fǎn yìng	liàn shì fǎn yīng	cc-cedict	chain reaction
鐘鳴漏盡	zhōng míng lòu jìn	zhōng míng lòu jǐn	cc-cedict	past one's prime/in one's declining years
鐵哥們兒	tiě gē men r	tiě gē men ér	cc-cedict	erhua variant of 鐵哥們|铁哥们[tie3 ge1 men5]
鐵板茄子	tiě bǎn qié zi	tiě bǎn jiā zǐ	cc-cedict	eggplant served sizzling on a hot iron plate
鐵血宰相	tiě xuè zǎi xiàng	tiě xuè zǎi xiāng	cc-cedict	Iron Chancellor, refers to Otto von Bismarck (1815-1898), Prussian politician, minister-president of Prussia 1862-1873, 
鑄劍為犁	zhù jiàn wéi lí	zhù jiàn wèi lí	cc-cedict	(idiom) to beat swords into plowshares; to turn from war to peace
鑭系元素	lán xì yuán sù	làn xì yuán sù	cc-cedict	lanthanoid (rare earth series), namely: lanthanum La57 鑭|镧[lan2], cerium Ce58 鈰|铈[shi4], praseodymium Pr59 鐠|镨[pu3], neo
長久以來	cháng jiǔ yǐ lái	zhǎng jiǔ yǐ lái	cc-cedict	for a long time now; long since
長吁短嘆	cháng xū duǎn tàn	zhǎng xū duǎn tàn	cc-cedict	long moan and short gasp (idiom); continually moaning and groaning in pain
長命富貴	cháng mìng fù guì	zhǎng mìng fù guì	cc-cedict	We wish you long life and riches! (idiom, conventional greeting)
長命百歲	cháng mìng bǎi suì	zhǎng mìng bǎi suì	cc-cedict	(idiom) to live to be a hundred years old (often used as a blessing or wish for longevity)
長嘴劍鴴	cháng zuǐ jiàn héng	zhǎng zuǐ jiàn héng	cc-cedict	(bird species of China) long-billed plover (Charadrius placidus)
長嘴地鶇	cháng zuǐ dì dōng	zhǎng zuǐ de dōng	cc-cedict	(bird species of China) dark-sided thrush (Zoothera marginata)
長嘴百靈	cháng zuǐ bǎi líng	zhǎng zuǐ bǎi líng	cc-cedict	(bird species of China) Tibetan lark (Melanocorypha maxima)
長嘴鷯鶥	cháng zuǐ liáo méi	zhǎng zuǐ liáo méi	cc-cedict	(bird species of China) long-billed wren-babbler (Napothera malacoptila)
長城飯店	cháng chéng fàn diàn	zhǎng chéng fàn diàn	cc-cedict	Great Wall Hotel (Beijing Sheraton 喜來登|喜来登)
長夜漫漫	cháng yè màn màn	zhǎng yè màn màn	cc-cedict	endless night (idiom); fig. long suffering
長夜難明	cháng yè nán míng	zhǎng yè nán míng	cc-cedict	lit. many nights under a harsh moon/long years of oppression (idiom)
長安大學	cháng ān dà xué	zhǎng ān dà xué	cc-cedict	Chang'an University
長尾地鶇	cháng wěi dì dōng	zhǎng wěi de dōng	cc-cedict	(bird species of China) long-tailed thrush (Zoothera dixoni)
長尾夜鷹	cháng wěi yè yīng	zhǎng wěi yè yīng	cc-cedict	(bird species of China) large-tailed nightjar (Caprimulgus macrurus)
長尾奇鶥	cháng wěi qí méi	zhǎng wěi qí méi	cc-cedict	(bird species of China) long-tailed sibia (Heterophasia picaoides)
長尾朱雀	cháng wěi zhū què	zhǎng wěi zhū què	cc-cedict	(bird species of China) long-tailed rosefinch (Carpodacus sibiricus)
長尾林鴞	cháng wěi lín xiāo	zhǎng wěi lín xiāo	cc-cedict	(bird species of China) Ural owl (Strix uralensis)
長尾賊鷗	cháng wěi zéi ōu	zhǎng wěi zéi ōu	cc-cedict	(bird species of China) long-tailed jaeger (Stercorarius longicaudus)
長尾鷯鶥	cháng wěi liáo méi	zhǎng wěi liáo méi	cc-cedict	(bird species of China) grey-bellied wren-babbler (Spelaeornis reptatus)
長尾鸚鵡	cháng wěi yīng wǔ	zhǎng wěi yīng wǔ	cc-cedict	(bird species of China) long-tailed parakeet (Psittacula longicauda)
長山山脈	cháng shān shān mài	zhǎng shān shān mài	cc-cedict	Annamite Range, aka Annamese Cordillera, mountain range forming the border between Vietnam and Laos
長島冰茶	cháng dǎo bīng chá	zhǎng dǎo bīng chá	cc-cedict	Long Island Iced Tea
長平之戰	cháng píng zhī zhàn	zhǎng píng zhī zhàn	cc-cedict	Battle of Changping of 260 BC, at which the Qin army 秦軍|秦军[Qin2 jun1] encircled and annihilated a Zhao army of 400,000
長年累月	cháng nián lěi yuè	zhǎng nián lèi yuè	cc-cedict	year in, year out (idiom)/(over) many years
長度單位	cháng dù dān wèi	zhǎng dù dān wèi	cc-cedict	unit of length
長期以來	cháng qī yǐ lái	zhǎng qī yǐ lái	cc-cedict	for a long time
長期共存	cháng qī gòng cún	zhǎng qī gòng cún	cc-cedict	long-term coexistence
長期飯票	cháng qī fàn piào	zhǎng qī fàn piào	cc-cedict	(fig.) guarantee of financial support for the rest of one's life
長柄勺子	cháng bǐng sháo zi	zhǎng bǐng sháo zǐ	cc-cedict	ladle
長柄鐮刀	cháng bǐng lián dāo	zhǎng bǐng lián dāo	cc-cedict	scythe
長榮海運	cháng róng hǎi yùn	zhǎng róng hǎi yùn	cc-cedict	Evergreen Marine Corp. (Taiwan shipping line)
長榮航空	cháng róng háng kōng	zhǎng róng háng kōng	cc-cedict	EVA Air, Taiwanese international airline
長槍短炮	cháng qiāng duǎn pào	zhǎng qiāng duǎn pào	cc-cedict	camera (jocular)
長樂公主	cháng lè gōng zhǔ	zhǎng lè gōng zhǔ	cc-cedict	Princess Changle of Western Wei of the Northern dynasties 西魏[Xi1 Wei4], given in marriage c. 545 to Bumin Khan 土門|土门[Tu3
長樂未央	cháng lè wèi yāng	zhǎng lè wèi yāng	cc-cedict	endless happiness (idiom)
長江三峽	cháng jiāng sān xiá	zhǎng jiāng sān xiá	cc-cedict	Three Gorges or Yangtze Gorges, namely: Qutang Gorge 瞿塘峽|瞿塘峡[Qu2 tang2 Xia2], Wuxia Gorge 巫峽|巫峡[Wu1 Xia2] and Xiling Gor
長江流域	cháng jiāng liú yù	zhǎng jiāng liú yù	cc-cedict	Changjiang or Yangtze river basin
長治久安	cháng zhì jiǔ ān	zhǎng zhì jiǔ ān	cc-cedict	long-term peace and stability (of governments)
長生不死	cháng shēng bù sǐ	zhǎng shēng bù sǐ	cc-cedict	immortality
長生不老	cháng shēng bù lǎo	zhǎng shēng bù lǎo	cc-cedict	(idiom) to live forever and never grow old
長生久視	cháng shēng jiǔ shì	zhǎng shēng jiǔ shì	cc-cedict	(idiom) to live forever and never grow old
長生祿位	cháng shēng lù wèi	zhǎng shēng lù wèi	cc-cedict	tablet in honor of a person who is still alive (or was alive when the tablet was created)
長相廝守	cháng xiāng sī shǒu	zhǎng xiāng sī shǒu	cc-cedict	(of a couple) to stay together for life
長篇小說	cháng piān xiǎo shuō	zhǎng piān xiǎo shuō	cc-cedict	novel; full-length novel
長篇累牘	cháng piān lěi dú	zhǎng piān lèi dú	cc-cedict	(of a text) very lengthy (idiom)
長腳秧雞	cháng jiǎo yāng jī	zhǎng jiǎo yāng jī	cc-cedict	(bird species of China) corn crake (Crex crex)
長袖善舞	cháng xiù shàn wǔ	zhǎng xiù shàn wǔ	cc-cedict	long sleeves help one dance beautifully (idiom); money and power will help you in any occupation
長話短說	cháng huà duǎn shuō	zhǎng huà duǎn shuō	cc-cedict	(idiom) to make a long story short; to keep it brief
長足進步	cháng zú jìn bù	zhǎng zú jìn bù	cc-cedict	rapid progress
長趾濱鷸	cháng zhǐ bīn yù	zhǎng zhǐ bīn yù	cc-cedict	(bird species of China) long-toed stint (Calidris subminuta)
長轡遠馭	cháng pèi yuǎn yù	zhǎng pèi yuǎn yù	cc-cedict	to control from a distance (idiom)
長途汽車	cháng tú qì chē	zhǎng tú qì chē	cc-cedict	long-distance coach
長途話費	cháng tú huà fèi	zhǎng tú huà fèi	cc-cedict	(telephony) long-distance call charge
長途跋涉	cháng tú bá shè	zhǎng tú bá shè	cc-cedict	long and difficult trek
長途電話	cháng tú diàn huà	zhǎng tú diàn huà	cc-cedict	long-distance phone call
長風破浪	cháng fēng pò làng	zhǎng fēng pò làng	cc-cedict	lit. to ride the wind and crest the waves/to be ambitious and unafraid (idiom)
長驅直入	cháng qū zhí rù	zhǎng qū zhí rù	cc-cedict	to march straight in unchallenged (military) (idiom)/(fig.) to push deep into the heart of sth/to flood in
閉卷考試	bì juàn kǎo shì	bì juǎn kǎo shì	cc-cedict	closed-book examination
閉目塞聽	bì mù sè tīng	bì mù sāi tīng	cc-cedict	to shut one's eyes and stop one's ears/out of touch with reality/to bury one's head in the sand
閉門塞竇	bì mén sè dòu	bì mén sāi dòu	cc-cedict	to close doors and block openings (idiom); mounting a strict defense
開卷有益	kāi juàn yǒu yì	kāi juǎn yǒu yì	cc-cedict	lit. opening a book is profitable (idiom); the benefits of education
開天闢地	kāi tiān pì dì	kāi tiān pì de	cc-cedict	(lit.) to split heaven and earth apart (refers to the Pangu 盤古|盘古[Pan2 gu3] creation myth) (idiom)/(fig.) unprecedented;
開疆拓土	kāi jiāng tuò tǔ	kāi jiāng tà tǔ	cc-cedict	(idiom) to expand one's territory; to conquer new lands; (fig.) to expand one's business into new markets
開發銀行	kāi fā yín háng	kāi fā yín xíng	cc-cedict	development bank
開花結實	kāi huā jiē shí	kāi huā jié shí	cc-cedict	see 開花結果|开花结果[kai1 hua1 jie1 guo3]
開花結果	kāi huā jiē guǒ	kāi huā jié guǒ	cc-cedict	(lit.) to blossom and bear fruit (idiom)/(fig.) to come to fruition; to yield favorable results
開鑼喝道	kāi luó hè dào	kāi luó hē dào	cc-cedict	to clear a street by banging gongs and shouting loudly (idiom)
間接證據	jiàn jiē zhèng jù	jiān jiē zhèng jù	cc-cedict	indirect testimony/circumstantial evidence
間接賓語	jiàn jiē bīn yǔ	jiān jiē bīn yǔ	cc-cedict	indirect object (grammar)
間接選舉	jiàn jiē xuǎn jǔ	jiān jiē xuǎn jǔ	cc-cedict	indirect election
間歇訓練	jiàn xiē xùn liàn	jiān xiē xùn liàn	cc-cedict	interval training
間諜活動	jiàn dié huó dòng	jiān dié huó dòng	cc-cedict	espionage/spying
間諜軟件	jiàn dié ruǎn jiàn	jiān dié ruǎn jiàn	cc-cedict	spyware
間隔攝影	jiàn gé shè yǐng	jiān gé shè yǐng	cc-cedict	time-lapse photography
間隔重複	jiàn gé chóng fù	jiān gé zhòng fù	cc-cedict	spaced repetition
關中地區	guān zhōng dì qū	guān zhōng de qū	cc-cedict	Guanzhong Plain in Shaanxi
關東地震	guān dōng dì zhèn	guān dōng de zhèn	cc-cedict	Kantō earthquake of 1923, magnitude 8.2, that killed 200,000 people in the Tokyo area
防毒斗篷	fáng dú dǒu péng	fáng dú dòu péng	cc-cedict	protective cape
防火長城	fáng huǒ cháng chéng	fáng huǒ zhǎng chéng	cc-cedict	Great Firewall of China (system for restricting access to foreign websites)
防空避難	fáng kōng bì nàn	fáng kōng bì nán	cc-cedict	(Tw) evacuation to an air-raid shelter
防衛過當	fáng wèi guò dàng	fáng wèi guò dāng	cc-cedict	excessive self-defense (self-defense with excessive force)
阻差辦公	zǔ chāi bàn gōng	zǔ chà bàn gōng	cc-cedict	(law) obstructing government administration (Hong Kong)
阿克塞縣	ā kè sài xiàn	ā kè sāi xiàn	cc-cedict	see 阿克塞哈薩克族自治縣|阿克塞哈萨克族自治县[A1 ke4 sai4 Ha1 sa4 ke4 zu2 Zi4 zhi4 xian4]
阿其所好	ē qí suǒ hào	ā qí suǒ hǎo	cc-cedict	to pander to sb's whims
阿勒泰市	ā lè tài shì	ā lēi tài shì	cc-cedict	Altay, a county-level city in Altay Prefecture 阿勒泰地區|阿勒泰地区[A1 le4 tai4 Di4 qu1], Xinjiang
阿卜杜拉	ā bǔ dù lā	ā bo dù lā	cc-cedict	Abdullah (name)
阿圖什市	ā tú shí shì	ā tú shén shì	cc-cedict	Artush, a county-level city in Kizilsu Kyrgyz Autonomous Prefecture 克孜勒蘇柯爾克孜自治州|克孜勒苏柯尔克孜自治州[Ke4 zi1 le4 su1 Ke1 er3 ke4 
阿塞拜疆	ā sài bài jiāng	ā sāi bài jiāng	cc-cedict	Azerbaijan
阿彌陀佛	ē mí tuó fó	ā mí tuó fú	cc-cedict	Amitabha Buddha/the Buddha of the Western paradise/may the lord Buddha preserve us!/merciful Buddha!
阿旺曲沛	ā wàng qǔ pèi	ā wàng qū pèi	cc-cedict	Ngawang Choepel (Tibetan, Fulbright scholar)
阿爾都塞	ā ěr dū sài	ā ěr dōu sāi	cc-cedict	surname Althusser/Louis Pierre Althusser (1918–1990), Marxist philosopher
阿甘正傳	ā gān zhèng zhuàn	ā gān zhèng chuán	cc-cedict	Forrest Gump
阿諛奉承	ē yú fèng chéng	ā yú fèng chéng	cc-cedict	flattering and fawning (idiom)/sweet-talking
阿里地區	ā lǐ dì qū	ā lǐ de qū	cc-cedict	Ngari, prefecture in Tibet Autonomous Region 西藏自治區|西藏自治区[Xi1 zang4 Zi4 zhi4 qu1]
阿鼻地獄	ā bí dì yù	ā bí de yù	cc-cedict-buddhist	(Buddhism) the Avici Hell, the last and most painful of the eight hot hells
降龍伏虎	xiáng lóng fú hǔ	jiàng lóng fú hǔ	cc-cedict	to vanquish dragons and tigers (idiom)
陟罰臧否	zhì fá zāng pǐ	zhì fá zāng fǒu	cc-cedict	(idiom) to evaluate the merits and demerits of; (esp. in formal, ethical or societal contexts) to critique; to judge
除惡務盡	chú è wù jìn	chú è wù jǐn	cc-cedict	to eradicate evil completely (idiom); thorough in rooting out wickedness
除舊更新	chú jiù gēng xīn	chú jiù gèng xīn	cc-cedict	to replace the old with new (idiom)
陰差陽錯	yīn chā yáng cuò	yīn chà yáng cuò	cc-cedict	(idiom) due to an unexpected turn of events
陰曹地府	yīn cáo dì fǔ	yīn cáo de fǔ	cc-cedict	netherworld/Kingdom of the Underworld/Hades
陰錯陽差	yīn cuò yáng chā	yīn cuò yáng chà	cc-cedict	see 陰差陽錯|阴差阳错[yin1 cha1 yang2 cuo4]
階級成分	jiē jí chéng fèn	jiē jí chéng fēn	cc-cedict	social composition/social status (in Marxist theory, esp. using during the Cultural Revolution)
隔行掃描	gé háng sǎo miáo	gé xíng sǎo miáo	cc-cedict	interlaced scanning
隨時隨地	suí shí suí dì	suí shí suí de	cc-cedict	anytime and anywhere
隨機應變	suí jī yìng biàn	suí jī yīng biàn	cc-cedict	to change according to the situation (idiom); pragmatic
隨機效應	suí jī xiào yìng	suí jī xiào yīng	cc-cedict	stochastic effect
隨聲附和	suí shēng fù hè	suí shēng fù hé	cc-cedict	to parrot other people's words (idiom); to chime in with others
隨行就市	suí háng jiù shì	suí xíng jiù shì	cc-cedict	(of a price) to fluctuate according to the market/to sell at the market price
隨風倒柳	suí fēng dǎo liǔ	suí fēng dào liǔ	cc-cedict	lit. a willow that bends with the wind/one with no fixed principles (idiom)
隨風倒舵	suí fēng dǎo duò	suí fēng dào duò	cc-cedict	to trim one's sails with the wind/to adopt different attitude depending on the circumstances (idiom)
隱身草兒	yǐn shēn cǎo r	yǐn shēn cǎo ér	cc-cedict	erhua variant of 隱身草|隐身草[yin3 shen1 cao3]
隻雞斗酒	zhī jī dǒu jiǔ	zhī jī dòu jiǔ	cc-cedict	lit. a chicken and a bottle of wine (idiom); fig. ready to make an offering to the deceased, or to entertain guests
雁杳魚沈	yàn yǎo yú chén	yàn yǎo yú shěn	cc-cedict	without news from sb (idiom)
雙重國籍	shuāng chóng guó jí	shuāng zhòng guó jí	cc-cedict	dual citizenship
雙重標準	shuāng chóng biāo zhǔn	shuāng zhòng biāo zhǔn	cc-cedict	double standard
雜和麵兒	zá huo miàn r	zá hé miàn ér	cc-cedict	erhua variant of 雜和麵|杂和面[za2 huo5 mian4]
雜居地區	zá jū dì qū	zá jū de qū	cc-cedict	area of mixed habitation
雞蛋殼兒	jī dàn ké r	jī dàn ké ér	cc-cedict	eggshell
難乎為繼	nán hū wéi jì	nán hū wèi jì	cc-cedict	see 難以為繼|难以为继[nan2 yi3 wei2 ji4]
難以應付	nán yǐ yìng fù	nán yǐ yīng fù	cc-cedict	hard to deal with/hard to handle
難以為繼	nán yǐ wéi jì	nán yǐ wèi jì	cc-cedict	(idiom) difficult to carry on; unsustainable
難兄難弟	nàn xiōng nàn dì	nán xiōng nán dì	cc-cedict	(idiom) companions in hardship; fellow sufferers
雷扎耶湖	léi zhá yē hú	léi zhā yé hú	cc-cedict	Lake Urmia, northwest Iran, a major salt lake/formerly called lake Rezaiyeh
電光朝露	diàn guāng zhāo lù	diàn guāng cháo lù	cc-cedict	flash of lightning, morning dew (idiom); fig. ephemeral/impermanent
電子舞曲	diàn zǐ wǔ qǔ	diàn zǐ wǔ qū	cc-cedict	electronic dance music
電磁干擾	diàn cí gān rǎo	diàn cí gàn rǎo	cc-cedict	electromagnetic interference
電磁感應	diàn cí gǎn yìng	diàn cí gǎn yīng	cc-cedict	electromagnetic induction
電荷耦合	diàn hè ǒu hé	diàn hé ǒu hé	cc-cedict	electric charge coupling
電郵地址	diàn yóu dì zhǐ	diàn yóu de zhǐ	cc-cedict	email address
震天動地	zhèn tiān dòng dì	zhèn tiān dòng de	cc-cedict	to shake heaven and earth (idiom)
霍林郭勒	huò lín guō lè	huò lín guō lēi	cc-cedict	see 霍林郭勒市[Huo4 lin2 guo1 le4 Shi4]
霹靂啪啦	pī lì pā lā	pī lì pā la	cc-cedict	see 噼里啪啦[pi1 li5 pa1 la1]
青堂瓦舍	qīng táng wǎ shè	qīng táng wǎ shě	cc-cedict	brick house with a tiled roof
青年旅舍	qīng nián lǚ shè	qīng nián lǚ shě	cc-cedict	youth hostel
青藏公路	qīng zàng gōng lù	qīng cáng gōng lù	cc-cedict	Qinghai-Tibet Highway
青藏鐵路	qīng zàng tiě lù	qīng cáng tiě lù	cc-cedict	Qinghai-Tibet railway
青藏高原	qīng zàng gāo yuán	qīng cáng gāo yuán	cc-cedict	Qinghai-Tibetan plateau
非分之念	fēi fèn zhī niàn	fēi fēn zhī niàn	cc-cedict	improper idea
非分之想	fēi fèn zhī xiǎng	fēi fēn zhī xiǎng	cc-cedict	(idiom) a presumptuous desire; an aspiration beyond one's reach
非利士地	fēi lì shì dì	fēi lì shì de	cc-cedict	Philistia, aka the Land of the Philistines
非核地帶	fēi hé dì dài	fēi hé de dài	cc-cedict	nuclear-free zone
非處方藥	fēi chǔ fāng yào	fēi chù fāng yào	cc-cedict	over-the-counter drug; OTC drug
非都會郡	fēi dū huì jùn	fēi dōu huì jùn	cc-cedict	non-metropolitan county (England)
靡有孑遺	mǐ yǒu jié yí	mí yǒu jié yí	cc-cedict	all dead and no survivors
靡靡之音	mǐ mǐ zhī yīn	mí mí zhī yīn	cc-cedict	(idiom) decadent music
靴子落地	xuē zi luò dì	xuē zǐ luò de	cc-cedict	(lit.) the boot hits the floor (idiom)/(fig.) a much-anticipated, impactful development has finally occurred (an allusio
鞠躬盡瘁	jū gōng jìn cuì	jū gōng jǐn cuì	cc-cedict	to bend to a task and spare no effort (idiom); striving to the utmost
鞭長莫及	biān cháng mò jí	biān zhǎng mò jí	cc-cedict	lit. the whip cannot reach (idiom); beyond one's influence/too far to be able to help
韓國銀行	hán guó yín háng	hán guó yín xíng	cc-cedict	Bank of Korea
音樂之聲	yīn yuè zhī shēng	yīn lè zhī shēng	cc-cedict	The Sound of Music, Broadway musical (1959) and Academy Award-winning movie (1965)
音樂光碟	yīn yuè guāng dié	yīn lè guāng dié	cc-cedict	music CD
音樂學院	yīn yuè xué yuàn	yīn lè xué yuàn	cc-cedict	music academy/conservatory
音樂電視	yīn yuè diàn shì	yīn lè diàn shì	cc-cedict	Music Television MTV
響應時間	xiǎng yìng shí jiān	xiǎng yīng shí jiān	cc-cedict	response time
響應號召	xiǎng yìng hào zhào	xiǎng yīng hào zhào	cc-cedict	to answer a call to action
頂天立地	dǐng tiān lì dì	dǐng tiān lì de	cc-cedict	lit. able to support both heaven and earth/of indomitable spirit (idiom)
順應不良	shùn yìng bù liáng	shùn yīng bù liáng	cc-cedict	inability to adjust/unable to adapt
順應天時	shùn yìng tiān shí	shùn yīng tiān shí	cc-cedict	going with nature and the seasons (TCM)
預防接種	yù fáng jiē zhòng	yù fáng jiē zhǒng	cc-cedict	prophylactic inoculation
領先地位	lǐng xiān dì wèi	lǐng xiān de wèi	cc-cedict	lead(ing) position
頭兒腦兒	tóu r nǎo r	tóu ér nǎo ér	cc-cedict	leading figure; bigwig
頭半天兒	tóu bàn tiān r	tóu bàn tiān ér	cc-cedict	erhua variant of 頭半天|头半天[tou2 ban4 tian1]
頭昏腦漲	tóu hūn nǎo zhàng	tóu hūn nǎo zhǎng	cc-cedict	variant of 頭昏腦脹|头昏脑胀[tou2 hun1 nao3 zhang4]
頭暈腦漲	tóu yūn nǎo zhàng	tóu yūn nǎo zhǎng	cc-cedict	variant of 頭暈腦脹|头晕脑胀[tou2 yun1 nao3 zhang4]
頻率調制	pín lǜ tiáo zhì	pín lǜ diào zhì	cc-cedict	frequency modulation
顏面掃地	yán miàn sǎo dì	yán miàn sǎo de	cc-cedict	lit. for one's face to reach rock bottom/to be thoroughly discredited (idiom)
顛三倒四	diān sān dǎo sì	diān sān dào sì	cc-cedict	confused/disorderly/incoherent
顛來倒去	diān lái dǎo qù	diān lái dào qù	cc-cedict	to harp on/over and over/merely ring changes on a few terms
顛倒是非	diān dǎo shì fēi	diān dào shì fēi	cc-cedict	(idiom) to distort right and wrong; to deliberately mislead
顛倒黑白	diān dǎo hēi bái	diān dào hēi bái	cc-cedict	lit. to invert black and white (idiom); to distort the truth deliberately/to misrepresent the facts/to invert right and 
顛兒丫子	diān r yā zi	diān ér yā zǐ	cc-cedict	see 顛兒|颠儿[dian1 r5]
顛覆分子	diān fù fèn zǐ	diān fù fēn zǐ	cc-cedict	a subversive; a saboteur
顛鸞倒鳳	diān luán dǎo fèng	diān luán dào fèng	cc-cedict	to have sexual intercourse
類地行星	lèi dì xíng xīng	lèi de xíng xīng	cc-cedict	terrestrial planet
風流蘊藉	fēng liú yùn jiè	fēng liú yùn jí	cc-cedict	temperate and refined
風調雨順	fēng tiáo yǔ shùn	fēng diào yǔ shùn	cc-cedict	(idiom) to have good weather for crops
風雨漂搖	fēng yǔ piāo yáo	fēng yǔ piào yáo	cc-cedict	variant of 風雨飄搖|风雨飘摇[feng1 yu3 piao1 yao2]
風靡一時	fēng mǐ yī shí	fēng mí yī shí	cc-cedict	fashionable for a while (idiom); all the rage
飛也似的	fēi yě shì de	fēi yě sì de	cc-cedict	lit. as if flying/very fast
飛短流長	fēi duǎn liú cháng	fēi duǎn liú zhǎng	cc-cedict	variant of 蜚短流長|蜚短流长[fei1 duan3 liu2 chang2]
食物中毒	shí wù zhòng dú	shí wù zhōng dú	cc-cedict	food poisoning
養尊處優	yǎng zūn chǔ yōu	yǎng zūn chù yōu	cc-cedict	to live like a prince (idiom)
養虎為患	yǎng hǔ wéi huàn	yǎng hǔ wèi huàn	cc-cedict	lit. to nurture a tiger invites calamity/fig. to indulge one's enemy is asking for trouble (idiom)
餐桌轉盤	cān zhuō zhuàn pán	cān zhuō zhuǎn pán	cc-cedict	revolving tray on a dining table/lazy Susan
餓莩載道	è piǎo zài dào	è fú zài dào	cc-cedict	starved corpses fill the roads (idiom); state of famine
餓莩遍野	è piǎo biàn yě	è fú biàn yě	cc-cedict	starving people everywhere (idiom); a state of famine
餘勇可賈	yú yǒng kě gǔ	yú yǒng kě jiǎ	cc-cedict	lit. spare valor for sale (idiom); fig. after former successes, still ready for more work/not resting on one's laurels
饒舌調唇	ráo shé tiáo chún	ráo shé diào chún	cc-cedict	blabbing and showing off (idiom); loud-mouthed trouble maker
饒舌音樂	ráo shé yīn yuè	ráo shé yīn lè	cc-cedict	rap music
首善之地	shǒu shàn zhī dì	shǒu shàn zhī de	cc-cedict	see 首善之區|首善之区[shou3 shan4 zhi1 qu1]
首都劇場	shǒu dū jù chǎng	shǒu dōu jù chǎng	cc-cedict	the Capital Theater (in Beijing)
首都機場	shǒu dū jī chǎng	shǒu dōu jī chǎng	cc-cedict	Beijing Capital International Airport (PEK)
首都領地	shǒu dū lǐng dì	shǒu dōu lǐng de	cc-cedict	capital territory/Australian Capital Territory (ACT) around Canberra 堪培拉
香榭麗舍	xiāng xiè lì shè	xiāng xiè lì shě	cc-cedict	Champs Élysées
馬拉喀什	mǎ lā kā shí	mǎ lā kā shén	cc-cedict	Marrakech (city in Morocco)
馬拉地語	mǎ lā dì yǔ	mǎ lā de yǔ	cc-cedict	Marathi language of west India
馬爾地夫	mǎ ěr dì fū	mǎ ěr de fū	cc-cedict	the Maldives (Tw)
馬薩諸塞	mǎ sà zhū sài	mǎ sà zhū sāi	cc-cedict	Massachusetts, US state
馬蘭基地	mǎ lán jī dì	mǎ lán jī de	cc-cedict	Malan military base and atomic test site in Bayingolin Mongol Autonomous Prefecture 巴音郭楞蒙古自治州[Ba1 yin1 guo1 leng2 Meng3 
馬路沿兒	mǎ lù yán r	mǎ lù yán ér	cc-cedict	roadside/edge of the road
驚天動地	jīng tiān dòng dì	jīng tiān dòng de	cc-cedict	(idiom) world-shaking
驚為天人	jīng wéi tiān rén	jīng wèi tiān rén	cc-cedict	(lit.) to be astonished as if beholding a heavenly being (idiom)/(fig.) to be astounded by sb's or sth's extraordinary b
骨牌效應	gǔ pái xiào yìng	gǔ pái xiào yīng	cc-cedict	domino effect/ripple effect
骨頭節兒	gǔ tou jié r	gǔ tóu jié ér	cc-cedict	joint (of the skeleton)
體鳴樂器	tǐ míng yuè qì	tǐ míng lè qì	cc-cedict	idiophone
高原反應	gāo yuán fǎn yìng	gāo yuán fǎn yīng	cc-cedict	altitude sickness
高層建築	gāo céng jiàn zhù	gāo céng jiàn zhú	cc-cedict	high-rise building/skyscraper
高空彈跳	gāo kōng tán tiào	gāo kōng dàn tiào	cc-cedict	bungee jumping (Tw)
高體鰟鮍	gāo tǐ páng pí	gāo tǐ fáng pī	cc-cedict	Rhodeus ocellatus (small carp)
高高手兒	gāo gāo shǒu r	gāo gāo shǒu ér	cc-cedict	Please do not be too severe on me!
高麗棒子	gāo lí bàng zi	gāo lì bàng zǐ	cc-cedict	Korean (derog.)
高麗王朝	gāo lí wáng cháo	gāo lì wáng cháo	cc-cedict	Korean Goryeo Dynasty, 918-1392
鬧著玩兒	nào zhe wán r	nào zhù wán ér	cc-cedict	to play games/to joke around/to play a joke on sb
鬼使神差	guǐ shǐ shén chāi	guǐ shǐ shén chà	cc-cedict	demons and gods at work (idiom); unexplained event crying out for a supernatural explanation/curious coincidence
魂不守舍	hún bù shǒu shè	hún bù shǒu shě	cc-cedict	to be preoccupied (idiom)/to be inattentive/to be frightened out of one's mind
鮁魚圈區	bà yú quān qū	bō yú quān qū	cc-cedict	Bayuquan, a district of Yingkou City 營口市|营口市[Ying2 kou3 Shi4], Liaoning
鮮為人知	xiǎn wéi rén zhī	xiān wèi rén zhī	cc-cedict	rarely known to anyone (idiom); almost unknown/secret to all but a few
鳥盡弓藏	niǎo jìn gōng cáng	niǎo jǐn gōng cáng	cc-cedict	lit. the birds are over, the bow is put away (idiom); fig. to get rid of sb once he has served his purpose
鳩摩羅什	jiū mó luó shí	jiū mó luó shén	cc-cedict-buddhist	Kumarajiva c. 334-413, Buddhist monk and translator of Zen texts
鷹擊長空	yīng jī cháng kōng	yīng jī zhǎng kōng	cc-cedict	the eagle soars in the sky (citation from Mao Zedong)
鸞飄鳳泊	luán piāo fèng bó	luán piāo fèng pō	cc-cedict	lit. firebird soars, phoenix alights (idiom)/fig. bold, graceful calligraphy/married couple separated from each other/ta
鹹津津兒	xián jīn jīn r	xián jīn jīn ér	cc-cedict	erhua variant of 鹹津津|咸津津[xian2 jin1 jin1]
鹹絲絲兒	xián sī sī r	xián sī sī ér	cc-cedict	erhua variant of 鹹絲絲|咸丝丝[xian2 si1 si1]
鹽鹼濕地	yán jiǎn shī dì	yán jiǎn shī de	cc-cedict	a saltmarsh
鹿死誰手	lù sǐ shéi shǒu	lù sǐ shuí shǒu	cc-cedict	lit. at whose hand will the deer die (idiom)/fig. who will emerge victorious
麟角鳳觜	lín jiǎo fèng zuǐ	lín jiǎo fèng zī	cc-cedict	lit. qilin's horn, phoenix's mouth (idiom)/fig. rara avis/rarity
麥蓋提縣	mài gě tí xiàn	mài gài tí xiàn	cc-cedict	Makit, a county in Kashgar City 喀什市[Ka1 shi2 Shi4], Xinjiang
黃土地貌	huáng tǔ dì mào	huáng tǔ de mào	cc-cedict	loess landform
黃埔軍校	huáng pǔ jūn xiào	huáng bù jūn xiào	cc-cedict	Whampoa Military Academy
黑咕隆咚	hēi gu lōng dōng	hēi gū lóng dōng	cc-cedict	pitch-black/pitch-dark
黑尾地鴉	hēi wěi dì yā	hēi wěi de yā	cc-cedict	(bird species of China) Mongolian ground jay (Podoces hendersoni)
黑汗王朝	hēi hán wáng cháo	hēi hàn wáng cháo	cc-cedict	Karakhan Dynasty of central Asia, 8th-10th century
黑茶藨子	hēi chá pāo zi	hēi chá biāo zǐ	cc-cedict	blackcurrant; cassis
黑長尾雉	hēi cháng wěi zhì	hēi zhǎng wěi zhì	cc-cedict	(bird species of China) mikado pheasant (Syrmaticus mikado)
黑頦果鳩	hēi kē guǒ jiū	hēi hái guǒ jiū	cc-cedict	(bird species of China) black-chinned fruit dove (Ptilinopus leclancheri)
黑頦穗鶥	hēi kē suì méi	hēi hái suì méi	cc-cedict	(bird species of China) black-chinned babbler (Cyanoderma pyrrhops)
鼎鐺玉石	dǐng chēng yù shí	dǐng dāng yù shí	cc-cedict	lit. to use a sacred tripod as cooking pot and jade as ordinary stone (idiom); fig. a waste of precious material/casting
齊眉穗兒	qí méi suì r	qí méi suì ér	cc-cedict	bangs (hair)
齜牙咧嘴	zī yá liě zuǐ	chái yá liě zuǐ	cc-cedict	(idiom) to make a pained or menacing facial expression; to grimace; to snarl
一力降十會	yī lì xiáng shí huì	yī lì jiàng shí huì	cc-cedict	brute force overcomes clever tactics
一時半會兒	yī shí bàn huì r	yī shí bàn huì ér	cc-cedict	a short time; a little while
一物降一物	yī wù xiáng yī wù	yī wù jiàng yī wù	cc-cedict	lit. one object bests another object/every item has a weakness (idiom)/there is a rock to every scissor, a scissor to ev
一畝三分地	yī mǔ sān fēn dì	yī mǔ sān fēn de	cc-cedict	a piece of land of 1.3 mu 畝|亩[mu3]/(fig.) one's turf
一致性效應	yī zhì xìng xiào yìng	yī zhì xìng xiào yīng	cc-cedict	consistency effect
三百六十行	sān bǎi liù shí háng	sān bǎi liù shí xíng	cc-cedict	all walks of life (idiom)/every trade
三角測量法	sān jiǎo cè liáng fǎ	sān jiǎo cè liàng fǎ	cc-cedict	triangulation (surveying)
上不了檯面	shàng bù liǎo tái miàn	shàng bù le tái miàn	cc-cedict	better kept under the table (idiom)/not to be disclosed/too inferior to show in public
上不了臺面	shàng bù liǎo tái miàn	shàng bù le tái miàn	cc-cedict	too disreputable, crude or inferior to be presented publicly or taken seriously
不可數名詞	bù kě shǔ míng cí	bù kě shù míng cí	cc-cedict	uncountable noun (in grammar of European languages)
不正當競爭	bù zhèng dàng jìng zhēng	bù zhèng dāng jìng zhēng	cc-cedict	unfair competition/illicit competition
不正當關係	bù zhèng dàng guān xì	bù zhèng dāng guān xì	cc-cedict	improper relationship; illicit relationship
不當一回事	bù dàng yī huí shì	bù dāng yī huí shì	cc-cedict	not regard as a matter (of any importance)
不空成就佛	bù kōng chéng jiù fó	bù kōng chéng jiù fú	cc-cedict	Amoghasiddhi Buddha
不著陸飛行	bù zhuó lù fēi xíng	bù zhù lù fēi xíng	cc-cedict	nonstop flight
不逮捕特權	bù dài bǔ tè quán	bù dǎi bǔ tè quán	cc-cedict	the right of immunity from arrest afforded by the Taiwan ROC Constitution, for the duration of meetings, unless caught a
中國地震局	zhōng guó dì zhèn jú	zhōng guó de zhèn jú	cc-cedict	China Earthquake Administration (CEA)/State Seismological Bureau
中央處理器	zhōng yāng chǔ lǐ qì	zhōng yāng chù lǐ qì	cc-cedict	(computing) central processing unit (CPU)
中央處理機	zhōng yāng chǔ lǐ jī	zhōng yāng chù lǐ jī	cc-cedict	(computing) central processing unit (CPU)
乾煸四季豆	gān biān sì jì dòu	qián biān sì jì dòu	cc-cedict	fried beans, Sichuan style
乾煸土豆絲	gān biān tǔ dòu sī	qián biān tǔ dòu sī	cc-cedict	dry-fried potato slices (Chinese dish)
事後諸葛亮	shì hòu zhū gě liàng	shì hòu zhū gé liàng	cc-cedict	person who is wise after the event
五氧化二釩	wǔ yǎng huà èr fán	wǔ yǎng huà èr fǎn	cc-cedict	Vanadium pentoxide V2O5/vanadic anhydride
京都念慈菴	jīng dū niàn cí ān	jīng dōu niàn cí ān	cc-cedict	King-to Nin Jiom, or just Nin Jiom, manufacturer of 枇杷膏[pi2 pa2 gao1] cough medicine
人不可貌相	rén bù kě mào xiàng	rén bù kě mào xiāng	cc-cedict	you can't judge a person by appearance (idiom)/you can't judge a book by its cover/often in combination 人不可貌相，海水不可斗量[ren
人各有所好	rén gè yǒu suǒ hào	rén gè yǒu suǒ hǎo	cc-cedict	everyone has their likes and dislikes/there is no accounting for taste/chacun son goût
人文地理學	rén wén dì lǐ xué	rén wén de lǐ xué	cc-cedict	human geography
人比人得死	rén bǐ rén děi sǐ	rén bǐ rén dé sǐ	cc-cedict	see 人比人，氣死人|人比人，气死人[ren2 bi3 ren2 , qi4 si3 ren2]
人生地不熟	rén shēng dì bù shú	rén shēng de bù shú	cc-cedict	to be a stranger in a strange land (idiom)/in an unfamiliar place without friends or family
人生如朝露	rén shēng rú zhāo lù	rén shēng rú cháo lù	cc-cedict	human life as the morning dew (idiom); fig. ephemeral and precarious nature of human existence
伏爾加格勒	fú ěr jiā gé lè	fú ěr jiā gé lēi	cc-cedict	Volgograd, city in Russia on the Volga River 伏爾加河|伏尔加河[Fu2 er3 jia1 He2]
低地繡眼鳥	dī dì xiù yǎn niǎo	dī de xiù yǎn niǎo	cc-cedict	(bird species of China) lowland white-eye (Zosterops meyeni)
何樂而不為	hé lè ér bù wéi	hé lè ér bù wèi	cc-cedict	what is there against it? (rhetorical question indicating an eagerness or willingness to do sth)
佛羅里達州	fó luó lǐ dá zhōu	fú luó lǐ dá zhōu	cc-cedict	Florida
你看著辦吧	nǐ kàn zhe bàn ba	nǐ kàn zhù bàn ba	cc-cedict	You figure it out for yourself./Do as you please.
依地酸二鈷	yī dì suān èr gǔ	yī de suān èr gǔ	cc-cedict	kelocyanor
候風地動儀	hòu fēng dì dòng yí	hòu fēng de dòng yí	cc-cedict	the world's first seismograph invented by Zhang Heng 張衡|张衡[Zhang1 Heng2] in 132
元曲四大家	yuán qǔ sì dà jiā	yuán qū sì dà jiā	cc-cedict	Four Great Yuan Dramatists, namely: Guan Hanqing 關漢卿|关汉卿[Guan1 Han4 qing1], Zheng Guangzu 鄭光祖|郑光祖[Zheng4 Guang1 zu3], Ma
先下手為強	xiān xià shǒu wéi qiáng	xiān xià shǒu wèi qiáng	cc-cedict	(idiom) strike first to gain the upper hand
克什克騰旗	kè shí kè téng qí	kè shén kè téng qí	cc-cedict	Hexigten banner or Kesigüten khoshuu in Chifeng 赤峰[Chi4 feng1], Inner Mongolia
克孜勒蘇州	kè zī lè sū zhōu	kè zī lēi sū zhōu	cc-cedict	see 克孜勒蘇柯爾克孜自治州|克孜勒苏柯尔克孜自治州[Ke4 zi1 le4 su1 Ke1 er3 ke4 zi1 Zi4 zhi4 zhou1]
克孜勒蘇河	kè zī lè sū hé	kè zī lēi sū hé	cc-cedict	Qizilsu or Kizilsu River in Xinjiang
克羅地亞語	kè luó dì yà yǔ	kè luó de yà yǔ	cc-cedict	Croatian (language)
兒女英雄傳	ér nǚ yīng xióng zhuàn	ér nǚ yīng xióng chuán	cc-cedict	The Gallant Maid, novel by Manchu-born Qing dynasty writer 文康[Wen2 Kang1]
內蒙古大學	nèi měng gǔ dà xué	nèi méng gǔ dà xué	cc-cedict	Inner Mongolia University
全鬚全尾兒	quán xū quán yǐ r	quán xū quán wěi ér	cc-cedict	(Beijing dialect) intact/in one piece
八字沒一撇	bā zì méi yī piě	bā zì méi yī piē	cc-cedict	lit. there is not even the first stroke of the character 八[ba1] (idiom)/fig. things have not even begun to take shape/no
八萬大藏經	bā wàn dà zàng jīng	bā wàn dà cáng jīng	cc-cedict-buddhist	Tripitaka Koreana, Buddhist scriptures carved on 81,340 wooden tablets and housed in the Haein Temple 海印寺[Hai3 yin4 si4]
共軛不盡根	gòng è bù jìn gēn	gòng è bù jǐn gēn	cc-cedict	(math.) conjugate surd
兵敗如山倒	bīng bài rú shān dǎo	bīng bài rú shān dào	cc-cedict	troops in defeat like a landslide (idiom); a beaten army in total collapse
切爾諾貝利	qiē ěr nuò bèi lì	qiè ěr nuò bèi lì	cc-cedict	Chernobyl
利勒哈默爾	lì lè hā mò ěr	lì lēi hā mò ěr	cc-cedict	Lillehammer (city in Norway)
到目前為止	dào mù qián wéi zhǐ	dào mù qián wèi zhǐ	cc-cedict	until now; so far
加里寧格勒	jiā lǐ níng gé lè	jiā lǐ níng gé lēi	cc-cedict	Kaliningrad, town on Baltic now in Russian republic/formerly Königsberg, capital of East Prussia
努瓦克肖特	nǔ wǎ kè xiāo tè	nǔ wǎ kè xiào tè	cc-cedict	Nouakchott, capital of Mauritania
勒斯波斯島	lè sī bō sī dǎo	lēi sī bō sī dǎo	cc-cedict	Lesbos (Greek island in Aegean)
動力反應堆	dòng lì fǎn yìng duī	dòng lì fǎn yīng duī	cc-cedict	power reactor
包皮環切術	bāo pí huán qiē shù	bāo pí huán qiè shù	cc-cedict	circumcision
北長尾山雀	běi cháng wěi shān què	běi zhǎng wěi shān què	cc-cedict	(bird species of China) long-tailed tit (Aegithalos caudatus)
協調世界時	xié tiáo shì jiè shí	xié diào shì jiè shí	cc-cedict	Coordinated Universal Time (UTC)
博格多汗宮	bó gé duō hán gōng	bó gé duō hàn gōng	cc-cedict	the Palace of the Bogdo Khan in Ulan Bator, Mongolia
危地馬拉人	wēi dì mǎ lā rén	wēi de mǎ lā rén	cc-cedict	Guatemalan (person)
原子反應堆	yuán zǐ fǎn yìng duī	yuán zǐ fǎn yīng duī	cc-cedict	atomic reactor
反社會行為	fǎn shè huì xíng wéi	fǎn shè huì xíng wèi	cc-cedict	antisocial behavior
合四乙尺工	hé sì yǐ chě gōng	hé sì yǐ chǐ gōng	cc-cedict	names of the five notes of the Chinese pentatonic scale, corresponding roughly to do, re, mi, sol, la
名不見經傳	míng bù jiàn jīng zhuàn	míng bù jiàn jīng chuán	cc-cedict	(lit.) name not encountered in the classics/unknown (person)/nobody
吐魯番盆地	tǔ lǔ fān pén dì	tǔ lǔ fān pén de	cc-cedict	the Turpan Depression in Xinjiang
君子遠庖廚	jūn zǐ yuàn páo chú	jūn zǐ yuǎn páo chú	cc-cedict	lit. a nobleman stays clear of the kitchen (idiom, from Mencius)/fig. a nobleman who has seen a living animal cannot bea
周圍性眩暈	zhōu wéi xìng xuàn yùn	zhōu wéi xìng xuàn yūn	cc-cedict	peripheral vertigo
呼吸調節器	hū xī tiáo jié qì	hū xī diào jié qì	cc-cedict	regulator (diving)
哀的美敦書	āi dì měi dūn shū	āi de měi dūn shū	cc-cedict	(loanword) (old) ultimatum
哪兒跟哪兒	nǎ r gēn nǎ r	nǎ ér gēn nǎ ér	cc-cedict	what's that have to do with it?/what's the connection?
唐山大地震	táng shān dà dì zhèn	táng shān dà de zhèn	cc-cedict	Great Tangshan Earthquake (1976)
喀拉汗王朝	kā lā hán wáng cháo	kā lā hàn wáng cháo	cc-cedict	Karakhan dynasty of central Asia, 8th-10th century
喧嘩與騷動	xuān huá yǔ sāo dòng	xuān huā yǔ sāo dòng	cc-cedict	The Sound and the Fury (novel by William Faulkner 威廉·福克納|威廉·福克纳[Wei1 lian2 · Fu2 ke4 na4])
單位切向量	dān wèi qiē xiàng liàng	dān wèi qiè xiàng liàng	cc-cedict	(math.) unit tangent vector
四川大地震	sì chuān dà dì zhèn	sì chuān dà de zhèn	cc-cedict	Great Sichuan Earthquake (2008)
國家地震局	guó jiā dì zhèn jú	guó jiā de zhèn jú	cc-cedict	China Earthquake Administration (CEA)/State Seismological Bureau
圖形處理器	tú xíng chǔ lǐ qì	tú xíng chù lǐ qì	cc-cedict	(computing) graphics processing unit (GPU)
圖窮匕首見	tú qióng bǐ shǒu xiàn	tú qióng bǐ shǒu jiàn	cc-cedict	see 圖窮匕見|图穷匕见[tu2 qiong2 bi3 xian4]
地下核爆炸	dì xià hé bào zhà	de xià hé bào zhà	cc-cedict	nuclear underground burst/underground nuclear explosion
地下核試驗	dì xià hé shì yàn	de xià hé shì yàn	cc-cedict	underground nuclear test
地中海貧血	dì zhōng hǎi pín xuè	de zhōng hǎi pín xuè	cc-cedict	thalassemia (medicine)
地對空導彈	dì duì kōng dǎo dàn	de duì kōng dǎo dàn	cc-cedict	ground-to-air missile
地毯式轟炸	dì tǎn shì hōng zhà	de tǎn shì hōng zhà	cc-cedict	carpet bombing
地熱發電廠	dì rè fā diàn chǎng	de rè fā diàn chǎng	cc-cedict	geothermal electric power station
地球物理學	dì qiú wù lǐ xué	de qiú wù lǐ xué	cc-cedict	geophysics
地緣政治學	dì yuán zhèng zhì xué	de yuán zhèng zhì xué	cc-cedict	geopolitics
地藏王菩薩	dì zàng wáng pú sà	de cáng wáng pú sà	cc-cedict-buddhist	Kṣitigarbha Bodhisattva, the Bodhisattva of the Great Vow (to save all souls before accepting Bodhi)/also translated Ear
地質年代表	dì zhì nián dài biǎo	de zhì nián dài biǎo	cc-cedict	geological time scale
地震活動帶	dì zhèn huó dòng dài	de zhèn huó dòng dài	cc-cedict	seismic zone/earthquake belt
地面核爆炸	dì miàn hé bào zhà	de miàn hé bào zhà	cc-cedict	surface nuclear explosion
埃塞俄比亞	āi sài é bǐ yà	āi sāi é bǐ yà	cc-cedict	Ethiopia
場地自行車	chǎng dì zì xíng chē	chǎng de zì xíng chē	cc-cedict	track bike/track cycling
塔什庫爾干	tǎ shí kù ěr gān	tǎ shén kù ěr gàn	cc-cedict	see 塔什庫爾干塔吉克自治縣|塔什库尔干塔吉克自治县[Ta3 shi2 ku4 er3 gan1 Ta3 ji2 ke4 Zi4 zhi4 xian4]
塔克拉瑪干	tǎ kè lā mǎ gān	tǎ kè lā mǎ gàn	cc-cedict	see 塔克拉瑪干沙漠|塔克拉玛干沙漠[Ta3 ke4 la1 ma3 gan1 Sha1 mo4]
塔那那利佛	tǎ nà nà lì fó	tǎ nà nà lì fú	cc-cedict	Antananarivo, capital of Madagascar
塔里木盆地	tǎ lǐ mù pén dì	tǎ lǐ mù pén de	cc-cedict	Tarim Basin depression in southern Xinjiang
塞巴斯蒂安	sài bā sī dì ān	sāi bā sī dì ān	cc-cedict	(name) Sebastian
塞爾維亞語	sài ěr wéi yà yǔ	sāi ěr wéi yà yǔ	cc-cedict	Serbian (language)
塞舌爾群島	sài shé ěr qún dǎo	sāi shé ěr qún dǎo	cc-cedict	the Seychelles
增殖反應堆	zēng zhí fǎn yìng duī	zēng zhí fǎn yīng duī	cc-cedict	breeder reactor
外交豁免權	wài jiāo huò miǎn quán	wài jiāo huō miǎn quán	cc-cedict	diplomatic immunity
多任務處理	duō rèn wu chǔ lǐ	duō rèn wù chù lǐ	cc-cedict	multitasking (computing)
多普勒效應	duō pǔ lè xiào yìng	duō pǔ lēi xiào yīng	cc-cedict	the Doppler effect
大倫敦地區	dà lún dūn dì qū	dà lún dūn de qū	cc-cedict	Greater London/London region, England
大地水準面	dà dì shuǐ zhǔn miàn	dà de shuǐ zhǔn miàn	cc-cedict	geoid
大地測量學	dà dì cè liáng xué	dà de cè liàng xué	cc-cedict	geodesy
大安的列斯	dà ān dì liè sī	dà ān de liè sī	cc-cedict	see 大安的列斯群島|大安的列斯群岛[Da4 an1 di4 lie4 si1 Qun2 dao3]
大洋型地殼	dà yáng xíng dì qiào	dà yáng xíng de ké	cc-cedict	oceanic crust (geology)
大長嘴地鶇	dà cháng zuǐ dì dōng	dà zhǎng zuǐ de dōng	cc-cedict	(bird species of China) long-billed thrush (Zoothera monticola)
奴兒干都司	nú ér gān dū sī	nú ér gàn dōu sī	cc-cedict	the Ming dynasty provincial headquarters in the Heilongjiang and Vladivostok area
婚前性行為	hūn qián xìng xíng wéi	hūn qián xìng xíng wèi	cc-cedict	premarital sex
宮商角徵羽	gōng shāng jué zhǐ yǔ	gōng shāng jiǎo zhǐ yǔ	cc-cedict	pre-Tang names of the five notes of the pentatonic scale, corresponding roughly to do, re, mi, sol, la
家和萬事興	jiā hé wàn shì xīng	jiā hé wàn shì xìng	cc-cedict	if the family lives in harmony all affairs will prosper (idiom)
察爾汗鹽湖	chá ěr hán yán hú	chá ěr hàn yán hú	cc-cedict	Qarhan Salt Lake in west Qinghai
射頻調諧器	shè pín tiáo xié qì	shè pín diào xié qì	cc-cedict	RF tuner
射鵰英雄傳	shè diāo yīng xióng zhuàn	shè diāo yīng xióng chuán	cc-cedict	Legend of the Condor Heroes, wuxia (武俠|武侠[wu3 xia2], martial arts chivalry) novel by Jin Yong 金庸[Jin1 Yong1] and its scr
少年先鋒隊	shào nián xiān fēng duì	shǎo nián xiān fēng duì	cc-cedict	Young Pioneers of China (primary school league, a preparation for Communist Youth League)/abbr. to 少先隊|少先队
尼泊爾王國	ní bó ěr wáng guó	ní pō ěr wáng guó	cc-cedict	Kingdom of Nepal
尼泊爾鷦鶥	ní bó ěr jiāo méi	ní pō ěr jiāo méi	cc-cedict	(bird species of China) Nepal cupwing; immaculate cupwing; Nepal wren-babbler (Pnoepyga immaculata)
山不轉水轉	shān bù zhuàn shuǐ zhuàn	shān bù zhuǎn shuǐ zhuǎn	cc-cedict	(lit.) if the mountain won't move, the river will go around it (idiom)/(fig.) there's always a way forward, even when fa
山不轉路轉	shān bù zhuàn lù zhuàn	shān bù zhuǎn lù zhuǎn	cc-cedict	(lit.) if the mountain won't move, the road will go around it (idiom)/(fig.) there's always a way forward, even when fac
山地自行車	shān dì zì xíng chē	shān de zì xíng chē	cc-cedict	mountain bike
巴克萊銀行	bā kè lái yín háng	bā kè lái yín xíng	cc-cedict	Barclays Bank
巴爾喀什湖	bā ěr kā shí hú	bā ěr kā shén hú	cc-cedict	Lake Balkhash in southeast Kazakhstan
布加勒斯特	bù jiā lè sī tè	bù jiā lēi sī tè	cc-cedict	Bucharest, capital of Romania
布加綜合徵	bù jiā zōng hé zhēng	bù jiā zōng hé zhǐ	cc-cedict	Budd-Chiari syndrome
布干維爾島	bù gān wéi ěr dǎo	bù gàn wéi ěr dǎo	cc-cedict	Bougainville Island, Papua New Guinea
布爾什維克	bù ěr shí wéi kè	bù ěr shén wéi kè	cc-cedict	Bolshevik
帖撒羅尼迦	tiě sā luó ní jiā	tiē sā luó ní jiā	cc-cedict	Thessalonica
帖木兒大汗	tiē mù ér dà hán	tiē mù ér dà hàn	cc-cedict	Timur or Tamerlane (1336-1405), Mongol emperor and conqueror
平地起風波	píng dì qǐ fēng bō	píng de qǐ fēng bō	cc-cedict	trouble appearing from nowhere/unforeseen situation
幾何拓撲學	jǐ hé tuò pū xué	jǐ hé tà pū xué	cc-cedict	(math.) geometric topology
幾內亞比索	jī nèi yà bǐ suǒ	jǐ nèi yà bǐ suǒ	cc-cedict	Guinea-Bissau (Tw)
彈指一揮間	tán zhǐ yī huī jiān	dàn zhǐ yī huī jiān	cc-cedict	in a flash (idiom)
彈藥補給站	dàn yào bǔ jǐ zhàn	dàn yào bǔ gěi zhàn	cc-cedict	ammunition depot
得便宜賣乖	dé pián yi mài guāi	dé biàn yí mài guāi	cc-cedict	to have benefited from sth but pretend otherwise/to claim to be hard done by, even though one has benefited
復分解反應	fù fēn jiě fǎn yìng	fù fēn jiě fǎn yīng	cc-cedict	metathesis (chemistry)
德意志銀行	dé yì zhì yín háng	dé yì zhì yín xíng	cc-cedict	Deutsche Bank
患難見真情	huàn nàn jiàn zhēn qíng	huàn nán jiàn zhēn qíng	cc-cedict	true sentiments are seen in hard times (idiom)/you see who your true friends are when you go through tough times togethe
悶聲發大財	mēn shēng fā dà cái	mèn shēng fā dà cái	cc-cedict	to amass wealth while keeping a low profile (idiom)
成不了氣候	chéng bu liǎo qì hòu	chéng bù le qì hòu	cc-cedict	won't get far; unlikely to be successful
手腳不乾淨	shǒu jiǎo bù gān jìng	shǒu jiǎo bù qián jìng	cc-cedict	thieving/light-fingered/prone to stealing
披頭四樂團	pī tóu sì yuè tuán	pī tóu sì lè tuán	cc-cedict	the Beatles
拉什卡爾加	lā shí kǎ ěr jiā	lā shén kǎ ěr jiā	cc-cedict	Lashkar Gah, capital of Helmand province in south Afghanistan
拉什莫爾山	lā shí mò ěr shān	lā shén mò ěr shān	cc-cedict	Mt Rushmore National Memorial, South Dakota
挑毛剔刺兒	tiāo máo tī cì r	tiāo máo tī cì ér	cc-cedict	erhua variant of 挑毛剔刺[tiao1 mao2 ti1 ci4]
捲鋪蓋走人	juǎn pū gài zǒu rén	juǎn pù gài zǒu rén	cc-cedict	to pack one's things and leave
掃地機器人	sǎo dì jī qì rén	sǎo de jī qì rén	cc-cedict	robot vacuum
探頭探腦兒	tàn tóu tàn nǎo r	tàn tóu tàn nǎo ér	cc-cedict	erhua variant of 探頭探腦|探头探脑[tan4 tou2 tan4 nao3]
摩托車的士	mó tuō chē dī shì	mó tuō chē de shì	cc-cedict	motorcycle taxi
摸不著頭腦	mō bu zháo tóu nǎo	mō bù zhù tóu nǎo	cc-cedict	to be unable to make any sense of the matter/to be at a loss
撒切爾夫人	sā qiē ěr fū ren	sā qiè ěr fū rén	cc-cedict	Mrs Thatcher/Baroness Thatcher or Margaret Thatcher (1925-2013), British conservative politician, prime minister 1979-19
擊弦類樂器	jī xián lèi yuè qì	jī xián lèi lè qì	cc-cedict	hammered string musical instrument
數碼照相機	shù mǎ zhào xiàng jī	shù mǎ zhào xiāng jī	cc-cedict	digital camera
斯卡伯勒礁	sī kǎ bó lè jiāo	sī kǎ bó lēi jiāo	cc-cedict	Scarborough Shoal (Philippines' name for Huangyan Island)
斯多葛主義	sī duō gě zhǔ yì	sī duō gé zhǔ yì	cc-cedict	Stoicism
斯大林格勒	sī dà lín gé lè	sī dà lín gé lēi	cc-cedict	Stalingrad, former name of Volvograd 伏爾加格勒|伏尔加格勒 (1925-1961)
斯瓦特谷地	sī wǎ tè gǔ dì	sī wǎ tè gǔ de	cc-cedict	Swat valley in Pakistani Northwest Frontier
新罕布什爾	xīn hǎn bù shí ěr	xīn hǎn bù shén ěr	cc-cedict	New Hampshire, US state
春秋左氏傳	chūn qiū zuǒ shì zhuàn	chūn qiū zuǒ shì chuán	cc-cedict	Mr Zuo's Spring and Autumn Annals, attributed to famous blind historian Zuo Qiuming 左丘明[Zuo3 Qiu1 ming2]/usually called 
時間差攻擊	shí jiān chā gōng jī	shí jiān chà gōng jī	cc-cedict	(volleyball) attacking tactic in which the blocker is induced to commit early, creating an opening for the actual attack
普里什蒂納	pǔ lǐ shí dì nà	pǔ lǐ shén dì nà	cc-cedict	Pristina, capital of Kosovo 科索沃
有眼力見兒	yǒu yǎn lì jiàn r	yǒu yǎn lì jiàn ér	cc-cedict	(dialect) alert/attentive/observant
朝鮮勞動黨	cháo xiǎn láo dòng dǎng	cháo xiān láo dòng dǎng	cc-cedict	Workers' Party of Korea (WPK), the ruling party of North Korea
朝鮮總督府	cháo xiǎn zǒng dū fǔ	cháo xiān zǒng dū fǔ	cc-cedict	Japanese colonial administration of Korea 1910-1945
杜塞爾多夫	dù sài ěr duō fū	dù sāi ěr duō fū	cc-cedict	Düsseldorf (city in Germany)
東方阿閦佛	dōng fāng ā chù fó	dōng fāng ā chù fú	cc-cedict	Aksobhya, the imperturbable ruler of Eastern Paradise, Abhirati
東非大地塹	dōng fēi dà dì qiàn	dōng fēi dà de qiàn	cc-cedict	Great East African rift valley
柏拉圖哲學	bó lā tú zhé xué	bǎi lā tú zhé xué	cc-cedict	Platonism
柴達木盆地	chái dá mù pén dì	chái dá mù pén de	cc-cedict	Tsaidam or Qaidam basin (Mongolian: salt marsh), depression northeast of the Plateau of Tibet, located between the Qilia
核連鎖反應	hé lián suǒ fǎn yìng	hé lián suǒ fǎn yīng	cc-cedict	nuclear chain reaction
格勒諾布爾	gé lè nuò bù ěr	gé lēi nuò bù ěr	cc-cedict	Grenoble (French town)
梅西耶星表	méi xī yē xīng biǎo	méi xī yé xīng biǎo	cc-cedict	Messier catalog of nebulae and clusters (1784)
棕胸佛法僧	zōng xiōng fó fǎ sēng	zōng xiōng fú fǎ sēng	cc-cedict	(bird species of China) Indochinese roller (Coracias affinis)
業餘愛好者	yè yú ài hào zhě	yè yú ài hǎo zhě	cc-cedict	hobbyist; amateur
樹倒猢猻散	shù dǎo hú sūn sàn	shù dào hú sūn sàn	cc-cedict-buddhist	When the tree topples the monkeys scatter. (idiom); fig. an opportunist abandons an unfavorable cause/Rats leave a sinki
殺手級應用	shā shǒu jí yìng yòng	shā shǒu jí yīng yòng	cc-cedict	killer application/killer app
比勒費爾德	bǐ lè fèi ěr dé	bǐ lēi fèi ěr dé	cc-cedict	Bielefeld (city in Germany)
比勒陀利亞	bǐ lè tuó lì yà	bǐ lēi tuó lì yà	cc-cedict	Pretoria, capital of South Africa
民以食為天	mín yǐ shí wéi tiān	mín yǐ shí wèi tiān	cc-cedict	Food is the God of the people. (idiom); People view food as the primary need./Food first, ethical niceties second
民答那峨海	mín dā nà é hǎi	mín dá nà é hǎi	cc-cedict	Mindanao Sea
氣管切開術	qì guǎn qiē kāi shù	qì guǎn qiè kāi shù	cc-cedict	(medicine) tracheotomy
汗騰格里峰	hán téng gé lǐ fēng	hàn téng gé lǐ fēng	cc-cedict	Khan Tengri or Mt Hantengri on the border between Xinjiang and Kazakhstan
污水處理廠	wū shuǐ chǔ lǐ chǎng	wū shuǐ chù lǐ chǎng	cc-cedict	water treatment plant
汶川大地震	wèn chuān dà dì zhèn	wèn chuān dà de zhèn	cc-cedict	Great Sichuan Earthquake (2008)
沙拉甩乾器	shā lā shuǎi gān qì	shā lā shuǎi qián qì	cc-cedict	salad spinner
波特貝勒菇	bō tè bèi lè gū	bō tè bèi lēi gū	cc-cedict	portobello mushroom
海上花列傳	hǎi shàng huā liè zhuàn	hǎi shàng huā liè chuán	cc-cedict	"The Sing-Song Girls of Shanghai", a novel by Han Bangqing 韓邦慶|韩邦庆[Han2 Bang1 qing4] depicting the lives of Shanghai cou
海空軍基地	hǎi kōng jūn jī dì	hǎi kōng jūn jī de	cc-cedict	naval and air military base
測地線曲率	cè dì xiàn qū lǜ	cè de xiàn qū lǜ	cc-cedict	geodesic curvature
準噶爾盆地	zhǔn gá ěr pén dì	zhǔn gá ěr pén de	cc-cedict	Junggar Basin, northern Xinjiang
火星撞地球	huǒ xīng zhuàng dì qiú	huǒ xīng zhuàng de qiú	cc-cedict	clash that leaves both sides shattered
炸土豆條兒	zhá tǔ dòu tiáo r	zhà tǔ dòu tiáo ér	cc-cedict	erhua variant of 炸土豆條|炸土豆条[zha2 tu3 dou4 tiao2]
無條件投降	wú tiáo jiàn tóu xiáng	wú tiáo jiàn tóu jiàng	cc-cedict	unconditional surrender
熱核反應堆	rè hé fǎn yìng duī	rè hé fǎn yīng duī	cc-cedict	thermal reactor
燕趙都市報	yān zhào dū shì bào	yàn zhào dōu shì bào	cc-cedict	Yanzhao Metropolis Daily
牆倒眾人推	qiáng dǎo zhòng rén tuī	qiáng dào zhòng rén tuī	cc-cedict	lit. when a wall is about to collapse, everybody gives it a shove (idiom)/fig. everybody hits a man who is down
物以稀為貴	wù yǐ xī wéi guì	wù yǐ xī wèi guì	cc-cedict	the rarer sth is, the greater its value (idiom)
牻牛兒苗科	máng niú r miáo kē	máng niú ér miáo kē	cc-cedict	Geraniaceae (the geranium family)
牽著鼻子走	qiān zhe bí zi zǒu	qiān zhù bí zǐ zǒu	cc-cedict	to lead by the nose
生物反應器	shēng wù fǎn yìng qì	shēng wù fǎn yīng qì	cc-cedict	bioreactor
生產反應堆	shēng chǎn fǎn yìng duī	shēng chǎn fǎn yīng duī	cc-cedict	production reactor
疾風知勁草	jí fēng zhī jìng cǎo	jí fēng zhī jìn cǎo	cc-cedict	lit. sturdy grass withstands high winds (idiom)/fig. strength of character is revealed in a crisis
白冠長尾雉	bái guān cháng wěi zhì	bái guān zhǎng wěi zhì	cc-cedict	(bird species of China) Reeves's pheasant (Syrmaticus reevesii)
白尾藍地鴝	bái wěi lán dì qú	bái wěi lán de qú	cc-cedict	(bird species of China) white-tailed robin (Myiomela leucura)
白頸長尾雉	bái jǐng cháng wěi zhì	bái jǐng zhǎng wěi zhì	cc-cedict	(bird species of China) Elliot's pheasant (Syrmaticus ellioti)
百善孝為先	bǎi shàn xiào wéi xiān	bǎi shàn xiào wèi xiān	cc-cedict	of all virtues filial piety is most important (idiom)
的的喀喀湖	dì dì kā kā hú	de de kā kā hú	cc-cedict	Lake Titicaca
的里雅斯特	dì lǐ yǎ sī tè	de lǐ yǎ sī tè	cc-cedict	Trieste, port city in Italy
皮劃艇靜水	pí huá tǐng jìng shuǐ	pí huà tǐng jìng shuǐ	cc-cedict	canoe-kayak flatwater
盡地主之誼	jìn dì zhǔ zhī yì	jǐn de zhǔ zhī yì	cc-cedict	to act as host/to do the honors
真人不露相	zhēn rén bù lòu xiàng	zhēn rén bù lù xiāng	cc-cedict	the sage presents as an ordinary person (idiom)
眼不見為淨	yǎn bù jiàn wéi jìng	yǎn bù jiàn wèi jìng	cc-cedict	what remains unseen is deemed to be clean/what the eye doesn't see, the heart doesn't grieve over (idiom)
磁感應強度	cí gǎn yìng qiáng dù	cí gǎn yīng qiáng dù	cc-cedict	magnetic field density
神農架地區	shén nóng jià dì qū	shén nóng jià de qū	cc-cedict	Shennongjialin, directly administered forestry reserve in east Hubei
科什圖尼察	kē shí tú ní chá	kē shén tú ní chá	cc-cedict	surname Kostunica/Vojislav Kostunica (1944-), Serbian politician, last president of Yugoslavia 2000-2003, prime minister
空氣調節器	kōng qì tiáo jié qì	kōng qì diào jié qì	cc-cedict	(formal) air conditioner
第勒尼安海	dì lè ní ān hǎi	dì lēi ní ān hǎi	cc-cedict	Tyrrhenian Sea between Sardinia and the Italian mainland
索福克勒斯	suǒ fú kè lè sī	suǒ fú kè lēi sī	cc-cedict	Sophocles (496–406 BC), Greek tragedian, author of Oedipus Rex
紫坪鋪大壩	zǐ píng pū dà bà	zǐ píng pù dà bà	cc-cedict	Zipingpu Dam, Sichuan
紫坪鋪水庫	zǐ píng pū shuǐ kù	zǐ píng pù shuǐ kù	cc-cedict	Zipingpu Dam, Sichuan
羅塞塔石碑	luó sài tǎ shí bēi	luó sāi tǎ shí bēi	cc-cedict	Rosetta Stone
美味牛肝菌	měi wèi niú gān jùn	měi wèi niú gān jūn	cc-cedict	porcino (Boletus edulis)
美國地質局	měi guó dì zhì jú	měi guó de zhì jú	cc-cedict	United States Geological Survey (USGS)
群發性地震	qún fā xìng dì zhèn	qún fā xìng de zhèn	cc-cedict	earthquake swarm
耍得團團轉	shuǎ de tuán tuán zhuàn	shuǎ dé tuán tuán zhuǎn	cc-cedict	to fool/to dupe
耳源性眩暈	ěr yuán xìng xuàn yùn	ěr yuán xìng xuàn yūn	cc-cedict	aural vertigo
耶利米哀歌	yē lì mǐ āi gē	yé lì mǐ āi gē	cc-cedict	the Lamentations of Jeremiah
耶穌升天節	yē sū shēng tiān jié	yé sū shēng tiān jié	cc-cedict	Ascension Day (Christian festival forty days after Easter)
耶穌受難節	yē sū shòu nàn jié	yé sū shòu nán jié	cc-cedict	Good Friday
耶穌降臨節	yē sū jiàng lín jié	yé sū jiàng lín jié	cc-cedict	Advent (Christian period of 4 weeks before Christmas)
聖赫勒拿島	shèng hè lè ná dǎo	shèng hè lēi ná dǎo	cc-cedict	Saint Helena
胸廓切開術	xiōng kuò qiē kāi shù	xiōng kuò qiè kāi shù	cc-cedict	thoracotomy (medicine)
臨時抱佛腳	lín shí bào fó jiǎo	lín shí bào fú jiǎo	cc-cedict	(idiom) see 抱佛腳|抱佛脚[bao4 fo2 jiao3]
自由爵士樂	zì yóu jué shì yuè	zì yóu jué shì lè	cc-cedict	free jazz (music genre)
興凱刺鰟鮍	xīng kǎi cì páng pí	xìng kǎi cì fáng pī	cc-cedict	Acanthorhodeus chankaensis (small carp)
般若波羅密	bō rě bō luó mì	bān ruò bō luó mì	cc-cedict-buddhist	prajña paramita (Sanskrit: supreme wisdom - beginning of the Heart Sutra)
艾爾米塔什	ài ěr mǐ tǎ shí	ài ěr mǐ tǎ shén	cc-cedict	Ermitazh or Hermitage museum in St Peterburg
艾爾米塔奇	ài ěr mǐ tǎ jī	ài ěr mǐ tǎ qí	cc-cedict	Ermitazh or Hermitage museum in St Peterburg
花地瑪堂區	huā dì mǎ táng qū	huā de mǎ táng qū	cc-cedict	Parish of Our Lady of Fatima (Macau)/Freguesia de Nossa Senhora de Fátima
英格蘭銀行	yīng gé lán yín háng	yīng gé lán yín xíng	cc-cedict	Bank of England
莫伊謝耶夫	mò yī xiè yē fū	mò yī xiè yé fū	cc-cedict	Moiseyev (name)/Igor Aleksandrovich Moiseyev (1906-2007), choreographer of folk dance and founder of Moiseyev dance comp
萊齊耶三世	lái qí yē sān shì	lái qí yé sān shì	cc-cedict	Letsie III of Lesotho
著三不著兩	zháo sān bù zháo liǎng	zhù sān bù zhù liǎng	cc-cedict	scatter-brained/thoughtless
葛蘭素史克	gě lán sù shǐ kè	gé lán sù shǐ kè	cc-cedict	GlaxoSmithKline, British pharmaceutical company
蒙得維的亞	méng dé wéi dì yà	méng dé wéi de yà	cc-cedict	Montevideo, capital of Uruguay
蒙特塞拉特	méng tè sài lā tè	méng tè sāi lā tè	cc-cedict	Montserrat (Caribbean island, a British Overseas Territory)
薩卡什維利	sà kǎ shí wéi lì	sà kǎ shén wéi lì	cc-cedict	Mikheil Saakashvili (1967-), Georgian politician, president of Georgia 2004-2013
薩哈羅夫獎	sà hǎ luó fū jiǎng	sà hā luó fū jiǎng	cc-cedict	Sakharov Prize for Freedom of Thought (awarded by EU since 1988)
薩默塞特郡	sà mò sài tè jùn	sà mò sāi tè jùn	cc-cedict	Somerset County in southwest England
藍胸佛法僧	lán xiōng fó fǎ sēng	lán xiōng fú fǎ sēng	cc-cedict	(bird species of China) European roller (Coracias garrulus)
蘇台德地區	sū tái dé dì qū	sū tái dé de qū	cc-cedict	Sudetenland
蘭鄭長管道	lán zhèng cháng guǎn dào	lán zhèng zhǎng guǎn dào	cc-cedict	Lanzhou-Zhengzhou-Changsha oil pipeline
虛空藏菩薩	xū kōng zàng pú sà	xū kōng cáng pú sà	cc-cedict-buddhist	Akasagarbha Bodhisattva
行為藝術家	xíng wéi yì shù jiā	xíng wèi yì shù jiā	cc-cedict	performance artist
行行出狀元	háng háng chū zhuàng yuán	xíng xíng chū zhuàng yuán	cc-cedict	lit. in every trade, a master appears (idiom); fig. You can produce outstanding achievements in any task, provided you p
褐背地山雀	hè bèi dì shān què	hè bèi de shān què	cc-cedict	(bird species of China) ground tit (Pseudopodoces humilis)
西藏自治區	xī zàng zì zhì qū	xī cáng zì zhì qū	cc-cedict	Tibet Autonomous Region, capital Lhasa 拉薩市|拉萨市[La1 sa4 Shi4] (short name 藏[Zang4])
註冊會計師	zhù cè kuài jì shī	zhù cè huì jì shī	cc-cedict	certified public accountant
說話不當話	shuō huà bù dàng huà	shuō huà bù dāng huà	cc-cedict	to fail to keep to one's word/to break a promise
調制解調器	tiáo zhì jiě tiáo qì	diào zhì jiě diào qì	cc-cedict	modem
調和平均數	tiáo hé píng jūn shù	diào hé píng jūn shù	cc-cedict	harmonic mean
貨幣供應量	huò bì gōng yìng liàng	huò bì gōng yīng liàng	cc-cedict	(economics) money supply
貪多嚼不爛	tān duō jiáo bù làn	tān duō jué bù làn	cc-cedict	to bite off more than one can chew (idiom)
赫塞哥維納	hè sè gē wéi nà	hè sāi gē wéi nà	cc-cedict	(Tw) Herzegovina
超雄綜合徵	chāo xióng zōng hé zhēng	chāo xióng zōng hé zhǐ	cc-cedict	XYY syndrome
越南刺鰟鮍	yuè nán cì páng pí	yuè nán cì fáng pī	cc-cedict	Acanthorhodeus tonkinensis Vaillant (small carp)
身分證號碼	shēn fèn zhèng hào mǎ	shēn fēn zhèng hào mǎ	cc-cedict	variant of 身份證號碼|身份证号码[shen1 fen4 zheng4 hao4 ma3]/I.D. number
躺著也中槍	tǎng zhe yě zhòng qiāng	tǎng zhù yě zhōng qiāng	cc-cedict	(Internet slang) (lit.) to get shot even though lying down; (fig.) to be unfairly targeted
輕水反應堆	qīng shuǐ fǎn yìng duī	qīng shuǐ fǎn yīng duī	cc-cedict	light water reactor (LWR)
追根究底兒	zhuī gēn jiū dǐ r	zhuī gēn jiū dǐ ér	cc-cedict	erhua variant of 追根究底[zhui1 gen1 jiu1 di3]
過敏性反應	guò mǐn xìng fǎn yìng	guò mǐn xìng fǎn yīng	cc-cedict	allergic reaction/hypersensitive reaction/anaphylaxis
那拉提草原	nà lā dī cǎo yuán	nà lā tí cǎo yuán	cc-cedict	Nalat grasslands
郇山隱修會	xún shān yǐn xiū huì	huán shān yǐn xiū huì	cc-cedict	Priory of Zion (fictional masonic order)
釋迦牟尼佛	shì jiā móu ní fó	shì jiā móu ní fú	cc-cedict-buddhist	Sakyamuni Buddha (Sanskrit: sage of the Sakya)/Siddhartha Gautama (563-485 BC), the historical Buddha and founder of Bud
重水反應堆	zhòng shuǐ fǎn yìng duī	zhòng shuǐ fǎn yīng duī	cc-cedict	heavy water reactor (HWR)
重複性勞損	chóng fù xìng láo sǔn	zhòng fù xìng láo sǔn	cc-cedict	repetitive strain injury (RSI)
銀行對賬單	yín háng duì zhàng dān	yín xíng duì zhàng dān	cc-cedict	bank statement
錫林郭勒盟	xī lín guō lè méng	xī lín guō lēi méng	cc-cedict	Xilingol, league in Inner Mongolia Autonomous Region 內蒙古自治區|内蒙古自治区[Nei4 meng3 gu3 Zi4 zhi4 qu1]
鑽石王老五	zuàn shí wáng lǎo wǔ	zuān shí wáng lǎo wǔ	cc-cedict	highly eligible bachelor/desirable male partner
長嘴捕蛛鳥	cháng zuǐ bǔ zhū niǎo	zhǎng zuǐ bǔ zhū niǎo	cc-cedict	(bird species of China) little spiderhunter (Arachnothera longirostra)
長嘴斑海雀	cháng zuǐ bān hǎi què	zhǎng zuǐ bān hǎi què	cc-cedict	(bird species of China) long-billed murrelet (Brachyramphus perdix)
長嘴鉤嘴鶥	cháng zuǐ gōu zuǐ méi	zhǎng zuǐ gōu zuǐ méi	cc-cedict	(bird species of China) large scimitar babbler (Erythrogenys hypoleucos)
長尾山椒鳥	cháng wěi shān jiāo niǎo	zhǎng wěi shān jiāo niǎo	cc-cedict	(bird species of China) long-tailed minivet (Pericrocotus ethologus)
長尾縫葉鶯	cháng wěi féng yè yīng	zhǎng wěi fèng yè yīng	cc-cedict	(bird species of China) common tailorbird (Orthotomus sutorius)
長尾闊嘴鳥	cháng wěi kuò zuǐ niǎo	zhǎng wěi kuò zuǐ niǎo	cc-cedict	(bird species of China) long-tailed broadbill (Psarisomus dalhousiae)
長掌義縣龍	cháng zhǎng yì xiàn lóng	zhǎng zhǎng yì xiàn lóng	cc-cedict	Yixianosaurus longimanus, theropod dinosaur from Yi county 義縣|义县, Jinzhou 錦州|锦州, west Liaoning
長江三角洲	cháng jiāng sān jiǎo zhōu	zhǎng jiāng sān jiǎo zhōu	cc-cedict	Yangtze River Delta
長江經濟帶	cháng jiāng jīng jì dài	zhǎng jiāng jīng jì dài	cc-cedict	Yangtze River Economic Belt
長白山天池	cháng bái shān tiān chí	zhǎng bái shān tiān chí	cc-cedict	Changbaishan Tianchi, volcanic crater lake on the border between China and North Korea
長跑運動員	cháng pǎo yùn dòng yuán	zhǎng pǎo yùn dòng yuán	cc-cedict	long-distance runner
闌尾切除術	lán wěi qiē chú shù	lán wěi qiè chú shù	cc-cedict	appendectomy (medicine)
防空避難所	fáng kōng bì nàn suǒ	fáng kōng bì nán suǒ	cc-cedict	(Tw) air-raid shelter
阿什哈巴特	ā shí hā bā tè	ā shén hā bā tè	cc-cedict	Ashgabat, capital of Turkmenistan (Tw)
阿克蘇地區	ā kè sū dì qū	ā kè sū de qū	cc-cedict	Aksu, prefecture in Xinjiang Uyghur Autonomous Region 新疆維吾爾自治區|新疆维吾尔自治区[Xin1 jiang1 Wei2 wu2 er3 Zi4 zhi4 qu1]
阿勒泰地區	ā lè tài dì qū	ā lēi tài de qū	cc-cedict	Altay, prefecture in Xinjiang Uyghur Autonomous Region 新疆維吾爾自治區|新疆维吾尔自治区[Xin1 jiang1 Wei2 wu2 er3 Zi4 zhi4 qu1]
阿布沙耶夫	ā bù shā yē fū	ā bù shā yé fū	cc-cedict	Abu Sayyaf, militant Islamist separatist group also known as al-Harakat al-Islamiyya
阿彌陀如來	ē mí tuó rú lái	ā mí tuó rú lái	cc-cedict	Amitabha, Buddha of infinite light
阿拉干山脈	ā lā gān shān mài	ā lā gàn shān mài	cc-cedict	Arakan Mountains (aka Rakhine Mountains), mountain range in western Myanmar
阿爾瓦塞特	ā ěr wǎ sài tè	ā ěr wǎ sāi tè	cc-cedict	Albacete (capital city of Spain's Albacete Province)
陝西大地震	shǎn xī dà dì zhèn	shǎn xī dà de zhèn	cc-cedict	the great Shaanxi earthquake of 2nd February 1556 that killed 830,000 people
隔行如隔山	gé háng rú gé shān	gé xíng rú gé shān	cc-cedict	different trades, worlds apart (idiom); to sb outside the profession, it is a closed book
雅魯藏布江	yǎ lǔ zàng bù jiāng	yǎ lǔ cáng bù jiāng	cc-cedict	Yarlung Tsangpo River, Tibet
雪佛龍公司	xuě fó lóng gōng sī	xuě fú lóng gōng sī	cc-cedict	Chevron Corporation
電源供應器	diàn yuán gōng yìng qì	diàn yuán gōng yīng qì	cc-cedict	power supply unit
霍林郭勒市	huò lín guō lè shì	huò lín guō lēi shì	cc-cedict	Holingol, a county-level city in Tongliao City 通遼市|通辽市[Tong1 liao2 Shi4], Inner Mongolia
青藏鐵路線	qīng zàng tiě lù xiàn	qīng cáng tiě lù xiàn	cc-cedict	Qinghai-Tibet Railway
風水輪流轉	fēng shuǐ lún liú zhuàn	fēng shuǐ lún liú zhuǎn	cc-cedict	fortunes rise and fall; times change
高麗大藏經	gāo lí dà zàng jīng	gāo lì dà cáng jīng	cc-cedict-buddhist	Tripitaka Koreana, Buddhist scriptures carved on 81,340 wooden tablets and housed in the Haein Temple 海印寺[Hai3 yin4 si4]
鵪鶉餶飿兒	ān chún gǔ duò r	ān chún gǔ duò ér	cc-cedict	a type of wonton made in a shape similar to that of a quail (in ancient times)
鷹爪翻子拳	yīng zhuǎ fān zi quán	yīng zhǎo fān zǐ quán	cc-cedict	Ying Zhua Fan Zi Quan - "Eagle Claw" - Martial Art
黑冠長臂猿	hēi guān cháng bì yuán	hēi guān zhǎng bì yuán	cc-cedict	black crested gibbon (Nomascus nasutus)
黑喉縫葉鶯	hēi hóu féng yè yīng	hēi hóu fèng yè yīng	cc-cedict	(bird species of China) dark-necked tailorbird (Orthotomus atrogularis)
黑塞哥維那	hēi sài gē wéi nà	hēi sāi gē wéi nà	cc-cedict	Herzegovina
黑翅長腳鷸	hēi chì cháng jiǎo yù	hēi chì zhǎng jiǎo yù	cc-cedict	(bird species of China) black-winged stilt (Himantopus himantopus)
黑頸長尾雉	hēi jǐng cháng wěi zhì	hēi jǐng zhǎng wěi zhì	cc-cedict	(bird species of China) Mrs. Hume's pheasant (Syrmaticus humiae)
齊打夯兒地	qí dǎ hāng r de	qí dǎ hāng ér de	cc-cedict	in unison and with one voice (dialect)
齊柏林飛艇	qí bó lín fēi tǐng	qí bǎi lín fēi tǐng	cc-cedict	Zeppelin dirigible airship
三折肱為良醫	sān zhé gōng wéi liáng yī	sān zhé gōng wèi liáng yī	cc-cedict	(lit.) break one's arm three times to become a good doctor (idiom)/(fig.) experience is a good teacher
上海音樂學院	shàng hǎi yīn yuè xué yuàn	shàng hǎi yīn lè xué yuàn	cc-cedict	Shanghai Conservatory of Music
不得已而為之	bù dé yǐ ér wéi zhī	bù dé yǐ ér wèi zhī	cc-cedict	to have no other choice/to be the last resort
不知天高地厚	bù zhī tiān gāo dì hòu	bù zhī tiān gāo de hòu	cc-cedict	not to know the immensity of heaven and earth/an exaggerated opinion of one's own abilities
中國人民銀行	zhōng guó rén mín yín háng	zhōng guó rén mín yín xíng	cc-cedict	People's Bank of China
中國光大銀行	zhōng guó guāng dà yín háng	zhōng guó guāng dà yín xíng	cc-cedict	China Everbright Bank
中國地質大學	zhōng guó dì zhì dà xué	zhōng guó de zhì dà xué	cc-cedict	China University of Geosciences
中國地震台網	zhōng guó dì zhèn tái wǎng	zhōng guó de zhèn tái wǎng	cc-cedict	China Earthquake Networks Center (CENC), the information hub of the China Earthquake Administration 中國地震局|中国地震局[Zhong1 g
中國工商銀行	zhōng guó gōng shāng yín háng	zhōng guó gōng shāng yín xíng	cc-cedict	Industrial and Commercial Bank of China (ICBC)
中國建設銀行	zhōng guó jiàn shè yín háng	zhōng guó jiàn shè yín xíng	cc-cedict	China Construction Bank
中國農業銀行	zhōng guó nóng yè yín háng	zhōng guó nóng yè yín xíng	cc-cedict	Agricultural Bank of China
中央處理單元	zhōng yāng chǔ lǐ dān yuán	zhōng yāng chù lǐ dān yuán	cc-cedict	(computing) central processing unit (CPU)
中央音樂學院	zhōng yāng yīn yuè xué yuàn	zhōng yāng yīn lè xué yuàn	cc-cedict	Central Conservatory of Music
也好不了多少	yě hǎo bu liǎo duō shǎo	yě hǎo bù le duō shǎo	cc-cedict	hardly any better/just as bad
亞歐大陸腹地	yà ōu dà lù fù dì	yà ōu dà lù fù de	cc-cedict	Eurasian hinterland (i.e. Central Asia including Xinjiang)
亞洲漠地林鶯	yà zhōu mò dì lín yīng	yà zhōu mò de lín yīng	cc-cedict	(bird species of China) Asian desert warbler (Curruca nana)
亞洲開發銀行	yà zhōu kāi fā yín háng	yà zhōu kāi fā yín xíng	cc-cedict	Asian Development Bank
亞的斯亞貝巴	yà dì sī yà bèi bā	yà de sī yà bèi bā	cc-cedict	Addis Ababa, capital of Ethiopia
人行地下通道	rén xíng dì xià tōng dào	rén xíng de xià tōng dào	cc-cedict	pedestrian underpass
以不變應萬變	yǐ bù biàn yìng wàn biàn	yǐ bù biàn yīng wàn biàn	cc-cedict	(idiom) to deal with varying circumstances by adhering to a basic principle
像那麽回事兒	xiàng nà me huí shì r	xiàng nà mó huí shì ér	cc-cedict	not bad at all; quite impressive
克孜爾千佛洞	kè zī ěr qiān fó dòng	kè zī ěr qiān fú dòng	cc-cedict	Kezil thousand-Buddha grotto in Baicheng 拜城, Aksu 阿克蘇地區|阿克苏地区, Xinjiang
內蒙古自治區	nèi měng gǔ zì zhì qū	nèi méng gǔ zì zhì qū	cc-cedict	Inner Mongolia Autonomous Region, capital Hohhot 呼和浩特市[Hu1 he2 hao4 te4 Shi4] (short name 蒙[Meng3])
八字還沒一撇	bā zì hái méi yī piě	bā zì hái méi yī piē	cc-cedict	lit. not even the first stroke of the character 八[ba1] has been written (idiom)/fig. things have not even gotten started
八杆子打不著	bā gān zi dǎ bù zháo	bā gān zǐ dǎ bù zhù	cc-cedict	variant of 八竿子打不著|八竿子打不着[ba1 gan1 zi5 da3 bu4 zhao2]
八竿子打不著	bā gān zi dǎ bù zháo	bā gān zǐ dǎ bù zhù	cc-cedict	(coll.) unrelated; lacking any connection
公共知識分子	gōng gòng zhī shi fèn zǐ	gōng gòng zhī shí fēn zǐ	cc-cedict	public intellectual (sometimes used derogatorily)
切特豪斯學校	qiē tè háo sī xué xiào	qiè tè háo sī xué xiào	cc-cedict	Charterhouse public school (UK)
加里寧格勒州	jiā lǐ níng gé lè zhōu	jiā lǐ níng gé lēi zhōu	cc-cedict	Kaliningrad Oblast
化干戈為玉帛	huà gān gē wéi yù bó	huà gàn gē wèi yù bó	cc-cedict	lit. to exchange weapons of war for gifts of jade and silk (idiom)/fig. to turn hostility into friendship
化腐朽為神奇	huà fǔ xiǔ wéi shén qí	huà fǔ xiǔ wèi shén qí	cc-cedict	lit. to change something rotten into something magical (idiom)
卡拉什尼科夫	kǎ lā shí ní kē fū	kǎ lā shén ní kē fū	cc-cedict	Kalashnikov (the AK-47 assault rifle)
卡特彼勒公司	kǎ tè bǐ lè gōng sī	kǎ tè bǐ lēi gōng sī	cc-cedict	Caterpillar Inc.
卡西米爾效應	kǎ xī mǐ ěr xiào yìng	kǎ xī mǐ ěr xiào yīng	cc-cedict	Casimir effect (attraction between two parallel metal plates due to quantum mechanical vacuum effects)
友誼地久天長	yǒu yì dì jiǔ tiān cháng	yǒu yì de jiǔ tiān zhǎng	cc-cedict	Auld Lang Syne, Scottish song with lyrics by Robert Burns 羅伯特·伯恩斯|罗伯特·伯恩斯[Luo2 bo2 te4 · Bo2 en1 si1], sung to mark the 
友誼天長地久	yǒu yì tiān cháng dì jiǔ	yǒu yì tiān zhǎng de jiǔ	cc-cedict	see 友誼地久天長|友谊地久天长[You3 yi4 di4 jiu3 tian1 chang2]
吃不了兜著走	chī bu liǎo dōu zhe zǒu	chī bù le dōu zhù zǒu	cc-cedict	lit. if you can't eat it all, you'll have to take it home (idiom)/fig. you'll have to take the consequences
吉人自有天相	jí rén zì yǒu tiān xiàng	jí rén zì yǒu tiān xiāng	cc-cedict	Heaven helps the worthy (idiom)
吉卜力工作室	jí bǔ lì gōng zuò shì	jí bo lì gōng zuò shì	cc-cedict	Studio Ghibli, Japanese film studio
唵嘛呢叭咪吽	ǎn má ní bā mī hōng	ǎn ma ne bā mī hōng	cc-cedict-buddhist	om mani padme hum (Buddhist mantra)
單鏡反光相機	dān jìng fǎn guāng xiàng jī	dān jìng fǎn guāng xiāng jī	cc-cedict	single-lens reflex camera (SLR)
四大佛教名山	sì dà fó jiào míng shān	sì dà fú jiào míng shān	cc-cedict-buddhist	Four Sacred Mountains of Buddhism, namely: Mt Wutai 五臺山|五台山 in Shanxi, Mt Emei 峨眉山 in Sichuan, Mt Jiuhua 九華山|九华山 in Anhu
國家開發銀行	guó jiā kāi fā yín háng	guó jiā kāi fā yín xíng	cc-cedict	China Development Bank
國際清算銀行	guó jì qīng suàn yín háng	guó jì qīng suàn yín xíng	cc-cedict	Bank for International Settlements
圖形處理單元	tú xíng chǔ lǐ dān yuán	tú xíng chù lǐ dān yuán	cc-cedict	(computing) graphics processing unit (GPU)
土地利用規劃	tǔ dì lì yòng guī huà	tǔ de lì yòng guī huà	cc-cedict	land use plan (official P.R.C. government term)
地址解析協議	dì zhǐ jiě xī xié yì	de zhǐ jiě xī xié yì	cc-cedict	address resolution protocol/ARP
地球同步衛星	dì qiú tóng bù wèi xīng	de qiú tóng bù wèi xīng	cc-cedict	(astronomy) geosynchronous satellite
地球同步軌道	dì qiú tóng bù guǐ dào	de qiú tóng bù guǐ dào	cc-cedict	(astronomy) geosynchronous orbit
地球靜止衛星	dì qiú jìng zhǐ wèi xīng	de qiú jìng zhǐ wèi xīng	cc-cedict	(astronomy) geostationary satellite
地球靜止軌道	dì qiú jìng zhǐ guǐ dào	de qiú jìng zhǐ guǐ dào	cc-cedict	(astronomy) geostationary orbit
埃塞俄比亞界	āi sài é bǐ yà jiè	āi sāi é bǐ yà jiè	cc-cedict	(biogeography) the Afrotropical realm (formerly, the Ethiopian Zone)
基地恐怖組織	jī dì kǒng bù zǔ zhī	jī de kǒng bù zǔ zhī	cc-cedict	Al-Qaeda/same as 基地組織|基地组织
塔什庫爾干縣	tǎ shí kù ěr gān xiàn	tǎ shén kù ěr gàn xiàn	cc-cedict	see 塔什庫爾干塔吉克自治縣|塔什库尔干塔吉克自治县[Ta3 shi2 ku4 er3 gan1 Ta3 ji2 ke4 Zi4 zhi4 xian4]
塞瓦斯托波爾	sài wǎ sī tuō bō ěr	sāi wǎ sī tuō bō ěr	cc-cedict	Sevastopol, port city on the Crimean Peninsula
大興問罪之師	dà xīng wèn zuì zhī shī	dà xìng wèn zuì zhī shī	cc-cedict	to launch a punitive campaign/to condemn scathingly
大興安嶺地區	dà xīng ān lǐng dì qū	dà xìng ān lǐng de qū	cc-cedict	Daxing'anling, prefecture in Heilongjiang Province 黑龍江省|黑龙江省[Hei1 long2 jiang1 Sheng3]
大興安嶺山脈	dà xīng ān lǐng shān mài	dà xìng ān lǐng shān mài	cc-cedict	Daxing'anling mountain range in northwest Heilongjiang province
大願地藏菩薩	dà yuàn dì zàng pú sà	dà yuàn de cáng pú sà	cc-cedict-buddhist	Kṣitigarbha Bodhisattva, the Bodhisattva of the Great Vow (to save all souls before accepting Bodhi)/also translated Ear
天不怕地不怕	tiān bù pà dì bù pà	tiān bù pà de bù pà	cc-cedict	fearing nothing in Heaven or Earth (idiom)/fearless
天時地利人和	tiān shí dì lì rén hé	tiān shí de lì rén hé	cc-cedict	the time is right, geographical and social conditions are favorable (idiom); a good time to go to war
如來佛的掌心	rú lái fó de zhǎng xīn	rú lái fú de zhǎng xīn	cc-cedict	the palm of the Buddha's hand (a metaphor for a higher authority or force from whose control one cannot break free, from
安塔那那利佛	ān tǎ nà nà lì fó	ān tǎ nà nà lì fú	cc-cedict	Antananarivo, capital of Madagascar (Tw)
宣誓供詞證明	xuān shì gòng cí zhèng míng	xuān shì gōng cí zhèng míng	cc-cedict	(law) affidavit; deposition
巴控克什米爾	bā kòng kè shí mǐ ěr	bā kòng kè shén mǐ ěr	cc-cedict	Pakistan administered Kashmir
帕拉塞爾蘇斯	pà lā sài ěr sū sī	pà lā sāi ěr sū sī	cc-cedict	Paracelsus (1493–1541), Swiss physician, alchemist and philosopher, pioneer of toxicology and medical chemistry
強扭的瓜不甜	qiǎng niǔ de guā bù tián	qiáng niǔ de guā bù tián	cc-cedict	lit. if you have to use force to break a melon off the vine, it won't taste sweet (because it's only when the melon is r
強迫性儲物症	qiǎng pò xìng chǔ wù zhèng	qiáng pò xìng chǔ wù zhèng	cc-cedict	compulsive hoarding
強迫性性行為	qiǎng pò xìng xìng xíng wéi	qiáng pò xìng xìng xíng wèi	cc-cedict	sexual obsession
應用程序接口	yìng yòng chéng xù jiē kǒu	yīng yòng chéng xù jiē kǒu	cc-cedict	application programming interface (API)
應用程式介面	yìng yòng chéng shì jiè miàn	yīng yòng chéng shì jiè miàn	cc-cedict	application programming interface (API) (Tw)
成都體育大學	chéng dū tǐ yù dà xué	chéng dōu tǐ yù dà xué	cc-cedict	Chengdu Sports University
扎格羅斯山脈	zā gé luó sī shān mài	zhā gé luó sī shān mài	cc-cedict	Zagros mountains of southwest Iran
打哪兒指哪兒	dǎ nǎ r zhǐ nǎ r	dǎ nǎ ér zhǐ nǎ ér	cc-cedict	(coll.) to act first and then claim the outcome was intended; to act without a clear aim and justify it afterward (ironi
扶不起的阿斗	fú bù qǐ de ā dǒu	fú bù qǐ de ā dòu	cc-cedict	weak and inept person/hopeless case
把方便當隨便	bǎ fāng biàn dàng suí biàn	bǎ fāng biàn dāng suí biàn	cc-cedict	to act unappreciatively in response to a kindness
摸著石頭過河	mō zhe shí tou guò hé	mō zhù shí tóu guò hé	cc-cedict	to wade across the river, feeling for footholds as one goes (idiom)/to advance cautiously, step by step/to feel one's wa
放長線釣大魚	fàng cháng xiàn diào dà yú	fàng zhǎng xiàn diào dà yú	cc-cedict	use a long line to catch a big fish (idiom); a long-term plan for major returns
斯堪地納維亞	sī kān dì nà wéi yà	sī kān de nà wéi yà	cc-cedict	Scandinavia (Tw)
斯堪的納維亞	sī kān dì nà wéi yà	sī kān de nà wéi yà	cc-cedict	Scandinavia
新柏拉圖主義	xīn bó lā tú zhǔ yì	xīn bǎi lā tú zhǔ yì	cc-cedict	neo-Platonism (philosophical system combining Platonism with mysticism)
新興經濟國家	xīn xīng jīng jì guó jiā	xīn xìng jīng jì guó jiā	cc-cedict	developing economic state/developing nation
旅大租地條約	lǚ dà zū dì tiáo yuē	lǚ dà zū de tiáo yuē	cc-cedict	unequal treaty of 1898 whereby the Qing dynasty ceded the lease of Lüshun (Port Arthur) to Russia
本地管理界面	běn dì guǎn lǐ jiè miàn	běn de guǎn lǐ jiè miàn	cc-cedict	LMI/local management interface (telecommunications)
東家長西家短	dōng jiā cháng xī jiā duǎn	dōng jiā zhǎng xī jiā duǎn	cc-cedict	to gossip (idiom)
東風壓倒西風	dōng fēng yā dǎo xī fēng	dōng fēng yā dào xī fēng	cc-cedict	lit. the east wind prevails over the west wind (idiom)/fig. one side prevails over the other/progressive ideas prevail o
柏林工業大學	bó lín gōng yè dà xué	bǎi lín gōng yè dà xué	cc-cedict	Technical University of Berlin, Germany (Technische Universitaet zu Berlin)
核燃料後處理	hé rán liào hòu chǔ lǐ	hé rán liào hòu chù lǐ	cc-cedict	nuclear fuel reprocessing
棕額長尾山雀	zōng é cháng wěi shān què	zōng é zhǎng wěi shān què	cc-cedict	(bird species of China) rufous-fronted bushtit (Aegithalos iouschistos)
植物化學成分	zhí wù huà xué chéng fèn	zhí wù huà xué chéng fēn	cc-cedict	phytochemical
歐洲中央銀行	ōu zhōu zhōng yāng yín háng	ōu zhōu zhōng yāng yín xíng	cc-cedict	European Central Bank
死無葬身之地	sǐ wú zàng shēn zhī dì	sǐ wú zàng shēn zhī de	cc-cedict	to die without a burial site/to die a pauper/a tragic end
死馬當活馬醫	sǐ mǎ dàng huó mǎ yī	sǐ mǎ dāng huó mǎ yī	cc-cedict	lit. to give medicine to a dead horse (idiom)/fig. to keep trying everything in a desperate situation
民族雜居地區	mín zú zá jū dì qū	mín zú zá jū de qū	cc-cedict	mixed ethnic area
氣冷式反應堆	qì lěng shì fǎn yìng duī	qì lěng shì fǎn yīng duī	cc-cedict	gas-cooled reactor
沙烏地阿拉伯	shā wū dì ā lā bó	shā wū de ā lā bó	cc-cedict	Saudi Arabia (Tw)
浮力調整背心	fú lì tiáo zhěng bèi xīn	fú lì diào zhěng bèi xīn	cc-cedict	BCD/Buoyancy Compensation Device (diving)
浮力調整裝置	fú lì tiáo zhěng zhuāng zhì	fú lì diào zhěng zhuāng zhì	cc-cedict	BCD/Buoyancy Compensation Device (diving)
海水不可斗量	hǎi shuǐ bù kě dǒu liáng	hǎi shuǐ bù kě dòu liàng	cc-cedict	see 人不可貌相，海水不可斗量[ren2 bu4 ke3 mao4 xiang4 , hai3 shui3 bu4 ke3 dou3 liang2]
海洋溫差發電	hǎi yáng wēn chā fā diàn	hǎi yáng wēn chà fā diàn	cc-cedict	ocean thermal energy conversion (OTEC)
漏水轉渾天儀	lòu shuǐ zhuàn hún tiān yí	lòu shuǐ zhuǎn hún tiān yí	cc-cedict	water-driven armillary sphere (Zhang Heng's famous astronomical apparatus)
為五斗米折腰	wèi wǔ dǒu mǐ zhé yāo	wèi wǔ dòu mǐ zhé yāo	cc-cedict	(allusion to Tao Qian 陶潛|陶潜[Tao2 Qian2], who used this phrase when he resigned from government service rather than show 
熱核聚變反應	rè hé jù biàn fǎn yìng	rè hé jù biàn fǎn yīng	cc-cedict	thermonuclear fusion reaction
狗改不了吃屎	gǒu gǎi bù liǎo chī shǐ	gǒu gǎi bù le chī shǐ	cc-cedict	lit. a dog can't stop himself from eating shit (idiom)/fig. bad habits are hard to change
環渤海灣地區	huán bó hǎi wān dì qū	huán bó hǎi wān de qū	cc-cedict	Bohai Economic Rim (economic region including Beijing, Tianjin, Hebei, Liaoning and Shandong)
環球音樂集團	huán qiú yīn yuè jí tuán	huán qiú yīn lè jí tuán	cc-cedict	Universal Music Group
瓦西里耶維奇	wǎ xī lǐ yē wéi qí	wǎ xī lǐ yé wéi qí	cc-cedict	Vasilievich (name)
發射機應答器	fā shè jī yìng dá qì	fā shè jī yīng dá qì	cc-cedict	transponder/electronic device that responds to a radio code
皇冠假日酒店	huáng guān jià rì jiǔ diàn	huáng guān jiǎ rì jiǔ diàn	cc-cedict	Crowne Plaza (hotel chain)
看人下菜碟兒	kàn rén xià cài dié r	kàn rén xià cài dié ér	cc-cedict	(dialect) to treat sb according to their social status, relationship with them etc (idiom)/not to treat everyone equally
破題兒第一遭	pò tí r dì yī zāo	pò tí ér dì yī zāo	cc-cedict	(coll.) one's first time ever experiencing sth (esp. sth notable or unusual)
科迪勒拉山系	kē dí lè lā shān xì	kē dí lēi lā shān xì	cc-cedict	Cordillera, series of mountain ranges stretching from Patagonia in South America through to Alaska and Aleutian islands
紅頭長尾山雀	hóng tóu cháng wěi shān què	hóng tóu zhǎng wěi shān què	cc-cedict	(bird species of China) black-throated bushtit (Aegithalos concinnus)
納扎爾巴耶夫	nà zhā ěr bā yē fū	nà zhā ěr bā yé fū	cc-cedict	Nursultan Nazarbayev (1940-), president of Kazakhstan 1990-2019
網絡地址轉換	wǎng luò dì zhǐ zhuǎn huàn	wǎng luò de zhǐ zhuǎn huàn	cc-cedict	(computing) network address translation
義勇軍進行曲	yì yǒng jūn jìn xíng qǔ	yì yǒng jūn jìn xíng qū	cc-cedict	March of the Volunteer Army (PRC National Anthem)
耶和華見證人	yē hé huá jiàn zhèng rén	yé hé huá jiàn zhèng rén	cc-cedict	Jehovah's Witnesses
聯機分析處理	lián jī fēn xī chǔ lǐ	lián jī fēn xī chù lǐ	cc-cedict	(computing) OLAP (online analytical processing)
腸易激綜合徵	cháng yì jī zōng hé zhēng	cháng yì jī zōng hé zhǐ	cc-cedict	irritable bowel syndrome (IBS)
自然語言處理	zì rán yǔ yán chǔ lǐ	zì rán yǔ yán chù lǐ	cc-cedict	natural language processing, NLP
自發對稱破缺	zì fā duì chèn pò quē	zì fā duì chēng pò quē	cc-cedict	spontaneous symmetry breaking (physics)
與全世界為敵	yǔ quán shì jiè wéi dí	yǔ quán shì jiè wèi dí	cc-cedict	(idiom) to fight the whole world
華納音樂集團	huá nà yīn yuè jí tuán	huá nà yīn lè jí tuán	cc-cedict	Warner Music Group
藍額長腳地鴝	lán é cháng jiǎo dì qú	lán é zhǎng jiǎo de qú	cc-cedict	(bird species of China) blue-fronted robin (Cinclidium frontale)
西棕胸佛法僧	xī zōng xiōng fó fǎ sēng	xī zōng xiōng fú fǎ sēng	cc-cedict	(bird species) Indian roller (Coracias benghalensis)
西藏毛腿沙雞	xī zàng máo tuǐ shā jī	xī cáng máo tuǐ shā jī	cc-cedict	(bird species of China) Tibetan sandgrouse (Syrrhaptes tibetanus)
角色扮演遊戲	jué sè bàn yǎn yóu xì	jiǎo sè bàn yǎn yóu xì	cc-cedict	role-playing game (RPG)
請將不如激將	qǐng jiàng bù rú jī jiàng	qǐng jiāng bù rú jī jiāng	cc-cedict	lit. to dispatch a general is not as effective as to excite a general/fig. inciting people to action is more effective t
貧無立錐之地	pín wú lì zhuī zhī dì	pín wú lì zhuī zhī de	cc-cedict	not even enough land to stand an awl (idiom); absolutely destitute
費爾干納盆地	fèi ěr gàn nà pén dì	fèi ěr gàn nà pén de	cc-cedict	the Ferghana Valley in modern Uzbekistan
過五關斬六將	guò wǔ guān zhǎn liù jiàng	guò wǔ guān zhǎn liù jiāng	cc-cedict	lit. to cross five passes and slay six generals (idiom)/fig. to surmount all difficulties (on the way to success)
那不勒斯王國	nà bù lè sī wáng guó	nà bù lēi sī wáng guó	cc-cedict	Kingdom of Naples (1282-1860)
里瓦幾亞條約	lǐ wǎ jī yà tiáo yuē	lǐ wǎ jǐ yà tiáo yuē	cc-cedict	Treaty of Livadia (1879) between Russia and China, relating to territory in Chinese Turkistan, renegotiated in 1881 (Tre
重複使力傷害	chóng fù shǐ lì shāng hài	zhòng fù shǐ lì shāng hài	cc-cedict	repetitive strain injury (RSI)
銀喉長尾山雀	yín hóu cháng wěi shān què	yín hóu zhǎng wěi shān què	cc-cedict	(bird species of China) silver-throated bushtit (Aegithalos glaucogularis)
銀臉長尾山雀	yín liǎn cháng wěi shān què	yín liǎn zhǎng wěi shān què	cc-cedict	(bird species of China) sooty bushtit (Aegithalos fuliginosus)
鏈式裂變反應	liàn shì liè biàn fǎn yìng	liàn shì liè biàn fǎn yīng	cc-cedict	chain reaction of nuclear fission
長三角經濟區	cháng sān jiǎo jīng jì qū	zhǎng sān jiǎo jīng jì qū	cc-cedict	Yangtze River Delta Economic Zone (economic region including Shanghai, Zhejiang and Jiangsu)
長痛不如短痛	cháng tòng bù rú duǎn tòng	zhǎng tòng bù rú duǎn tòng	cc-cedict	better to just get the pain over with, rather than prolong the agony
電荷耦合器件	diàn hè ǒu hé qì jiàn	diàn hé ǒu hé qì jiàn	cc-cedict	charge-coupled device (CCD) (electronics)
非國家行為體	fēi guó jiā xíng wéi tǐ	fēi guó jiā xíng wèi tǐ	cc-cedict	non-state actor
非洲開發銀行	fēi zhōu kāi fā yín háng	fēi zhōu kāi fā yín xíng	cc-cedict	African Development Bank
首都國際機場	shǒu dū guó jì jī chǎng	shǒu dōu guó jì jī chǎng	cc-cedict	Beijing Capital International Airport
首都經貿大學	shǒu dū jīng mào dà xué	shǒu dōu jīng mào dà xué	cc-cedict	Capital University of Business and Economics, Beijing
香榭麗舍大街	xiāng xiè lì shè dà jiē	xiāng xiè lì shě dà jiē	cc-cedict	Avenue des Champs-Élysées
香港濕地公園	xiāng gǎng shī dì gōng yuán	xiāng gǎng shī de gōng yuán	cc-cedict	Hong Kong Wetland Park, in Yuen Long, New Territories
香港銀行公會	xiāng gǎng yín háng gōng huì	xiāng gǎng yín xíng gōng huì	cc-cedict	Hong Kong Association of Banks
黑眉長尾山雀	hēi méi cháng wěi shān què	hēi méi zhǎng wěi shān què	cc-cedict	(bird species of China) black-browed bushtit (Aegithalos bonvaloti)
三句話不離本行	sān jù huà bù lí běn háng	sān jù huà bù lí běn xíng	cc-cedict	to talk shop all the time (idiom)
三都水族自治縣	sān dū shuǐ zú zì zhì xiàn	sān dōu shuǐ zú zì zhì xiàn	cc-cedict	Sandu Shui Autonomous County, in Qiannan Buyei and Miao Autonomous Prefecture 黔南布依族苗族自治州[Qian2 nan2 Bu4 yi1 zu2 Miao2 zu
不到長城非好漢	bù dào cháng chéng fēi hǎo hàn	bù dào zhǎng chéng fēi hǎo hàn	cc-cedict	lit. until you reach the Great Wall, you're not a proper person; fig. to get over difficulties before reaching the goal
不看僧面看佛面	bù kàn sēng miàn kàn fó miàn	bù kàn sēng miàn kàn fú miàn	cc-cedict-buddhist	lit. not for the monk's sake but for the Buddha's sake (idiom)/fig. (to do sth for sb) out of deference to sb else
中國地質調查局	zhōng guó dì zhì diào chá jú	zhōng guó de zhì diào chá jú	cc-cedict	China Geological Survey (CGS)
中國進出口銀行	zhōng guó jìn chū kǒu yín háng	zhōng guó jìn chū kǒu yín xíng	cc-cedict	The Export-Import Bank of China (state-owned bank)
中東呼吸綜合徵	zhōng dōng hū xī zōng hé zhēng	zhōng dōng hū xī zōng hé zhǐ	cc-cedict	Middle East respiratory syndrome (MERS)
乙酰胺吡咯烷酮	yǐ xiān àn bǐ luò wán tóng	yǐ xiān àn bǐ gē wán tóng	cc-cedict	(pharmacology) piracetam (C6H10N2O2), a nootropic
今朝有酒今朝醉	jīn zhāo yǒu jiǔ jīn zhāo zuì	jīn cháo yǒu jiǔ jīn cháo zuì	cc-cedict	to live in the moment (idiom)/to live every day as if it were one's last/to enjoy while one can
偷雞不著蝕把米	tōu jī bù zháo shí bǎ mǐ	tōu jī bù zhù shí bǎ mǐ	cc-cedict	see 偷雞不成蝕把米|偷鸡不成蚀把米[tou1 ji1 bu4 cheng2 shi2 ba3 mi3]
克羅地亞共和國	kè luó dì yà gòng hé guó	kè luó de yà gòng hé guó	cc-cedict	Republic of Croatia
兔子尾巴長不了	tù zi wěi ba cháng bu liǎo	tù zǐ wěi bā zhǎng bù le	cc-cedict	rabbits don't have long tails (idiom)/its days are numbered/won't last long
八十天環遊地球	bā shí tiān huán yóu dì qiú	bā shí tiān huán yóu de qiú	cc-cedict	Around the World in Eighty Days by Jules Verne 儒勒·凡爾納|儒勒·凡尔纳[Ru2 le4 · Fan2 er3 na4]
八字還沒一撇兒	bā zì hái méi yī piě r	bā zì hái méi yī piē ér	cc-cedict	lit. there is not even the first stroke of the character 八[ba1] (idiom)/fig. things have not even begun to take shape/no
冤冤相報何時了	yuān yuān xiāng bào hé shí liǎo	yuān yuān xiāng bào hé shí le	cc-cedict-buddhist	if revenge breeds revenge, will there ever be an end to it? (Buddhist saying)
創傷後應激障礙	chuāng shāng hòu yìng jī zhàng ài	chuàng shāng hòu yīng jī zhàng ài	cc-cedict	post-traumatic stress disorder; PTSD
加勒比國家聯盟	jiā lè bǐ guó jiā lián méng	jiā lēi bǐ guó jiā lián méng	cc-cedict	Association of Caribbean States
助人為快樂之本	zhù rén wéi kuài lè zhī běn	zhù rén wèi kuài lè zhī běn	cc-cedict	pleasure from helping others
半封建半殖民地	bàn fēng jiàn bàn zhí mín dì	bàn fēng jiàn bàn zhí mín de	cc-cedict	semifeudal and semicolonial (the official Marxist description of China in the late Qing and under the Guomindang)
占著茅坑不拉屎	zhàn zhe máo kēng bù lā shǐ	zhàn zhù máo kēng bù lā shǐ	cc-cedict	lit. to occupy a latrine but not shit (proverb)/fig. to be a dog in the manger
咬人狗兒不露齒	yǎo rén gǒu r bù lù chǐ	yǎo rén gǒu ér bù lù chǐ	cc-cedict	lit. the dog that bites does not show its fangs (idiom)/fig. You can't tell the really dangerous enemy from his external
咬人的狗不露齒	yǎo rén de gǒu bù lòu chǐ	yǎo rén de gǒu bù lù chǐ	cc-cedict	lit. the dog that bites doesn't show its teeth (idiom)/fig. the most sinister of people can look quite harmless
國家旅遊度假區	guó jiā lǚ yóu dù jià qū	guó jiā lǚ yóu dù jiǎ qū	cc-cedict	National Resort District (PRC)
國際日期變更線	guó jì rì qī biàn gēng xiàn	guó jì rì qī biàn gèng xiàn	cc-cedict	international date line
地方性斑疹傷寒	dì fāng xìng bān zhěn shāng hán	de fāng xìng bān zhěn shāng hán	cc-cedict	murine typhus fever
塔克拉瑪干沙漠	tǎ kè lā mǎ gān shā mò	tǎ kè lā mǎ gàn shā mò	cc-cedict	Taklamakan Desert, Xinjiang
塞爾維亞和黑山	sài ěr wéi yà hé hēi shān	sāi ěr wéi yà hé hēi shān	cc-cedict	Serbia and Montenegro (a country that existed 2003–2006)
大安的列斯群島	dà ān dì liè sī qún dǎo	dà ān de liè sī qún dǎo	cc-cedict	the Greater Antilles, Caribbean island group including Cuba, Hispaniola (Haiti and the Dominican Republic), Jamaica and 
大方廣佛華嚴經	dà fāng guǎng fó huá yán jīng	dà fāng guǎng fú huá yán jīng	cc-cedict-buddhist	Avatamsaka sutra of the Huayan school/also called Buddhavatamsaka-mahavaipulya Sutra, the Flower adornment sutra or the 
天祝藏族自治縣	tiān zhù zàng zú zì zhì xiàn	tiān zhù cáng zú zì zhì xiàn	cc-cedict	Tianzhu Tibetan Autonomous County, in Wuwei City 武威市[Wu3 wei1 Shi4], Gansu
好心當成驢肝肺	hǎo xīn dàng chéng lǘ gān fèi	hǎo xīn dāng chéng lǘ gān fèi	cc-cedict	(saying) to mistake good intentions for ill will
好死不如賴活著	hǎo sǐ bù rú lài huó zhe	hǎo sǐ bù rú lài huó zhù	cc-cedict	better a bad life than a good death (idiom)
安地卡及巴布達	ān dì kǎ jí bā bù dá	ān de kǎ jí bā bù dá	cc-cedict	Antigua and Barbuda (Tw)
對著和尚罵賊禿	duì zhe hé shang mà zéi tū	duì zhù hé shàng mà zéi tū	cc-cedict-buddhist	(lit.) in the presence of a monk, insult another monk, calling him a bald-headed bandit (saying)/(fig.) to insult indire
少年夫妻老來伴	shào nián fū qī lǎo lái bàn	shǎo nián fū qī lǎo lái bàn	cc-cedict	husband and wife in youth, companions in old age
巴布亞紐幾內亞	bā bù yà niǔ jī nèi yà	bā bù yà niǔ jǐ nèi yà	cc-cedict	(Tw) Papua New Guinea
帖撒羅尼迦前書	tiě sā luó ní jiā qián shū	tiē sā luó ní jiā qián shū	cc-cedict	First epistle of St Paul to the Thessalonians
帖撒羅尼迦後書	tiě sā luó ní jiā hòu shū	tiē sā luó ní jiā hòu shū	cc-cedict	Second Epistle of St Paul to the Thessalonians
師夷長技以制夷	shī yí cháng jì yǐ zhì yí	shī yí zhǎng jì yǐ zhì yí	cc-cedict	"learn from the foreigners in order to gain command of them", idea advocated by Wei Yuan 魏源[Wei4 Yuan2]
庫木吐拉千佛洞	kù mù tǔ lā qiān fó dòng	kù mù tǔ lā qiān fú dòng	cc-cedict	Kumutula thousand-Buddha grotto in Kuqa, Xinjiang
強將手下無弱兵	qiáng jiàng shǒu xià wú ruò bīng	qiáng jiāng shǒu xià wú ruò bīng	cc-cedict	there are no poor soldiers under a good general (idiom)
強龍不壓地頭蛇	qiáng lóng bù yā dì tóu shé	qiáng lóng bù yā de tóu shé	cc-cedict	lit. strong dragon cannot repress a snake (idiom); fig. a local gangster who is above the law
怎一個愁字了得	zěn yī gè chóu zì liǎo dé	zěn yī gè chóu zì le dé	cc-cedict	(last line of the poem 聲聲慢|声声慢[Sheng1 sheng1 Man4] by Song poet Li Qingzhao 李清照[Li3 Qing1 zhao4])/how can it be expresse
慢性阻塞性肺病	màn xìng zǔ sè xìng fèi bìng	màn xìng zǔ sāi xìng fèi bìng	cc-cedict	chronic obstructive pulmonary disease (COPD)
懶驢上磨屎尿多	lǎn lǘ shàng mò shǐ niào duō	lǎn lǘ shàng mó shǐ niào duō	cc-cedict	(proverb) A lazy person will find many excuses to delay working/lit. When a lazy donkey is turning a grindstone, it take
打狗還得看主人	dǎ gǒu hái děi kàn zhǔ rén	dǎ gǒu hái dé kàn zhǔ rén	cc-cedict	lit. when one beats a dog, one must answer to its master (idiom)/fig. before punishing sb, one should consider how that 
拿著雞毛當令箭	ná zhe jī máo dàng lìng jiàn	ná zhù jī máo dāng lìng jiàn	cc-cedict	to wave a chicken feather as a token of authority (idiom); to assume unwarranted authority on the basis of some pretext
指著和尚罵禿子	zhǐ zhe hé shang mà tū zi	zhǐ zhù hé shàng mà tū zǐ	cc-cedict-buddhist	lit. to insult a bald man while pointing at a monk (idiom)/fig. to insult indirectly/to criticize obliquely
攤薄後每股盈利	tān bó hòu měi gǔ yíng lì	tān báo hòu měi gǔ yíng lì	cc-cedict	diluted earnings per share
斯大林格勒戰役	sī dà lín gé lè zhàn yì	sī dà lín gé lēi zhàn yì	cc-cedict	Battle of Stalingrad (1942-1943), decisive battle of Second World War and one of the bloodiest battles in history, when 
斯大林格勒會戰	sī dà lín gé lè huì zhàn	sī dà lín gé lēi huì zhàn	cc-cedict	Battle of Stalingrad (1942-1943)/also called 斯大林格勒戰役|斯大林格勒战役
會計準則理事會	kuài jì zhǔn zé lǐ shì huì	huì jì zhǔn zé lǐ shì huì	cc-cedict	accounting standards council
有錢能使鬼推磨	yǒu qián néng shǐ guǐ tuī mò	yǒu qián néng shǐ guǐ tuī mó	cc-cedict	lit. with money, you can get a devil to turn a millstone (idiom)/fig. with money, you can get anything done; money talks
朝鮮中央通訊社	cháo xiǎn zhōng yāng tōng xùn shè	cháo xiān zhōng yāng tōng xùn shè	cc-cedict	North Korean Central News Agency (KCNA)/abbr. to 朝中社[Chao2 zhong1 she4]
木里藏族自治縣	mù lǐ zàng zú zì zhì xiàn	mù lǐ cáng zú zì zhì xiàn	cc-cedict	Muli Tibetan Autonomous County, in Liangshan Yi Autonomous Prefecture 涼山彝族自治州|凉山彝族自治州[Liang2 shan1 Yi2 zu2 Zi4 zhi4 zhou
果洛藏族自治州	guǒ luò zàng zú zì zhì zhōu	guǒ luò cáng zú zì zhì zhōu	cc-cedict	Golog Tibetan Autonomous Prefecture, in Qinghai Province 青海省[Qing1 hai3 Sheng3]
此地無銀三百兩	cǐ dì wú yín sān bǎi liǎng	cǐ de wú yín sān bǎi liǎng	cc-cedict	lit. 300 silver taels not hidden here (idiom); fig. to reveal what one intends to hide
殺人不過頭點地	shā rén bù guò tóu diǎn dì	shā rén bù guò tóu diǎn de	cc-cedict	It's all exaggeration, you don't need to take it seriously/a fuss about nothing/nothing to write home about
海北藏族自治州	hǎi běi zàng zú zì zhì zhōu	hǎi běi cáng zú zì zhì zhōu	cc-cedict	Haibei Tibetan Autonomous Prefecture, in Qinghai Province 青海省[Qing1 hai3 Sheng3]
海南藏族自治州	hǎi nán zàng zú zì zhì zhōu	hǎi nán cáng zú zì zhì zhōu	cc-cedict	Hainan Tibetan Autonomous Prefecture, in Qinghai Province 青海省[Qing1 hai3 Sheng3]
滿城盡帶黃金甲	mǎn chéng jìn dài huáng jīn jiǎ	mǎn chéng jǐn dài huáng jīn jiǎ	cc-cedict	Curse of the Golden Flower (2007), period drama movie by Zhang Yimou
牛不喝水強按頭	niú bù hē shuǐ qiǎng àn tóu	niú bù hē shuǐ qiáng àn tóu	cc-cedict	lit. to try to make an ox drink by forcing its head down to the water (idiom)/fig. to try to impose one's will on sb
獨在異鄉為異客	dú zài yì xiāng wéi yì kè	dú zài yì xiāng wèi yì kè	cc-cedict	a stranger in a strange land (from a poem by Wang Wei 王維|王维[Wang2 Wei2])
玉樹藏族自治州	yù shù zàng zú zì zhì zhōu	yù shù cáng zú zì zhì zhōu	cc-cedict	Yushu Tibetan Autonomous Prefecture, in Qinghai Province 青海省[Qing1 hai3 Sheng3]
環太平洋地震帶	huán tài píng yáng dì zhèn dài	huán tài píng yáng de zhèn dài	cc-cedict	Ring of Fire (circum-Pacific seismic belt)
甘南藏族自治州	gān nán zàng zú zì zhì zhōu	gān nán cáng zú zì zhì zhōu	cc-cedict	Gannan Tibetan Autonomous Prefecture, in Gansu Province 甘肅省|甘肃省[Gan1 su4 Sheng3]
甘孜藏族自治州	gān zī zàng zú zì zhì zhōu	gān zī cáng zú zì zhì zhōu	cc-cedict	Garzê Tibetan Autonomous Prefecture, in Sichuan Province 四川省[Si4 chuan1 Sheng3]
男兒有淚不輕彈	nán ér yǒu lèi bù qīng tán	nán ér yǒu lèi bù qīng dàn	cc-cedict	real men do not easily cry (idiom)
白鷺灣濕地公園	bái lù wān shī dì gōng yuán	bái lù wān shī de gōng yuán	cc-cedict	Bailuwan Wetland Park, Chengdu
皇上不急太監急	huáng shàng bù jí tài jiàn jí	huáng shàng bù jí tài jiān jí	cc-cedict	see 皇帝不急太監急|皇帝不急太监急[huang2 di4 bu4 ji2 tai4 jian4 ji2]
皇上不急急太監	huáng shàng bù jí jí tài jiàn	huáng shàng bù jí jí tài jiān	cc-cedict	see 皇帝不急太監急|皇帝不急太监急[huang2 di4 bu4 ji2 tai4 jian4 ji2]
皇帝不急太監急	huáng dì bù jí tài jiàn jí	huáng dì bù jí tài jiān jí	cc-cedict	lit. the emperor is not worried, but his eunuchs are (idiom)/fig. the observers are more anxious than the person involve
睜著眼睛說瞎話	zhēng zhe yǎn jīng shuō xiā huà	zhēng zhù yǎn jīng shuō xiā huà	cc-cedict	(idiom) to lie through one's teeth; to talk drivel
知其不可而為之	zhī qí bù kě ér wéi zhī	zhī qí bù kě ér wèi zhī	cc-cedict	to keep going resolutely despite knowing the task is impossible (idiom)
站著說話不腰疼	zhàn zhe shuō huà bù yāo téng	zhàn zhù shuō huà bù yāo téng	cc-cedict	(saying) it's all very well to talk, but getting things done is another matter; (fig.) to be an armchair expert; to blab
置之死地而後生	zhì zhī sǐ dì ér hòu shēng	zhì zhī sǐ de ér hòu shēng	cc-cedict	(idiom based on Sunzi's "The Art of War" 孫子兵法|孙子兵法[Sun1 zi3 Bing1 fa3]) to deploy one's troops in such a way that there 
美國地質調查局	měi guó dì zhì diào chá jú	měi guó de zhì diào chá jú	cc-cedict	United States Geological Survey (USGS)
背著抱著一般重	bēi zhe bào zhe yī bān zhòng	bèi zhù bào zhù yī bān zhòng	cc-cedict	lit. whether one carries it on one's back or in one's arms, it's equally heavy (idiom)/fig. one can't avoid the burden
胳膊擰不過大腿	gē bo nǐng bu guò dà tuǐ	gē bó níng bù guò dà tuǐ	cc-cedict	(idiom) the weak cannot overcome the strong
英雄無用武之地	yīng xióng wú yòng wǔ zhī dì	yīng xióng wú yòng wǔ zhī de	cc-cedict	a hero with no chance of using his might/to have no opportunity to display one's talents
茄二十八星瓢蟲	qié èr shí bā xīng piáo chóng	jiā èr shí bā xīng piáo chóng	cc-cedict	28-spotted ladybird/hadda beetle/Henosepilachna vigintioctopunctata
萬丈高樓平地起	wàn zhàng gāo lóu píng dì qǐ	wàn zhàng gāo lóu píng de qǐ	cc-cedict	towering buildings are built up from the ground (idiom)/great oaks from little acorns grow
蒙古人民共和國	měng gǔ rén mín gòng hé guó	méng gǔ rén mín gòng hé guó	cc-cedict	People's Republic of Mongolia (from 1924)
薩哈羅夫人權獎	sà hǎ luó fū rén quán jiǎng	sà hā luó fū rén quán jiǎng	cc-cedict	the EU Sakharov Human Rights Prize
薩哈諾夫人權獎	sà hǎ nuò fū rén quán jiǎng	sà hā nuò fū rén quán jiǎng	cc-cedict	the EU Sakharov prize for human rights
血債要用血來還	xuè zhài yào yòng xuè lái huán	xuè zhài yào yòng xuè lái hái	cc-cedict	A debt of blood must be paid in blood./Blood calls for blood.
識時務者為俊傑	shí shí wù zhě wéi jùn jié	shí shí wù zhě wèi jùn jié	cc-cedict	(idiom) a wise person adapts to changing circumstances
迪慶藏族自治州	dí qìng zàng zú zì zhì zhōu	dí qìng cáng zú zì zhì zhōu	cc-cedict	Diqing Tibetan Autonomous Prefecture, in Yunnan Province 雲南省|云南省[Yun2 nan2 Sheng3]
這山望著那山高	zhè shān wàng zhe nà shān gāo	zhè shān wàng zhù nà shān gāo	cc-cedict	lit. the next mountain looks taller (idiom); fig. not satisfied with one's current position/the grass is always greener 
道不同不相為謀	dào bù tóng bù xiāng wéi móu	dào bù tóng bù xiāng wèi móu	cc-cedict	lit. persons who walk different paths cannot make plans together/to go separate ways (idiom)
遠水救不了近火	yuǎn shuǐ jiù bu liǎo jìn huǒ	yuǎn shuǐ jiù bù le jìn huǒ	cc-cedict	water in a distant place is of little use in putting out a fire right here/(fig.) a slow remedy does not address the cur
都安瑤族自治縣	dū ān yáo zú zì zhì xiàn	dōu ān yáo zú zì zhì xiàn	cc-cedict	Du'an Yao Autonomous County, in Hechi City 河池市[He2 chi2 Shi4], Guangxi
醜妻近地家中寶	chǒu qī jìn dì jiā zhōng bǎo	chǒu qī jìn de jiā zhōng bǎo	cc-cedict	an ugly wife is a treasure at home (idiom)
針尖兒對麥芒兒	zhēn jiān r duì mài máng r	zhēn jiān ér duì mài máng ér	cc-cedict	see 針尖對麥芒|针尖对麦芒[zhen1 jian1 dui4 mai4 mang2]
長坂坡七進七出	cháng bǎn pō qī jìn qī chū	zhǎng bǎn pō qī jìn qī chū	cc-cedict	famous scene in Romance of the Three Kingdoms in which Zhao Yun 趙雲|赵云 charges seven times through the ranks of Cao Cao's
長江後浪催前浪	cháng jiāng hòu làng cuī qián làng	zhǎng jiāng hòu làng cuī qián làng	cc-cedict	see 長江後浪推前浪|长江后浪推前浪[Chang2 Jiang1 hou4 lang4 tui1 qian2 lang4]
長江後浪推前浪	cháng jiāng hòu làng tuī qián làng	zhǎng jiāng hòu làng tuī qián làng	cc-cedict	lit. the rear waves of the Yangtze River drive on those before (idiom)/fig. the new is constantly replacing the old/each
門興格拉德巴赫	mén xīng gé lā dé bā hè	mén xìng gé lā dé bā hè	cc-cedict	Mönchengladbach (city in Germany)
閉塞眼睛捉麻雀	bì sè yǎn jīng zhuō má què	bì sāi yǎn jīng zhuō má què	cc-cedict	lit. to catch sparrows blindfolded (idiom)/fig. to act blindly
陀思妥耶夫斯基	tuó sī tuǒ yē fū sī jī	tuó sī tuǒ yé fū sī jī	cc-cedict	Fyodor Mikhailovich Dostoevsky (1821-1881), great Russian novelist, author of Crime and Punishment 罪與罰|罪与罚[Zui4 yu3 Fa2]
雅魯藏布大峽谷	yǎ lǔ zàng bù dà xiá gǔ	yǎ lǔ cáng bù dà xiá gǔ	cc-cedict	Great Canyon of Yarlung Tsangpo-Brahmaputra (through the southeast Himalayas, from Tibet to Assam and Bangladesh)
雪佛龍石油公司	xuě fó lóng shí yóu gōng sī	xuě fú lóng shí yóu gōng sī	cc-cedict	Chevron Corporation
電纜調制解調器	diàn lǎn tiáo zhì jiě tiáo qì	diàn lǎn diào zhì jiě diào qì	cc-cedict	cable modem
馬拉斯奇諾櫻桃	mǎ lā sī jī nuò yīng táo	mǎ lā sī qí nuò yīng táo	cc-cedict	maraschino cherry
高麗八萬大藏經	gāo lí bā wàn dà zàng jīng	gāo lì bā wàn dà cáng jīng	cc-cedict-buddhist	Tripitaka Koreana, Buddhist scriptures carved on 81,340 wooden tablets and housed in the Haein Temple 海印寺[Hai3 yin4 si4]
黃南藏族自治州	huáng nán zàng zú zì zhì zhōu	huáng nán cáng zú zì zhì zhōu	cc-cedict	Huangnan Tibetan Autonomous Prefecture, in Qinghai Province 青海省[Qing1 hai3 Sheng3]
黃帝八十一難經	huáng dì bā shí yī nàn jīng	huáng dì bā shí yī nán jīng	cc-cedict	The Yellow Emperor's Classic of Eighty-one Difficulties, medical text, c. 1st century AD
上海浦東發展銀行	shàng hǎi pǔ dōng fā zhǎn yín háng	shàng hǎi pǔ dōng fā zhǎn yín xíng	cc-cedict	Shanghai Pudong Development Bank
中國地球物理學會	zhōng guó dì qiú wù lǐ xué huì	zhōng guó de qiú wù lǐ xué huì	cc-cedict	Chinese Geophysical Society
中國長城工業公司	zhōng guó cháng chéng gōng yè gōng sī	zhōng guó zhǎng chéng gōng yè gōng sī	cc-cedict	China Great Wall Industry Corporation (CGWIC)
出來混遲早要還的	chū lái hùn chí zǎo yào huán de	chū lái hùn chí zǎo yào hái de	cc-cedict	if you live a life of crime, sooner or later you'll pay for it
創傷後壓力症候群	chuāng shāng hòu yā lì zhèng hòu qún	chuàng shāng hòu yā lì zhèng hòu qún	cc-cedict	(Tw) post-traumatic stress disorder; PTSD
北京大興國際機場	běi jīng dà xīng guó jì jī chǎng	běi jīng dà xìng guó jì jī chǎng	cc-cedict	Beijing Daxing International Airport (PKX)
北斗衛星導航系統	běi dǒu wèi xīng dǎo háng xì tǒng	běi dòu wèi xīng dǎo háng xì tǒng	cc-cedict	BeiDou Navigation Satellite System (BDS) (similar to GPS)
和平共處五項原則	hé píng gòng chǔ wǔ xiàng yuán zé	hé píng gòng chù wǔ xiàng yuán zé	cc-cedict	Zhou Enlai's Five Principles of Peaceful Coexistence/1954 Panchsheel series of agreements between PRC and India
塞翁失馬安知非福	sài wēng shī mǎ ān zhī fēi fú	sāi wēng shī mǎ ān zhī fēi fú	cc-cedict	the old man lost his mare, but it all turned out for the best (idiom); fig. a blessing in disguise/it's an ill wind that
塞翁失馬焉知非福	sài wēng shī mǎ yān zhī fēi fú	sāi wēng shī mǎ yān zhī fēi fú	cc-cedict	the old man lost his mare, but it all turned out for the best (idiom); fig. a blessing in disguise/it's an ill wind that
太陽照在桑乾河上	tài yáng zhào zài sāng gān hé shàng	tài yáng zhào zài sāng qián hé shàng	cc-cedict	"The Sun Shines over the Sanggan River", socialist realist novel by Ding Ling 丁玲[Ding1 Ling2], for which she was awarded
巧婦難為無米之炊	qiǎo fù nán wéi wú mǐ zhī chuī	qiǎo fù nán wèi wú mǐ zhī chuī	cc-cedict	The cleverest housewife cannot cook without rice (idiom); You won't get anywhere without equipment.
巴勒斯坦解放組織	bā lè sī tǎn jiě fàng zǔ zhī	bā lēi sī tǎn jiě fàng zǔ zhī	cc-cedict	Palestine Liberation Organization (PLO)
延邊朝鮮族自治州	yán biān cháo xiǎn zú zì zhì zhōu	yán biān cháo xiān zú zì zhì zhōu	cc-cedict	Yanbian Korean Autonomous Prefecture, in Jilin Province 吉林省[Ji2 lin2 Sheng3]
心急吃不了熱豆腐	xīn jí chī bu liǎo rè dòu fu	xīn jí chī bù le rè dòu fǔ	cc-cedict	hasty men don't get to eat hot tofu (idiom)/one just has to be patient/haste will ruin everything
應用程序編程接口	yìng yòng chéng xù biān chéng jiē kǒu	yīng yòng chéng xù biān chéng jiē kǒu	cc-cedict	application programming interface (API)
數據鏈路連接標識	shù jù liàn lù lián jiē biāo zhì	shù jù liàn lù lián jiē biāo shí	cc-cedict	data link connection identifier (DLCI)
柏孜克里克千佛洞	bó zī kè lǐ kè qiān fó dòng	bǎi zī kè lǐ kè qiān fú dòng	cc-cedict	the Bezeklik Thousand Buddha Caves, in the Turpan Basin, Xinjiang
澳大利亞首都特區	ào dà lì yà shǒu dū tè qū	ào dà lì yà shǒu dōu tè qū	cc-cedict	Australian Capital Territory
燕雀焉知鴻鵠之志	yàn què yān zhī hóng gǔ zhī zhì	yàn què yān zhī hóng hú zhī zhì	cc-cedict	lit. can the sparrow and swallow know the will of the great swan? (idiom); fig. how can we small fry predict the ambitio
皇帝不急急死太監	huáng dì bù jí jí sǐ tài jiàn	huáng dì bù jí jí sǐ tài jiān	cc-cedict	see 皇帝不急太監急|皇帝不急太监急[huang2 di4 bu4 ji2 tai4 jian4 ji2]
空穴來風未必無因	kòng xué lái fēng wèi bì wú yīn	kōng xué lái fēng wèi bì wú yīn	cc-cedict	wind does not come from an empty cave without reason/there's no smoke without fire (idiom)
翻手為雲覆手變雨	fān shǒu wéi yún fù shǒu biàn yǔ	fān shǒu wèi yún fù shǒu biàn yǔ	cc-cedict	lit. turning his hand palm up he gathers the clouds, turning his hand palm down he turns them to rain/very powerful and 
肅北蒙古族自治縣	sù běi měng gǔ zú zì zhì xiàn	sù běi méng gǔ zú zì zhì xiàn	cc-cedict	Subei Mongol Autonomous County, in Jiuquan City 酒泉市[Jiu3 quan2 Shi4], Gansu
般若波羅密多心經	bō rě bō luó mì duō xīn jīng	bān ruò bō luó mì duō xīn jīng	cc-cedict-buddhist	the Heart Sutra
蘭鄭長成品油管道	lán zhèng cháng chéng pǐn yóu guǎn dào	lán zhèng zhǎng chéng pǐn yóu guǎn dào	cc-cedict	Lanzhou-Zhengzhou-Changsha oil pipeline
跑了和尚跑不了廟	pǎo le hé shàng pǎo bù liǎo miào	pǎo le hé shàng pǎo bù le miào	cc-cedict-buddhist	the monk can run away, but the temple won't run with him (idiom)/you can run this time, but you'll have to come back/I'l
長江三角洲經濟區	cháng jiāng sān jiǎo zhōu jīng jì qū	zhǎng jiāng sān jiǎo zhōu jīng jì qū	cc-cedict	Yangtze River Delta Economic Zone (economic region including Shanghai, Zhejiang and Jiangsu)
長白朝鮮族自治縣	cháng bái cháo xiǎn zú zì zhì xiàn	zhǎng bái cháo xiān zú zì zhì xiàn	cc-cedict	Changbai Korean Autonomous County, in Baishan City 白山市[Bai2 shan1 Shi4], Jilin
長陽土家族自治縣	cháng yáng tǔ jiā zú zì zhì xiàn	zhǎng yáng tǔ jiā zú zì zhì xiàn	cc-cedict	Changyang Tujia Autonomous County, in Yichang City 宜昌市[Yi2 chang1 Shi4], Hubei
阜新蒙古族自治縣	fù xīn měng gǔ zú zì zhì xiàn	fù xīn méng gǔ zú zì zhì xiàn	cc-cedict	Fuxin Mongol Autonomous County, in Fuxin City 阜新市[Fu4 xin1 Shi4], Liaoning
首都經濟貿易大學	shǒu dū jīng jì mào yì dà xué	shǒu dōu jīng jì mào yì dà xué	cc-cedict	Capital University of Economics and Business (Beijing)
黃花崗七十二烈士	huáng huā gāng qī shí èr liè shì	huáng huā gǎng qī shí èr liè shì	cc-cedict	the seventy two martyrs of the Huanghuagang uprising of 23rd April 1911
丈二金剛摸不著頭腦	zhàng èr jīn gāng mō bu zháo tóu nǎo	zhàng èr jīn gāng mō bù zhù tóu nǎo	cc-cedict	see 丈二和尚，摸不著頭腦|丈二和尚，摸不着头脑[zhang4 er4 he2 shang5 , mo1 bu5 zhao2 tou2 nao3]
博爾塔拉蒙古自治州	bó ěr tǎ lā měng gǔ zì zhì zhōu	bó ěr tǎ lā méng gǔ zì zhì zhōu	cc-cedict	Bortala Mongol Autonomous Prefecture, in Xinjiang Uyghur Autonomous Region 新疆維吾爾自治區|新疆维吾尔自治区[Xin1 jiang1 Wei2 wu2 er3 Zi
吃別人嚼過的饃不香	chī bié rén jiáo guò de mó bù xiāng	chī bié rén jué guò de mó bù xiāng	cc-cedict	lit. bread previously chewed by someone has no flavor (idiom)/fig. there's no joy in discovering something if someone el
塞爾維亞克羅地亞語	sài ěr wéi yà kè luó dì yà yǔ	sāi ěr wéi yà kè luó de yà yǔ	cc-cedict	Serbo-Croatian (language)
巴音郭楞蒙古自治州	bā yīn guō léng měng gǔ zì zhì zhōu	bā yīn guō léng méng gǔ zì zhì zhōu	cc-cedict	Bayingolin Mongol Autonomous Prefecture, in Xinjiang Uyghur Autonomous Region 新疆維吾爾自治區|新疆维吾尔自治区[Xin1 jiang1 Wei2 wu2 er3
桑地諾民族解放陣線	sāng dì nuò mín zú jiě fàng zhèn xiàn	sāng de nuò mín zú jiě fàng zhèn xiàn	cc-cedict	Sandinista National Liberation Front
行萬里路勝讀萬卷書	xíng wàn lǐ lù shèng dú wàn juàn shū	xíng wàn lǐ lù shèng dú wàn juǎn shū	cc-cedict	to travel a thousand miles beats reading a thousand books
醫之好治不病以為功	yī zhī hào zhì bù bìng yǐ wéi gōng	yī zhī hǎo zhì bù bìng yǐ wèi gōng	cc-cedict	doctors like to treat those who are not sick so that they can get credit for the patient's "recovery" (idiom)
阿壩藏族羌族自治州	ā bà zàng zú qiāng zú zì zhì zhōu	ā bà cáng zú qiāng zú zì zhì zhōu	cc-cedict	Ngawa Tibetan and Qiang Autonomous Prefecture, in Sichuan Province 四川省[Si4 chuan1 Sheng3]
骨髓增生異常綜合徵	gǔ suǐ zēng shēng yì cháng zōng hé zhēng	gǔ suǐ zēng shēng yì cháng zōng hé zhǐ	cc-cedict	myelodysplastic syndrome (MDS)
和布克賽爾蒙古自治縣	hé bù kè sài ěr měng gǔ zì zhì xiàn	hé bù kè sài ěr méng gǔ zì zhì xiàn	cc-cedict	Hoboksar Mongol Autonomous County, in Tacheng Prefecture 塔城地區|塔城地区[Ta3 cheng2 Di4 qu1], Xinjiang
圍場滿族蒙古族自治縣	wéi chǎng mǎn zú měng gǔ zú zì zhì xiàn	wéi chǎng mǎn zú méng gǔ zú zì zhì xiàn	cc-cedict	Weichang Manchu and Mongol Autonomous County, in Chengde City 承德市[Cheng2 de2 Shi4], Hebei
巴勒斯坦民族權力機構	bā lè sī tǎn mín zú quán lì jī gòu	bā lēi sī tǎn mín zú quán lì jī gòu	cc-cedict	Palestinian National Authority
拜科努爾航天發射基地	bài kē nǔ ěr háng tiān fā shè jī dì	bài kē nǔ ěr háng tiān fā shè jī de	cc-cedict	Baikonur Cosmodrome
杜爾伯特蒙古族自治縣	dù ěr bó tè měng gǔ zú zì zhì xiàn	dù ěr bó tè méng gǔ zú zì zhì xiàn	cc-cedict	Dorbod Mongol Autonomous County, in Daqing City 大慶市|大庆市[Da4 qing4 Shi4], Heilongjiang
杜興氏肌肉營養不良症	dù xīng shì jī ròu yíng yǎng bù liáng zhèng	dù xìng shì jī ròu yíng yǎng bù liáng zhèng	cc-cedict	Duchenne muscular dystrophy
波士尼亞與赫塞哥維納	bō shì ní yà yǔ hè sè gē wéi nà	bō shì ní yà yǔ hè sāi gē wéi nà	cc-cedict	(Tw) Bosnia and Herzegovina
波斯尼亞和黑塞哥維那	bō sī ní yà hé hēi sài gē wéi nà	bō sī ní yà hé hēi sāi gē wéi nà	cc-cedict	Bosnia and Herzegovina
海西蒙古族藏族自治州	hǎi xī měng gǔ zú zàng zú zì zhì zhōu	hǎi xī méng gǔ zú cáng zú zì zhì zhōu	cc-cedict	Haixi Mongol and Tibetan Autonomous Prefecture, in Qinghai Province 青海省[Qing1 hai3 Sheng3]
皇家加勒比海遊輪公司	huáng jiā jiā lè bǐ hǎi yóu lún gōng sī	huáng jiā jiā lēi bǐ hǎi yóu lún gōng sī	cc-cedict	Royal Caribbean Cruise Lines
耶穌基督後期聖徒教會	yē sū jī dū hòu qī shèng tú jiào huì	yé sū jī dū hòu qī shèng tú jiào huì	cc-cedict	The Church of Jesus Christ of Latter-day Saints
耶穌基督末世聖徒教會	yē sū jī dū mò shì shèng tú jiào huì	yé sū jī dū mò shì shèng tú jiào huì	cc-cedict	The Church of Jesus Christ of Latter-day Saints
解放巴勒斯坦人民陣線	jiě fàng bā lè sī tǎn rén mín zhèn xiàn	jiě fàng bā lēi sī tǎn rén mín zhèn xiàn	cc-cedict	Popular Front for the Liberation of Palestine
阿克塞哈薩克族自治縣	ā kè sài hā sà kè zú zì zhì xiàn	ā kè sāi hā sà kè zú zì zhì xiàn	cc-cedict	Aksay Kazakh Autonomous County, in Jiuquan City 酒泉市[Jiu3 quan2 Shi4], Gansu
克孜勒蘇柯爾克孜自治州	kè zī lè sū kē ěr kè zī zì zhì zhōu	kè zī lēi sū kē ěr kè zī zì zhì zhōu	cc-cedict	Kizilsu Kyrgyz Autonomous Prefecture, in Xinjiang Uyghur Autonomous Region 新疆維吾爾自治區|新疆维吾尔自治区[Xin1 jiang1 Wei2 wu2 er3 Zi
前郭爾羅斯蒙古族自治縣	qián guō ěr luó sī měng gǔ zú zì zhì xiàn	qián guō ěr luó sī méng gǔ zú zì zhì xiàn	cc-cedict	Qian Gorlos Mongol Autonomous County, in Songyuan City 松原市[Song1 yuan2 Shi4], Jilin
喀喇沁左翼蒙古族自治縣	kā lǎ qìn zuǒ yì měng gǔ zú zì zhì xiàn	kā lǎ qìn zuǒ yì méng gǔ zú zì zhì xiàn	cc-cedict	Harqin Left Mongol autonomous county in Chaoyang 朝陽|朝阳[Chao2 yang2], Liaoning
塔什庫爾干塔吉克自治縣	tǎ shí kù ěr gān tǎ jí kè zì zhì xiàn	tǎ shén kù ěr gàn tǎ jí kè zì zhì xiàn	cc-cedict	Tashkurgan Tajik Autonomous County, in Kashgar City 喀什市[Ka1 shi2 Shi4], Xinjiang
拉魯濕地國家自然保護區	lā lǔ shī dì guó jiā zì rán bǎo hù qū	lā lǔ shī de guó jiā zì rán bǎo hù qū	cc-cedict	Lhalu Wetland National Nature Reserve in Lhasa
朝鮮民主主義人民共和國	cháo xiǎn mín zhǔ zhǔ yì rén mín gòng hé guó	cháo xiān mín zhǔ zhǔ yì rén mín gòng hé guó	cc-cedict	People's Democratic Republic of Korea (North Korea)
發熱伴血小板減少綜合徵	fā rè bàn xuè xiǎo bǎn jiǎn shǎo zōng hé zhēng	fā rè bàn xuè xiǎo bǎn jiǎn shǎo zōng hé zhǐ	cc-cedict	severe fever with thrombocytopenia syndrome (SFTS)
西藏百萬農奴解放紀念日	xī zàng bǎi wàn nóng nú jiě fàng jì niàn rì	xī cáng bǎi wàn nóng nú jiě fàng jì niàn rì	cc-cedict	Serf Liberation Day (PRC)
中國銀行業監督管理委員會	zhōng guó yín háng yè jiān dū guǎn lǐ wěi yuán huì	zhōng guó yín xíng yè jiān dū guǎn lǐ wěi yuán huì	cc-cedict	China Banking Regulatory Commission (CBRC)
波斯尼亞和黑塞哥維那共和國	bō sī ní yà hé hēi sài gē wéi nà gòng hé guó	bō sī ní yà hé hēi sāi gē wéi nà gòng hé guó	cc-cedict	Republic of Bosnia and Herzegovina (1992–1995), wartime predecessor of the state of Bosnia and Herzegovina 波斯尼亞和黑塞哥維那|波斯
迦葉	jiā shè		curated	葉 is attested shè; the conventional reading of Mahākāśyapa's name
舍利弗	shè lì fú		curated	舍 is attested shè in transliteration; Śāriputra
舍衛	shè wèi		curated	舍 shè; Śrāvastī
毘舍離	pí shè lí		curated	舍 shè; Vaiśālī
阿闍世	ā shé shì		curated	闍 is attested shé, not the ordinary dū; Ajātaśatru
般涅槃	bō niè pán		curated	般 is attested bō, as in 般若; parinirvāṇa
摩訶般若	mó hē bō rě		curated	般若 compounded; mahāprajñā
般若波羅蜜	bō rě bō luó mì		curated	般若 compounded; prajñāpāramitā
目犍連	mù qián lián		curated	犍 is attested qián; Maudgalyāyana
刹那	chà nà		curated	刹 is attested chà, not the commoner shā; kṣaṇa
剎那	chà nà		curated	the 剎 variant of the same word, which is the form CBETA prints
